timestamp=3407796556571683
iterations=159
sample_ns=100000000
window_ns=1000000000
rapl_core_sum_uj=40318778
rapl_psys_sum_uj=0
pid=0 energy=34450850537374295 alive=1 kernel=1 cpu_ns=6890169658000000 mem=415596544 instructions=449474859 wakeups=3048 diski=7016448 disko=5292032 rx=72211614 tx=30562659 comm=*system*
psu_energy_ac_mcp_machine=2037964
-------
timestamp=3407796688833205
iterations=160
sample_ns=100000000
window_ns=1000000000
rapl_core_sum_uj=43089163
rapl_psys_sum_uj=0
pid=0 energy=34450854367018555 alive=1 kernel=1 cpu_ns=6890169774000000 mem=435302400 instructions=1099403711 wakeups=3267 diski=7053312 disko=5292032 rx=72211625 tx=30562666 comm=*system*
psu_energy_ac_mcp_machine=11008179
-------
timestamp=3407796817647185
iterations=161
sample_ns=100000000
window_ns=1000000000
rapl_core_sum_uj=45966909
rapl_psys_sum_uj=0
pid=0 energy=34450858331973185 alive=1 kernel=1 cpu_ns=6890169888000000 mem=435781632 instructions=1778394637 wakeups=3487 diski=7053312 disko=5292032 rx=72211633 tx=30562670 comm=*system*
psu_energy_ac_mcp_machine=21143555
-------
timestamp=3407796946654515
iterations=162
sample_ns=100000000
window_ns=1000000000
rapl_core_sum_uj=48898854
rapl_psys_sum_uj=0
pid=0 energy=34450862277881030 alive=1 kernel=1 cpu_ns=6890170000000000 mem=435478528 instructions=2455576206 wakeups=3702 diski=7053312 disko=5292032 rx=72211643 tx=30562675 comm=*system*
psu_energy_ac_mcp_machine=34497681
-------
timestamp=3407797078968910
iterations=164
sample_ns=100000000
window_ns=1000000000
rapl_core_sum_uj=54944263
rapl_psys_sum_uj=0
pid=0 energy=34450870112817955 alive=1 kernel=1 cpu_ns=6890170222000000 mem=436273152 instructions=3800563591 wakeups=3931 diski=7053312 disko=5292032 rx=72211663 tx=30562685 comm=*system*
psu_energy_ac_mcp_machine=44268555
-------
timestamp=3407797211101433
iterations=165
sample_ns=100000000
window_ns=1000000000
rapl_core_sum_uj=57832141
rapl_psys_sum_uj=0
pid=0 energy=34450874034808560 alive=1 kernel=1 cpu_ns=6890170333000000 mem=436215808 instructions=4473961712 wakeups=4142 diski=7053312 disko=5292032 rx=72211673 tx=30562689 comm=*system*
psu_energy_ac_mcp_machine=53925049
-------
timestamp=3407797340496996
iterations=166
sample_ns=100000000
window_ns=1000000000
rapl_core_sum_uj=60823657
rapl_psys_sum_uj=0
pid=0 energy=34450878004973680 alive=1 kernel=1 cpu_ns=6890170447000000 mem=436199424 instructions=5153994736 wakeups=4366 diski=7053312 disko=5292032 rx=72211683 tx=30562694 comm=*system*
psu_energy_ac_mcp_machine=63644409
-------
timestamp=3407797469625383
iterations=167
sample_ns=100000000
window_ns=1000000000
rapl_core_sum_uj=63982836
rapl_psys_sum_uj=0
pid=0 energy=34450881978669995 alive=1 kernel=1 cpu_ns=6890170560000000 mem=436289536 instructions=5835733999 wakeups=4586 diski=7053312 disko=5292032 rx=72211693 tx=30562699 comm=*system*
psu_energy_ac_mcp_machine=77250122
-------
timestamp=3407797602708396
iterations=169
sample_ns=100000000
window_ns=1000000000
rapl_core_sum_uj=69739732
rapl_psys_sum_uj=0
pid=0 energy=34450889723038750 alive=1 kernel=1 cpu_ns=6890170776000000 mem=436224000 instructions=7168607750 wakeups=4826 diski=7053312 disko=5292032 rx=72211711 tx=30562708 comm=*system*
psu_energy_ac_mcp_machine=86670044
-------
timestamp=3407797731266825
iterations=170
sample_ns=100000000
window_ns=1000000000
rapl_core_sum_uj=72663621
rapl_psys_sum_uj=0
pid=0 energy=34450893669216310 alive=1 kernel=1 cpu_ns=6890170892000000 mem=436203520 instructions=7841843262 wakeups=5044 diski=7053312 disko=5292032 rx=72211719 tx=30562712 comm=*system*
psu_energy_ac_mcp_machine=96268433
-------
timestamp=3407797859959419
iterations=171
sample_ns=100000000
window_ns=1000000000
rapl_core_sum_uj=75723313
rapl_psys_sum_uj=0
pid=0 energy=34450897607221565 alive=1 kernel=1 cpu_ns=6890171006000000 mem=436039680 instructions=8515444313 wakeups=5264 diski=7053312 disko=5292032 rx=72211729 tx=30562717 comm=*system*
psu_energy_ac_mcp_machine=106427368
-------
timestamp=3407797988763655
iterations=172
sample_ns=100000000
window_ns=1000000000
rapl_core_sum_uj=78882370
rapl_psys_sum_uj=0
pid=0 energy=34450901541776080 alive=1 kernel=1 cpu_ns=6890171119000000 mem=436051968 instructions=9189355216 wakeups=5491 diski=7053312 disko=5292032 rx=72211737 tx=30562721 comm=*system*
psu_energy_ac_mcp_machine=119676514
-------
timestamp=3407798120410386
iterations=174
sample_ns=100000000
window_ns=1000000000
rapl_core_sum_uj=84571883
rapl_psys_sum_uj=0
pid=0 energy=34450909181459445 alive=1 kernel=1 cpu_ns=6890171336000000 mem=436490240 instructions=10500291889 wakeups=5727 diski=7053312 disko=5292032 rx=72211757 tx=30562731 comm=*system*
psu_energy_ac_mcp_machine=129454712
-------
timestamp=3407798251323879
iterations=175
sample_ns=100000000
window_ns=1000000000
rapl_core_sum_uj=87691695
rapl_psys_sum_uj=0
pid=0 energy=34450913116653345 alive=1 kernel=1 cpu_ns=6890171448000000 mem=436281344 instructions=11175330669 wakeups=5941 diski=7053312 disko=5292032 rx=72211761 tx=30562733 comm=*system*
psu_energy_ac_mcp_machine=139278320
-------
timestamp=3407798380579081
iterations=176
sample_ns=100000000
window_ns=1000000000
rapl_core_sum_uj=90840254
rapl_psys_sum_uj=0
pid=0 energy=34450917061757275 alive=1 kernel=1 cpu_ns=6890171561000000 mem=436412416 instructions=11851351455 wakeups=6144 diski=7053312 disko=5292032 rx=72211761 tx=30562733 comm=*system*
psu_energy_ac_mcp_machine=149260864
-------
timestamp=3407798509163598
iterations=177
sample_ns=100000000
window_ns=1000000000
rapl_core_sum_uj=93784773
rapl_psys_sum_uj=0
pid=0 energy=34450920988082765 alive=1 kernel=1 cpu_ns=6890171674000000 mem=436211712 instructions=12523616553 wakeups=6354 diski=7053312 disko=5292032 rx=72211761 tx=30562733 comm=*system*
psu_energy_ac_mcp_machine=162356567
-------
timestamp=3407798640424590
iterations=179
sample_ns=100000000
window_ns=1000000000
rapl_core_sum_uj=99639630
rapl_psys_sum_uj=0
pid=0 energy=34450928673731855 alive=1 kernel=1 cpu_ns=6890171891000000 mem=436215808 instructions=13843746371 wakeups=6586 diski=7053312 disko=5292032 rx=72211761 tx=30562733 comm=*system*
psu_energy_ac_mcp_machine=172101318
-------
timestamp=3407798771669098
iterations=180
sample_ns=100000000
window_ns=1000000000
rapl_core_sum_uj=102979473
rapl_psys_sum_uj=0
pid=0 energy=34450932627810440 alive=1 kernel=1 cpu_ns=6890172004000000 mem=436236288 instructions=14521562088 wakeups=6804 diski=7053312 disko=5292032 rx=72211761 tx=30562733 comm=*system*
psu_energy_ac_mcp_machine=182375610
-------
timestamp=3407798900509622
iterations=181
sample_ns=100000000
window_ns=1000000000
rapl_core_sum_uj=105911479
rapl_psys_sum_uj=0
pid=0 energy=34450936544909750 alive=1 kernel=1 cpu_ns=6890172118000000 mem=436211712 instructions=15190981950 wakeups=7011 diski=7053312 disko=5292032 rx=72211761 tx=30562733 comm=*system*
psu_energy_ac_mcp_machine=192198853
-------
timestamp=3407799029572014
iterations=182
sample_ns=100000000
window_ns=1000000000
rapl_core_sum_uj=108825236
rapl_psys_sum_uj=0
pid=0 energy=34450940435436455 alive=1 kernel=1 cpu_ns=6890172230000000 mem=436060160 instructions=15857087291 wakeups=7235 diski=7053312 disko=5292032 rx=72211761 tx=30562733 comm=*system*
psu_energy_ac_mcp_machine=205055054
-------
timestamp=3407799160681313
iterations=184
sample_ns=100000000
window_ns=1000000000
rapl_core_sum_uj=114703043
rapl_psys_sum_uj=0
pid=0 energy=34450948105185615 alive=1 kernel=1 cpu_ns=6890172446000000 mem=436117504 instructions=17175037123 wakeups=7451 diski=7053312 disko=5292032 rx=72211763 tx=30562733 comm=*system*
psu_energy_ac_mcp_machine=215063477
-------
timestamp=3407799291341423
iterations=185
sample_ns=100000000
window_ns=1000000000
rapl_core_sum_uj=117851968
rapl_psys_sum_uj=0
pid=0 energy=34450952041420505 alive=1 kernel=1 cpu_ns=6890172561000000 mem=436367360 instructions=17847284101 wakeups=7661 diski=7053312 disko=5292032 rx=72211763 tx=30562733 comm=*system*
psu_energy_ac_mcp_machine=224925537
-------
timestamp=3407799419965172
iterations=186
sample_ns=100000000
window_ns=1000000000
rapl_core_sum_uj=120833718
rapl_psys_sum_uj=0
pid=0 energy=34450955978777520 alive=1 kernel=1 cpu_ns=6890172673000000 mem=436473856 instructions=18522755504 wakeups=7875 diski=7053312 disko=5292032 rx=72211763 tx=30562733 comm=*system*
psu_energy_ac_mcp_machine=234502563
-------
timestamp=3407799548890199
iterations=187
sample_ns=100000000
window_ns=1000000000
rapl_core_sum_uj=124018166
rapl_psys_sum_uj=0
pid=0 energy=34450959937299555 alive=1 kernel=1 cpu_ns=6890172787000000 mem=436297728 instructions=19200459911 wakeups=8099 diski=7057408 disko=7163904 rx=72211763 tx=30562733 comm=*system*
psu_energy_ac_mcp_machine=248251343
-------
timestamp=3407799680506739
iterations=189
sample_ns=100000000
window_ns=1000000000
rapl_core_sum_uj=130082923
rapl_psys_sum_uj=0
pid=0 energy=34450967625866025 alive=1 kernel=1 cpu_ns=6890173004000000 mem=436539392 instructions=20521173205 wakeups=8343 diski=7057408 disko=7163904 rx=72211764 tx=30562733 comm=*system*
psu_energy_ac_mcp_machine=258069092
-------
timestamp=3407799811675425
iterations=190
sample_ns=100000000
window_ns=1000000000
rapl_core_sum_uj=133000342
rapl_psys_sum_uj=0
pid=0 energy=34450971536442795 alive=1 kernel=1 cpu_ns=6890173117000000 mem=436359168 instructions=21190288559 wakeups=8558 diski=7057408 disko=7163904 rx=72211764 tx=30562733 comm=*system*
psu_energy_ac_mcp_machine=267940430
-------
timestamp=3407799940703742
iterations=191
sample_ns=100000000
window_ns=1000000000
rapl_core_sum_uj=135983801
rapl_psys_sum_uj=0
pid=0 energy=34450975477162835 alive=1 kernel=1 cpu_ns=6890173235000000 mem=436174848 instructions=21860432567 wakeups=8768 diski=7057408 disko=7163904 rx=72211764 tx=30562733 comm=*system*
psu_energy_ac_mcp_machine=277897583
-------
timestamp=3407800069375902
iterations=192
sample_ns=100000000
window_ns=1000000000
rapl_core_sum_uj=139175634
rapl_psys_sum_uj=0
pid=0 energy=34450979422913140 alive=1 kernel=1 cpu_ns=6890173350000000 mem=436183040 instructions=22534582628 wakeups=8980 diski=7057408 disko=7163904 rx=72211764 tx=30562733 comm=*system*
psu_energy_ac_mcp_machine=291255981
-------
timestamp=3407800200311204
iterations=194
sample_ns=100000000
window_ns=1000000000
rapl_core_sum_uj=145063878
rapl_psys_sum_uj=0
pid=0 energy=34450987120580310 alive=1 kernel=1 cpu_ns=6890173567000000 mem=436178944 instructions=23857116062 wakeups=9204 diski=7057408 disko=7163904 rx=72211764 tx=30562733 comm=*system*
psu_energy_ac_mcp_machine=301063965
-------
timestamp=3407800331326642
iterations=195
sample_ns=100000000
window_ns=1000000000
rapl_core_sum_uj=148140110
rapl_psys_sum_uj=0
pid=0 energy=34450991059074495 alive=1 kernel=1 cpu_ns=6890173679000000 mem=436178944 instructions=24532814899 wakeups=9410 diski=7057408 disko=7163904 rx=72211764 tx=30562733 comm=*system*
psu_energy_ac_mcp_machine=310658203
-------
timestamp=3407800460693304
iterations=196
sample_ns=100000000
window_ns=1000000000
rapl_core_sum_uj=151297946
rapl_psys_sum_uj=0
pid=0 energy=34450995001210435 alive=1 kernel=1 cpu_ns=6890173792000000 mem=436187136 instructions=25208242087 wakeups=9620 diski=7057408 disko=7163904 rx=72211764 tx=30562733 comm=*system*
psu_energy_ac_mcp_machine=320768311
-------
timestamp=3407800589439717
iterations=197
sample_ns=100000000
window_ns=1000000000
rapl_core_sum_uj=154470919
rapl_psys_sum_uj=0
pid=0 energy=34450998970202520 alive=1 kernel=1 cpu_ns=6890173910000000 mem=436277248 instructions=25884040504 wakeups=9835 diski=7057408 disko=7163904 rx=72211764 tx=30562733 comm=*system*
psu_energy_ac_mcp_machine=333940186
-------
timestamp=3407800720261794
iterations=199
sample_ns=100000000
window_ns=1000000000
rapl_core_sum_uj=160130891
rapl_psys_sum_uj=0
pid=0 energy=34451006620864020 alive=1 kernel=1 cpu_ns=6890174128000000 mem=436187136 instructions=27196172804 wakeups=10066 diski=7057408 disko=7163904 rx=72211764 tx=30562733 comm=*system*
psu_energy_ac_mcp_machine=343679443
-------
timestamp=3407800850946479
iterations=200
sample_ns=100000000
window_ns=1000000000
rapl_core_sum_uj=163220185
rapl_psys_sum_uj=0
pid=0 energy=34451010561138940 alive=1 kernel=1 cpu_ns=6890174240000000 mem=436183040 instructions=27872227788 wakeups=10284 diski=7057408 disko=7163904 rx=72211764 tx=30562733 comm=*system*
psu_energy_ac_mcp_machine=353762573
-------
timestamp=3407800979925584
iterations=201
sample_ns=100000000
window_ns=1000000000
rapl_core_sum_uj=166362518
rapl_psys_sum_uj=0
pid=0 energy=34451014512915425 alive=1 kernel=1 cpu_ns=6890174354000000 mem=436195328 instructions=28548583085 wakeups=10498 diski=7057408 disko=7163904 rx=72211764 tx=30562733 comm=*system*
psu_energy_ac_mcp_machine=363455322
-------
timestamp=3407801108687205
iterations=202
sample_ns=100000000
window_ns=1000000000
rapl_core_sum_uj=169269866
rapl_psys_sum_uj=0
pid=0 energy=34451018430209415 alive=1 kernel=1 cpu_ns=6890174469000000 mem=436191232 instructions=29217041883 wakeups=10710 diski=7057408 disko=7163904 rx=72211764 tx=30562733 comm=*system*
psu_energy_ac_mcp_machine=376615112
-------
timestamp=3407801240325990
iterations=204
sample_ns=100000000
window_ns=1000000000
rapl_core_sum_uj=174844755
rapl_psys_sum_uj=0
pid=0 energy=34451026074635560 alive=1 kernel=1 cpu_ns=6890174690000000 mem=436191232 instructions=30524927112 wakeups=10922 diski=7057408 disko=7163904 rx=72211766 tx=30562733 comm=*system*
psu_energy_ac_mcp_machine=386017456
-------
timestamp=3407801370694965
iterations=205
sample_ns=100000000
window_ns=1000000000
rapl_core_sum_uj=178158048
rapl_psys_sum_uj=0
pid=0 energy=34451030040700870 alive=1 kernel=1 cpu_ns=6890174803000000 mem=436195328 instructions=31205140174 wakeups=11135 diski=7057408 disko=7163904 rx=72211766 tx=30562733 comm=*system*
psu_energy_ac_mcp_machine=396071289
-------
timestamp=3407801499612397
iterations=206
sample_ns=100000000
window_ns=1000000000
rapl_core_sum_uj=181052152
rapl_psys_sum_uj=0
pid=0 energy=34451033974511445 alive=1 kernel=1 cpu_ns=6890174919000000 mem=436199424 instructions=31875902289 wakeups=11355 diski=7057408 disko=7163904 rx=72211766 tx=30562733 comm=*system*
psu_energy_ac_mcp_machine=405795532
-------
timestamp=3407801628707969
iterations=207
sample_ns=100000000
window_ns=1000000000
rapl_core_sum_uj=183951382
rapl_psys_sum_uj=0
pid=0 energy=34451037883949375 alive=1 kernel=1 cpu_ns=6890175031000000 mem=436199424 instructions=32545789875 wakeups=11571 diski=7057408 disko=7311360 rx=72211766 tx=30562733 comm=*system*
psu_energy_ac_mcp_machine=418889648
-------
timestamp=3407801760322680
iterations=209
sample_ns=100000000
window_ns=1000000000
rapl_core_sum_uj=189801906
rapl_psys_sum_uj=0
pid=0 energy=34451045585058805 alive=1 kernel=1 cpu_ns=6890175252000000 mem=436203520 instructions=33865011761 wakeups=11808 diski=7057408 disko=7311360 rx=72211766 tx=30562733 comm=*system*
psu_energy_ac_mcp_machine=429001831
-------
timestamp=3407801891518266
iterations=210
sample_ns=100000000
window_ns=1000000000
rapl_core_sum_uj=192912928
rapl_psys_sum_uj=0
pid=0 energy=34451049512400385 alive=1 kernel=1 cpu_ns=6890175365000000 mem=436203520 instructions=34537480077 wakeups=12020 diski=7057408 disko=7311360 rx=72211766 tx=30562733 comm=*system*
psu_energy_ac_mcp_machine=438910645
-------
timestamp=3407802020053480
iterations=211
sample_ns=100000000
window_ns=1000000000
rapl_core_sum_uj=195812281
rapl_psys_sum_uj=0
pid=0 energy=34451053421115530 alive=1 kernel=1 cpu_ns=6890175476000000 mem=436236288 instructions=35208223106 wakeups=12238 diski=7057408 disko=7335936 rx=72211766 tx=30562733 comm=*system*
psu_energy_ac_mcp_machine=448780518
-------
timestamp=3407802148707520
iterations=212
sample_ns=100000000
window_ns=1000000000
rapl_core_sum_uj=198769129
rapl_psys_sum_uj=0
pid=0 energy=34451057311108490 alive=1 kernel=1 cpu_ns=6890175588000000 mem=436449280 instructions=35874221698 wakeups=12453 diski=7057408 disko=7335936 rx=72211766 tx=30562733 comm=*system*
psu_energy_ac_mcp_machine=461959351
-------
timestamp=3407802280144975
iterations=214
sample_ns=100000000
window_ns=1000000000
rapl_core_sum_uj=204799768
rapl_psys_sum_uj=0
pid=0 energy=34451065021978420 alive=1 kernel=1 cpu_ns=6890175806000000 mem=436240384 instructions=37198395684 wakeups=12679 diski=7057408 disko=7335936 rx=72211766 tx=30562733 comm=*system*
psu_energy_ac_mcp_machine=471770508
-------
timestamp=3407802410900095
iterations=215
sample_ns=100000000
window_ns=1000000000
rapl_core_sum_uj=207682397
rapl_psys_sum_uj=0
pid=0 energy=34451068945003855 alive=1 kernel=1 cpu_ns=6890175920000000 mem=436191232 instructions=37869000771 wakeups=12881 diski=7057408 disko=7335936 rx=72211766 tx=30562733 comm=*system*
psu_energy_ac_mcp_machine=481639648
-------
timestamp=3407802539917768
iterations=216
sample_ns=100000000
window_ns=1000000000
rapl_core_sum_uj=210693322
rapl_psys_sum_uj=0
pid=0 energy=34451072885627535 alive=1 kernel=1 cpu_ns=6890176034000000 mem=436199424 instructions=38543125507 wakeups=13097 diski=7057408 disko=7335936 rx=72211766 tx=30562733 comm=*system*
psu_energy_ac_mcp_machine=491538208
-------
timestamp=3407802668934365
iterations=217
sample_ns=100000000
window_ns=1000000000
rapl_core_sum_uj=213896691
rapl_psys_sum_uj=0
pid=0 energy=34451076812379275 alive=1 kernel=1 cpu_ns=6890176146000000 mem=436195328 instructions=39216475855 wakeups=13311 diski=7057408 disko=7335936 rx=72211766 tx=30562733 comm=*system*
psu_energy_ac_mcp_machine=504961426
-------
timestamp=3407802800376004
iterations=219
sample_ns=100000000
window_ns=1000000000
rapl_core_sum_uj=219743980
rapl_psys_sum_uj=0
pid=0 energy=34451084494003845 alive=1 kernel=1 cpu_ns=6890176362000000 mem=436195328 instructions=40536800769 wakeups=13538 diski=7057408 disko=7335936 rx=72211766 tx=30562733 comm=*system*
psu_energy_ac_mcp_machine=514708008
-------
timestamp=3407802931286863
iterations=220
sample_ns=100000000
window_ns=1000000000
rapl_core_sum_uj=222801169
rapl_psys_sum_uj=0
pid=0 energy=34451088461369245 alive=1 kernel=1 cpu_ns=6890176478000000 mem=436219904 instructions=41214273849 wakeups=13752 diski=7057408 disko=7335936 rx=72211766 tx=30562733 comm=*system*
psu_energy_ac_mcp_machine=524337891
-------
timestamp=3407803060240826
iterations=221
sample_ns=100000000
window_ns=1000000000
rapl_core_sum_uj=225962729
rapl_psys_sum_uj=0
pid=0 energy=34451092392175010 alive=1 kernel=1 cpu_ns=6890176591000000 mem=436350976 instructions=41887435002 wakeups=13966 diski=7057408 disko=7335936 rx=72211766 tx=30562733 comm=*system*
psu_energy_ac_mcp_machine=534330444
-------
timestamp=3407803189261414
iterations=222
sample_ns=100000000
window_ns=1000000000
rapl_core_sum_uj=229119162
rapl_psys_sum_uj=0
pid=0 energy=34451096336018800 alive=1 kernel=1 cpu_ns=6890176705000000 mem=436314112 instructions=42562203760 wakeups=14175 diski=7057408 disko=7335936 rx=72211768 tx=30562733 comm=*system*
psu_energy_ac_mcp_machine=547876099
-------
timestamp=3407803319993562
iterations=224
sample_ns=100000000
window_ns=1000000000
rapl_core_sum_uj=234788411
rapl_psys_sum_uj=0
pid=0 energy=34451103973459350 alive=1 kernel=1 cpu_ns=6890176921000000 mem=436113408 instructions=43873691870 wakeups=14396 diski=7057408 disko=7335936 rx=72211768 tx=30562733 comm=*system*
psu_energy_ac_mcp_machine=557285278
-------
timestamp=3407803451066963
iterations=225
sample_ns=100000000
window_ns=1000000000
rapl_core_sum_uj=237902973
rapl_psys_sum_uj=0
pid=0 energy=34451107922060910 alive=1 kernel=1 cpu_ns=6890177035000000 mem=436199424 instructions=44549412182 wakeups=14609 diski=7057408 disko=7335936 rx=72211768 tx=30562733 comm=*system*
psu_energy_ac_mcp_machine=567260498
-------
timestamp=3407803580012410
iterations=226
sample_ns=100000000
window_ns=1000000000
rapl_core_sum_uj=241080707
rapl_psys_sum_uj=0
pid=0 energy=34451111860083540 alive=1 kernel=1 cpu_ns=6890177150000000 mem=436350976 instructions=45222016708 wakeups=14824 diski=7057408 disko=7335936 rx=72211768 tx=30562733 comm=*system*
psu_energy_ac_mcp_machine=577078979
-------
timestamp=3407803708702271
iterations=227
sample_ns=100000000
window_ns=1000000000
rapl_core_sum_uj=244026324
rapl_psys_sum_uj=0
pid=0 energy=34451115779905700 alive=1 kernel=1 cpu_ns=6890177265000000 mem=436285440 instructions=45890981140 wakeups=15044 diski=7057408 disko=7335936 rx=72211768 tx=30562733 comm=*system*
psu_energy_ac_mcp_machine=590318237
-------
timestamp=3407803840288144
iterations=229
sample_ns=100000000
window_ns=1000000000
rapl_core_sum_uj=249631609
rapl_psys_sum_uj=0
pid=0 energy=34451123407089865 alive=1 kernel=1 cpu_ns=6890177484000000 mem=436469760 instructions=47197417973 wakeups=15267 diski=7057408 disko=7335936 rx=72211768 tx=30562733 comm=*system*
psu_energy_ac_mcp_machine=599781494
-------
timestamp=3407803971584439
iterations=230
sample_ns=100000000
window_ns=1000000000
rapl_core_sum_uj=252959489
rapl_psys_sum_uj=0
pid=0 energy=34451127360523750 alive=1 kernel=1 cpu_ns=6890177598000000 mem=436228096 instructions=47874104750 wakeups=15483 diski=7057408 disko=7335936 rx=72211768 tx=30562733 comm=*system*
psu_energy_ac_mcp_machine=609894409
-------
timestamp=3407804100204809
iterations=231
sample_ns=100000000
window_ns=1000000000
rapl_core_sum_uj=255862382
rapl_psys_sum_uj=0
pid=0 energy=34451131256210945 alive=1 kernel=1 cpu_ns=6890177709000000 mem=436232192 instructions=48542242189 wakeups=15694 diski=7057408 disko=7335936 rx=72211768 tx=30562733 comm=*system*
psu_energy_ac_mcp_machine=619874268
-------
timestamp=3407804228717525
iterations=232
sample_ns=100000000
window_ns=1000000000
rapl_core_sum_uj=258756547
rapl_psys_sum_uj=0
pid=0 energy=34451135187156075 alive=1 kernel=1 cpu_ns=6890177825000000 mem=436068352 instructions=49212431215 wakeups=15906 diski=7057408 disko=7335936 rx=72211768 tx=30562733 comm=*system*
psu_energy_ac_mcp_machine=632864502
-------
timestamp=3407804360358810
iterations=234
sample_ns=100000000
window_ns=1000000000
rapl_core_sum_uj=264584671
rapl_psys_sum_uj=0
pid=0 energy=34451142863372910 alive=1 kernel=1 cpu_ns=6890178042000000 mem=436232192 instructions=50530674582 wakeups=16132 diski=7057408 disko=7335936 rx=72211768 tx=30562733 comm=*system*
psu_energy_ac_mcp_machine=642742432
-------
timestamp=3407804490703405
iterations=235
sample_ns=100000000
window_ns=1000000000
rapl_core_sum_uj=267695816
rapl_psys_sum_uj=0
pid=0 energy=34451146793124380 alive=1 kernel=1 cpu_ns=6890178157000000 mem=436236288 instructions=51201624876 wakeups=16345 diski=7057408 disko=7335936 rx=72211768 tx=30562733 comm=*system*
psu_energy_ac_mcp_machine=652498657
-------
timestamp=3407804619754772
iterations=236
sample_ns=100000000
window_ns=1000000000
rapl_core_sum_uj=270617385
rapl_psys_sum_uj=0
pid=0 energy=34451150722836460 alive=1 kernel=1 cpu_ns=6890178274000000 mem=436232192 instructions=51870567292 wakeups=16572 diski=7057408 disko=7634944 rx=72211768 tx=30562733 comm=*system*
psu_energy_ac_mcp_machine=662207397
-------
timestamp=3407804749315226
iterations=237
sample_ns=100000000
window_ns=1000000000
rapl_core_sum_uj=273578261
rapl_psys_sum_uj=0
pid=0 energy=34451154628273130 alive=1 kernel=1 cpu_ns=6890178388000000 mem=436240384 instructions=52537654626 wakeups=16793 diski=7057408 disko=7634944 rx=72211768 tx=30562733 comm=*system*
psu_energy_ac_mcp_machine=675688843
-------
timestamp=3407804882563677
iterations=239
sample_ns=100000000
window_ns=1000000000
rapl_core_sum_uj=279590528
rapl_psys_sum_uj=0
pid=0 energy=34451162318319385 alive=1 kernel=1 cpu_ns=6890178606000000 mem=436236288 instructions=53857663877 wakeups=17024 diski=7057408 disko=7634944 rx=72211768 tx=30562733 comm=*system*
psu_energy_ac_mcp_machine=685409058
-------
timestamp=3407805011465613
iterations=240
sample_ns=100000000
window_ns=1000000000
rapl_core_sum_uj=282508313
rapl_psys_sum_uj=0
pid=0 energy=34451166210679935 alive=1 kernel=1 cpu_ns=6890178717000000 mem=436236288 instructions=54525135987 wakeups=17246 diski=7057408 disko=7634944 rx=72211768 tx=30562733 comm=*system*
psu_energy_ac_mcp_machine=695380615
-------
timestamp=3407805139709250
iterations=241
sample_ns=100000000
window_ns=1000000000
rapl_core_sum_uj=285520092
rapl_psys_sum_uj=0
pid=0 energy=34451170146241010 alive=1 kernel=1 cpu_ns=6890178832000000 mem=436240384 instructions=55197248202 wakeups=17449 diski=7057408 disko=7634944 rx=72211768 tx=30562733 comm=*system*
psu_energy_ac_mcp_machine=705085938
-------
timestamp=3407805268315990
iterations=242
sample_ns=100000000
window_ns=1000000000
rapl_core_sum_uj=288738597
rapl_psys_sum_uj=0
pid=0 energy=34451174081545725 alive=1 kernel=1 cpu_ns=6890178945000000 mem=436432896 instructions=55871309145 wakeups=17669 diski=7057408 disko=7634944 rx=72211770 tx=30562733 comm=*system*
psu_energy_ac_mcp_machine=718772705
-------
timestamp=3407805400288170
iterations=244
sample_ns=100000000
window_ns=1000000000
rapl_core_sum_uj=294598886
rapl_psys_sum_uj=0
pid=0 energy=34451181758016840 alive=1 kernel=1 cpu_ns=6890179162000000 mem=436248576 instructions=57189603368 wakeups=17895 diski=7057408 disko=7634944 rx=72211770 tx=30562733 comm=*system*
psu_energy_ac_mcp_machine=728249023
-------
timestamp=3407805531138996
iterations=245
sample_ns=100000000
window_ns=1000000000
rapl_core_sum_uj=297484811
rapl_psys_sum_uj=0
pid=0 energy=34451185657594905 alive=1 kernel=1 cpu_ns=6890179273000000 mem=436244480 instructions=57858518981 wakeups=18108 diski=7057408 disko=7634944 rx=72211770 tx=30562733 comm=*system*
psu_energy_ac_mcp_machine=737843872
-------
timestamp=3407805660168954
iterations=246
sample_ns=100000000
window_ns=1000000000
rapl_core_sum_uj=300564706
rapl_psys_sum_uj=0
pid=0 energy=34451189575132155 alive=1 kernel=1 cpu_ns=6890179388000000 mem=436256768 instructions=58527026431 wakeups=18330 diski=7057408 disko=7634944 rx=72211771 tx=30562734 comm=*system*
psu_energy_ac_mcp_machine=748013306
-------
timestamp=3407805788900508
iterations=247
sample_ns=100000000
window_ns=1000000000
rapl_core_sum_uj=303546578
rapl_psys_sum_uj=0
pid=0 energy=34451193493002385 alive=1 kernel=1 cpu_ns=6890179501000000 mem=436260864 instructions=59197600477 wakeups=18544 diski=7057408 disko=7634944 rx=72211771 tx=30562734 comm=*system*
psu_energy_ac_mcp_machine=761108521
-------
timestamp=3407805920046299
iterations=249
sample_ns=100000000
window_ns=1000000000
rapl_core_sum_uj=309147651
rapl_psys_sum_uj=0
pid=0 energy=34451201100116625 alive=1 kernel=1 cpu_ns=6890179717000000 mem=436256768 instructions=60503023325 wakeups=18772 diski=7057408 disko=7634944 rx=72211771 tx=30562734 comm=*system*
psu_energy_ac_mcp_machine=770720947
-------
timestamp=3407806051245913
iterations=250
sample_ns=100000000
window_ns=1000000000
rapl_core_sum_uj=312300910
rapl_psys_sum_uj=0
pid=0 energy=34451205045724695 alive=1 kernel=1 cpu_ns=6890179831000000 mem=436236288 instructions=61178144939 wakeups=18986 diski=7057408 disko=7634944 rx=72211771 tx=30562734 comm=*system*
psu_energy_ac_mcp_machine=780872681
-------
timestamp=3407806180311013
iterations=251
sample_ns=100000000
window_ns=1000000000
rapl_core_sum_uj=315516791
rapl_psys_sum_uj=0
pid=0 energy=34451208970846275 alive=1 kernel=1 cpu_ns=6890179944000000 mem=436490240 instructions=61850169255 wakeups=19196 diski=7057408 disko=7634944 rx=72211771 tx=30562734 comm=*system*
psu_energy_ac_mcp_machine=790563232
-------
timestamp=3407806309148331
iterations=252
sample_ns=100000000
window_ns=1000000000
rapl_core_sum_uj=318477789
rapl_psys_sum_uj=0
pid=0 energy=34451212877365160 alive=1 kernel=1 cpu_ns=6890180057000000 mem=436490240 instructions=62518473032 wakeups=19407 diski=7057408 disko=7634944 rx=72211771 tx=30562734 comm=*system*
psu_energy_ac_mcp_machine=803569458
-------
timestamp=3407806440266470
iterations=254
sample_ns=100000000
window_ns=1000000000
rapl_core_sum_uj=324351933
rapl_psys_sum_uj=0
pid=0 energy=34451220575951560 alive=1 kernel=1 cpu_ns=6890180275000000 mem=436551680 instructions=63840190312 wakeups=19629 diski=7057408 disko=7634944 rx=72211771 tx=30562734 comm=*system*
psu_energy_ac_mcp_machine=813604004
-------
timestamp=3407806570973868
iterations=255
sample_ns=100000000
window_ns=1000000000
rapl_core_sum_uj=327701298
rapl_psys_sum_uj=0
pid=0 energy=34451224519100390 alive=1 kernel=1 cpu_ns=6890180387000000 mem=436289536 instructions=64516820078 wakeups=19829 diski=7057408 disko=7634944 rx=72211771 tx=30562734 comm=*system*
psu_energy_ac_mcp_machine=823695679
-------
timestamp=3407806699884151
iterations=256
sample_ns=100000000
window_ns=1000000000
rapl_core_sum_uj=330609134
rapl_psys_sum_uj=0
pid=0 energy=34451228414744875 alive=1 kernel=1 cpu_ns=6890180499000000 mem=436056064 instructions=65183948975 wakeups=20055 diski=7057408 disko=7675904 rx=72211771 tx=30562734 comm=*system*
psu_energy_ac_mcp_machine=833615967
-------
timestamp=3407806828538413
iterations=257
sample_ns=100000000
window_ns=1000000000
rapl_core_sum_uj=333539126
rapl_psys_sum_uj=0
pid=0 energy=34451232321544645 alive=1 kernel=1 cpu_ns=6890180613000000 mem=436109312 instructions=65851308929 wakeups=20272 diski=7057408 disko=7675904 rx=72211771 tx=30562734 comm=*system*
psu_energy_ac_mcp_machine=846633423
-------
timestamp=3407806960360142
iterations=259
sample_ns=100000000
window_ns=1000000000
rapl_core_sum_uj=339458192
rapl_psys_sum_uj=0
pid=0 energy=34451239994330175 alive=1 kernel=1 cpu_ns=6890180829000000 mem=436277248 instructions=67169866035 wakeups=20499 diski=7057408 disko=7675904 rx=72211771 tx=30562734 comm=*system*
psu_energy_ac_mcp_machine=856506958
-------
timestamp=3407807091332787
iterations=260
sample_ns=100000000
window_ns=1000000000
rapl_core_sum_uj=342602906
rapl_psys_sum_uj=0
pid=0 energy=34451243908176545 alive=1 kernel=1 cpu_ns=6890180941000000 mem=436219904 instructions=67840635309 wakeups=20711 diski=7057408 disko=7675904 rx=72211771 tx=30562734 comm=*system*
psu_energy_ac_mcp_machine=865950806
-------
timestamp=3407807220095326
iterations=261
sample_ns=100000000
window_ns=1000000000
rapl_core_sum_uj=345537659
rapl_psys_sum_uj=0
pid=0 energy=34451247825191480 alive=1 kernel=1 cpu_ns=6890181053000000 mem=436310016 instructions=68512038296 wakeups=20928 diski=7057408 disko=7696384 rx=72211773 tx=30562734 comm=*system*
psu_energy_ac_mcp_machine=875823608
-------
timestamp=3407807348963599
iterations=262
sample_ns=100000000
window_ns=1000000000
rapl_core_sum_uj=348522583
rapl_psys_sum_uj=0
pid=0 energy=34451251746403035 alive=1 kernel=1 cpu_ns=6890181168000000 mem=436396032 instructions=69181280607 wakeups=21142 diski=7057408 disko=7696384 rx=72211773 tx=30562734 comm=*system*
psu_energy_ac_mcp_machine=889402344
-------
timestamp=3407807480160096
iterations=264
sample_ns=100000000
window_ns=1000000000
rapl_core_sum_uj=354609801
rapl_psys_sum_uj=0
pid=0 energy=34451259437974595 alive=1 kernel=1 cpu_ns=6890181386000000 mem=436207616 instructions=70501594919 wakeups=21373 diski=7057408 disko=7696384 rx=72211773 tx=30562734 comm=*system*
psu_energy_ac_mcp_machine=899070435
-------
timestamp=3407807611496037
iterations=265
sample_ns=100000000
window_ns=1000000000
rapl_core_sum_uj=357563109
rapl_psys_sum_uj=0
pid=0 energy=34451263343565380 alive=1 kernel=1 cpu_ns=6890181499000000 mem=436187136 instructions=71169713076 wakeups=21584 diski=7057408 disko=7696384 rx=72211773 tx=30562734 comm=*system*
psu_energy_ac_mcp_machine=908987183
-------
timestamp=3407807740303463
iterations=266
sample_ns=100000000
window_ns=1000000000
rapl_core_sum_uj=360601011
rapl_psys_sum_uj=0
pid=0 energy=34451267253836020 alive=1 kernel=1 cpu_ns=6890181611000000 mem=436379648 instructions=71839767204 wakeups=21819 diski=7057408 disko=7696384 rx=72211773 tx=30562734 comm=*system*
psu_energy_ac_mcp_machine=918990967
-------
timestamp=3407807868961747
iterations=267
sample_ns=100000000
window_ns=1000000000
rapl_core_sum_uj=363781430
rapl_psys_sum_uj=0
pid=0 energy=34451271196167200 alive=1 kernel=1 cpu_ns=6890181725000000 mem=436568064 instructions=72514233440 wakeups=22026 diski=7057408 disko=7696384 rx=72211773 tx=30562734 comm=*system*
psu_energy_ac_mcp_machine=932302612
-------
timestamp=3407808000633801
iterations=269
sample_ns=100000000
window_ns=1000000000
rapl_core_sum_uj=369552425
rapl_psys_sum_uj=0
pid=0 energy=34451278851179830 alive=1 kernel=1 cpu_ns=6890181943000000 mem=436326400 instructions=73827235966 wakeups=22256 diski=7057408 disko=7696384 rx=72211773 tx=30562734 comm=*system*
psu_energy_ac_mcp_machine=941950928
-------
timestamp=3407808131092944
iterations=270
sample_ns=100000000
window_ns=1000000000
rapl_core_sum_uj=372657832
rapl_psys_sum_uj=0
pid=0 energy=34451282788859030 alive=1 kernel=1 cpu_ns=6890182055000000 mem=436285440 instructions=74502771806 wakeups=22473 diski=7057408 disko=7696384 rx=72211773 tx=30562734 comm=*system*
psu_energy_ac_mcp_machine=951928467
-------
timestamp=3407808259752062
iterations=271
sample_ns=100000000
window_ns=1000000000
rapl_core_sum_uj=375854426
rapl_psys_sum_uj=0
pid=0 energy=34451286748059540 alive=1 kernel=1 cpu_ns=6890182170000000 mem=436420608 instructions=75179611908 wakeups=22693 diski=7057408 disko=7696384 rx=72211773 tx=30562734 comm=*system*
psu_energy_ac_mcp_machine=962046631
-------
timestamp=3407808388525816
iterations=272
sample_ns=100000000
window_ns=1000000000
rapl_core_sum_uj=379053278
rapl_psys_sum_uj=0
pid=0 energy=34451290705782190 alive=1 kernel=1 cpu_ns=6890182286000000 mem=436326400 instructions=75855156438 wakeups=22911 diski=7057408 disko=7696384 rx=72211773 tx=30562734 comm=*system*
psu_energy_ac_mcp_machine=975272339
-------
timestamp=3407808520703450
iterations=274
sample_ns=100000000
window_ns=1000000000
rapl_core_sum_uj=384703179
rapl_psys_sum_uj=0
pid=0 energy=34451298364573160 alive=1 kernel=1 cpu_ns=6890182505000000 mem=436420608 instructions=77167914632 wakeups=23124 diski=7057408 disko=7696384 rx=72211773 tx=30562734 comm=*system*
psu_energy_ac_mcp_machine=984696289
-------
timestamp=3407808651750048
iterations=275
sample_ns=100000000
window_ns=1000000000
rapl_core_sum_uj=387843804
rapl_psys_sum_uj=0
pid=0 energy=34451302304628585 alive=1 kernel=1 cpu_ns=6890182620000000 mem=436486144 instructions=77840925717 wakeups=23349 diski=7057408 disko=7696384 rx=72211773 tx=30562734 comm=*system*
psu_energy_ac_mcp_machine=994704956
-------
timestamp=3407808780656271
iterations=276
sample_ns=100000000
window_ns=1000000000
rapl_core_sum_uj=391010124
rapl_psys_sum_uj=0
pid=0 energy=34451306250834500 alive=1 kernel=1 cpu_ns=6890182736000000 mem=436588544 instructions=78514166900 wakeups=23564 diski=7057408 disko=7696384 rx=72211773 tx=30562734 comm=*system*
psu_energy_ac_mcp_machine=1004379639
-------
timestamp=3407808909482673
iterations=277
sample_ns=100000000
window_ns=1000000000
rapl_core_sum_uj=393953727
rapl_psys_sum_uj=0
pid=0 energy=34451310186829635 alive=1 kernel=1 cpu_ns=6890182853000000 mem=436527104 instructions=79184365927 wakeups=23777 diski=7057408 disko=7696384 rx=72211773 tx=30562734 comm=*system*
psu_energy_ac_mcp_machine=1017508545
-------
timestamp=3407809040858449
iterations=279
sample_ns=100000000
window_ns=1000000000
rapl_core_sum_uj=399855704
rapl_psys_sum_uj=0
pid=0 energy=34451317853633515 alive=1 kernel=1 cpu_ns=6890183070000000 mem=436584448 instructions=80500726703 wakeups=23999 diski=7057408 disko=7696384 rx=72211773 tx=30562734 comm=*system*
psu_energy_ac_mcp_machine=1027510864
-------
timestamp=3407809171831078
iterations=280
sample_ns=100000000
window_ns=1000000000
rapl_core_sum_uj=403027640
rapl_psys_sum_uj=0
pid=0 energy=34451321796155205 alive=1 kernel=1 cpu_ns=6890183184000000 mem=436355072 instructions=81175231041 wakeups=24218 diski=7057408 disko=7696384 rx=72211775 tx=30562734 comm=*system*
psu_energy_ac_mcp_machine=1037525146
-------
timestamp=3407809300745265
iterations=281
sample_ns=100000000
window_ns=1000000000
rapl_core_sum_uj=405944693
rapl_psys_sum_uj=0
pid=0 energy=34451325701493440 alive=1 kernel=1 cpu_ns=6890183298000000 mem=436273152 instructions=81842298688 wakeups=24421 diski=7057408 disko=7696384 rx=72211775 tx=30562734 comm=*system*
psu_energy_ac_mcp_machine=1047363770
-------
timestamp=3407809430072514
iterations=282
sample_ns=100000000
window_ns=1000000000
rapl_core_sum_uj=408914358
rapl_psys_sum_uj=0
pid=0 energy=34451329618055190 alive=1 kernel=1 cpu_ns=6890183414000000 mem=436273152 instructions=82509611038 wakeups=24636 diski=7057408 disko=7696384 rx=72211775 tx=30562734 comm=*system*
psu_energy_ac_mcp_machine=1060370361
-------
timestamp=3407809562912737
iterations=284
sample_ns=100000000
window_ns=1000000000
rapl_core_sum_uj=414842030
rapl_psys_sum_uj=0
pid=0 energy=34451337291051785 alive=1 kernel=1 cpu_ns=6890183631000000 mem=436207616 instructions=83827210357 wakeups=24855 diski=7057408 disko=7696384 rx=72211775 tx=30562734 comm=*system*
psu_energy_ac_mcp_machine=1070317627
-------
timestamp=3407809692049377
iterations=285
sample_ns=100000000
window_ns=1000000000
rapl_core_sum_uj=417958240
rapl_psys_sum_uj=0
pid=0 energy=34451341204252525 alive=1 kernel=1 cpu_ns=6890183744000000 mem=436166656 instructions=84496850505 wakeups=25081 diski=7057408 disko=7696384 rx=72211775 tx=30562734 comm=*system*
psu_energy_ac_mcp_machine=1080183105
-------
timestamp=3407809820936835
iterations=286
sample_ns=100000000
window_ns=1000000000
rapl_core_sum_uj=420894641
rapl_psys_sum_uj=0
pid=0 energy=34451345096050510 alive=1 kernel=1 cpu_ns=6890183856000000 mem=436129792 instructions=85163210102 wakeups=25294 diski=7057408 disko=7696384 rx=72211775 tx=30562734 comm=*system*
psu_energy_ac_mcp_machine=1089412476
-------
timestamp=3407809949656713
iterations=287
sample_ns=100000000
window_ns=1000000000
rapl_core_sum_uj=423918017
rapl_psys_sum_uj=0
pid=0 energy=34451348988376970 alive=1 kernel=1 cpu_ns=6890183968000000 mem=436355072 instructions=85829675394 wakeups=25513 diski=7057408 disko=7696384 rx=72211775 tx=30562734 comm=*system*
psu_energy_ac_mcp_machine=1103092773
-------
timestamp=3407810081043198
iterations=289
sample_ns=100000000
window_ns=1000000000
rapl_core_sum_uj=430027818
rapl_psys_sum_uj=0
pid=0 energy=34451356689130310 alive=1 kernel=1 cpu_ns=6890184187000000 mem=436383744 instructions=87150826062 wakeups=25735 diski=7057408 disko=7696384 rx=72211775 tx=30562734 comm=*system*
psu_energy_ac_mcp_machine=1112953613
-------
timestamp=3407810211845123
iterations=290
sample_ns=100000000
window_ns=1000000000
rapl_core_sum_uj=432973862
rapl_psys_sum_uj=0
pid=0 energy=34451360619095940 alive=1 kernel=1 cpu_ns=6890184301000000 mem=436445184 instructions=87822819188 wakeups=25950 diski=7057408 disko=7696384 rx=72211775 tx=30562734 comm=*system*
psu_energy_ac_mcp_machine=1122461548
-------
timestamp=3407810340704723
iterations=291
sample_ns=100000000
window_ns=1000000000
rapl_core_sum_uj=436024887
rapl_psys_sum_uj=0
pid=0 energy=34451364529943765 alive=1 kernel=1 cpu_ns=6890184414000000 mem=436445184 instructions=88491988753 wakeups=26163 diski=7057408 disko=7696384 rx=72211775 tx=30562734 comm=*system*
psu_energy_ac_mcp_machine=1132389038
-------
timestamp=3407810469625530
iterations=292
sample_ns=100000000
window_ns=1000000000
rapl_core_sum_uj=439221237
rapl_psys_sum_uj=0
pid=0 energy=34451368476714840 alive=1 kernel=1 cpu_ns=6890184528000000 mem=436518912 instructions=89167342968 wakeups=26386 diski=7057408 disko=7696384 rx=72211775 tx=30562734 comm=*system*
psu_energy_ac_mcp_machine=1145903931
-------
timestamp=3407810600598597
iterations=294
sample_ns=100000000
window_ns=1000000000
rapl_core_sum_uj=445033859
rapl_psys_sum_uj=0
pid=0 energy=34451376139893765 alive=1 kernel=1 cpu_ns=6890184745000000 mem=436326400 instructions=90482978753 wakeups=26614 diski=7057408 disko=7696384 rx=72211775 tx=30562734 comm=*system*
psu_energy_ac_mcp_machine=1155241455
-------
timestamp=3407810731863286
iterations=295
sample_ns=100000000
window_ns=1000000000
rapl_core_sum_uj=448131210
rapl_psys_sum_uj=0
pid=0 energy=34451380072831735 alive=1 kernel=1 cpu_ns=6890184858000000 mem=436400128 instructions=91156566347 wakeups=26830 diski=7057408 disko=7696384 rx=72211775 tx=30562734 comm=*system*
psu_energy_ac_mcp_machine=1165223511
-------
timestamp=3407810861021081
iterations=296
sample_ns=100000000
window_ns=1000000000
rapl_core_sum_uj=451303756
rapl_psys_sum_uj=0
pid=0 energy=34451383997172970 alive=1 kernel=1 cpu_ns=6890184970000000 mem=436400128 instructions=91829434594 wakeups=27044 diski=7057408 disko=7696384 rx=72211775 tx=30562734 comm=*system*
psu_energy_ac_mcp_machine=1175307129
-------
timestamp=3407810989686051
iterations=297
sample_ns=100000000
window_ns=1000000000
rapl_core_sum_uj=454310714
rapl_psys_sum_uj=0
pid=0 energy=34451387926858040 alive=1 kernel=1 cpu_ns=6890185083000000 mem=436314112 instructions=92502371608 wakeups=27262 diski=7057408 disko=7696384 rx=72211775 tx=30562734 comm=*system*
psu_energy_ac_mcp_machine=1188330200
-------
timestamp=3407811120742727
iterations=299
sample_ns=100000000
window_ns=1000000000
rapl_core_sum_uj=459989179
rapl_psys_sum_uj=0
pid=0 energy=34451395572324455 alive=1 kernel=1 cpu_ns=6890185303000000 mem=436305920 instructions=93811464891 wakeups=27482 diski=7057408 disko=7696384 rx=72211777 tx=30562734 comm=*system*
psu_energy_ac_mcp_machine=1197921753
-------
timestamp=3407811251927754
iterations=300
sample_ns=100000000
window_ns=1000000000
rapl_core_sum_uj=463149396
rapl_psys_sum_uj=0
pid=0 energy=34451399517331740 alive=1 kernel=1 cpu_ns=6890185418000000 mem=436305920 instructions=94485466348 wakeups=27691 diski=7057408 disko=7696384 rx=72211777 tx=30562734 comm=*system*
psu_energy_ac_mcp_machine=1207740479
-------
timestamp=3407811380524762
iterations=301
sample_ns=100000000
window_ns=1000000000
rapl_core_sum_uj=466358258
rapl_psys_sum_uj=0
pid=0 energy=34451403473805080 alive=1 kernel=1 cpu_ns=6890185534000000 mem=436297728 instructions=95160761016 wakeups=27905 diski=7057408 disko=7696384 rx=72211777 tx=30562734 comm=*system*
psu_energy_ac_mcp_machine=1217509888
-------
timestamp=3407811509408289
iterations=302
sample_ns=100000000
window_ns=1000000000
rapl_core_sum_uj=469319561
rapl_psys_sum_uj=0
pid=0 energy=34451407384071095 alive=1 kernel=1 cpu_ns=6890185647000000 mem=436174848 instructions=95829814219 wakeups=28115 diski=7057408 disko=7696384 rx=72211777 tx=30562734 comm=*system*
psu_energy_ac_mcp_machine=1230737305
-------
timestamp=3407811641330611
iterations=304
sample_ns=100000000
window_ns=1000000000
rapl_core_sum_uj=475269695
rapl_psys_sum_uj=0
pid=0 energy=34451415068275045 alive=1 kernel=1 cpu_ns=6890185864000000 mem=436314112 instructions=97149655009 wakeups=28335 diski=7057408 disko=7696384 rx=72211777 tx=30562734 comm=*system*
psu_energy_ac_mcp_machine=1240714233
-------
timestamp=3407811771657777
iterations=305
sample_ns=100000000
window_ns=1000000000
rapl_core_sum_uj=478446941
rapl_psys_sum_uj=0
pid=0 energy=34451419009104905 alive=1 kernel=1 cpu_ns=6890185980000000 mem=436203520 instructions=97821820981 wakeups=28559 diski=7057408 disko=7729152 rx=72211777 tx=30562734 comm=*system*
psu_energy_ac_mcp_machine=1250344238
-------
timestamp=3407811900508042
iterations=306
sample_ns=100000000
window_ns=1000000000
rapl_core_sum_uj=481385844
rapl_psys_sum_uj=0
pid=0 energy=34451422926911005 alive=1 kernel=1 cpu_ns=6890186094000000 mem=436199424 instructions=98491382201 wakeups=28774 diski=7057408 disko=7729152 rx=72211777 tx=30562734 comm=*system*
psu_energy_ac_mcp_machine=1260116577
-------
timestamp=3407812029493038
iterations=307
sample_ns=100000000
window_ns=1000000000
rapl_core_sum_uj=484347330
rapl_psys_sum_uj=0
pid=0 energy=34451426830946975 alive=1 kernel=1 cpu_ns=6890186206000000 mem=436297728 instructions=99160189395 wakeups=28986 diski=7057408 disko=7729152 rx=72211777 tx=30562734 comm=*system*
psu_energy_ac_mcp_machine=1273338013
-------
timestamp=3407812160933944
iterations=309
sample_ns=100000000
window_ns=1000000000
rapl_core_sum_uj=490297036
rapl_psys_sum_uj=0
pid=0 energy=34451434483617620 alive=1 kernel=1 cpu_ns=6890186425000000 mem=436355072 instructions=100471723524 wakeups=29199 diski=7057408 disko=7729152 rx=72211777 tx=30562734 comm=*system*
psu_energy_ac_mcp_machine=1283217285
-------
timestamp=3407812291770755
iterations=310
sample_ns=100000000
window_ns=1000000000
rapl_core_sum_uj=493249916
rapl_psys_sum_uj=0
pid=0 energy=34451438394163440 alive=1 kernel=1 cpu_ns=6890186539000000 mem=436314112 instructions=101139832688 wakeups=29423 diski=7057408 disko=7749632 rx=72211777 tx=30562734 comm=*system*
psu_energy_ac_mcp_machine=1292989868
-------
timestamp=3407812420552522
iterations=311
sample_ns=100000000
window_ns=1000000000
rapl_core_sum_uj=496216041
rapl_psys_sum_uj=0
pid=0 energy=34451442303147425 alive=1 kernel=1 cpu_ns=6890186652000000 mem=436350976 instructions=101808629485 wakeups=29636 diski=7057408 disko=7749632 rx=72211777 tx=30562734 comm=*system*
psu_energy_ac_mcp_machine=1302163574
-------
timestamp=3407812549285581
iterations=312
sample_ns=100000000
window_ns=1000000000
rapl_core_sum_uj=499230262
rapl_psys_sum_uj=0
pid=0 energy=34451446209869220 alive=1 kernel=1 cpu_ns=6890186765000000 mem=436088832 instructions=102476973844 wakeups=29844 diski=7057408 disko=7749632 rx=72211777 tx=30562734 comm=*system*
psu_energy_ac_mcp_machine=1315935547
-------
timestamp=3407812681179728
iterations=314
sample_ns=100000000
window_ns=1000000000
rapl_core_sum_uj=505352087
rapl_psys_sum_uj=0
pid=0 energy=34451453896679670 alive=1 kernel=1 cpu_ns=6890186981000000 mem=436170752 instructions=103798335934 wakeups=30075 diski=7057408 disko=7749632 rx=72211777 tx=30562734 comm=*system*
psu_energy_ac_mcp_machine=1325572510
-------
timestamp=3407812811629025
iterations=315
sample_ns=100000000
window_ns=1000000000
rapl_core_sum_uj=508306676
rapl_psys_sum_uj=0
pid=0 energy=34451457814724760 alive=1 kernel=1 cpu_ns=6890187095000000 mem=436350976 instructions=104467944952 wakeups=30292 diski=7057408 disko=7749632 rx=72211777 tx=30562734 comm=*system*
psu_energy_ac_mcp_machine=1335465820
-------
timestamp=3407812940265535
iterations=316
sample_ns=100000000
window_ns=1000000000
rapl_core_sum_uj=511362462
rapl_psys_sum_uj=0
pid=0 energy=34451461742450960 alive=1 kernel=1 cpu_ns=6890187208000000 mem=436129792 instructions=105140490192 wakeups=30507 diski=7057408 disko=7749632 rx=72211777 tx=30562734 comm=*system*
psu_energy_ac_mcp_machine=1345489136
-------
timestamp=3407813068720090
iterations=317
sample_ns=100000000
window_ns=1000000000
rapl_core_sum_uj=514556981
rapl_psys_sum_uj=0
pid=0 energy=34451465671148790 alive=1 kernel=1 cpu_ns=6890187321000000 mem=436273152 instructions=105813229758 wakeups=30728 diski=7057408 disko=7749632 rx=72211777 tx=30562734 comm=*system*
psu_energy_ac_mcp_machine=1358720337
-------
timestamp=3407813200916915
iterations=319
sample_ns=100000000
window_ns=1000000000
rapl_core_sum_uj=520366429
rapl_psys_sum_uj=0
pid=0 energy=34451473317596375 alive=1 kernel=1 cpu_ns=6890187541000000 mem=436449280 instructions=107122519275 wakeups=30946 diski=7057408 disko=7749632 rx=72211779 tx=30562734 comm=*system*
psu_energy_ac_mcp_machine=1368314209
-------
timestamp=3407813331826225
iterations=320
sample_ns=100000000
window_ns=1000000000
rapl_core_sum_uj=523310948
rapl_psys_sum_uj=0
pid=0 energy=34451477223553320 alive=1 kernel=1 cpu_ns=6890187653000000 mem=436514816 instructions=107791710664 wakeups=31168 diski=7057408 disko=7749632 rx=72211779 tx=30562734 comm=*system*
psu_energy_ac_mcp_machine=1377879517
-------
timestamp=3407813461135849
iterations=321
sample_ns=100000000
window_ns=1000000000
rapl_core_sum_uj=526398289
rapl_psys_sum_uj=0
pid=0 energy=34451481150355210 alive=1 kernel=1 cpu_ns=6890187768000000 mem=436555776 instructions=108462071042 wakeups=31374 diski=7057408 disko=7749632 rx=72211779 tx=30562734 comm=*system*
psu_energy_ac_mcp_machine=1387873535
-------
timestamp=3407813589980534
iterations=322
sample_ns=100000000
window_ns=1000000000
rapl_core_sum_uj=529416904
rapl_psys_sum_uj=0
pid=0 energy=34451485087601460 alive=1 kernel=1 cpu_ns=6890187883000000 mem=436588544 instructions=109134520292 wakeups=31591 diski=7057408 disko=7749632 rx=72211779 tx=30562734 comm=*system*
psu_energy_ac_mcp_machine=1400868530
-------
timestamp=3407813721047032
iterations=324
sample_ns=100000000
window_ns=1000000000
rapl_core_sum_uj=535099825
rapl_psys_sum_uj=0
pid=0 energy=34451492712644875 alive=1 kernel=1 cpu_ns=6890188100000000 mem=436371456 instructions=110442528975 wakeups=31824 diski=7057408 disko=7749632 rx=72211779 tx=30562734 comm=*system*
psu_energy_ac_mcp_machine=1410642578
-------
timestamp=3407813852134260
iterations=325
sample_ns=100000000
window_ns=1000000000
rapl_core_sum_uj=538279451
rapl_psys_sum_uj=0
pid=0 energy=34451496651566530 alive=1 kernel=1 cpu_ns=6890188213000000 mem=436576256 instructions=111117313306 wakeups=32037 diski=7057408 disko=7749632 rx=72211779 tx=30562734 comm=*system*
psu_energy_ac_mcp_machine=1420740479
-------
timestamp=3407813980858905
iterations=326
sample_ns=100000000
window_ns=1000000000
rapl_core_sum_uj=541484651
rapl_psys_sum_uj=0
pid=0 energy=34451500599487895 alive=1 kernel=1 cpu_ns=6890188329000000 mem=436383744 instructions=111790897579 wakeups=32250 diski=7057408 disko=7749632 rx=72211779 tx=30562734 comm=*system*
psu_energy_ac_mcp_machine=1430388794
-------
timestamp=3407814109586894
iterations=327
sample_ns=100000000
window_ns=1000000000
rapl_core_sum_uj=544442414
rapl_psys_sum_uj=0
pid=0 energy=34451504511039255 alive=1 kernel=1 cpu_ns=6890188443000000 mem=436436992 instructions=112459207851 wakeups=32465 diski=7057408 disko=7749632 rx=72211779 tx=30562734 comm=*system*
psu_energy_ac_mcp_machine=1443416504
-------
timestamp=3407814241169606
iterations=329
sample_ns=100000000
window_ns=1000000000
rapl_core_sum_uj=550326995
rapl_psys_sum_uj=0
pid=0 energy=34451512198465260 alive=1 kernel=1 cpu_ns=6890188661000000 mem=436355072 instructions=113778693052 wakeups=32680 diski=7057408 disko=7749632 rx=72211779 tx=30562734 comm=*system*
psu_energy_ac_mcp_machine=1453481689
-------
timestamp=3407814371850866
iterations=330
sample_ns=100000000
window_ns=1000000000
rapl_core_sum_uj=553499358
rapl_psys_sum_uj=0
pid=0 energy=34451516147665470 alive=1 kernel=1 cpu_ns=6890188777000000 mem=436355072 instructions=114452533094 wakeups=32895 diski=7057408 disko=7749632 rx=72211779 tx=30562734 comm=*system*
psu_energy_ac_mcp_machine=1463408203
-------
timestamp=3407814500958829
iterations=331
sample_ns=100000000
window_ns=1000000000
rapl_core_sum_uj=556409514
rapl_psys_sum_uj=0
pid=0 energy=34451520043629475 alive=1 kernel=1 cpu_ns=6890188889000000 mem=436355072 instructions=115119725895 wakeups=33104 diski=7057408 disko=7749632 rx=72211779 tx=30562734 comm=*system*
psu_energy_ac_mcp_machine=1473248779
-------
timestamp=3407814629750180
iterations=332
sample_ns=100000000
window_ns=1000000000
rapl_core_sum_uj=559358732
rapl_psys_sum_uj=0
pid=0 energy=34451523952028070 alive=1 kernel=1 cpu_ns=6890189002000000 mem=436346880 instructions=115788405614 wakeups=33323 diski=7057408 disko=7749632 rx=72211779 tx=30562734 comm=*system*
psu_energy_ac_mcp_machine=1486048584
-------
timestamp=3407814761322681
iterations=334
sample_ns=100000000
window_ns=1000000000
rapl_core_sum_uj=565428433
rapl_psys_sum_uj=0
pid=0 energy=34451531651873390 alive=1 kernel=1 cpu_ns=6890189221000000 mem=436355072 instructions=117109374678 wakeups=33561 diski=7057408 disko=7778304 rx=72211779 tx=30562734 comm=*system*
psu_energy_ac_mcp_machine=1496166138
-------
timestamp=3407814891888027
iterations=335
sample_ns=100000000
window_ns=1000000000
rapl_core_sum_uj=568440090
rapl_psys_sum_uj=0
pid=0 energy=34451535587692385 alive=1 kernel=1 cpu_ns=6890189334000000 mem=436420608 instructions=117783538477 wakeups=33835 diski=7057408 disko=10002432 rx=72211779 tx=30562734 comm=*system*
psu_energy_ac_mcp_machine=1506068237
-------
timestamp=3407815020872972
iterations=336
sample_ns=100000000
window_ns=1000000000
rapl_core_sum_uj=571404323
rapl_psys_sum_uj=0
pid=0 energy=34451539514649525 alive=1 kernel=1 cpu_ns=6890189449000000 mem=436555776 instructions=118453929905 wakeups=34055 diski=7057408 disko=10002432 rx=72211779 tx=30562734 comm=*system*
psu_energy_ac_mcp_machine=1515908447
-------
timestamp=3407815149746363
iterations=337
sample_ns=100000000
window_ns=1000000000
rapl_core_sum_uj=574423915
rapl_psys_sum_uj=0
pid=0 energy=34451543426933315 alive=1 kernel=1 cpu_ns=6890189563000000 mem=436584448 instructions=119122386663 wakeups=34268 diski=7057408 disko=10002432 rx=72211779 tx=30562734 comm=*system*
psu_energy_ac_mcp_machine=1529065308
-------
timestamp=3407815281252113
iterations=339
sample_ns=100000000
window_ns=1000000000
rapl_core_sum_uj=580562647
rapl_psys_sum_uj=0
pid=0 energy=34451551166246965 alive=1 kernel=1 cpu_ns=6890189782000000 mem=436543488 instructions=120451249393 wakeups=34485 diski=7057408 disko=10002432 rx=72211781 tx=30562734 comm=*system*
psu_energy_ac_mcp_machine=1538611328
-------
timestamp=3407815412325488
iterations=340
sample_ns=100000000
window_ns=1000000000
rapl_core_sum_uj=583496362
rapl_psys_sum_uj=0
pid=0 energy=34451555042328550 alive=1 kernel=1 cpu_ns=6890189894000000 mem=436531200 instructions=121114465710 wakeups=34701 diski=7057408 disko=10002432 rx=72211781 tx=30562734 comm=*system*
psu_energy_ac_mcp_machine=1548530640
-------
timestamp=3407815541447232
iterations=341
sample_ns=100000000
window_ns=1000000000
rapl_core_sum_uj=586557824
rapl_psys_sum_uj=0
pid=0 energy=34451558952403585 alive=1 kernel=1 cpu_ns=6890190005000000 mem=436523008 instructions=121785480717 wakeups=34910 diski=7057408 disko=10002432 rx=72211781 tx=30562734 comm=*system*
psu_energy_ac_mcp_machine=1558574097
-------
timestamp=3407815670702150
iterations=342
sample_ns=100000000
window_ns=1000000000
rapl_core_sum_uj=589737145
rapl_psys_sum_uj=0
pid=0 energy=34451562896794485 alive=1 kernel=1 cpu_ns=6890190118000000 mem=436408320 instructions=122461358897 wakeups=35133 diski=7057408 disko=10002432 rx=72211783 tx=30562736 comm=*system*
psu_energy_ac_mcp_machine=1571847046
-------
timestamp=3407815801856211
iterations=344
sample_ns=100000000
window_ns=1000000000
rapl_core_sum_uj=595509605
rapl_psys_sum_uj=0
pid=0 energy=34451570562899310 alive=1 kernel=1 cpu_ns=6890190339000000 mem=436420608 instructions=123773579862 wakeups=35361 diski=7057408 disko=10002432 rx=72211783 tx=30562736 comm=*system*
psu_energy_ac_mcp_machine=1581514038
-------
timestamp=3407815932502366
iterations=345
sample_ns=100000000
window_ns=1000000000
rapl_core_sum_uj=598624167
rapl_psys_sum_uj=0
pid=0 energy=34451574492432105 alive=1 kernel=1 cpu_ns=6890190453000000 mem=436408320 instructions=124445486421 wakeups=35570 diski=7057408 disko=10002432 rx=72211783 tx=30562736 comm=*system*
psu_energy_ac_mcp_machine=1591507813
-------
timestamp=3407816061715354
iterations=346
sample_ns=100000000
window_ns=1000000000
rapl_core_sum_uj=601920675
rapl_psys_sum_uj=0
pid=0 energy=34451578423784710 alive=1 kernel=1 cpu_ns=6890190565000000 mem=436367360 instructions=125119756942 wakeups=35786 diski=7057408 disko=10002432 rx=72211783 tx=30562736 comm=*system*
psu_energy_ac_mcp_machine=1601830200
-------
timestamp=3407816190389906
iterations=347
sample_ns=100000000
window_ns=1000000000
rapl_core_sum_uj=605018636
rapl_psys_sum_uj=0
pid=0 energy=34451582383430435 alive=1 kernel=1 cpu_ns=6890190679000000 mem=436367360 instructions=125797686087 wakeups=35988 diski=7057408 disko=10002432 rx=72211783 tx=30562736 comm=*system*
psu_energy_ac_mcp_machine=1614533569
-------
timestamp=3407816321669040
iterations=349
sample_ns=100000000
window_ns=1000000000
rapl_core_sum_uj=610691792
rapl_psys_sum_uj=0
pid=0 energy=34451589997282550 alive=1 kernel=1 cpu_ns=6890190895000000 mem=436273152 instructions=127104456510 wakeups=36210 diski=7057408 disko=10002432 rx=72211783 tx=30562736 comm=*system*
psu_energy_ac_mcp_machine=1624217285
-------
timestamp=3407816452684142
iterations=350
sample_ns=100000000
window_ns=1000000000
rapl_core_sum_uj=613865192
rapl_psys_sum_uj=0
pid=0 energy=34451593941820125 alive=1 kernel=1 cpu_ns=6890191009000000 mem=436232192 instructions=127779364025 wakeups=36423 diski=7057408 disko=10002432 rx=72211783 tx=30562736 comm=*system*
psu_energy_ac_mcp_machine=1634395142
-------
timestamp=3407816581832094
iterations=351
sample_ns=100000000
window_ns=1000000000
rapl_core_sum_uj=617073321
rapl_psys_sum_uj=0
pid=0 energy=34451597893035880 alive=1 kernel=1 cpu_ns=6890191124000000 mem=436240384 instructions=128454607176 wakeups=36633 diski=7057408 disko=10002432 rx=72211783 tx=30562736 comm=*system*
psu_energy_ac_mcp_machine=1644223022
-------
timestamp=3407816711089054
iterations=352
sample_ns=100000000
window_ns=1000000000
rapl_core_sum_uj=620623491
rapl_psys_sum_uj=0
pid=0 energy=34451603320745625 alive=1 kernel=1 cpu_ns=6890191285000000 mem=436350976 instructions=129379149125 wakeups=36887 diski=7303168 disko=10002432 rx=72211787 tx=30562741 comm=*system*
psu_energy_ac_mcp_machine=1659915649
-------
timestamp=3407816844145583
iterations=354
sample_ns=100000000
window_ns=1000000000
rapl_core_sum_uj=629177445
rapl_psys_sum_uj=0
pid=0 energy=34451618381645335 alive=1 kernel=1 cpu_ns=6890191710000000 mem=436404224 instructions=131966329067 wakeups=37122 diski=7303168 disko=10047488 rx=72211787 tx=30562741 comm=*system*
psu_energy_ac_mcp_machine=1671844360
-------
timestamp=3407816973310317
iterations=355
sample_ns=100000000
window_ns=1000000000
rapl_core_sum_uj=633576309
rapl_psys_sum_uj=0
pid=0 energy=34451626014066045 alive=1 kernel=1 cpu_ns=6890191928000000 mem=436953088 instructions=133274813209 wakeups=37344 diski=7303168 disko=10047488 rx=72211787 tx=30562741 comm=*system*
psu_energy_ac_mcp_machine=1683839233
-------
timestamp=3407817102529185
iterations=356
sample_ns=100000000
window_ns=1000000000
rapl_core_sum_uj=637966995
rapl_psys_sum_uj=0
pid=0 energy=34451633604565430 alive=1 kernel=1 cpu_ns=6890192144000000 mem=437161984 instructions=134576913086 wakeups=37560 diski=7303168 disko=10047488 rx=72211787 tx=30562741 comm=*system*
psu_energy_ac_mcp_machine=1695861938
-------
timestamp=3407817232168744
iterations=357
sample_ns=100000000
window_ns=1000000000
rapl_core_sum_uj=642343581
rapl_psys_sum_uj=0
pid=0 energy=34451641249819135 alive=1 kernel=1 cpu_ns=6890192362000000 mem=437055488 instructions=135887963827 wakeups=37766 diski=7303168 disko=10047488 rx=72211789 tx=30562741 comm=*system*
psu_energy_ac_mcp_machine=1711904297
-------
timestamp=3407817364369190
iterations=359
sample_ns=100000000
window_ns=1000000000
rapl_core_sum_uj=651212782
rapl_psys_sum_uj=0
pid=0 energy=34451656453347490 alive=1 kernel=1 cpu_ns=6890192796000000 mem=436948992 instructions=138494669498 wakeups=38010 diski=7303168 disko=10067968 rx=72211789 tx=30562741 comm=*system*
psu_energy_ac_mcp_machine=1724295166
-------
timestamp=3407817493983386
iterations=360
sample_ns=100000000
window_ns=1000000000
rapl_core_sum_uj=655614149
rapl_psys_sum_uj=0
pid=0 energy=34451664065774695 alive=1 kernel=1 cpu_ns=6890193013000000 mem=437063680 instructions=139800154939 wakeups=38230 diski=7303168 disko=10067968 rx=72211789 tx=30562741 comm=*system*
psu_energy_ac_mcp_machine=1736291504
-------
timestamp=3407817623109628
iterations=361
sample_ns=100000000
window_ns=1000000000
rapl_core_sum_uj=659983838
rapl_psys_sum_uj=0
pid=0 energy=34451671671084380 alive=1 kernel=1 cpu_ns=6890193231000000 mem=437211136 instructions=141103216876 wakeups=38433 diski=7303168 disko=10067968 rx=72211789 tx=30562741 comm=*system*
psu_energy_ac_mcp_machine=1748277710
-------
timestamp=3407817752206822
iterations=362
sample_ns=100000000
window_ns=1000000000
rapl_core_sum_uj=664415905
rapl_psys_sum_uj=0
pid=0 energy=34451679233136780 alive=1 kernel=1 cpu_ns=6890193449000000 mem=436985856 instructions=142397627356 wakeups=38662 diski=7303168 disko=10067968 rx=72211789 tx=30562741 comm=*system*
psu_energy_ac_mcp_machine=1764689697
-------
timestamp=3407817884399142
iterations=364
sample_ns=100000000
window_ns=1000000000
rapl_core_sum_uj=673224925
rapl_psys_sum_uj=0
pid=0 energy=34451694363573085 alive=1 kernel=1 cpu_ns=6890193874000000 mem=437104640 instructions=144998714617 wakeups=38885 diski=7303168 disko=10067968 rx=72211789 tx=30562741 comm=*system*
psu_energy_ac_mcp_machine=1776655029
-------
timestamp=3407818013366665
iterations=365
sample_ns=100000000
window_ns=1000000000
rapl_core_sum_uj=677597483
rapl_psys_sum_uj=0
pid=0 energy=34451701964946885 alive=1 kernel=1 cpu_ns=6890194091000000 mem=437047296 instructions=146301989377 wakeups=39100 diski=7303168 disko=10067968 rx=72211789 tx=30562741 comm=*system*
psu_energy_ac_mcp_machine=1788664795
-------
timestamp=3407818142699829
iterations=366
sample_ns=100000000
window_ns=1000000000
rapl_core_sum_uj=682005197
rapl_psys_sum_uj=0
pid=0 energy=34451709575701165 alive=1 kernel=1 cpu_ns=6890194308000000 mem=437051392 instructions=147607140233 wakeups=39313 diski=7303168 disko=10067968 rx=72211789 tx=30562741 comm=*system*
psu_energy_ac_mcp_machine=1800677979
-------
timestamp=3407818272070003
iterations=367
sample_ns=100000000
window_ns=1000000000
rapl_core_sum_uj=686505502
rapl_psys_sum_uj=0
pid=0 energy=34451717141092715 alive=1 kernel=1 cpu_ns=6890194531000000 mem=436977664 instructions=148897218543 wakeups=39528 diski=7303168 disko=10067968 rx=72211789 tx=30562741 comm=*system*
psu_energy_ac_mcp_machine=1816998779
-------
timestamp=3407818404251516
iterations=369
sample_ns=100000000
window_ns=1000000000
rapl_core_sum_uj=695262154
rapl_psys_sum_uj=0
pid=0 energy=34451732243287685 alive=1 kernel=1 cpu_ns=6890194957000000 mem=437051392 instructions=151491657537 wakeups=39752 diski=7303168 disko=10067968 rx=72211789 tx=30562741 comm=*system*
psu_energy_ac_mcp_machine=1829073730
-------
timestamp=3407818533832734
iterations=370
sample_ns=100000000
window_ns=1000000000
rapl_core_sum_uj=699672493
rapl_psys_sum_uj=0
pid=0 energy=34451739881857345 alive=1 kernel=1 cpu_ns=6890195176000000 mem=437059584 instructions=152800371469 wakeups=39957 diski=7303168 disko=10067968 rx=72211789 tx=30562741 comm=*system*
psu_energy_ac_mcp_machine=1841073364
-------
timestamp=3407818663198332
iterations=371
sample_ns=100000000
window_ns=1000000000
rapl_core_sum_uj=704237373
rapl_psys_sum_uj=0
pid=0 energy=34451747441536185 alive=1 kernel=1 cpu_ns=6890195395000000 mem=437059584 instructions=154093307237 wakeups=40169 diski=7303168 disko=10067968 rx=72211789 tx=30562741 comm=*system*
psu_energy_ac_mcp_machine=1853545044
-------
timestamp=3407818792585167
iterations=372
sample_ns=100000000
window_ns=1000000000
rapl_core_sum_uj=708708381
rapl_psys_sum_uj=0
pid=0 energy=34451755099926655 alive=1 kernel=1 cpu_ns=6890195615000000 mem=436805632 instructions=155404985331 wakeups=40389 diski=7303168 disko=10067968 rx=72211789 tx=30562741 comm=*system*
psu_energy_ac_mcp_machine=1869494995
-------
timestamp=3407818925939998
iterations=374
sample_ns=100000000
window_ns=1000000000
rapl_core_sum_uj=717295538
rapl_psys_sum_uj=0
pid=0 energy=34451770159182300 alive=1 kernel=1 cpu_ns=6890196040000000 mem=437063680 instructions=157991836460 wakeups=40614 diski=7303168 disko=10067968 rx=72211789 tx=30562741 comm=*system*
psu_energy_ac_mcp_machine=1881476196
-------
timestamp=3407819055301113
iterations=375
sample_ns=100000000
window_ns=1000000000
rapl_core_sum_uj=721914068
rapl_psys_sum_uj=0
pid=0 energy=34451777740952520 alive=1 kernel=1 cpu_ns=6890196259000000 mem=437288960 instructions=159289190504 wakeups=40819 diski=7303168 disko=10067968 rx=72211789 tx=30562741 comm=*system*
psu_energy_ac_mcp_machine=1893961426
-------
timestamp=3407819184722824
iterations=376
sample_ns=100000000
window_ns=1000000000
rapl_core_sum_uj=726365484
rapl_psys_sum_uj=0
pid=0 energy=34451785355709255 alive=1 kernel=1 cpu_ns=6890196476000000 mem=437063680 instructions=160595141851 wakeups=41032 diski=7303168 disko=10067968 rx=72211791 tx=30562741 comm=*system*
psu_energy_ac_mcp_machine=1910033325
-------
timestamp=3407819317299095
iterations=377
sample_ns=100000000
window_ns=1000000000
rapl_core_sum_uj=730745549
rapl_psys_sum_uj=0
pid=0 energy=34451792991679330 alive=1 kernel=1 cpu_ns=6890196695000000 mem=437288960 instructions=161903335866 wakeups=41241 diski=7303168 disko=10067968 rx=72211791 tx=30562741 comm=*system*
psu_energy_ac_mcp_machine=1921929077
-------
timestamp=3407819450107251
iterations=379
sample_ns=100000000
window_ns=1000000000
rapl_core_sum_uj=739367863
rapl_psys_sum_uj=0
pid=0 energy=34451808043535625 alive=1 kernel=1 cpu_ns=6890197122000000 mem=437063680 instructions=164486707125 wakeups=41466 diski=7303168 disko=10067968 rx=72211791 tx=30562741 comm=*system*
psu_energy_ac_mcp_machine=1933991943
-------
timestamp=3407819579105122
iterations=380
sample_ns=100000000
window_ns=1000000000
rapl_core_sum_uj=743746036
rapl_psys_sum_uj=0
pid=0 energy=34451815661002155 alive=1 kernel=1 cpu_ns=6890197340000000 mem=437288960 instructions=165792200431 wakeups=41670 diski=7303168 disko=10067968 rx=72211791 tx=30562741 comm=*system*
psu_energy_ac_mcp_machine=1945976929
-------
timestamp=3407819708274116
iterations=381
sample_ns=100000000
window_ns=1000000000
rapl_core_sum_uj=748150088
rapl_psys_sum_uj=0
pid=0 energy=34451823281101665 alive=1 kernel=1 cpu_ns=6890197557000000 mem=437063680 instructions=167099220333 wakeups=41888 diski=7303168 disko=10067968 rx=72211791 tx=30562741 comm=*system*
psu_energy_ac_mcp_machine=1962064697
-------
timestamp=3407819841503726
iterations=382
sample_ns=100000000
window_ns=1000000000
rapl_core_sum_uj=752559633
rapl_psys_sum_uj=0
pid=0 energy=34451830890611500 alive=1 kernel=1 cpu_ns=6890197773000000 mem=437063680 instructions=168405122300 wakeups=42101 diski=7303168 disko=10067968 rx=72211791 tx=30562741 comm=*system*
psu_energy_ac_mcp_machine=1974045410
-------
timestamp=3407819974221496
iterations=384
sample_ns=100000000
window_ns=1000000000
rapl_core_sum_uj=761471864
rapl_psys_sum_uj=0
pid=0 energy=34451845906100920 alive=1 kernel=1 cpu_ns=6890198199000000 mem=437080064 instructions=170982220184 wakeups=42336 diski=7303168 disko=10358784 rx=72211791 tx=30562741 comm=*system*
psu_energy_ac_mcp_machine=1986467529
-------
timestamp=3407820102866525
iterations=385
sample_ns=100000000
window_ns=1000000000
rapl_core_sum_uj=765876832
rapl_psys_sum_uj=0
pid=0 energy=34451853509211090 alive=1 kernel=1 cpu_ns=6890198415000000 mem=437080064 instructions=172286842218 wakeups=42542 diski=7303168 disko=10358784 rx=72211791 tx=30562741 comm=*system*
psu_energy_ac_mcp_machine=1998453491
-------
timestamp=3407820232295242
iterations=386
sample_ns=100000000
window_ns=1000000000
rapl_core_sum_uj=770267945
rapl_psys_sum_uj=0
pid=0 energy=34451861159594360 alive=1 kernel=1 cpu_ns=6890198634000000 mem=437075968 instructions=173597918872 wakeups=42762 diski=7303168 disko=10358784 rx=72211791 tx=30562741 comm=*system*
psu_energy_ac_mcp_machine=2014529419
-------
timestamp=3407820364788238
iterations=387
sample_ns=100000000
window_ns=1000000000
rapl_core_sum_uj=774685303
rapl_psys_sum_uj=0
pid=0 energy=34451868707552135 alive=1 kernel=1 cpu_ns=6890198852000000 mem=437157888 instructions=174889510427 wakeups=42964 diski=7303168 disko=10358784 rx=72211791 tx=30562741 comm=*system*
psu_energy_ac_mcp_machine=2026850830
-------
timestamp=3407820493858942
iterations=389
sample_ns=100000000
window_ns=1000000000
rapl_core_sum_uj=783556456
rapl_psys_sum_uj=0
pid=0 energy=34451883819783380 alive=1 kernel=1 cpu_ns=6890199279000000 mem=437080064 instructions=177484956676 wakeups=43202 diski=7303168 disko=10358784 rx=72211791 tx=30562741 comm=*system*
psu_energy_ac_mcp_machine=2038909424
-------
timestamp=3407820623287734
iterations=390
sample_ns=100000000
window_ns=1000000000
rapl_core_sum_uj=787936766
rapl_psys_sum_uj=0
pid=0 energy=34451891416729985 alive=1 kernel=1 cpu_ns=6890199495000000 mem=437084160 instructions=178788345997 wakeups=43404 diski=7303168 disko=10358784 rx=72211791 tx=30562741 comm=*system*
psu_energy_ac_mcp_machine=2050921509
-------
timestamp=3407820751806648
iterations=391
sample_ns=100000000
window_ns=1000000000
rapl_core_sum_uj=792442015
rapl_psys_sum_uj=0
pid=0 energy=34451898999338965 alive=1 kernel=1 cpu_ns=6890199712000000 mem=437084160 instructions=180087867793 wakeups=43634 diski=7303168 disko=10358784 rx=72211791 tx=30562741 comm=*system*
psu_energy_ac_mcp_machine=2067348389
-------
timestamp=3407820882704085
iterations=392
sample_ns=100000000
window_ns=1000000000
rapl_core_sum_uj=797004026
rapl_psys_sum_uj=0
pid=0 energy=34451906666299250 alive=1 kernel=1 cpu_ns=6890199930000000 mem=437161984 instructions=181403259850 wakeups=43836 diski=7303168 disko=10358784 rx=72211791 tx=30562741 comm=*system*
psu_energy_ac_mcp_machine=2079314819
-------
timestamp=3407821014089968
iterations=394
sample_ns=100000000
window_ns=1000000000
rapl_core_sum_uj=805587460
rapl_psys_sum_uj=0
pid=0 energy=34451921743302180 alive=1 kernel=1 cpu_ns=6890200358000000 mem=437084160 instructions=183990660436 wakeups=44077 diski=7303168 disko=10358784 rx=72211791 tx=30562741 comm=*system*
psu_energy_ac_mcp_machine=2091305054
-------
timestamp=3407821143039208
iterations=395
sample_ns=100000000
window_ns=1000000000
rapl_core_sum_uj=810175655
rapl_psys_sum_uj=0
pid=0 energy=34451929344520145 alive=1 kernel=1 cpu_ns=6890200576000000 mem=437092352 instructions=185292904029 wakeups=44283 diski=7303168 disko=10358784 rx=72211791 tx=30562741 comm=*system*
psu_energy_ac_mcp_machine=2103746094
-------
timestamp=3407821272083992
iterations=396
sample_ns=100000000
window_ns=1000000000
rapl_core_sum_uj=814704951
rapl_psys_sum_uj=0
pid=0 energy=34451937007616335 alive=1 kernel=1 cpu_ns=6890200795000000 mem=437092352 instructions=186606523267 wakeups=44496 diski=7303168 disko=10358784 rx=72211793 tx=30562741 comm=*system*
psu_energy_ac_mcp_machine=2119789307
-------
timestamp=3407821405430696
iterations=398
sample_ns=100000000
window_ns=1000000000
rapl_core_sum_uj=823367852
rapl_psys_sum_uj=0
pid=0 energy=34451952216631915 alive=1 kernel=1 cpu_ns=6890201227000000 mem=438222848 instructions=189216326383 wakeups=44747 diski=7303168 disko=10358784 rx=72211793 tx=30562741 comm=*system*
psu_energy_ac_mcp_machine=2131748657
-------
timestamp=3407821534383653
iterations=399
sample_ns=100000000
window_ns=1000000000
rapl_core_sum_uj=827687493
rapl_psys_sum_uj=0
pid=0 energy=34451959701456805 alive=1 kernel=1 cpu_ns=6890201437000000 mem=437100544 instructions=190503291361 wakeups=44926 diski=7303168 disko=10358784 rx=72211793 tx=30562741 comm=*system*
psu_energy_ac_mcp_machine=2143756592
-------
timestamp=3407821663393936
iterations=400
sample_ns=100000000
window_ns=1000000000
rapl_core_sum_uj=832337883
rapl_psys_sum_uj=0
pid=0 energy=34451967309979745 alive=1 kernel=1 cpu_ns=6890201654000000 mem=437100544 instructions=191807995949 wakeups=45137 diski=7303168 disko=10358784 rx=72211793 tx=30562741 comm=*system*
psu_energy_ac_mcp_machine=2156219116
-------
timestamp=3407821792387392
iterations=401
sample_ns=100000000
window_ns=1000000000
rapl_core_sum_uj=836782829
rapl_psys_sum_uj=0
pid=0 energy=34451974893004585 alive=1 kernel=1 cpu_ns=6890201870000000 mem=437104640 instructions=193108600917 wakeups=45354 diski=7303168 disko=10358784 rx=72211793 tx=30562741 comm=*system*
psu_energy_ac_mcp_machine=2172221802
-------
timestamp=3407821925366654
iterations=403
sample_ns=100000000
window_ns=1000000000
rapl_core_sum_uj=845457023
rapl_psys_sum_uj=0
pid=0 energy=34451990110700955 alive=1 kernel=1 cpu_ns=6890202306000000 mem=438059008 instructions=195716140191 wakeups=45615 diski=7303168 disko=10395648 rx=72211793 tx=30562741 comm=*system*
psu_energy_ac_mcp_machine=2184158203
-------
timestamp=3407822054649898
iterations=404
sample_ns=100000000
window_ns=1000000000
rapl_core_sum_uj=850042350
rapl_psys_sum_uj=0
pid=0 energy=34451997588171630 alive=1 kernel=1 cpu_ns=6890202517000000 mem=437202944 instructions=197000634326 wakeups=45798 diski=7303168 disko=10395648 rx=72211793 tx=30562741 comm=*system*
psu_energy_ac_mcp_machine=2196639771
-------
timestamp=3407822183465059
iterations=405
sample_ns=100000000
window_ns=1000000000
rapl_core_sum_uj=854444754
rapl_psys_sum_uj=0
pid=0 energy=34452005202026120 alive=1 kernel=1 cpu_ns=6890202733000000 mem=437178368 instructions=198307405224 wakeups=46014 diski=7303168 disko=10395648 rx=72211793 tx=30562741 comm=*system*
psu_energy_ac_mcp_machine=2208558350
-------
timestamp=3407822312366613
iterations=406
sample_ns=100000000
window_ns=1000000000
rapl_core_sum_uj=858852835
rapl_psys_sum_uj=0
pid=0 energy=34452012816854305 alive=1 kernel=1 cpu_ns=6890202951000000 mem=437370880 instructions=199612370861 wakeups=46216 diski=7303168 disko=10395648 rx=72211793 tx=30562741 comm=*system*
psu_energy_ac_mcp_machine=2224614502
-------
timestamp=3407822445312844
iterations=408
sample_ns=100000000
window_ns=1000000000
rapl_core_sum_uj=867534902
rapl_psys_sum_uj=0
pid=0 energy=34452028020889570 alive=1 kernel=1 cpu_ns=6890203384000000 mem=438304768 instructions=202220177914 wakeups=46466 diski=7303168 disko=10416128 rx=72211793 tx=30562741 comm=*system*
psu_energy_ac_mcp_machine=2236624390
-------
timestamp=3407822574256358
iterations=409
sample_ns=100000000
window_ns=1000000000
rapl_core_sum_uj=871850881
rapl_psys_sum_uj=0
pid=0 energy=34452035489875900 alive=1 kernel=1 cpu_ns=6890203594000000 mem=437211136 instructions=203503975180 wakeups=46648 diski=7303168 disko=10416128 rx=72211793 tx=30562741 comm=*system*
psu_energy_ac_mcp_machine=2248628052
-------
timestamp=3407822703661070
iterations=410
sample_ns=100000000
window_ns=1000000000
rapl_core_sum_uj=876275075
rapl_psys_sum_uj=0
pid=0 energy=34452043122726960 alive=1 kernel=1 cpu_ns=6890203811000000 mem=437149696 instructions=204813545392 wakeups=46878 diski=7303168 disko=10416128 rx=72211793 tx=30562741 comm=*system*
psu_energy_ac_mcp_machine=2260700684
-------
timestamp=3407822832704867
iterations=411
sample_ns=100000000
window_ns=1000000000
rapl_core_sum_uj=880668080
rapl_psys_sum_uj=0
pid=0 energy=34452050741450935 alive=1 kernel=1 cpu_ns=6890204031000000 mem=437182464 instructions=206117290187 wakeups=47092 diski=7303168 disko=10416128 rx=72211793 tx=30562741 comm=*system*
psu_energy_ac_mcp_machine=2276749756
-------
timestamp=3407822965583487
iterations=412
sample_ns=100000000
window_ns=1000000000
rapl_core_sum_uj=885111378
rapl_psys_sum_uj=0
pid=0 energy=34452058289893525 alive=1 kernel=1 cpu_ns=6890204253000000 mem=437026816 instructions=207404978705 wakeups=47302 diski=7303168 disko=10416128 rx=72211793 tx=30562741 comm=*system*
psu_energy_ac_mcp_machine=2289035156
-------
timestamp=3407823094405752
iterations=414
sample_ns=100000000
window_ns=1000000000
rapl_core_sum_uj=893941089
rapl_psys_sum_uj=0
pid=0 energy=34452073404730670 alive=1 kernel=1 cpu_ns=6890204678000000 mem=437334016 instructions=210002946134 wakeups=47531 diski=7303168 disko=10416128 rx=72211793 tx=30562741 comm=*system*
psu_energy_ac_mcp_machine=2301073486
-------
timestamp=3407823223504295
iterations=415
sample_ns=100000000
window_ns=1000000000
rapl_core_sum_uj=898361621
rapl_psys_sum_uj=0
pid=0 energy=34452081025997215 alive=1 kernel=1 cpu_ns=6890204896000000 mem=437293056 instructions=211309199443 wakeups=47734 diski=7303168 disko=10416128 rx=72211795 tx=30562741 comm=*system*
psu_energy_ac_mcp_machine=2313079468
-------
timestamp=3407823352720393
iterations=416
sample_ns=100000000
window_ns=1000000000
rapl_core_sum_uj=902878344
rapl_psys_sum_uj=0
pid=0 energy=34452088576760410 alive=1 kernel=1 cpu_ns=6890205115000000 mem=437178368 instructions=212600352082 wakeups=47944 diski=7303168 disko=10416128 rx=72211795 tx=30562741 comm=*system*
psu_energy_ac_mcp_machine=2329499268
-------
timestamp=3407823485916727
iterations=417
sample_ns=100000000
window_ns=1000000000
rapl_core_sum_uj=907475817
rapl_psys_sum_uj=0
pid=0 energy=34452096260602105 alive=1 kernel=1 cpu_ns=6890205335000000 mem=437030912 instructions=213917120421 wakeups=48162 diski=7303168 disko=10416128 rx=72211795 tx=30562741 comm=*system*
psu_energy_ac_mcp_machine=2341461792
-------
timestamp=3407823614998245
iterations=419
sample_ns=100000000
window_ns=1000000000
rapl_core_sum_uj=916086351
rapl_psys_sum_uj=0
pid=0 energy=34452111302563410 alive=1 kernel=1 cpu_ns=6890205761000000 mem=437112832 instructions=216499512682 wakeups=48405 diski=7303168 disko=10416128 rx=72211795 tx=30562741 comm=*system*
psu_energy_ac_mcp_machine=2353529053
-------
timestamp=3407823744329290
iterations=420
sample_ns=100000000
window_ns=1000000000
rapl_core_sum_uj=920494493
rapl_psys_sum_uj=0
pid=0 energy=34452118915129000 alive=1 kernel=1 cpu_ns=6890205979000000 mem=437010432 instructions=217804025800 wakeups=48618 diski=7303168 disko=10416128 rx=72211795 tx=30562741 comm=*system*
psu_energy_ac_mcp_machine=2365528320
-------
timestamp=3407823873370880
iterations=421
sample_ns=100000000
window_ns=1000000000
rapl_core_sum_uj=924907578
rapl_psys_sum_uj=0
pid=0 energy=34452126559593695 alive=1 kernel=1 cpu_ns=6890206196000000 mem=437276672 instructions=219115918739 wakeups=48832 diski=7303168 disko=10416128 rx=72211795 tx=30562741 comm=*system*
psu_energy_ac_mcp_machine=2381596558
-------
timestamp=3407824005888822
iterations=422
sample_ns=100000000
window_ns=1000000000
rapl_core_sum_uj=929362595
rapl_psys_sum_uj=0
pid=0 energy=34452134246644990 alive=1 kernel=1 cpu_ns=6890206416000000 mem=437014528 instructions=220433328998 wakeups=49049 diski=7303168 disko=10416128 rx=72211795 tx=30562741 comm=*system*
psu_energy_ac_mcp_machine=2393629272
-------
timestamp=3407824135363724
iterations=424
sample_ns=100000000
window_ns=1000000000
rapl_core_sum_uj=937990218
rapl_psys_sum_uj=0
pid=0 energy=34452149311224565 alive=1 kernel=1 cpu_ns=6890206841000000 mem=437309440 instructions=223021244913 wakeups=49275 diski=7303168 disko=10416128 rx=72211795 tx=30562741 comm=*system*
psu_energy_ac_mcp_machine=2405586182
-------
timestamp=3407824264652802
iterations=425
sample_ns=100000000
window_ns=1000000000
rapl_core_sum_uj=942667769
rapl_psys_sum_uj=0
pid=0 energy=34452156886614270 alive=1 kernel=1 cpu_ns=6890207058000000 mem=437219328 instructions=224319322854 wakeups=49486 diski=7303168 disko=10416128 rx=72211795 tx=30562741 comm=*system*
psu_energy_ac_mcp_machine=2418069214
-------
timestamp=3407824393894661
iterations=426
sample_ns=100000000
window_ns=1000000000
rapl_core_sum_uj=947104109
rapl_psys_sum_uj=0
pid=0 energy=34452164511622615 alive=1 kernel=1 cpu_ns=6890207278000000 mem=437006336 instructions=225624324523 wakeups=49705 diski=7303168 disko=10416128 rx=72211795 tx=30562741 comm=*system*
psu_energy_ac_mcp_machine=2434001709
-------
timestamp=3407824526704438
iterations=428
sample_ns=100000000
window_ns=1000000000
rapl_core_sum_uj=955834760
rapl_psys_sum_uj=0
pid=0 energy=34452179745442765 alive=1 kernel=1 cpu_ns=6890207711000000 mem=438140928 instructions=228238088553 wakeups=49944 diski=7303168 disko=10416128 rx=72211795 tx=30562741 comm=*system*
psu_energy_ac_mcp_machine=2445970093
-------
timestamp=3407824656284337
iterations=429
sample_ns=100000000
window_ns=1000000000
rapl_core_sum_uj=960428693
rapl_psys_sum_uj=0
pid=0 energy=34452187151619765 alive=1 kernel=1 cpu_ns=6890207923000000 mem=437301248 instructions=229507323953 wakeups=50137 diski=7303168 disko=10416128 rx=72211795 tx=30562741 comm=*system*
psu_energy_ac_mcp_machine=2458439087
-------
timestamp=3407824785516353
iterations=430
sample_ns=100000000
window_ns=1000000000
rapl_core_sum_uj=964823712
rapl_psys_sum_uj=0
pid=0 energy=34452194741728890 alive=1 kernel=1 cpu_ns=6890208139000000 mem=437141504 instructions=230809345778 wakeups=50346 diski=7303168 disko=10416128 rx=72211795 tx=30562741 comm=*system*
psu_energy_ac_mcp_machine=2470356567
-------
timestamp=3407824914210911
iterations=431
sample_ns=100000000
window_ns=1000000000
rapl_core_sum_uj=969222759
rapl_psys_sum_uj=0
pid=0 energy=34452202352656175 alive=1 kernel=1 cpu_ns=6890208357000000 mem=437334016 instructions=232113531235 wakeups=50558 diski=7303168 disko=10416128 rx=72211795 tx=30562741 comm=*system*
psu_energy_ac_mcp_machine=2486425781
-------
timestamp=3407825046382014
iterations=433
sample_ns=100000000
window_ns=1000000000
rapl_core_sum_uj=977961039
rapl_psys_sum_uj=0
pid=0 energy=34452217629211035 alive=1 kernel=1 cpu_ns=6890208791000000 mem=438288384 instructions=234734842207 wakeups=50807 diski=7303168 disko=10416128 rx=72211795 tx=30562741 comm=*system*
psu_energy_ac_mcp_machine=2498424316
-------
timestamp=3407825175277979
iterations=434
sample_ns=100000000
window_ns=1000000000
rapl_core_sum_uj=982259378
rapl_psys_sum_uj=0
pid=0 energy=34452225048950985 alive=1 kernel=1 cpu_ns=6890209000000000 mem=437137408 instructions=236009790197 wakeups=50991 diski=7303168 disko=10416128 rx=72211797 tx=30562741 comm=*system*
psu_energy_ac_mcp_machine=2510419312
-------
timestamp=3407825304581300
iterations=435
sample_ns=100000000
window_ns=1000000000
rapl_core_sum_uj=986669839
rapl_psys_sum_uj=0
pid=0 energy=34452232647848910 alive=1 kernel=1 cpu_ns=6890209216000000 mem=437235712 instructions=237313569782 wakeups=51206 diski=7303168 disko=10416128 rx=72211797 tx=30562741 comm=*system*
psu_energy_ac_mcp_machine=2522407227
-------
timestamp=3407825433821698
iterations=436
sample_ns=100000000
window_ns=1000000000
rapl_core_sum_uj=991095559
rapl_psys_sum_uj=0
pid=0 energy=34452240290307590 alive=1 kernel=1 cpu_ns=6890209434000000 mem=437141504 instructions=238624061518 wakeups=51422 diski=7303168 disko=10416128 rx=72211797 tx=30562741 comm=*system*
psu_energy_ac_mcp_machine=2538480347
-------
timestamp=3407825566825239
iterations=438
sample_ns=100000000
window_ns=1000000000
rapl_core_sum_uj=1000090981
rapl_psys_sum_uj=0
pid=0 energy=34452255443182815 alive=1 kernel=1 cpu_ns=6890209866000000 mem=437944320 instructions=241222636563 wakeups=51672 diski=7303168 disko=10416128 rx=72211798 tx=30562742 comm=*system*
psu_energy_ac_mcp_machine=2550705200
-------
timestamp=3407825696326109
iterations=439
sample_ns=100000000
window_ns=1000000000
rapl_core_sum_uj=1004476662
rapl_psys_sum_uj=0
pid=0 energy=34452262959935030 alive=1 kernel=1 cpu_ns=6890210081000000 mem=437317632 instructions=242510987006 wakeups=51875 diski=7303168 disko=10416128 rx=72211798 tx=30562742 comm=*system*
psu_energy_ac_mcp_machine=2562701172
-------
timestamp=3407825825876058
iterations=440
sample_ns=100000000
window_ns=1000000000
rapl_core_sum_uj=1008906532
rapl_psys_sum_uj=0
pid=0 energy=34452270554269290 alive=1 kernel=1 cpu_ns=6890210297000000 mem=437248000 instructions=243813853858 wakeups=52088 diski=7303168 disko=10416128 rx=72211799 tx=30562742 comm=*system*
psu_energy_ac_mcp_machine=2574689209
-------
timestamp=3407825955213852
iterations=441
sample_ns=100000000
window_ns=1000000000
rapl_core_sum_uj=1013435462
rapl_psys_sum_uj=0
pid=0 energy=34452278131257160 alive=1 kernel=1 cpu_ns=6890210515000000 mem=437260288 instructions=245111251432 wakeups=52305 diski=7303168 disko=10416128 rx=72211799 tx=30562742 comm=*system*
psu_energy_ac_mcp_machine=2591015747
-------
timestamp=3407826088337672
iterations=443
sample_ns=100000000
window_ns=1000000000
rapl_core_sum_uj=1022308508
rapl_psys_sum_uj=0
pid=0 energy=34452293425009405 alive=1 kernel=1 cpu_ns=6890210946000000 mem=438087680 instructions=247739001881 wakeups=52538 diski=7303168 disko=10416128 rx=72211799 tx=30562742 comm=*system*
psu_energy_ac_mcp_machine=2602986084
-------
timestamp=3407826217455242
iterations=444
sample_ns=100000000
window_ns=1000000000
rapl_core_sum_uj=1026628820
rapl_psys_sum_uj=0
pid=0 energy=34452300854919545 alive=1 kernel=1 cpu_ns=6890211155000000 mem=437178368 instructions=249015983909 wakeups=52739 diski=7303168 disko=10416128 rx=72211799 tx=30562742 comm=*system*
psu_energy_ac_mcp_machine=2614966797
-------
timestamp=3407826346799301
iterations=445
sample_ns=100000000
window_ns=1000000000
rapl_core_sum_uj=1031226659
rapl_psys_sum_uj=0
pid=0 energy=34452308482125325 alive=1 kernel=1 cpu_ns=6890211375000000 mem=437264384 instructions=250321425065 wakeups=52950 diski=7303168 disko=10416128 rx=72211799 tx=30562742 comm=*system*
psu_energy_ac_mcp_machine=2631402466
-------
timestamp=3407826479754630
iterations=446
sample_ns=100000000
window_ns=1000000000
rapl_core_sum_uj=1035748936
rapl_psys_sum_uj=0
pid=0 energy=34452316118997425 alive=1 kernel=1 cpu_ns=6890211594000000 mem=437039104 instructions=251629799485 wakeups=53156 diski=7303168 disko=10416128 rx=72211799 tx=30562742 comm=*system*
psu_energy_ac_mcp_machine=2643317749
-------
timestamp=3407826612305045
iterations=448
sample_ns=100000000
window_ns=1000000000
rapl_core_sum_uj=1044355807
rapl_psys_sum_uj=0
pid=0 energy=34452331188110960 alive=1 kernel=1 cpu_ns=6890212022000000 mem=437084160 instructions=254215622192 wakeups=53387 diski=7303168 disko=10416128 rx=72211799 tx=30562742 comm=*system*
psu_energy_ac_mcp_machine=2655299316
-------
timestamp=3407826741494394
iterations=449
sample_ns=100000000
window_ns=1000000000
rapl_core_sum_uj=1048799349
rapl_psys_sum_uj=0
pid=0 energy=34452338812773640 alive=1 kernel=1 cpu_ns=6890212238000000 mem=437141504 instructions=255524554728 wakeups=53602 diski=7303168 disko=10416128 rx=72211799 tx=30562742 comm=*system*
psu_energy_ac_mcp_machine=2667346436
-------
timestamp=3407826870398935
iterations=450
sample_ns=100000000
window_ns=1000000000
rapl_core_sum_uj=1053211153
rapl_psys_sum_uj=0
pid=0 energy=34452346409509150 alive=1 kernel=1 cpu_ns=6890212456000000 mem=437198848 instructions=256825901830 wakeups=53824 diski=7303168 disko=10416128 rx=72211799 tx=30562742 comm=*system*
psu_energy_ac_mcp_machine=2683383423
-------
timestamp=3407827003362841
iterations=451
sample_ns=100000000
window_ns=1000000000
rapl_core_sum_uj=1057604463
rapl_psys_sum_uj=0
pid=0 energy=34452354029139850 alive=1 kernel=1 cpu_ns=6890212676000000 mem=437227520 instructions=258129827970 wakeups=54048 diski=7303168 disko=10448896 rx=72211799 tx=30562742 comm=*system*
psu_energy_ac_mcp_machine=2695321533
-------
timestamp=3407827137266871
iterations=453
sample_ns=100000000
window_ns=1000000000
rapl_core_sum_uj=1066221223
rapl_psys_sum_uj=0
pid=0 energy=34452369096659195 alive=1 kernel=1 cpu_ns=6890213102000000 mem=437194752 instructions=260717331839 wakeups=54274 diski=7303168 disko=10448896 rx=72211801 tx=30562742 comm=*system*
psu_energy_ac_mcp_machine=2707335938
-------
timestamp=3407827267091222
iterations=454
sample_ns=100000000
window_ns=1000000000
rapl_core_sum_uj=1070906037
rapl_psys_sum_uj=0
pid=0 energy=34452376676098995 alive=1 kernel=1 cpu_ns=6890213319000000 mem=437403648 instructions=262016219799 wakeups=54480 diski=7303168 disko=10448896 rx=72211801 tx=30562742 comm=*system*
psu_energy_ac_mcp_machine=2723821899
-------
timestamp=3407827400131616
iterations=455
sample_ns=100000000
window_ns=1000000000
rapl_core_sum_uj=1075400726
rapl_psys_sum_uj=0
pid=0 energy=34452384295693745 alive=1 kernel=1 cpu_ns=6890213538000000 mem=437219328 instructions=263321138749 wakeups=54701 diski=7303168 disko=10448896 rx=72211801 tx=30562742 comm=*system*
psu_energy_ac_mcp_machine=2735799805
-------
timestamp=3407827532337793
iterations=456
sample_ns=100000000
window_ns=1000000000
rapl_core_sum_uj=1079835906
rapl_psys_sum_uj=0
pid=0 energy=34452391910557590 alive=1 kernel=1 cpu_ns=6890213755000000 mem=437006336 instructions=264627111518 wakeups=54913 diski=7303168 disko=10448896 rx=72211801 tx=30562742 comm=*system*
psu_energy_ac_mcp_machine=2747837891
-------
timestamp=3407827662129414
iterations=458
sample_ns=100000000
window_ns=1000000000
rapl_core_sum_uj=1088781706
rapl_psys_sum_uj=0
pid=0 energy=34452406984461050 alive=1 kernel=1 cpu_ns=6890214181000000 mem=437133312 instructions=267215892210 wakeups=55148 diski=7303168 disko=10469376 rx=72211801 tx=30562742 comm=*system*
psu_energy_ac_mcp_machine=2760319092
-------
timestamp=3407827791179987
iterations=459
sample_ns=100000000
window_ns=1000000000
rapl_core_sum_uj=1093235624
rapl_psys_sum_uj=0
pid=0 energy=34452414746695440 alive=1 kernel=1 cpu_ns=6890214403000000 mem=437223424 instructions=268546339088 wakeups=55383 diski=7303168 disko=10469376 rx=72211801 tx=30562742 comm=*system*
psu_energy_ac_mcp_machine=2776403198
-------
timestamp=3407827924134291
iterations=460
sample_ns=100000000
window_ns=1000000000
rapl_core_sum_uj=1097685086
rapl_psys_sum_uj=0
pid=0 energy=34452422374996425 alive=1 kernel=1 cpu_ns=6890214623000000 mem=437100544 instructions=269851999285 wakeups=55588 diski=7303168 disko=10469376 rx=72211801 tx=30562742 comm=*system*
psu_energy_ac_mcp_machine=2788356079
-------
timestamp=3407828057153413
iterations=461
sample_ns=100000000
window_ns=1000000000
rapl_core_sum_uj=1102146450
rapl_psys_sum_uj=0
pid=0 energy=34452429903794005 alive=1 kernel=1 cpu_ns=6890214842000000 mem=437223424 instructions=271138758801 wakeups=55793 diski=7303168 disko=10469376 rx=72211801 tx=30562742 comm=*system*
psu_energy_ac_mcp_machine=2800788452
-------
timestamp=3407828185993809
iterations=463
sample_ns=100000000
window_ns=1000000000
rapl_core_sum_uj=1111073817
rapl_psys_sum_uj=0
pid=0 energy=34452445041033440 alive=1 kernel=1 cpu_ns=6890215269000000 mem=437252096 instructions=273739206688 wakeups=56016 diski=7303168 disko=10469376 rx=72211801 tx=30562742 comm=*system*
psu_energy_ac_mcp_machine=2812734009
-------
timestamp=3407828314961164
iterations=464
sample_ns=100000000
window_ns=1000000000
rapl_core_sum_uj=1115540858
rapl_psys_sum_uj=0
pid=0 energy=34452452664273415 alive=1 kernel=1 cpu_ns=6890215487000000 mem=437313536 instructions=275045854683 wakeups=56239 diski=7303168 disko=10469376 rx=72211801 tx=30562742 comm=*system*
psu_energy_ac_mcp_machine=2828843262
-------
timestamp=3407828447571953
iterations=465
sample_ns=100000000
window_ns=1000000000
rapl_core_sum_uj=1119958033
rapl_psys_sum_uj=0
pid=0 energy=34452460260850370 alive=1 kernel=1 cpu_ns=6890215704000000 mem=437178368 instructions=276348170074 wakeups=56443 diski=7303168 disko=10469376 rx=72211801 tx=30562742 comm=*system*
psu_energy_ac_mcp_machine=2840811646
-------
timestamp=3407828577099087
iterations=466
sample_ns=100000000
window_ns=1000000000
rapl_core_sum_uj=1124403223
rapl_psys_sum_uj=0
pid=0 energy=34452467876153520 alive=1 kernel=1 cpu_ns=6890215921000000 mem=437104640 instructions=277654230704 wakeups=56647 diski=7303168 disko=10469376 rx=72211801 tx=30562742 comm=*system*
psu_energy_ac_mcp_machine=2852891846
-------
timestamp=3407828706186745
iterations=468
sample_ns=100000000
window_ns=1000000000
rapl_core_sum_uj=1133078332
rapl_psys_sum_uj=0
pid=0 energy=34452482929264400 alive=1 kernel=1 cpu_ns=6890216348000000 mem=437141504 instructions=280237852880 wakeups=56878 diski=7303168 disko=10469376 rx=72211801 tx=30562742 comm=*system*
psu_energy_ac_mcp_machine=2864889526
-------
timestamp=3407828835323257
iterations=469
sample_ns=100000000
window_ns=1000000000
rapl_core_sum_uj=1137525780
rapl_psys_sum_uj=0
pid=0 energy=34452490542864230 alive=1 kernel=1 cpu_ns=6890216568000000 mem=437055488 instructions=281540572846 wakeups=57093 diski=7303168 disko=10469376 rx=72211801 tx=30562742 comm=*system*
psu_energy_ac_mcp_machine=2881005127
-------
timestamp=3407828967693561
iterations=470
sample_ns=100000000
window_ns=1000000000
rapl_core_sum_uj=1142174949
rapl_psys_sum_uj=0
pid=0 energy=34452498110306550 alive=1 kernel=1 cpu_ns=6890216785000000 mem=437182464 instructions=282837061310 wakeups=57308 diski=7303168 disko=10469376 rx=72211801 tx=30562742 comm=*system*
psu_energy_ac_mcp_machine=2893290161
-------
timestamp=3407829096776306
iterations=471
sample_ns=100000000
window_ns=1000000000
rapl_core_sum_uj=1146725303
rapl_psys_sum_uj=0
pid=0 energy=34452505779951200 alive=1 kernel=1 cpu_ns=6890217007000000 mem=437235712 instructions=284148990240 wakeups=57518 diski=7303168 disko=10469376 rx=72211801 tx=30562742 comm=*system*
psu_energy_ac_mcp_machine=2905337036
-------
timestamp=3407829226333987
iterations=473
sample_ns=100000000
window_ns=1000000000
rapl_core_sum_uj=1155410300
rapl_psys_sum_uj=0
pid=0 energy=34452520894952325 alive=1 kernel=1 cpu_ns=6890217436000000 mem=437231616 instructions=286742990465 wakeups=57725 diski=7303168 disko=10469376 rx=72211803 tx=30562742 comm=*system*
psu_energy_ac_mcp_machine=2917333252
-------
timestamp=3407829356149223
iterations=474
sample_ns=100000000
window_ns=1000000000
rapl_core_sum_uj=1160072470
rapl_psys_sum_uj=0
pid=0 energy=34452528481927510 alive=1 kernel=1 cpu_ns=6890217654000000 mem=437239808 instructions=288042385502 wakeups=57937 diski=7303168 disko=10469376 rx=72211803 tx=30562742 comm=*system*
psu_energy_ac_mcp_machine=2933740601
-------
timestamp=3407829488326315
iterations=475
sample_ns=100000000
window_ns=1000000000
rapl_core_sum_uj=1164546102
rapl_psys_sum_uj=0
pid=0 energy=34452536107999830 alive=1 kernel=1 cpu_ns=6890217872000000 mem=437239808 instructions=289349599966 wakeups=58148 diski=7303168 disko=10469376 rx=72211803 tx=30562742 comm=*system*
psu_energy_ac_mcp_machine=2945763794
-------
timestamp=3407829617200140
iterations=476
sample_ns=100000000
window_ns=1000000000
rapl_core_sum_uj=1168993062
rapl_psys_sum_uj=0
pid=0 energy=34452543738988945 alive=1 kernel=1 cpu_ns=6890218089000000 mem=437272576 instructions=290658797789 wakeups=58362 diski=7303168 disko=10469376 rx=72211803 tx=30562742 comm=*system*
psu_energy_ac_mcp_machine=2957777710
-------
timestamp=3407829746278478
iterations=478
sample_ns=100000000
window_ns=1000000000
rapl_core_sum_uj=1177900837
rapl_psys_sum_uj=0
pid=0 energy=34452558847098730 alive=1 kernel=1 cpu_ns=6890218515000000 mem=437239808 instructions=293254419746 wakeups=58596 diski=7303168 disko=10469376 rx=72211803 tx=30562742 comm=*system*
psu_energy_ac_mcp_machine=2970252930
-------
timestamp=3407829874965771
iterations=479
sample_ns=100000000
window_ns=1000000000
rapl_core_sum_uj=1182324665
rapl_psys_sum_uj=0
pid=0 energy=34452566464966140 alive=1 kernel=1 cpu_ns=6890218733000000 mem=437243904 instructions=294559993228 wakeups=58796 diski=7303168 disko=10469376 rx=72211803 tx=30562742 comm=*system*
psu_energy_ac_mcp_machine=2986301880
-------
timestamp=3407830008197496
iterations=480
sample_ns=100000000
window_ns=1000000000
rapl_core_sum_uj=1186738666
rapl_psys_sum_uj=0
pid=0 energy=34452574081248890 alive=1 kernel=1 cpu_ns=6890218953000000 mem=437514240 instructions=295863249778 wakeups=59010 diski=7303168 disko=10469376 rx=72211803 tx=30562742 comm=*system*
psu_energy_ac_mcp_machine=2998267212
-------
timestamp=3407830137762294
iterations=481
sample_ns=100000000
window_ns=1000000000
rapl_core_sum_uj=1191166095
rapl_psys_sum_uj=0
pid=0 energy=34452581687650615 alive=1 kernel=1 cpu_ns=6890219169000000 mem=437514240 instructions=297168530123 wakeups=59222 diski=7303168 disko=10469376 rx=72211803 tx=30562742 comm=*system*
psu_energy_ac_mcp_machine=3010272583
-------
timestamp=3407830266964860
iterations=483
sample_ns=100000000
window_ns=1000000000
rapl_core_sum_uj=1199832720
rapl_psys_sum_uj=0
pid=0 energy=34452596753358710 alive=1 kernel=1 cpu_ns=6890219596000000 mem=437366784 instructions=299754671742 wakeups=59446 diski=7303168 disko=10469376 rx=72211803 tx=30562742 comm=*system*
psu_energy_ac_mcp_machine=3022296021
-------
timestamp=3407830396565766
iterations=484
sample_ns=100000000
window_ns=1000000000
rapl_core_sum_uj=1204240617
rapl_psys_sum_uj=0
pid=0 energy=34452604385360825 alive=1 kernel=1 cpu_ns=6890219815000000 mem=437276672 instructions=301062072165 wakeups=59650 diski=7303168 disko=10469376 rx=72211803 tx=30562742 comm=*system*
psu_energy_ac_mcp_machine=3038340820
-------
timestamp=3407830528684851
iterations=485
sample_ns=100000000
window_ns=1000000000
rapl_core_sum_uj=1208670243
rapl_psys_sum_uj=0
pid=0 energy=34452612003413960 alive=1 kernel=1 cpu_ns=6890220033000000 mem=437477376 instructions=302367682792 wakeups=59876 diski=7303168 disko=10469376 rx=72211803 tx=30562742 comm=*system*
psu_energy_ac_mcp_machine=3050300415
-------
timestamp=3407830657550520
iterations=486
sample_ns=100000000
window_ns=1000000000
rapl_core_sum_uj=1213120438
rapl_psys_sum_uj=0
pid=0 energy=34452619551308595 alive=1 kernel=1 cpu_ns=6890220252000000 mem=437252096 instructions=303658261719 wakeups=60079 diski=7303168 disko=10469376 rx=72211803 tx=30562742 comm=*system*
psu_energy_ac_mcp_machine=3062778687
-------
timestamp=3407830786704872
iterations=488
sample_ns=100000000
window_ns=1000000000
rapl_core_sum_uj=1221963882
rapl_psys_sum_uj=0
pid=0 energy=34452634651730195 alive=1 kernel=1 cpu_ns=6890220677000000 mem=437346304 instructions=306253346039 wakeups=60315 diski=7303168 disko=10469376 rx=72211803 tx=30562742 comm=*system*
psu_energy_ac_mcp_machine=3074670898
-------
timestamp=3407830916312267
iterations=489
sample_ns=100000000
window_ns=1000000000
rapl_core_sum_uj=1226386428
rapl_psys_sum_uj=0
pid=0 energy=34452642279045480 alive=1 kernel=1 cpu_ns=6890220898000000 mem=437338112 instructions=307557809096 wakeups=60520 diski=7303168 disko=10469376 rx=72211803 tx=30562742 comm=*system*
psu_energy_ac_mcp_machine=3090723877
-------
timestamp=3407831048798613
iterations=490
sample_ns=100000000
window_ns=1000000000
rapl_core_sum_uj=1230915175
rapl_psys_sum_uj=0
pid=0 energy=34452649860601220 alive=1 kernel=1 cpu_ns=6890221115000000 mem=437137408 instructions=308857120244 wakeups=60741 diski=7303168 disko=10469376 rx=72211803 tx=30562742 comm=*system*
psu_energy_ac_mcp_machine=3103109009
-------
timestamp=3407831177732063
iterations=491
sample_ns=100000000
window_ns=1000000000
rapl_core_sum_uj=1235511122
rapl_psys_sum_uj=0
pid=0 energy=34452657529380845 alive=1 kernel=1 cpu_ns=6890221333000000 mem=437362688 instructions=310172876169 wakeups=60944 diski=7303168 disko=10469376 rx=72211803 tx=30562742 comm=*system*
psu_energy_ac_mcp_machine=3115058716
-------
timestamp=3407831307736830
iterations=493
sample_ns=100000000
window_ns=1000000000
rapl_core_sum_uj=1244135999
rapl_psys_sum_uj=0
pid=0 energy=34452672594178385 alive=1 kernel=1 cpu_ns=6890221761000000 mem=437121024 instructions=312757835677 wakeups=61164 diski=7303168 disko=10469376 rx=72211805 tx=30562742 comm=*system*
psu_energy_ac_mcp_machine=3131192993
-------
timestamp=3407831441478272
iterations=494
sample_ns=100000000
window_ns=1000000000
rapl_core_sum_uj=1248570996
rapl_psys_sum_uj=0
pid=0 energy=34452680211552180 alive=1 kernel=1 cpu_ns=6890221981000000 mem=437178368 instructions=314061310436 wakeups=61372 diski=7303168 disko=10469376 rx=72211805 tx=30562742 comm=*system*
psu_energy_ac_mcp_machine=3143091675
-------
timestamp=3407831574381338
iterations=495
sample_ns=100000000
window_ns=1000000000
rapl_core_sum_uj=1252993359
rapl_psys_sum_uj=0
pid=0 energy=34452687843958340 alive=1 kernel=1 cpu_ns=6890222201000000 mem=437256192 instructions=315367791668 wakeups=61589 diski=7303168 disko=10469376 rx=72211805 tx=30562742 comm=*system*
psu_energy_ac_mcp_machine=3155120483
-------
timestamp=3407831704128001
iterations=497
sample_ns=100000000
window_ns=1000000000
rapl_core_sum_uj=1261694591
rapl_psys_sum_uj=0
pid=0 energy=34452703106032470 alive=1 kernel=1 cpu_ns=6890222636000000 mem=438235136 instructions=317985206494 wakeups=61832 diski=7303168 disko=10469376 rx=72211805 tx=30562742 comm=*system*
psu_energy_ac_mcp_machine=3167133423
-------
timestamp=3407831833241852
iterations=498
sample_ns=100000000
window_ns=1000000000
rapl_core_sum_uj=1266008311
rapl_psys_sum_uj=0
pid=0 energy=34452710538588960 alive=1 kernel=1 cpu_ns=6890222846000000 mem=437276672 instructions=319261717792 wakeups=62029 diski=7303168 disko=10469376 rx=72211805 tx=30562742 comm=*system*
psu_energy_ac_mcp_machine=3183283203
-------
timestamp=3407831965487422
iterations=499
sample_ns=100000000
window_ns=1000000000
rapl_core_sum_uj=1270676951
rapl_psys_sum_uj=0
pid=0 energy=34452718118745370 alive=1 kernel=1 cpu_ns=6890223062000000 mem=437268480 instructions=320561749074 wakeups=62240 diski=7303168 disko=10469376 rx=72211805 tx=30562742 comm=*system*
psu_energy_ac_mcp_machine=3195450928
-------
timestamp=3407832097762077
iterations=500
sample_ns=100000000
window_ns=1000000000
rapl_core_sum_uj=1275124582
rapl_psys_sum_uj=0
pid=0 energy=34452725727891085 alive=1 kernel=1 cpu_ns=6890223281000000 mem=437272576 instructions=321864578217 wakeups=62464 diski=7303168 disko=10502144 rx=72211805 tx=30562742 comm=*system*
psu_energy_ac_mcp_machine=3207467163
-------
timestamp=3407832226872933
iterations=502
sample_ns=100000000
window_ns=1000000000
rapl_core_sum_uj=1283765267
rapl_psys_sum_uj=0
pid=0 energy=34452740822751520 alive=1 kernel=1 cpu_ns=6890223710000000 mem=437268480 instructions=324454550304 wakeups=62693 diski=7303168 disko=10502144 rx=72211805 tx=30562742 comm=*system*
psu_energy_ac_mcp_machine=3219524780
-------
timestamp=3407832355693429
iterations=503
sample_ns=100000000
window_ns=1000000000
rapl_core_sum_uj=1288460213
rapl_psys_sum_uj=0
pid=0 energy=34452748431571980 alive=1 kernel=1 cpu_ns=6890223926000000 mem=437272576 instructions=325760314396 wakeups=62889 diski=7303168 disko=10502144 rx=72211805 tx=30562742 comm=*system*
psu_energy_ac_mcp_machine=3235928589
-------
timestamp=3407832486894228
iterations=504
sample_ns=100000000
window_ns=1000000000
rapl_core_sum_uj=1292920906
rapl_psys_sum_uj=0
pid=0 energy=34452756078645315 alive=1 kernel=1 cpu_ns=6890224147000000 mem=437272576 instructions=327068729063 wakeups=63112 diski=7303168 disko=10502144 rx=72211805 tx=30562742 comm=*system*
psu_energy_ac_mcp_machine=3247942139
-------
timestamp=3407832618014033
iterations=505
sample_ns=100000000
window_ns=1000000000
rapl_core_sum_uj=1297359565
rapl_psys_sum_uj=0
pid=0 energy=34452763682394455 alive=1 kernel=1 cpu_ns=6890224363000000 mem=437276672 instructions=328373478891 wakeups=63317 diski=7303168 disko=10502144 rx=72211805 tx=30562742 comm=*system*
psu_energy_ac_mcp_machine=3259947388
-------
timestamp=3407832747116537
iterations=507
sample_ns=100000000
window_ns=1000000000
rapl_core_sum_uj=1306293524
rapl_psys_sum_uj=0
pid=0 energy=34452778776041860 alive=1 kernel=1 cpu_ns=6890224790000000 mem=437272576 instructions=330965208372 wakeups=63554 diski=7303168 disko=10522624 rx=72211805 tx=30562742 comm=*system*
psu_energy_ac_mcp_machine=3272385376
-------
timestamp=3407832876135200
iterations=508
sample_ns=100000000
window_ns=1000000000
rapl_core_sum_uj=1310718328
rapl_psys_sum_uj=0
pid=0 energy=34452786376328240 alive=1 kernel=1 cpu_ns=6890225007000000 mem=437276672 instructions=332268265648 wakeups=63762 diski=7303168 disko=10522624 rx=72211805 tx=30562742 comm=*system*
psu_energy_ac_mcp_machine=3288413574
-------
timestamp=3407833009496204
iterations=509
sample_ns=100000000
window_ns=1000000000
rapl_core_sum_uj=1315143376
rapl_psys_sum_uj=0
pid=0 energy=34452793999699715 alive=1 kernel=1 cpu_ns=6890225226000000 mem=437182464 instructions=333573939943 wakeups=63990 diski=7303168 disko=10522624 rx=72211805 tx=30562742 comm=*system*
psu_energy_ac_mcp_machine=3300379028
-------
timestamp=3407833138928598
iterations=510
sample_ns=100000000
window_ns=1000000000
rapl_core_sum_uj=1319644779
rapl_psys_sum_uj=0
pid=0 energy=34452801557423750 alive=1 kernel=1 cpu_ns=6890225445000000 mem=437301248 instructions=334866484750 wakeups=64201 diski=7303168 disko=10522624 rx=72211805 tx=30562742 comm=*system*
psu_energy_ac_mcp_machine=3312865479
-------
timestamp=3407833268164809
iterations=512
sample_ns=100000000
window_ns=1000000000
rapl_core_sum_uj=1328553531
rapl_psys_sum_uj=0
pid=0 energy=34452816704276160 alive=1 kernel=1 cpu_ns=6890225871000000 mem=437383168 instructions=337469855232 wakeups=64420 diski=7303168 disko=10522624 rx=72211807 tx=30562742 comm=*system*
psu_energy_ac_mcp_machine=3324834351
-------
timestamp=3407833397225368
iterations=513
sample_ns=100000000
window_ns=1000000000
rapl_core_sum_uj=1332999636
rapl_psys_sum_uj=0
pid=0 energy=34452824333832790 alive=1 kernel=1 cpu_ns=6890226089000000 mem=437547008 instructions=338777766558 wakeups=64631 diski=7303168 disko=10522624 rx=72211807 tx=30562742 comm=*system*
psu_energy_ac_mcp_machine=3340936768
-------
timestamp=3407833530248993
iterations=514
sample_ns=100000000
window_ns=1000000000
rapl_core_sum_uj=1337435915
rapl_psys_sum_uj=0
pid=0 energy=34452831926614680 alive=1 kernel=1 cpu_ns=6890226306000000 mem=437542912 instructions=340079322936 wakeups=64851 diski=7303168 disko=10522624 rx=72211807 tx=30562742 comm=*system*
psu_energy_ac_mcp_machine=3352882202
-------
timestamp=3407833659315751
iterations=515
sample_ns=100000000
window_ns=1000000000
rapl_core_sum_uj=1341961305
rapl_psys_sum_uj=0
pid=0 energy=34452839460584455 alive=1 kernel=1 cpu_ns=6890226523000000 mem=437391360 instructions=341369116891 wakeups=65055 diski=7303168 disko=10522624 rx=72211807 tx=30562742 comm=*system*
psu_energy_ac_mcp_machine=3365370972
-------
timestamp=3407833788917448
iterations=517
sample_ns=100000000
window_ns=1000000000
rapl_core_sum_uj=1350756958
rapl_psys_sum_uj=0
pid=0 energy=34452854569153735 alive=1 kernel=1 cpu_ns=6890226949000000 mem=437301248 instructions=343964830747 wakeups=65285 diski=7303168 disko=10522624 rx=72211807 tx=30562742 comm=*system*
psu_energy_ac_mcp_machine=3377275269
-------
timestamp=3407833918208044
iterations=518
sample_ns=100000000
window_ns=1000000000
rapl_core_sum_uj=1355210876
rapl_psys_sum_uj=0
pid=0 energy=34452862203947360 alive=1 kernel=1 cpu_ns=6890227167000000 mem=437293056 instructions=345273789472 wakeups=65503 diski=7303168 disko=10522624 rx=72211807 tx=30562742 comm=*system*
psu_energy_ac_mcp_machine=3393423462
-------
timestamp=3407834051710882
iterations=519
sample_ns=100000000
window_ns=1000000000
rapl_core_sum_uj=1359844787
rapl_psys_sum_uj=0
pid=0 energy=34452869791474680 alive=1 kernel=1 cpu_ns=6890227385000000 mem=437248000 instructions=346573294936 wakeups=65710 diski=7303168 disko=10522624 rx=72211807 tx=30562742 comm=*system*
psu_energy_ac_mcp_machine=3405817749
-------
timestamp=3407834180811168
iterations=520
sample_ns=100000000
window_ns=1000000000
rapl_core_sum_uj=1364385070
rapl_psys_sum_uj=0
pid=0 energy=34452877440084465 alive=1 kernel=1 cpu_ns=6890227606000000 mem=437121024 instructions=347882016893 wakeups=65917 diski=7303168 disko=10522624 rx=72211807 tx=30562742 comm=*system*
psu_energy_ac_mcp_machine=3417817139
-------
timestamp=3407834310268291
iterations=522
sample_ns=100000000
window_ns=1000000000
rapl_core_sum_uj=1373064818
rapl_psys_sum_uj=0
pid=0 energy=34452892508494720 alive=1 kernel=1 cpu_ns=6890228032000000 mem=437293056 instructions=350469698944 wakeups=66129 diski=7303168 disko=10522624 rx=72211807 tx=30562742 comm=*system*
psu_energy_ac_mcp_machine=3433971436
-------
timestamp=3407834442790351
iterations=523
sample_ns=100000000
window_ns=1000000000
rapl_core_sum_uj=1377750853
rapl_psys_sum_uj=0
pid=0 energy=34452900150489245 alive=1 kernel=1 cpu_ns=6890228249000000 mem=437301248 instructions=351781097849 wakeups=66345 diski=7303168 disko=10522624 rx=72211807 tx=30562742 comm=*system*
psu_energy_ac_mcp_machine=3446331787
-------
timestamp=3407834575709992
iterations=524
sample_ns=100000000
window_ns=1000000000
rapl_core_sum_uj=1382217100
rapl_psys_sum_uj=0
pid=0 energy=34452907766537605 alive=1 kernel=1 cpu_ns=6890228469000000 mem=437497856 instructions=353084307521 wakeups=66553 diski=7303168 disko=10522624 rx=72211807 tx=30562742 comm=*system*
psu_energy_ac_mcp_machine=3458324951
-------
timestamp=3407834705100258
iterations=525
sample_ns=100000000
window_ns=1000000000
rapl_core_sum_uj=1386617063
rapl_psys_sum_uj=0
pid=0 energy=34452915402811195 alive=1 kernel=1 cpu_ns=6890228688000000 mem=437399552 instructions=354392562239 wakeups=66761 diski=7303168 disko=10522624 rx=72211807 tx=30562742 comm=*system*
psu_energy_ac_mcp_machine=3470363770
-------
timestamp=3407834834713687
iterations=527
sample_ns=100000000
window_ns=1000000000
rapl_core_sum_uj=1395272945
rapl_psys_sum_uj=0
pid=0 energy=34452930470910970 alive=1 kernel=1 cpu_ns=6890229114000000 mem=437387264 instructions=356980182194 wakeups=66986 diski=7303168 disko=10522624 rx=72211807 tx=30562742 comm=*system*
psu_energy_ac_mcp_machine=3486501953
-------
timestamp=3407834967961948
iterations=528
sample_ns=100000000
window_ns=1000000000
rapl_core_sum_uj=1399710383
rapl_psys_sum_uj=0
pid=0 energy=34452938100663010 alive=1 kernel=1 cpu_ns=6890229334000000 mem=437305344 instructions=358286132602 wakeups=67213 diski=7303168 disko=10522624 rx=72211807 tx=30562742 comm=*system*
psu_energy_ac_mcp_machine=3498458862
-------
timestamp=3407835099229388
iterations=529
sample_ns=100000000
window_ns=1000000000
rapl_core_sum_uj=1404109736
rapl_psys_sum_uj=0
pid=0 energy=34452945688534800 alive=1 kernel=1 cpu_ns=6890229552000000 mem=437305344 instructions=359585706960 wakeups=67424 diski=7303168 disko=10522624 rx=72211807 tx=30562742 comm=*system*
psu_energy_ac_mcp_machine=3510468140
-------
timestamp=3407835228522937
iterations=530
sample_ns=100000000
window_ns=1000000000
rapl_core_sum_uj=1408512995
rapl_psys_sum_uj=0
pid=0 energy=34452953307455625 alive=1 kernel=1 cpu_ns=6890229771000000 mem=437379072 instructions=360890491125 wakeups=67639 diski=7303168 disko=10522624 rx=72211809 tx=30562742 comm=*system*
psu_energy_ac_mcp_machine=3522508179
-------
timestamp=3407835358198508
iterations=532
sample_ns=100000000
window_ns=1000000000
rapl_core_sum_uj=1417416376
rapl_psys_sum_uj=0
pid=0 energy=34452968393650560 alive=1 kernel=1 cpu_ns=6890230200000000 mem=437305344 instructions=363478730112 wakeups=67849 diski=7303168 disko=10522624 rx=72211809 tx=30562742 comm=*system*
psu_energy_ac_mcp_machine=3538908569
-------
timestamp=3407835492348356
iterations=533
sample_ns=100000000
window_ns=1000000000
rapl_core_sum_uj=1421941827
rapl_psys_sum_uj=0
pid=0 energy=34452976438953355 alive=1 kernel=1 cpu_ns=6890230428000000 mem=437379072 instructions=364859790671 wakeups=68093 diski=7303168 disko=10522624 rx=72211809 tx=30562742 comm=*system*
psu_energy_ac_mcp_machine=3551092163
-------
timestamp=3407835621881204
iterations=534
sample_ns=100000000
window_ns=1000000000
rapl_core_sum_uj=1426344292
rapl_psys_sum_uj=0
pid=0 energy=34452984078247430 alive=1 kernel=1 cpu_ns=6890230647000000 mem=437374976 instructions=366168649486 wakeups=68297 diski=7303168 disko=10522624 rx=72211809 tx=30562742 comm=*system*
psu_energy_ac_mcp_machine=3563023438
-------
timestamp=3407835751119334
iterations=535
sample_ns=100000000
window_ns=1000000000
rapl_core_sum_uj=1430814140
rapl_psys_sum_uj=0
pid=0 energy=34452991667654640 alive=1 kernel=1 cpu_ns=6890230865000000 mem=437272576 instructions=367468530928 wakeups=68517 diski=7303168 disko=10522624 rx=72211810 tx=30562743 comm=*system*
psu_energy_ac_mcp_machine=3579447632
-------
timestamp=3407835883043590
iterations=537
sample_ns=100000000
window_ns=1000000000
rapl_core_sum_uj=1439745596
rapl_psys_sum_uj=0
pid=0 energy=34453006825359670 alive=1 kernel=1 cpu_ns=6890231293000000 mem=437379072 instructions=370072071934 wakeups=68740 diski=7303168 disko=10522624 rx=72211810 tx=30562743 comm=*system*
psu_energy_ac_mcp_machine=3591462402
-------
timestamp=3407836015934490
iterations=538
sample_ns=100000000
window_ns=1000000000
rapl_core_sum_uj=1444165212
rapl_psys_sum_uj=0
pid=0 energy=34453014427177630 alive=1 kernel=1 cpu_ns=6890231511000000 mem=437157888 instructions=371374435526 wakeups=68955 diski=7303168 disko=10522624 rx=72211810 tx=30562743 comm=*system*
psu_energy_ac_mcp_machine=3603408569
-------
timestamp=3407836145149989
iterations=539
sample_ns=100000000
window_ns=1000000000
rapl_core_sum_uj=1448716542
rapl_psys_sum_uj=0
pid=0 energy=34453022003832320 alive=1 kernel=1 cpu_ns=6890231729000000 mem=437592064 instructions=372671766464 wakeups=69156 diski=7303168 disko=10522624 rx=72211810 tx=30562743 comm=*system*
psu_energy_ac_mcp_machine=3615870117
-------
timestamp=3407836273920199
iterations=540
sample_ns=100000000
window_ns=1000000000
rapl_core_sum_uj=1453348500
rapl_psys_sum_uj=0
pid=0 energy=34453029682751980 alive=1 kernel=1 cpu_ns=6890231947000000 mem=437366784 instructions=373989550396 wakeups=69371 diski=7303168 disko=10522624 rx=72211810 tx=30562743 comm=*system*
psu_energy_ac_mcp_machine=3631886719
-------
timestamp=3407836407254585
iterations=542
sample_ns=100000000
window_ns=1000000000
rapl_core_sum_uj=1462048512
rapl_psys_sum_uj=0
pid=0 energy=34453044744545285 alive=1 kernel=1 cpu_ns=6890232373000000 mem=437342208 instructions=376575909057 wakeups=69601 diski=7303168 disko=10522624 rx=72211810 tx=30562743 comm=*system*
psu_energy_ac_mcp_machine=3643795410
-------
timestamp=3407836539762885
iterations=543
sample_ns=100000000
window_ns=1000000000
rapl_core_sum_uj=1466669300
rapl_psys_sum_uj=0
pid=0 energy=34453052331863405 alive=1 kernel=1 cpu_ns=6890232590000000 mem=437436416 instructions=377876372681 wakeups=69802 diski=7303168 disko=10522624 rx=72211810 tx=30562743 comm=*system*
psu_energy_ac_mcp_machine=3656228516
-------
timestamp=3407836668837349
iterations=544
sample_ns=100000000
window_ns=1000000000
rapl_core_sum_uj=1471059497
rapl_psys_sum_uj=0
pid=0 energy=34453059428895785 alive=1 kernel=1 cpu_ns=6890232797000000 mem=437026816 instructions=379088779157 wakeups=70064 diski=7303168 disko=10522624 rx=72211814 tx=30562748 comm=*system*
psu_energy_ac_mcp_machine=3669036011
-------
timestamp=3407836798063270
iterations=546
sample_ns=100000000
window_ns=1000000000
rapl_core_sum_uj=1482440173
rapl_psys_sum_uj=0
pid=0 energy=34453081338620335 alive=1 kernel=1 cpu_ns=6890233436000000 mem=438833152 instructions=382831724067 wakeups=70306 diski=7303168 disko=10522624 rx=72211814 tx=30562748 comm=*system*
psu_energy_ac_mcp_machine=3688054443
-------
timestamp=3407836930906450
iterations=547
sample_ns=100000000
window_ns=1000000000
rapl_core_sum_uj=1488144335
rapl_psys_sum_uj=0
pid=0 energy=34453092191951985 alive=1 kernel=1 cpu_ns=6890233751000000 mem=438308864 instructions=384687390397 wakeups=70504 diski=7303168 disko=10522624 rx=72211814 tx=30562748 comm=*system*
psu_energy_ac_mcp_machine=3702139893
-------
timestamp=3407837060477927
iterations=548
sample_ns=100000000
window_ns=1000000000
rapl_core_sum_uj=1493922472
rapl_psys_sum_uj=0
pid=0 energy=34453103180591175 alive=1 kernel=1 cpu_ns=6890234071000000 mem=438312960 instructions=386565118235 wakeups=70715 diski=7303168 disko=10522624 rx=72211814 tx=30562748 comm=*system*
psu_energy_ac_mcp_machine=3716347290
-------
timestamp=3407837189845874
iterations=549
sample_ns=100000000
window_ns=1000000000
rapl_core_sum_uj=1499701219
rapl_psys_sum_uj=0
pid=0 energy=34453114170014445 alive=1 kernel=1 cpu_ns=6890234393000000 mem=438308864 instructions=388441002889 wakeups=70930 diski=7303168 disko=10563584 rx=72211816 tx=30562748 comm=*system*
psu_energy_ac_mcp_machine=3730622681
-------
timestamp=3407837319335078
iterations=551
sample_ns=100000000
window_ns=1000000000
rapl_core_sum_uj=1511215683
rapl_psys_sum_uj=0
pid=0 energy=34453136155968695 alive=1 kernel=1 cpu_ns=6890235031000000 mem=438984704 instructions=392200193739 wakeups=71151 diski=7303168 disko=10563584 rx=72211816 tx=30562748 comm=*system*
psu_energy_ac_mcp_machine=3749791504
-------
timestamp=3407837452341487
iterations=552
sample_ns=100000000
window_ns=1000000000
rapl_core_sum_uj=1517300643
rapl_psys_sum_uj=0
pid=0 energy=34453147092771250 alive=1 kernel=1 cpu_ns=6890235351000000 mem=438317056 instructions=394067554250 wakeups=71362 diski=7303168 disko=10563584 rx=72211816 tx=30562748 comm=*system*
psu_energy_ac_mcp_machine=3764344727
-------
timestamp=3407837581420556
iterations=553
sample_ns=100000000
window_ns=1000000000
rapl_core_sum_uj=1523049483
rapl_psys_sum_uj=0
pid=0 energy=34453158063225745 alive=1 kernel=1 cpu_ns=6890235672000000 mem=438317056 instructions=395940645149 wakeups=71568 diski=7303168 disko=10563584 rx=72211816 tx=30562748 comm=*system*
psu_energy_ac_mcp_machine=3778593994
-------
timestamp=3407837710459496
iterations=554
sample_ns=100000000
window_ns=1000000000
rapl_core_sum_uj=1528872358
rapl_psys_sum_uj=0
pid=0 energy=34453169090908330 alive=1 kernel=1 cpu_ns=6890235995000000 mem=438317056 instructions=397823181666 wakeups=71792 diski=7303168 disko=10563584 rx=72211816 tx=30562748 comm=*system*
psu_energy_ac_mcp_machine=3797841797
-------
timestamp=3407837843914227
iterations=556
sample_ns=100000000
window_ns=1000000000
rapl_core_sum_uj=1540316815
rapl_psys_sum_uj=0
pid=0 energy=34453190998627050 alive=1 kernel=1 cpu_ns=6890236630000000 mem=438317056 instructions=401569725410 wakeups=72020 diski=7303168 disko=10588160 rx=72211816 tx=30562748 comm=*system*
psu_energy_ac_mcp_machine=3812027832
-------
timestamp=3407837976402109
iterations=557
sample_ns=100000000
window_ns=1000000000
rapl_core_sum_uj=1546125713
rapl_psys_sum_uj=0
pid=0 energy=34453202016004565 alive=1 kernel=1 cpu_ns=6890236949000000 mem=438321152 instructions=403454200913 wakeups=72232 diski=7303168 disko=10588160 rx=72211816 tx=30562748 comm=*system*
psu_energy_ac_mcp_machine=3826248169
-------
timestamp=3407838105806817
iterations=558
sample_ns=100000000
window_ns=1000000000
rapl_core_sum_uj=1551970073
rapl_psys_sum_uj=0
pid=0 energy=34453213022261215 alive=1 kernel=1 cpu_ns=6890237270000000 mem=438321152 instructions=405334452243 wakeups=72442 diski=7303168 disko=10588160 rx=72211816 tx=30562748 comm=*system*
psu_energy_ac_mcp_machine=3840609985
-------
timestamp=3407838235365535
iterations=559
sample_ns=100000000
window_ns=1000000000
rapl_core_sum_uj=1557804850
rapl_psys_sum_uj=0
pid=0 energy=34453224044493835 alive=1 kernel=1 cpu_ns=6890237595000000 mem=438128640 instructions=407213898767 wakeups=72665 diski=7303168 disko=10588160 rx=72211816 tx=30562748 comm=*system*
psu_energy_ac_mcp_machine=3859825195
-------
timestamp=3407838367643437
iterations=561
sample_ns=100000000
window_ns=1000000000
rapl_core_sum_uj=1569279397
rapl_psys_sum_uj=0
pid=0 energy=34453245975169280 alive=1 kernel=1 cpu_ns=6890238229000000 mem=438321152 instructions=410966033856 wakeups=72879 diski=7303168 disko=10588160 rx=72211816 tx=30562748 comm=*system*
psu_energy_ac_mcp_machine=3873976685
-------
timestamp=3407838500694127
iterations=562
sample_ns=100000000
window_ns=1000000000
rapl_core_sum_uj=1575058815
rapl_psys_sum_uj=0
pid=0 energy=34453256935574135 alive=1 kernel=1 cpu_ns=6890238550000000 mem=438329344 instructions=412837114827 wakeups=73087 diski=7303168 disko=10588160 rx=72211816 tx=30562748 comm=*system*
psu_energy_ac_mcp_machine=3888211914
-------
timestamp=3407838630343067
iterations=563
sample_ns=100000000
window_ns=1000000000
rapl_core_sum_uj=1580898536
rapl_psys_sum_uj=0
pid=0 energy=34453267969075390 alive=1 kernel=1 cpu_ns=6890238877000000 mem=438325248 instructions=414716815078 wakeups=73300 diski=7303168 disko=10588160 rx=72211816 tx=30562748 comm=*system*
psu_energy_ac_mcp_machine=3902568726
-------
timestamp=3407838759855463
iterations=564
sample_ns=100000000
window_ns=1000000000
rapl_core_sum_uj=1586668128
rapl_psys_sum_uj=0
pid=0 energy=34453278920825080 alive=1 kernel=1 cpu_ns=6890239200000000 mem=438173696 instructions=416584165016 wakeups=73515 diski=7303168 disko=10588160 rx=72211816 tx=30562748 comm=*system*
psu_energy_ac_mcp_machine=3921703247
-------
timestamp=3407838892817365
iterations=566
sample_ns=100000000
window_ns=1000000000
rapl_core_sum_uj=1598143408
rapl_psys_sum_uj=0
pid=0 energy=34453300833831015 alive=1 kernel=1 cpu_ns=6890239834000000 mem=438329344 instructions=420332766203 wakeups=73740 diski=7303168 disko=10588160 rx=72211816 tx=30562748 comm=*system*
psu_energy_ac_mcp_machine=3935873535
-------
timestamp=3407839022115821
iterations=567
sample_ns=100000000
window_ns=1000000000
rapl_core_sum_uj=1603933935
rapl_psys_sum_uj=0
pid=0 energy=34453311818425215 alive=1 kernel=1 cpu_ns=6890240156000000 mem=438460416 instructions=422207685043 wakeups=73943 diski=7303168 disko=10588160 rx=72211816 tx=30562748 comm=*system*
psu_energy_ac_mcp_machine=3950151123
-------
timestamp=3407839151664194
iterations=568
sample_ns=100000000
window_ns=1000000000
rapl_core_sum_uj=1609931066
rapl_psys_sum_uj=0
pid=0 energy=34453322782334805 alive=1 kernel=1 cpu_ns=6890240478000000 mem=438353920 instructions=424078466961 wakeups=74158 diski=7303168 disko=10588160 rx=72211816 tx=30562748 comm=*system*
psu_energy_ac_mcp_machine=3969807983
-------
timestamp=3407839284411551
iterations=569
sample_ns=100000000
window_ns=1000000000
rapl_core_sum_uj=1615823216
rapl_psys_sum_uj=0
pid=0 energy=34453333770268370 alive=1 kernel=1 cpu_ns=6890240800000000 mem=438288384 instructions=425954053674 wakeups=74358 diski=7303168 disko=10588160 rx=72211818 tx=30562748 comm=*system*
psu_energy_ac_mcp_machine=3983883545
-------
timestamp=3407839417299976
iterations=571
sample_ns=100000000
window_ns=1000000000
rapl_core_sum_uj=1627301730
rapl_psys_sum_uj=0
pid=0 energy=34453355683465790 alive=1 kernel=1 cpu_ns=6890241435000000 mem=438321152 instructions=429701693158 wakeups=74584 diski=7303168 disko=10588160 rx=72211818 tx=30562748 comm=*system*
psu_energy_ac_mcp_machine=3998110229
-------
timestamp=3407839547079563
iterations=572
sample_ns=100000000
window_ns=1000000000
rapl_core_sum_uj=1633405062
rapl_psys_sum_uj=0
pid=0 energy=34453366718534345 alive=1 kernel=1 cpu_ns=6890241758000000 mem=438349824 instructions=431585706869 wakeups=74790 diski=7303168 disko=10588160 rx=72211818 tx=30562748 comm=*system*
psu_energy_ac_mcp_machine=4012954346
-------
timestamp=3407839676459763
iterations=573
sample_ns=100000000
window_ns=1000000000
rapl_core_sum_uj=1639284395
rapl_psys_sum_uj=0
pid=0 energy=34453377741668245 alive=1 kernel=1 cpu_ns=6890242080000000 mem=438386688 instructions=433468333649 wakeups=75019 diski=7303168 disko=10588160 rx=72211818 tx=30562748 comm=*system*
psu_energy_ac_mcp_machine=4032178833
-------
timestamp=3407839809361851
iterations=574
sample_ns=100000000
window_ns=1000000000
rapl_core_sum_uj=1645105806
rapl_psys_sum_uj=0
pid=0 energy=34453388765980275 alive=1 kernel=1 cpu_ns=6890242402000000 mem=438276096 instructions=435351196055 wakeups=75228 diski=7303168 disko=10588160 rx=72211818 tx=30562748 comm=*system*
psu_energy_ac_mcp_machine=4046308716
-------
timestamp=3407839940301381
iterations=576
sample_ns=100000000
window_ns=1000000000
rapl_core_sum_uj=1656563141
rapl_psys_sum_uj=0
pid=0 energy=34453410657581190 alive=1 kernel=1 cpu_ns=6890243036000000 mem=438341632 instructions=439095516238 wakeups=75454 diski=7303168 disko=10588160 rx=72211818 tx=30562748 comm=*system*
psu_energy_ac_mcp_machine=4060599854
-------
timestamp=3407840069805593
iterations=577
sample_ns=100000000
window_ns=1000000000
rapl_core_sum_uj=1662400482
rapl_psys_sum_uj=0
pid=0 energy=34453421669009180 alive=1 kernel=1 cpu_ns=6890243358000000 mem=438341632 instructions=440975801836 wakeups=75665 diski=7303168 disko=10588160 rx=72211818 tx=30562748 comm=*system*
psu_energy_ac_mcp_machine=4074964233
-------
timestamp=3407840198830850
iterations=578
sample_ns=100000000
window_ns=1000000000
rapl_core_sum_uj=1668191924
rapl_psys_sum_uj=0
pid=0 energy=34453432634988110 alive=1 kernel=1 cpu_ns=6890243682000000 mem=438341632 instructions=442844997622 wakeups=75884 diski=7303168 disko=10588160 rx=72211818 tx=30562748 comm=*system*
psu_energy_ac_mcp_machine=4094069092
-------
timestamp=3407840331854341
iterations=579
sample_ns=100000000
window_ns=1000000000
rapl_core_sum_uj=1674024443
rapl_psys_sum_uj=0
pid=0 energy=34453443664613295 alive=1 kernel=1 cpu_ns=6890244005000000 mem=438353920 instructions=444727922659 wakeups=76089 diski=7303168 disko=10588160 rx=72211818 tx=30562748 comm=*system*
psu_energy_ac_mcp_machine=4108220825
-------
timestamp=3407840461195815
iterations=581
sample_ns=100000000
window_ns=1000000000
rapl_core_sum_uj=1685485013
rapl_psys_sum_uj=0
pid=0 energy=34453465531853110 alive=1 kernel=1 cpu_ns=6890244638000000 mem=438284288 instructions=448468370622 wakeups=76327 diski=7303168 disko=10588160 rx=72211818 tx=30562748 comm=*system*
psu_energy_ac_mcp_machine=4122580566
-------
timestamp=3407840590429857
iterations=582
sample_ns=100000000
window_ns=1000000000
rapl_core_sum_uj=1691289639
rapl_psys_sum_uj=0
pid=0 energy=34453476514919640 alive=1 kernel=1 cpu_ns=6890244961000000 mem=438284288 instructions=450341983928 wakeups=76548 diski=7303168 disko=10588160 rx=72211818 tx=30562748 comm=*system*
psu_energy_ac_mcp_machine=4136863281
-------
timestamp=3407840719588985
iterations=583
sample_ns=100000000
window_ns=1000000000
rapl_core_sum_uj=1697077785
rapl_psys_sum_uj=0
pid=0 energy=34453487496822460 alive=1 kernel=1 cpu_ns=6890245281000000 mem=438284288 instructions=452218364492 wakeups=76758 diski=7303168 disko=10588160 rx=72211818 tx=30562748 comm=*system*
psu_energy_ac_mcp_machine=4155982300
-------
timestamp=3407840852075683
iterations=584
sample_ns=100000000
window_ns=1000000000
rapl_core_sum_uj=1702869716
rapl_psys_sum_uj=0
pid=0 energy=34453498494556715 alive=1 kernel=1 cpu_ns=6890245605000000 mem=438169600 instructions=454093911343 wakeups=76966 diski=7303168 disko=10588160 rx=72211818 tx=30562748 comm=*system*
psu_energy_ac_mcp_machine=4170070923
-------
timestamp=3407840981812972
iterations=586
sample_ns=100000000
window_ns=1000000000
rapl_core_sum_uj=1714298853
rapl_psys_sum_uj=0
pid=0 energy=34453520348891910 alive=1 kernel=1 cpu_ns=6890246239000000 mem=438292480 instructions=457830778382 wakeups=77195 diski=7303168 disko=10588160 rx=72211818 tx=30562748 comm=*system*
psu_energy_ac_mcp_machine=4184356689
-------
timestamp=3407841110799019
iterations=587
sample_ns=100000000
window_ns=1000000000
rapl_core_sum_uj=1720094263
rapl_psys_sum_uj=0
pid=0 energy=34453531328921255 alive=1 kernel=1 cpu_ns=6890246562000000 mem=438288384 instructions=459703784251 wakeups=77411 diski=7303168 disko=10588160 rx=72211818 tx=30562748 comm=*system*
psu_energy_ac_mcp_machine=4198650635
-------
timestamp=3407841240130771
iterations=588
sample_ns=100000000
window_ns=1000000000
rapl_core_sum_uj=1725869592
rapl_psys_sum_uj=0
pid=0 energy=34453542239592085 alive=1 kernel=1 cpu_ns=6890246885000000 mem=438292480 instructions=461562918417 wakeups=77620 diski=7303168 disko=10588160 rx=72211820 tx=30562748 comm=*system*
psu_energy_ac_mcp_machine=4217733765
-------
timestamp=3407841372323815
iterations=589
sample_ns=100000000
window_ns=1000000000
rapl_core_sum_uj=1731690881
rapl_psys_sum_uj=0
pid=0 energy=34453553226698755 alive=1 kernel=1 cpu_ns=6890247208000000 mem=438226944 instructions=463437339751 wakeups=77835 diski=7303168 disko=10588160 rx=72211820 tx=30562748 comm=*system*
psu_energy_ac_mcp_machine=4231892090
-------
timestamp=3407841502311127
iterations=591
sample_ns=100000000
window_ns=1000000000
rapl_core_sum_uj=1743105675
rapl_psys_sum_uj=0
pid=0 energy=34453574998877165 alive=1 kernel=1 cpu_ns=6890247841000000 mem=438292480 instructions=467158775433 wakeups=78050 diski=7303168 disko=10588160 rx=72211820 tx=30562748 comm=*system*
psu_energy_ac_mcp_machine=4246113281
-------
timestamp=3407841631685224
iterations=592
sample_ns=100000000
window_ns=1000000000
rapl_core_sum_uj=1748942955
rapl_psys_sum_uj=0
pid=0 energy=34453585999071165 alive=1 kernel=1 cpu_ns=6890248161000000 mem=438296576 instructions=469038814233 wakeups=78285 diski=7303168 disko=10588160 rx=72211820 tx=30562748 comm=*system*
psu_energy_ac_mcp_machine=4265348877
-------
timestamp=3407841765132448
iterations=593
sample_ns=100000000
window_ns=1000000000
rapl_core_sum_uj=1754748069
rapl_psys_sum_uj=0
pid=0 energy=34453596963225780 alive=1 kernel=1 cpu_ns=6890248486000000 mem=438300672 instructions=470906645156 wakeups=78497 diski=7303168 disko=10588160 rx=72211820 tx=30562748 comm=*system*
psu_energy_ac_mcp_machine=4279440186
-------
timestamp=3407841897651841
iterations=595
sample_ns=100000000
window_ns=1000000000
rapl_core_sum_uj=1766262228
rapl_psys_sum_uj=0
pid=0 energy=34453618887949880 alive=1 kernel=1 cpu_ns=6890249125000000 mem=438571008 instructions=474652589976 wakeups=78730 diski=7303168 disko=10588160 rx=72211820 tx=30562748 comm=*system*
psu_energy_ac_mcp_machine=4293640625
-------
timestamp=3407842026823486
iterations=596
sample_ns=100000000
window_ns=1000000000
rapl_core_sum_uj=1772049276
rapl_psys_sum_uj=0
pid=0 energy=34453629817292695 alive=1 kernel=1 cpu_ns=6890249445000000 mem=438124544 instructions=476518458539 wakeups=78931 diski=7303168 disko=10588160 rx=72211820 tx=30562748 comm=*system*
psu_energy_ac_mcp_machine=4307920288
-------
timestamp=3407842155872687
iterations=597
sample_ns=100000000
window_ns=1000000000
rapl_core_sum_uj=1777812642
rapl_psys_sum_uj=0
pid=0 energy=34453640770426885 alive=1 kernel=1 cpu_ns=6890249767000000 mem=438185984 instructions=478387085377 wakeups=79141 diski=7303168 disko=10588160 rx=72211820 tx=30562748 comm=*system*
psu_energy_ac_mcp_machine=4327060059
-------
timestamp=3407842287286187
iterations=598
sample_ns=100000000
window_ns=1000000000
rapl_core_sum_uj=1783641926
rapl_psys_sum_uj=0
pid=0 energy=34453651734762305 alive=1 kernel=1 cpu_ns=6890250090000000 mem=438304768 instructions=480256952461 wakeups=79353 diski=7303168 disko=10633216 rx=72211820 tx=30562748 comm=*system*
psu_energy_ac_mcp_machine=4341223511
-------
timestamp=3407842419704204
iterations=600
sample_ns=100000000
window_ns=1000000000
rapl_core_sum_uj=1795036822
rapl_psys_sum_uj=0
pid=0 energy=34453673555568590 alive=1 kernel=1 cpu_ns=6890250724000000 mem=438296576 instructions=483987113718 wakeups=79576 diski=7303168 disko=10633216 rx=72211820 tx=30562748 comm=*system*
psu_energy_ac_mcp_machine=4355451050
-------
timestamp=3407842549175953
iterations=601
sample_ns=100000000
window_ns=1000000000
rapl_core_sum_uj=1801139177
rapl_psys_sum_uj=0
pid=0 energy=34453684594498775 alive=1 kernel=1 cpu_ns=6890251051000000 mem=438386688 instructions=485867899755 wakeups=79792 diski=7303168 disko=10633216 rx=72211820 tx=30562748 comm=*system*
psu_energy_ac_mcp_machine=4370230835
-------
timestamp=3407842678521564
iterations=602
sample_ns=100000000
window_ns=1000000000
rapl_core_sum_uj=1806929765
rapl_psys_sum_uj=0
pid=0 energy=34453695574355335 alive=1 kernel=1 cpu_ns=6890251374000000 mem=438218752 instructions=487740871067 wakeups=80006 diski=7303168 disko=10633216 rx=72211820 tx=30562748 comm=*system*
psu_energy_ac_mcp_machine=4389417236
-------
timestamp=3407842810400912
iterations=603
sample_ns=100000000
window_ns=1000000000
rapl_core_sum_uj=1812714982
rapl_psys_sum_uj=0
pid=0 energy=34453706556017660 alive=1 kernel=1 cpu_ns=6890251697000000 mem=438366208 instructions=489614203532 wakeups=80222 diski=7303168 disko=10633216 rx=72211820 tx=30562748 comm=*system*
psu_energy_ac_mcp_machine=4403565186
-------
timestamp=3407842941802357
iterations=605
sample_ns=100000000
window_ns=1000000000
rapl_core_sum_uj=1824165909
rapl_psys_sum_uj=0
pid=0 energy=34453728374278095 alive=1 kernel=1 cpu_ns=6890252331000000 mem=438345728 instructions=493343855619 wakeups=80442 diski=7303168 disko=10653696 rx=72211820 tx=30562748 comm=*system*
psu_energy_ac_mcp_machine=4417869019
-------
timestamp=3407843071494192
iterations=606
sample_ns=100000000
window_ns=1000000000
rapl_core_sum_uj=1829982620
rapl_psys_sum_uj=0
pid=0 energy=34453739340528950 alive=1 kernel=1 cpu_ns=6890252652000000 mem=438345728 instructions=495216105790 wakeups=80656 diski=7303168 disko=10653696 rx=72211820 tx=30562748 comm=*system*
psu_energy_ac_mcp_machine=4432207397
-------
timestamp=3407843200823804
iterations=607
sample_ns=100000000
window_ns=1000000000
rapl_core_sum_uj=1835774001
rapl_psys_sum_uj=0
pid=0 energy=34453750317910955 alive=1 kernel=1 cpu_ns=6890252976000000 mem=438353920 instructions=497087582191 wakeups=80859 diski=7303168 disko=10653696 rx=72211822 tx=30562748 comm=*system*
psu_energy_ac_mcp_machine=4451379761
-------
timestamp=3407843334084453
iterations=608
sample_ns=100000000
window_ns=1000000000
rapl_core_sum_uj=1841570814
rapl_psys_sum_uj=0
pid=0 energy=34453761264960785 alive=1 kernel=1 cpu_ns=6890253298000000 mem=438517760 instructions=498954992157 wakeups=81080 diski=7303168 disko=10653696 rx=72211822 tx=30562748 comm=*system*
psu_energy_ac_mcp_machine=4465514648
-------
timestamp=3407843464195316
iterations=610
sample_ns=100000000
window_ns=1000000000
rapl_core_sum_uj=1852987317
rapl_psys_sum_uj=0
pid=0 energy=34453783056982230 alive=1 kernel=1 cpu_ns=6890253933000000 mem=438358016 instructions=502678396446 wakeups=81294 diski=7303168 disko=10653696 rx=72211822 tx=30562748 comm=*system*
psu_energy_ac_mcp_machine=4479797241
-------
timestamp=3407843593311091
iterations=611
sample_ns=100000000
window_ns=1000000000
rapl_core_sum_uj=1858769787
rapl_psys_sum_uj=0
pid=0 energy=34453794016563090 alive=1 kernel=1 cpu_ns=6890254257000000 mem=438358016 instructions=504546312618 wakeups=81512 diski=7303168 disko=10653696 rx=72211822 tx=30562748 comm=*system*
psu_energy_ac_mcp_machine=4499021240
-------
timestamp=3407843725692216
iterations=612
sample_ns=100000000
window_ns=1000000000
rapl_core_sum_uj=1864590831
rapl_psys_sum_uj=0
pid=0 energy=34453804949598800 alive=1 kernel=1 cpu_ns=6890254578000000 mem=438358016 instructions=506411919760 wakeups=81727 diski=7303168 disko=10653696 rx=72211822 tx=30562748 comm=*system*
psu_energy_ac_mcp_machine=4513208496
-------
timestamp=3407843858080353
iterations=613
sample_ns=100000000
window_ns=1000000000
rapl_core_sum_uj=1870439097
rapl_psys_sum_uj=0
pid=0 energy=34453815956069715 alive=1 kernel=1 cpu_ns=6890254905000000 mem=438288384 instructions=508286213943 wakeups=81938 diski=7303168 disko=10653696 rx=72211822 tx=30562748 comm=*system*
psu_energy_ac_mcp_machine=4527407715
-------
timestamp=3407843987907296
iterations=615
sample_ns=100000000
window_ns=1000000000
rapl_core_sum_uj=1881881784
rapl_psys_sum_uj=0
pid=0 energy=34453837761006205 alive=1 kernel=1 cpu_ns=6890255540000000 mem=438362112 instructions=512012201241 wakeups=82156 diski=7303168 disko=10653696 rx=72211822 tx=30562748 comm=*system*
psu_energy_ac_mcp_machine=4541709839
-------
timestamp=3407844117810086
iterations=616
sample_ns=100000000
window_ns=1000000000
rapl_core_sum_uj=1887689096
rapl_psys_sum_uj=0
pid=0 energy=34453848737955745 alive=1 kernel=1 cpu_ns=6890255860000000 mem=438362112 instructions=513887591149 wakeups=82364 diski=7303168 disko=10653696 rx=72211822 tx=30562748 comm=*system*
psu_energy_ac_mcp_machine=4560921509
-------
timestamp=3407844250665026
iterations=617
sample_ns=100000000
window_ns=1000000000
rapl_core_sum_uj=1893674813
rapl_psys_sum_uj=0
pid=0 energy=34453859684827775 alive=1 kernel=1 cpu_ns=6890256181000000 mem=438362112 instructions=515755965555 wakeups=82570 diski=7303168 disko=10653696 rx=72211822 tx=30562748 comm=*system*
psu_energy_ac_mcp_machine=4575485474
-------
timestamp=3407844381359631
iterations=618
sample_ns=100000000
window_ns=1000000000
rapl_core_sum_uj=1899592476
rapl_psys_sum_uj=0
pid=0 energy=34453870657597910 alive=1 kernel=1 cpu_ns=6890256503000000 mem=438288384 instructions=517628519582 wakeups=82785 diski=7303168 disko=10653696 rx=72211822 tx=30562748 comm=*system*
psu_energy_ac_mcp_machine=4589794556
-------
timestamp=3407844511094743
iterations=620
sample_ns=100000000
window_ns=1000000000
rapl_core_sum_uj=1910996223
rapl_psys_sum_uj=0
pid=0 energy=34453892470931965 alive=1 kernel=1 cpu_ns=6890257138000000 mem=438366208 instructions=521356186393 wakeups=83006 diski=7303168 disko=10653696 rx=72211822 tx=30562748 comm=*system*
psu_energy_ac_mcp_machine=4604071533
-------
timestamp=3407844640718885
iterations=621
sample_ns=100000000
window_ns=1000000000
rapl_core_sum_uj=1916765815
rapl_psys_sum_uj=0
pid=0 energy=34453903421126490 alive=1 kernel=1 cpu_ns=6890257458000000 mem=438366208 instructions=523226225298 wakeups=83209 diski=7303168 disko=10653696 rx=72211822 tx=30562748 comm=*system*
psu_energy_ac_mcp_machine=4623279297
-------
timestamp=3407844774426726
iterations=622
sample_ns=100000000
window_ns=1000000000
rapl_core_sum_uj=1922568244
rapl_psys_sum_uj=0
pid=0 energy=34453914395349085 alive=1 kernel=1 cpu_ns=6890257783000000 mem=438374400 instructions=525096069817 wakeups=83429 diski=7303168 disko=10653696 rx=72211822 tx=30562748 comm=*system*
psu_energy_ac_mcp_machine=4637457520
-------
timestamp=3407844904294780
iterations=623
sample_ns=100000000
window_ns=1000000000
rapl_core_sum_uj=1928317389
rapl_psys_sum_uj=0
pid=0 energy=34453925354820320 alive=1 kernel=1 cpu_ns=6890258105000000 mem=438374400 instructions=526965964064 wakeups=83639 diski=7303168 disko=10653696 rx=72211822 tx=30562748 comm=*system*
psu_energy_ac_mcp_machine=4651733521
-------
timestamp=3407845033413257
iterations=625
sample_ns=100000000
window_ns=1000000000
rapl_core_sum_uj=1939737798
rapl_psys_sum_uj=0
pid=0 energy=34453947199166040 alive=1 kernel=1 cpu_ns=6890258738000000 mem=438177792 instructions=530701833208 wakeups=83861 diski=7303168 disko=10653696 rx=72211822 tx=30562748 comm=*system*
psu_energy_ac_mcp_machine=4671020386
-------
timestamp=3407845166124754
iterations=626
sample_ns=100000000
window_ns=1000000000
rapl_core_sum_uj=1945555913
rapl_psys_sum_uj=0
pid=0 energy=34453958165037865 alive=1 kernel=1 cpu_ns=6890259059000000 mem=438423552 instructions=532574007573 wakeups=84070 diski=7303168 disko=10653696 rx=72211824 tx=30562748 comm=*system*
psu_energy_ac_mcp_machine=4685208252
-------
timestamp=3407845298791850
iterations=627
sample_ns=100000000
window_ns=1000000000
rapl_core_sum_uj=1951345097
rapl_psys_sum_uj=0
pid=0 energy=34453969142444055 alive=1 kernel=1 cpu_ns=6890259382000000 mem=438394880 instructions=534446488811 wakeups=84285 diski=7303168 disko=10653696 rx=72211824 tx=30562748 comm=*system*
psu_energy_ac_mcp_machine=4699459351
-------
timestamp=3407845428149641
iterations=628
sample_ns=100000000
window_ns=1000000000
rapl_core_sum_uj=1957172123
rapl_psys_sum_uj=0
pid=0 energy=34453980150971955 alive=1 kernel=1 cpu_ns=6890259705000000 mem=438554624 instructions=536325194391 wakeups=84489 diski=7303168 disko=10653696 rx=72211824 tx=30562748 comm=*system*
psu_energy_ac_mcp_machine=4713800781
-------
timestamp=3407845557401416
iterations=630
sample_ns=100000000
window_ns=1000000000
rapl_core_sum_uj=1968688357
rapl_psys_sum_uj=0
pid=0 energy=34454001986248760 alive=1 kernel=1 cpu_ns=6890260343000000 mem=438566912 instructions=540054249752 wakeups=84796 diski=7303168 disko=13557760 rx=72211824 tx=30562748 comm=*system*
psu_energy_ac_mcp_machine=4733107910
-------
timestamp=3407845690194153
iterations=631
sample_ns=100000000
window_ns=1000000000
rapl_core_sum_uj=1974463869
rapl_psys_sum_uj=0
pid=0 energy=34454012877847195 alive=1 kernel=1 cpu_ns=6890260665000000 mem=438534144 instructions=541910569439 wakeups=85007 diski=7303168 disko=13557760 rx=72211825 tx=30562749 comm=*system*
psu_energy_ac_mcp_machine=4747228271
-------
timestamp=3407845822420682
iterations=632
sample_ns=100000000
window_ns=1000000000
rapl_core_sum_uj=1980242982
rapl_psys_sum_uj=0
pid=0 energy=34454023772092540 alive=1 kernel=1 cpu_ns=6890260989000000 mem=438480896 instructions=543765418508 wakeups=85232 diski=7303168 disko=13557760 rx=72211825 tx=30562749 comm=*system*
psu_energy_ac_mcp_machine=4761461548
-------
timestamp=3407845952306460
iterations=634
sample_ns=100000000
window_ns=1000000000
rapl_core_sum_uj=1992033691
rapl_psys_sum_uj=0
pid=0 energy=34454045601005585 alive=1 kernel=1 cpu_ns=6890261627000000 mem=438841344 instructions=547493201117 wakeups=85462 diski=7303168 disko=13557760 rx=72211825 tx=30562749 comm=*system*
psu_energy_ac_mcp_machine=4776191284
-------
timestamp=3407846081806217
iterations=635
sample_ns=100000000
window_ns=1000000000
rapl_core_sum_uj=1997805053
rapl_psys_sum_uj=0
pid=0 energy=34454056447127260 alive=1 kernel=1 cpu_ns=6890261945000000 mem=438390784 instructions=549344425452 wakeups=85660 diski=7303168 disko=13557760 rx=72211825 tx=30562749 comm=*system*
psu_energy_ac_mcp_machine=4795327515
-------
timestamp=3407846214996186
iterations=636
sample_ns=100000000
window_ns=1000000000
rapl_core_sum_uj=2003642394
rapl_psys_sum_uj=0
pid=0 energy=34454067365901045 alive=1 kernel=1 cpu_ns=6890262267000000 mem=438394880 instructions=551206180209 wakeups=85873 diski=7303168 disko=13557760 rx=72211825 tx=30562749 comm=*system*
psu_energy_ac_mcp_machine=4809480103
-------
timestamp=3407846344462946
iterations=637
sample_ns=100000000
window_ns=1000000000
rapl_core_sum_uj=2009548399
rapl_psys_sum_uj=0
pid=0 energy=34454078262232600 alive=1 kernel=1 cpu_ns=6890262589000000 mem=438394880 instructions=553063446520 wakeups=86080 diski=7303168 disko=13557760 rx=72211825 tx=30562749 comm=*system*
psu_energy_ac_mcp_machine=4824248413
-------
timestamp=3407846473836054
iterations=639
sample_ns=100000000
window_ns=1000000000
rapl_core_sum_uj=2021279416
rapl_psys_sum_uj=0
pid=0 energy=34454100127216605 alive=1 kernel=1 cpu_ns=6890263226000000 mem=438624256 instructions=556799443321 wakeups=86309 diski=7303168 disko=13557760 rx=72211825 tx=30562749 comm=*system*
psu_energy_ac_mcp_machine=4843536621
-------
timestamp=3407846606452276
iterations=640
sample_ns=100000000
window_ns=1000000000
rapl_core_sum_uj=2027068966
rapl_psys_sum_uj=0
pid=0 energy=34454111009604890 alive=1 kernel=1 cpu_ns=6890263546000000 mem=438398976 instructions=558655920978 wakeups=86504 diski=7303168 disko=13557760 rx=72211825 tx=30562749 comm=*system*
psu_energy_ac_mcp_machine=4857735962
-------
timestamp=3407846738873787
iterations=641
sample_ns=100000000
window_ns=1000000000
rapl_core_sum_uj=2032875850
rapl_psys_sum_uj=0
pid=0 energy=34454121926040500 alive=1 kernel=1 cpu_ns=6890263870000000 mem=438398976 instructions=560515208100 wakeups=86727 diski=7303168 disko=13557760 rx=72211825 tx=30562749 comm=*system*
psu_energy_ac_mcp_machine=4871977661
-------
timestamp=3407846868233202
iterations=642
sample_ns=100000000
window_ns=1000000000
rapl_core_sum_uj=2038673030
rapl_psys_sum_uj=0
pid=0 energy=34454132835066175 alive=1 kernel=1 cpu_ns=6890264193000000 mem=438398976 instructions=562374013235 wakeups=86937 diski=7303168 disko=13557760 rx=72211825 tx=30562749 comm=*system*
psu_energy_ac_mcp_machine=4886343872
-------
timestamp=3407846997823558
iterations=644
sample_ns=100000000
window_ns=1000000000
rapl_core_sum_uj=2050133478
rapl_psys_sum_uj=0
pid=0 energy=34454154614127745 alive=1 kernel=1 cpu_ns=6890264827000000 mem=438407168 instructions=566095825549 wakeups=87154 diski=7303168 disko=13557760 rx=72211825 tx=30562749 comm=*system*
psu_energy_ac_mcp_machine=4905578003
-------
timestamp=3407847130285403
iterations=645
sample_ns=100000000
window_ns=1000000000
rapl_core_sum_uj=2055923944
rapl_psys_sum_uj=0
pid=0 energy=34454165538555745 alive=1 kernel=1 cpu_ns=6890265150000000 mem=438403072 instructions=567957711149 wakeups=87357 diski=7303168 disko=13557760 rx=72211825 tx=30562749 comm=*system*
psu_energy_ac_mcp_machine=4919706299
-------
timestamp=3407847262798670
iterations=646
sample_ns=100000000
window_ns=1000000000
rapl_core_sum_uj=2061733575
rapl_psys_sum_uj=0
pid=0 energy=34454176470119720 alive=1 kernel=1 cpu_ns=6890265470000000 mem=438407168 instructions=569824023944 wakeups=87564 diski=7303168 disko=13557760 rx=72211827 tx=30562749 comm=*system*
psu_energy_ac_mcp_machine=4934034424
-------
timestamp=3407847392288873
iterations=647
sample_ns=100000000
window_ns=1000000000
rapl_core_sum_uj=2067549004
rapl_psys_sum_uj=0
pid=0 energy=34454187407020875 alive=1 kernel=1 cpu_ns=6890265794000000 mem=438321152 instructions=571687404175 wakeups=87780 diski=7303168 disko=13594624 rx=72211827 tx=30562749 comm=*system*
psu_energy_ac_mcp_machine=4948371216
-------
timestamp=3407847521658712
iterations=649
sample_ns=100000000
window_ns=1000000000
rapl_core_sum_uj=2079032096
rapl_psys_sum_uj=0
pid=0 energy=34454209178033715 alive=1 kernel=1 cpu_ns=6890266428000000 mem=438407168 instructions=575407606743 wakeups=87990 diski=7303168 disko=13594624 rx=72211827 tx=30562749 comm=*system*
psu_energy_ac_mcp_machine=4967572021
-------
timestamp=3407847654209969
iterations=650
sample_ns=100000000
window_ns=1000000000
rapl_core_sum_uj=2084840140
rapl_psys_sum_uj=0
pid=0 energy=34454220127997730 alive=1 kernel=1 cpu_ns=6890266752000000 mem=438411264 instructions=577273599546 wakeups=88207 diski=7303168 disko=13594624 rx=72211827 tx=30562749 comm=*system*
psu_energy_ac_mcp_machine=4981715210
-------
timestamp=3407847783561732
iterations=651
sample_ns=100000000
window_ns=1000000000
rapl_core_sum_uj=2090672720
rapl_psys_sum_uj=0
pid=0 energy=34454231027718490 alive=1 kernel=1 cpu_ns=6890267074000000 mem=438411264 instructions=579131543698 wakeups=88426 diski=7303168 disko=13594624 rx=72211827 tx=30562749 comm=*system*
psu_energy_ac_mcp_machine=4996037109
-------
timestamp=3407847912797595
iterations=652
sample_ns=100000000
window_ns=1000000000
rapl_core_sum_uj=2096491750
rapl_psys_sum_uj=0
pid=0 energy=34454241972631020 alive=1 kernel=1 cpu_ns=6890267397000000 mem=438378496 instructions=580997526204 wakeups=88632 diski=7303168 disko=13594624 rx=72211827 tx=30562749 comm=*system*
psu_energy_ac_mcp_machine=5010370483
-------
timestamp=3407848042796945
iterations=654
sample_ns=100000000
window_ns=1000000000
rapl_core_sum_uj=2107929127
rapl_psys_sum_uj=0
pid=0 energy=34454263691247395 alive=1 kernel=1 cpu_ns=6890268032000000 mem=438550528 instructions=584706249479 wakeups=88849 diski=7303168 disko=13594624 rx=72211827 tx=30562749 comm=*system*
psu_energy_ac_mcp_machine=5029560303
-------
timestamp=3407848175707498
iterations=655
sample_ns=100000000
window_ns=1000000000
rapl_core_sum_uj=2113760425
rapl_psys_sum_uj=0
pid=0 energy=34454274649258855 alive=1 kernel=1 cpu_ns=6890268353000000 mem=438562816 instructions=586576851771 wakeups=89064 diski=7303168 disko=13615104 rx=72211827 tx=30562749 comm=*system*
psu_energy_ac_mcp_machine=5043731201
-------
timestamp=3407848305349179
iterations=656
sample_ns=100000000
window_ns=1000000000
rapl_core_sum_uj=2119588611
rapl_psys_sum_uj=0
pid=0 energy=34454285601992110 alive=1 kernel=1 cpu_ns=6890268678000000 mem=438566912 instructions=588442398422 wakeups=89281 diski=7303168 disko=13615104 rx=72211827 tx=30562749 comm=*system*
psu_energy_ac_mcp_machine=5058053955
-------
timestamp=3407848434800259
iterations=657
sample_ns=100000000
window_ns=1000000000
rapl_core_sum_uj=2125402209
rapl_psys_sum_uj=0
pid=0 energy=34454296528662440 alive=1 kernel=1 cpu_ns=6890269001000000 mem=438493184 instructions=590304732488 wakeups=89484 diski=7303168 disko=13615104 rx=72211827 tx=30562749 comm=*system*
psu_energy_ac_mcp_machine=5077348389
-------
timestamp=3407848567156369
iterations=659
sample_ns=100000000
window_ns=1000000000
rapl_core_sum_uj=2136837206
rapl_psys_sum_uj=0
pid=0 energy=34454318253110780 alive=1 kernel=1 cpu_ns=6890269635000000 mem=438562816 instructions=594015622156 wakeups=89702 diski=7303168 disko=13615104 rx=72211827 tx=30562749 comm=*system*
psu_energy_ac_mcp_machine=5091514771
-------
timestamp=3407848699432756
iterations=660
sample_ns=100000000
window_ns=1000000000
rapl_core_sum_uj=2142605638
rapl_psys_sum_uj=0
pid=0 energy=34454329156579115 alive=1 kernel=1 cpu_ns=6890269960000000 mem=438312960 instructions=595871315823 wakeups=89926 diski=7303168 disko=13615104 rx=72211827 tx=30562749 comm=*system*
psu_energy_ac_mcp_machine=5105670288
-------
timestamp=3407848828451174
iterations=661
sample_ns=100000000
window_ns=1000000000
rapl_core_sum_uj=2148378465
rapl_psys_sum_uj=0
pid=0 energy=34454340056539770 alive=1 kernel=1 cpu_ns=6890270284000000 mem=438513664 instructions=597727307954 wakeups=90142 diski=7303168 disko=13615104 rx=72211827 tx=30562749 comm=*system*
psu_energy_ac_mcp_machine=5119929443
-------
timestamp=3407848957485272
iterations=662
sample_ns=100000000
window_ns=1000000000
rapl_core_sum_uj=2154194688
rapl_psys_sum_uj=0
pid=0 energy=34454350961030380 alive=1 kernel=1 cpu_ns=6890270605000000 mem=438435840 instructions=599587206076 wakeups=90355 diski=7303168 disko=13615104 rx=72211827 tx=30562749 comm=*system*
psu_energy_ac_mcp_machine=5139125488
-------
timestamp=3407849090718682
iterations=664
sample_ns=100000000
window_ns=1000000000
rapl_core_sum_uj=2165649765
rapl_psys_sum_uj=0
pid=0 energy=34454372708584445 alive=1 kernel=1 cpu_ns=6890271240000000 mem=438439936 instructions=603301716889 wakeups=90571 diski=7303168 disko=13615104 rx=72211827 tx=30562749 comm=*system*
psu_energy_ac_mcp_machine=5153254761
-------
timestamp=3407849223303822
iterations=665
sample_ns=100000000
window_ns=1000000000
rapl_core_sum_uj=2171400863
rapl_psys_sum_uj=0
pid=0 energy=34454383594278455 alive=1 kernel=1 cpu_ns=6890271565000000 mem=438439936 instructions=605153855691 wakeups=90787 diski=7303168 disko=13615104 rx=72211829 tx=30562749 comm=*system*
psu_energy_ac_mcp_machine=5167481689
-------
timestamp=3407849352586333
iterations=666
sample_ns=100000000
window_ns=1000000000
rapl_core_sum_uj=2177200484
rapl_psys_sum_uj=0
pid=0 energy=34454394503879535 alive=1 kernel=1 cpu_ns=6890271885000000 mem=438439936 instructions=607015775907 wakeups=90996 diski=7303168 disko=13615104 rx=72211829 tx=30562749 comm=*system*
psu_energy_ac_mcp_machine=5181781372
-------
timestamp=3407849482376732
iterations=667
sample_ns=100000000
window_ns=1000000000
rapl_core_sum_uj=2182945662
rapl_psys_sum_uj=0
pid=0 energy=34454405423063610 alive=1 kernel=1 cpu_ns=6890272209000000 mem=438378496 instructions=608875612722 wakeups=91206 diski=7303168 disko=13615104 rx=72211829 tx=30562749 comm=*system*
psu_energy_ac_mcp_machine=5200914429
-------
timestamp=3407849615077786
iterations=669
sample_ns=100000000
window_ns=1000000000
rapl_core_sum_uj=2194405255
rapl_psys_sum_uj=0
pid=0 energy=34454427135708615 alive=1 kernel=1 cpu_ns=6890272843000000 mem=438444032 instructions=612584141723 wakeups=91424 diski=7303168 disko=13615104 rx=72211829 tx=30562749 comm=*system*
psu_energy_ac_mcp_machine=5215056152
-------
timestamp=3407849744411349
iterations=670
sample_ns=100000000
window_ns=1000000000
rapl_core_sum_uj=2200204693
rapl_psys_sum_uj=0
pid=0 energy=34454438064754485 alive=1 kernel=1 cpu_ns=6890273165000000 mem=438444032 instructions=614447950897 wakeups=91642 diski=7303168 disko=13615104 rx=72211829 tx=30562749 comm=*system*
psu_energy_ac_mcp_machine=5229354980
-------
timestamp=3407849873720829
iterations=671
sample_ns=100000000
window_ns=1000000000
rapl_core_sum_uj=2206014873
rapl_psys_sum_uj=0
pid=0 energy=34454448996974520 alive=1 kernel=1 cpu_ns=6890273487000000 mem=438448128 instructions=616312394904 wakeups=91848 diski=7303168 disko=13615104 rx=72211829 tx=30562749 comm=*system*
psu_energy_ac_mcp_machine=5243651245
-------
timestamp=3407850002625702
iterations=672
sample_ns=100000000
window_ns=1000000000
rapl_core_sum_uj=2211815104
rapl_psys_sum_uj=0
pid=0 energy=34454459965340065 alive=1 kernel=1 cpu_ns=6890273810000000 mem=438423552 instructions=618183068013 wakeups=92064 diski=7303168 disko=13615104 rx=72211829 tx=30562749 comm=*system*
psu_energy_ac_mcp_machine=5262842529
-------
timestamp=3407850134845185
iterations=674
sample_ns=100000000
window_ns=1000000000
rapl_core_sum_uj=2223284158
rapl_psys_sum_uj=0
pid=0 energy=34454481733781935 alive=1 kernel=1 cpu_ns=6890274444000000 mem=438448128 instructions=621902756387 wakeups=92286 diski=7303168 disko=13615104 rx=72211829 tx=30562749 comm=*system*
psu_energy_ac_mcp_machine=5276999023
-------
timestamp=3407850264447086
iterations=675
sample_ns=100000000
window_ns=1000000000
rapl_core_sum_uj=2229069253
rapl_psys_sum_uj=0
pid=0 energy=34454492622945840 alive=1 kernel=1 cpu_ns=6890274765000000 mem=438448128 instructions=623759589168 wakeups=92496 diski=7303168 disko=13615104 rx=72211829 tx=30562749 comm=*system*
psu_energy_ac_mcp_machine=5291262939
-------
timestamp=3407850393802511
iterations=676
sample_ns=100000000
window_ns=1000000000
rapl_core_sum_uj=2234844582
rapl_psys_sum_uj=0
pid=0 energy=34454503543858250 alive=1 kernel=1 cpu_ns=6890275089000000 mem=438452224 instructions=625619771650 wakeups=92701 diski=7303168 disko=13615104 rx=72211829 tx=30562749 comm=*system*
psu_energy_ac_mcp_machine=5305530396
-------
timestamp=3407850523507920
iterations=677
sample_ns=100000000
window_ns=1000000000
rapl_core_sum_uj=2240654701
rapl_psys_sum_uj=0
pid=0 energy=34454514500375520 alive=1 kernel=1 cpu_ns=6890275411000000 mem=438382592 instructions=627489075104 wakeups=92921 diski=7303168 disko=13615104 rx=72211829 tx=30562749 comm=*system*
psu_energy_ac_mcp_machine=5324714600
-------
timestamp=3407850656296295
iterations=679
sample_ns=100000000
window_ns=1000000000
rapl_core_sum_uj=2252103065
rapl_psys_sum_uj=0
pid=0 energy=34454536250137750 alive=1 kernel=1 cpu_ns=6890276045000000 mem=438456320 instructions=631205027550 wakeups=93164 diski=7303168 disko=13807616 rx=72211829 tx=30562749 comm=*system*
psu_energy_ac_mcp_machine=5338895996
-------
timestamp=3407850785571647
iterations=680
sample_ns=100000000
window_ns=1000000000
rapl_core_sum_uj=2257928809
rapl_psys_sum_uj=0
pid=0 energy=34454547177152535 alive=1 kernel=1 cpu_ns=6890276366000000 mem=438456320 instructions=633069430507 wakeups=93378 diski=7303168 disko=13807616 rx=72211829 tx=30562749 comm=*system*
psu_energy_ac_mcp_machine=5353211914
-------
timestamp=3407850915059980
iterations=681
sample_ns=100000000
window_ns=1000000000
rapl_core_sum_uj=2263733801
rapl_psys_sum_uj=0
pid=0 energy=34454558102610405 alive=1 kernel=1 cpu_ns=6890276689000000 mem=438456320 instructions=634931522081 wakeups=93590 diski=7303168 disko=13807616 rx=72211829 tx=30562749 comm=*system*
psu_energy_ac_mcp_machine=5372448975
-------
timestamp=3407851047694957
iterations=683
sample_ns=100000000
window_ns=1000000000
rapl_core_sum_uj=2275258520
rapl_psys_sum_uj=0
pid=0 energy=34454579888443100 alive=1 kernel=1 cpu_ns=6890277326000000 mem=439132160 instructions=638651688620 wakeups=93818 diski=7303168 disko=13807616 rx=72211829 tx=30562749 comm=*system*
psu_energy_ac_mcp_machine=5386591431
-------
timestamp=3407851180409260
iterations=684
sample_ns=100000000
window_ns=1000000000
rapl_core_sum_uj=2281009130
rapl_psys_sum_uj=0
pid=0 energy=34454590728977810 alive=1 kernel=1 cpu_ns=6890277647000000 mem=438456320 instructions=640498795562 wakeups=94029 diski=7303168 disko=13807616 rx=72211831 tx=30562749 comm=*system*
psu_energy_ac_mcp_machine=5400756348
-------
timestamp=3407851310025973
iterations=685
sample_ns=100000000
window_ns=1000000000
rapl_core_sum_uj=2286834386
rapl_psys_sum_uj=0
pid=0 energy=34454601663081590 alive=1 kernel=1 cpu_ns=6890277969000000 mem=438456320 instructions=642363616318 wakeups=94233 diski=7303168 disko=13807616 rx=72211831 tx=30562749 comm=*system*
psu_energy_ac_mcp_machine=5415078125
-------
timestamp=3407851439224476
iterations=686
sample_ns=100000000
window_ns=1000000000
rapl_core_sum_uj=2292633580
rapl_psys_sum_uj=0
pid=0 energy=34454612579162130 alive=1 kernel=1 cpu_ns=6890278293000000 mem=438681600 instructions=644222832426 wakeups=94452 diski=7303168 disko=13807616 rx=72211831 tx=30562749 comm=*system*
psu_energy_ac_mcp_machine=5434221069
-------
timestamp=3407851571761317
iterations=688
sample_ns=100000000
window_ns=1000000000
rapl_core_sum_uj=2304125034
rapl_psys_sum_uj=0
pid=0 energy=34454634342798865 alive=1 kernel=1 cpu_ns=6890278926000000 mem=438456320 instructions=647942559773 wakeups=94678 diski=7303168 disko=13807616 rx=72211831 tx=30562749 comm=*system*
psu_energy_ac_mcp_machine=5448385620
-------
timestamp=3407851704312179
iterations=689
sample_ns=100000000
window_ns=1000000000
rapl_core_sum_uj=2309924045
rapl_psys_sum_uj=0
pid=0 energy=34454645228808565 alive=1 kernel=1 cpu_ns=6890279250000000 mem=438456320 instructions=649795761713 wakeups=94897 diski=7303168 disko=13807616 rx=72211831 tx=30562749 comm=*system*
psu_energy_ac_mcp_machine=5462619385
-------
timestamp=3407851833620235
iterations=690
sample_ns=100000000
window_ns=1000000000
rapl_core_sum_uj=2315751254
rapl_psys_sum_uj=0
pid=0 energy=34454656144076325 alive=1 kernel=1 cpu_ns=6890279571000000 mem=438456320 instructions=651657815265 wakeups=95096 diski=7303168 disko=13807616 rx=72211831 tx=30562749 comm=*system*
psu_energy_ac_mcp_machine=5476943359
-------
timestamp=3407851962809974
iterations=691
sample_ns=100000000
window_ns=1000000000
rapl_core_sum_uj=2321578646
rapl_psys_sum_uj=0
pid=0 energy=34454667079156435 alive=1 kernel=1 cpu_ns=6890279895000000 mem=438456320 instructions=653520831287 wakeups=95309 diski=7303168 disko=13807616 rx=72211831 tx=30562749 comm=*system*
psu_energy_ac_mcp_machine=5496138916
-------
timestamp=3407852095117747
iterations=693
sample_ns=100000000
window_ns=1000000000
rapl_core_sum_uj=2333112093
rapl_psys_sum_uj=0
pid=0 energy=34454688845271915 alive=1 kernel=1 cpu_ns=6890280529000000 mem=438476800 instructions=657240054383 wakeups=95523 diski=7303168 disko=13807616 rx=72211831 tx=30562749 comm=*system*
psu_energy_ac_mcp_machine=5510270142
-------
timestamp=3407852224385865
iterations=694
sample_ns=100000000
window_ns=1000000000
rapl_core_sum_uj=2338948884
rapl_psys_sum_uj=0
pid=0 energy=34454699791759640 alive=1 kernel=1 cpu_ns=6890280852000000 mem=438476800 instructions=659106351928 wakeups=95737 diski=7303168 disko=13807616 rx=72211831 tx=30562749 comm=*system*
psu_energy_ac_mcp_machine=5524612183
-------
timestamp=3407852354311935
iterations=695
sample_ns=100000000
window_ns=1000000000
rapl_core_sum_uj=2344756196
rapl_psys_sum_uj=0
pid=0 energy=34454710718066240 alive=1 kernel=1 cpu_ns=6890281174000000 mem=438472704 instructions=660969613248 wakeups=95947 diski=7303168 disko=13807616 rx=72211831 tx=30562749 comm=*system*
psu_energy_ac_mcp_machine=5543882813
-------
timestamp=3407852488123084
iterations=696
sample_ns=100000000
window_ns=1000000000
rapl_core_sum_uj=2350611969
rapl_psys_sum_uj=0
pid=0 energy=34454721657299960 alive=1 kernel=1 cpu_ns=6890281496000000 mem=438329344 instructions=662835459992 wakeups=96164 diski=7303168 disko=13848576 rx=72211831 tx=30562749 comm=*system*
psu_energy_ac_mcp_machine=5558051270
-------
timestamp=3407852620665560
iterations=698
sample_ns=100000000
window_ns=1000000000
rapl_core_sum_uj=2362143462
rapl_psys_sum_uj=0
pid=0 energy=34454743407763955 alive=1 kernel=1 cpu_ns=6890282129000000 mem=438476800 instructions=666552552791 wakeups=96385 diski=7303168 disko=13848576 rx=72211831 tx=30562749 comm=*system*
psu_energy_ac_mcp_machine=5572312134
-------
timestamp=3407852749932655
iterations=699
sample_ns=100000000
window_ns=1000000000
rapl_core_sum_uj=2367967558
rapl_psys_sum_uj=0
pid=0 energy=34454754333110180 alive=1 kernel=1 cpu_ns=6890282453000000 mem=438476800 instructions=668413622036 wakeups=96594 diski=7303168 disko=13848576 rx=72211831 tx=30562749 comm=*system*
psu_energy_ac_mcp_machine=5586616089
-------
timestamp=3407852879151322
iterations=700
sample_ns=100000000
window_ns=1000000000
rapl_core_sum_uj=2373750639
rapl_psys_sum_uj=0
pid=0 energy=34454765246214015 alive=1 kernel=1 cpu_ns=6890282775000000 mem=438480896 instructions=670274242803 wakeups=96803 diski=7303168 disko=13848576 rx=72211831 tx=30562749 comm=*system*
psu_energy_ac_mcp_machine=5605803467
-------
timestamp=3407853011992416
iterations=701
sample_ns=100000000
window_ns=1000000000
rapl_core_sum_uj=2379592252
rapl_psys_sum_uj=0
pid=0 energy=34454776215655430 alive=1 kernel=1 cpu_ns=6890283098000000 mem=438452224 instructions=672145131086 wakeups=97023 diski=7303168 disko=13848576 rx=72211831 tx=30562749 comm=*system*
psu_energy_ac_mcp_machine=5619927124
-------
timestamp=3407853143977058
iterations=703
sample_ns=100000000
window_ns=1000000000
rapl_core_sum_uj=2391410610
rapl_psys_sum_uj=0
pid=0 energy=34454797996576575 alive=1 kernel=1 cpu_ns=6890283734000000 mem=438480896 instructions=675865315315 wakeups=97239 diski=7303168 disko=13848576 rx=72211833 tx=30562749 comm=*system*
psu_energy_ac_mcp_machine=5634646973
-------
timestamp=3407853273383376
iterations=704
sample_ns=100000000
window_ns=1000000000
rapl_core_sum_uj=2397223842
rapl_psys_sum_uj=0
pid=0 energy=34454808895597515 alive=1 kernel=1 cpu_ns=6890284057000000 mem=438484992 instructions=677722119503 wakeups=97453 diski=7303168 disko=13864960 rx=72211833 tx=30562749 comm=*system*
psu_energy_ac_mcp_machine=5648952271
-------
timestamp=3407853403262187
iterations=705
sample_ns=100000000
window_ns=1000000000
rapl_core_sum_uj=2403083461
rapl_psys_sum_uj=0
pid=0 energy=34454819832685300 alive=1 kernel=1 cpu_ns=6890284378000000 mem=438484992 instructions=679588537060 wakeups=97661 diski=7303168 disko=13864960 rx=72211833 tx=30562749 comm=*system*
psu_energy_ac_mcp_machine=5668156860
-------
timestamp=3407853535876029
iterations=706
sample_ns=100000000
window_ns=1000000000
rapl_core_sum_uj=2408925440
rapl_psys_sum_uj=0
pid=0 energy=34454830786468280 alive=1 kernel=1 cpu_ns=6890284700000000 mem=438456320 instructions=681457293656 wakeups=97867 diski=7303168 disko=13864960 rx=72211833 tx=30562749 comm=*system*
psu_energy_ac_mcp_machine=5682324707
-------
timestamp=3407853666111771
iterations=708
sample_ns=100000000
window_ns=1000000000
rapl_core_sum_uj=2420457238
rapl_psys_sum_uj=0
pid=0 energy=34454852548348160 alive=1 kernel=1 cpu_ns=6890285333000000 mem=438493184 instructions=685176669632 wakeups=98093 diski=7303168 disko=13864960 rx=72211833 tx=30562749 comm=*system*
psu_energy_ac_mcp_machine=5696671997
-------
timestamp=3407853795503477
iterations=709
sample_ns=100000000
window_ns=1000000000
rapl_core_sum_uj=2426274925
rapl_psys_sum_uj=0
pid=0 energy=34454863452915570 alive=1 kernel=1 cpu_ns=6890285654000000 mem=438493184 instructions=687036583114 wakeups=98306 diski=7303168 disko=13864960 rx=72211833 tx=30562749 comm=*system*
psu_energy_ac_mcp_machine=5715914063
-------
timestamp=3407853928506375
iterations=710
sample_ns=100000000
window_ns=1000000000
rapl_core_sum_uj=2432074607
rapl_psys_sum_uj=0
pid=0 energy=34454874345820415 alive=1 kernel=1 cpu_ns=6890285976000000 mem=438489088 instructions=688893164083 wakeups=98527 diski=7303168 disko=13864960 rx=72211833 tx=30562749 comm=*system*
psu_energy_ac_mcp_machine=5730034668
-------
timestamp=3407854061507821
iterations=712
sample_ns=100000000
window_ns=1000000000
rapl_core_sum_uj=2443618490
rapl_psys_sum_uj=0
pid=0 energy=34454896211412040 alive=1 kernel=1 cpu_ns=6890286620000000 mem=439595008 instructions=692622282408 wakeups=98765 diski=7303168 disko=13864960 rx=72211833 tx=30562749 comm=*system*
psu_energy_ac_mcp_machine=5744196533
-------
timestamp=3407854190618486
iterations=713
sample_ns=100000000
window_ns=1000000000
rapl_core_sum_uj=2449393087
rapl_psys_sum_uj=0
pid=0 energy=34454907014997165 alive=1 kernel=1 cpu_ns=6890286933000000 mem=438259712 instructions=694469999433 wakeups=98949 diski=7303168 disko=13864960 rx=72211833 tx=30562749 comm=*system*
psu_energy_ac_mcp_machine=5758525391
-------
timestamp=3407854319804445
iterations=714
sample_ns=100000000
window_ns=1000000000
rapl_core_sum_uj=2455198140
rapl_psys_sum_uj=0
pid=0 energy=34454917924165745 alive=1 kernel=1 cpu_ns=6890287255000000 mem=438546432 instructions=696329833149 wakeups=99157 diski=7303168 disko=13864960 rx=72211833 tx=30562749 comm=*system*
psu_energy_ac_mcp_machine=5777718384
-------
timestamp=3407854452491969
iterations=715
sample_ns=100000000
window_ns=1000000000
rapl_core_sum_uj=2461032917
rapl_psys_sum_uj=0
pid=0 energy=34454928861480680 alive=1 kernel=1 cpu_ns=6890287578000000 mem=438534144 instructions=698194296136 wakeups=99365 diski=7303168 disko=13864960 rx=72211833 tx=30562749 comm=*system*
psu_energy_ac_mcp_machine=5791863525
-------
timestamp=3407854585352805
iterations=717
sample_ns=100000000
window_ns=1000000000
rapl_core_sum_uj=2472646807
rapl_psys_sum_uj=0
pid=0 energy=34454950780032515 alive=1 kernel=1 cpu_ns=6890288220000000 mem=439046144 instructions=701936006503 wakeups=99597 diski=7303168 disko=13864960 rx=72211833 tx=30562749 comm=*system*
psu_energy_ac_mcp_machine=5806123413
-------
timestamp=3407854714719355
iterations=718
sample_ns=100000000
window_ns=1000000000
rapl_core_sum_uj=2478412126
rapl_psys_sum_uj=0
pid=0 energy=34454961532734365 alive=1 kernel=1 cpu_ns=6890288536000000 mem=438386688 instructions=703770546873 wakeups=99809 diski=7303168 disko=13864960 rx=72211833 tx=30562749 comm=*system*
psu_energy_ac_mcp_machine=5820456421
-------
timestamp=3407854843884397
iterations=719
sample_ns=100000000
window_ns=1000000000
rapl_core_sum_uj=2484242265
rapl_psys_sum_uj=0
pid=0 energy=34454972453494225 alive=1 kernel=1 cpu_ns=6890288859000000 mem=438276096 instructions=705631698845 wakeups=100017 diski=7303168 disko=13864960 rx=72211833 tx=30562749 comm=*system*
psu_energy_ac_mcp_machine=5839608276
-------
timestamp=3407854976084123
iterations=720
sample_ns=100000000
window_ns=1000000000
rapl_core_sum_uj=2490068131
rapl_psys_sum_uj=0
pid=0 energy=34454983389859580 alive=1 kernel=1 cpu_ns=6890289180000000 mem=438501376 instructions=707497971916 wakeups=100230 diski=7303168 disko=13864960 rx=72211833 tx=30562749 comm=*system*
psu_energy_ac_mcp_machine=5853745361
-------
timestamp=3407855105529270
iterations=722
sample_ns=100000000
window_ns=1000000000
rapl_core_sum_uj=2501570206
rapl_psys_sum_uj=0
pid=0 energy=34455005134988785 alive=1 kernel=1 cpu_ns=6890289817000000 mem=438730752 instructions=711209997757 wakeups=100459 diski=7303168 disko=13864960 rx=72211833 tx=30562749 comm=*system*
psu_energy_ac_mcp_machine=5868013550
-------
timestamp=3407855234616491
iterations=723
sample_ns=100000000
window_ns=1000000000
rapl_core_sum_uj=2507388077
rapl_psys_sum_uj=0
pid=0 energy=34455016051738380 alive=1 kernel=1 cpu_ns=6890290136000000 mem=438509568 instructions=713074347676 wakeups=100663 diski=7303168 disko=13864960 rx=72211835 tx=30562749 comm=*system*
psu_energy_ac_mcp_machine=5882354370
-------
timestamp=3407855363666282
iterations=724
sample_ns=100000000
window_ns=1000000000
rapl_core_sum_uj=2513239151
rapl_psys_sum_uj=0
pid=0 energy=34455026973514820 alive=1 kernel=1 cpu_ns=6890290458000000 mem=438505472 instructions=714936702964 wakeups=100880 diski=7303168 disko=13864960 rx=72211835 tx=30562749 comm=*system*
psu_energy_ac_mcp_machine=5901565430
-------
timestamp=3407855496232507
iterations=725
sample_ns=100000000
window_ns=1000000000
rapl_core_sum_uj=2519065261
rapl_psys_sum_uj=0
pid=0 energy=34455037873402460 alive=1 kernel=1 cpu_ns=6890290781000000 mem=438505472 instructions=716793680492 wakeups=101087 diski=7303168 disko=13864960 rx=72211835 tx=30562749 comm=*system*
psu_energy_ac_mcp_machine=5915712646
-------
timestamp=3407855625527509
iterations=727
sample_ns=100000000
window_ns=1000000000
rapl_core_sum_uj=2530609144
rapl_psys_sum_uj=0
pid=0 energy=34455059696077910 alive=1 kernel=1 cpu_ns=6890291420000000 mem=438960128 instructions=720519215582 wakeups=101328 diski=7303168 disko=13864960 rx=72211836 tx=30562750 comm=*system*
psu_energy_ac_mcp_machine=5929991089
-------
timestamp=3407855754548993
iterations=728
sample_ns=100000000
window_ns=1000000000
rapl_core_sum_uj=2536432935
rapl_psys_sum_uj=0
pid=0 energy=34455070585265880 alive=1 kernel=1 cpu_ns=6890291739000000 mem=438509568 instructions=722378053176 wakeups=101547 diski=7303168 disko=13889536 rx=72211837 tx=30562750 comm=*system*
psu_energy_ac_mcp_machine=5944343384
-------
timestamp=3407855883854074
iterations=729
sample_ns=100000000
window_ns=1000000000
rapl_core_sum_uj=2542283337
rapl_psys_sum_uj=0
pid=0 energy=34455081545170435 alive=1 kernel=1 cpu_ns=6890292063000000 mem=438509568 instructions=724246034087 wakeups=101756 diski=7303168 disko=13889536 rx=72211837 tx=30562750 comm=*system*
psu_energy_ac_mcp_machine=5963533447
-------
timestamp=3407856016725212
iterations=730
sample_ns=100000000
window_ns=1000000000
rapl_core_sum_uj=2548137646
rapl_psys_sum_uj=0
pid=0 energy=34455092480235945 alive=1 kernel=1 cpu_ns=6890292385000000 mem=438431744 instructions=726111047189 wakeups=101973 diski=7303168 disko=13889536 rx=72211837 tx=30562750 comm=*system*
psu_energy_ac_mcp_machine=5977685059
-------
timestamp=3407856146098192
iterations=732
sample_ns=100000000
window_ns=1000000000
rapl_core_sum_uj=2559732677
rapl_psys_sum_uj=0
pid=0 energy=34455114434870905 alive=1 kernel=1 cpu_ns=6890293029000000 mem=438923264 instructions=729857974181 wakeups=102199 diski=7303168 disko=13889536 rx=72211837 tx=30562750 comm=*system*
psu_energy_ac_mcp_machine=5991963135
-------
timestamp=3407856275350235
iterations=733
sample_ns=100000000
window_ns=1000000000
rapl_core_sum_uj=2565468028
rapl_psys_sum_uj=0
pid=0 energy=34455125223152655 alive=1 kernel=1 cpu_ns=6890293345000000 mem=438497280 instructions=731699630531 wakeups=102409 diski=7303168 disko=13889536 rx=72211837 tx=30562750 comm=*system*
psu_energy_ac_mcp_machine=6006278564
-------
timestamp=3407856404852788
iterations=734
sample_ns=100000000
window_ns=1000000000
rapl_core_sum_uj=2571300974
rapl_psys_sum_uj=0
pid=0 energy=34455136132235500 alive=1 kernel=1 cpu_ns=6890293666000000 mem=438411264 instructions=733560447100 wakeups=102618 diski=7303168 disko=13889536 rx=72211837 tx=30562750 comm=*system*
psu_energy_ac_mcp_machine=6025475220
-------
timestamp=3407856537523443
iterations=735
sample_ns=100000000
window_ns=1000000000
rapl_core_sum_uj=2577097604
rapl_psys_sum_uj=0
pid=0 energy=34455147044187695 alive=1 kernel=1 cpu_ns=6890293988000000 mem=438669312 instructions=735420837539 wakeups=102823 diski=7303168 disko=13889536 rx=72211837 tx=30562750 comm=*system*
psu_energy_ac_mcp_machine=6039596558
-------
timestamp=3407856667212893
iterations=737
sample_ns=100000000
window_ns=1000000000
rapl_core_sum_uj=2588919319
rapl_psys_sum_uj=0
pid=0 energy=34455169733754020 alive=1 kernel=1 cpu_ns=6890294647000000 mem=438878208 instructions=739299750804 wakeups=103107 diski=7303168 disko=13889536 rx=72211841 tx=30562755 comm=*system*
psu_energy_ac_mcp_machine=6054186890
-------
timestamp=3407856798145909
iterations=738
sample_ns=100000000
window_ns=1000000000
rapl_core_sum_uj=2595993476
rapl_psys_sum_uj=0
pid=0 energy=34455184468826610 alive=1 kernel=1 cpu_ns=6890295072000000 mem=438841344 instructions=741821765322 wakeups=103316 diski=7303168 disko=13889536 rx=72211841 tx=30562755 comm=*system*
psu_energy_ac_mcp_machine=6076335205
-------
timestamp=3407856931619567
iterations=739
sample_ns=100000000
window_ns=1000000000
rapl_core_sum_uj=2603086371
rapl_psys_sum_uj=0
pid=0 energy=34455199236187560 alive=1 kernel=1 cpu_ns=6890295498000000 mem=439386112 instructions=744349237512 wakeups=103533 diski=7303168 disko=13889536 rx=72211841 tx=30562755 comm=*system*
psu_energy_ac_mcp_machine=6092792114
-------
timestamp=3407857064350193
iterations=740
sample_ns=100000000
window_ns=1000000000
rapl_core_sum_uj=2610203619
rapl_psys_sum_uj=0
pid=0 energy=34455214036141705 alive=1 kernel=1 cpu_ns=6890295926000000 mem=439218176 instructions=746881228341 wakeups=103752 diski=7303168 disko=13889536 rx=72211841 tx=30562755 comm=*system*
psu_energy_ac_mcp_machine=6109251343
-------
timestamp=3407857193678786
iterations=742
sample_ns=100000000
window_ns=1000000000
rapl_core_sum_uj=2624483403
rapl_psys_sum_uj=0
pid=0 energy=34455243730444305 alive=1 kernel=1 cpu_ns=6890296769000000 mem=439246848 instructions=751977088861 wakeups=103974 diski=7303168 disko=13889536 rx=72211843 tx=30562755 comm=*system*
psu_energy_ac_mcp_machine=6125788330
-------
timestamp=3407857323569414
iterations=743
sample_ns=100000000
window_ns=1000000000
rapl_core_sum_uj=2631654789
rapl_psys_sum_uj=0
pid=0 energy=34455258511256415 alive=1 kernel=1 cpu_ns=6890297196000000 mem=439316480 instructions=754506251283 wakeups=104198 diski=7303168 disko=13889536 rx=72211843 tx=30562755 comm=*system*
psu_energy_ac_mcp_machine=6147919189
-------
timestamp=3407857457529852
iterations=744
sample_ns=100000000
window_ns=1000000000
rapl_core_sum_uj=2638790592
rapl_psys_sum_uj=0
pid=0 energy=34455273247162980 alive=1 kernel=1 cpu_ns=6890297623000000 mem=439345152 instructions=757026432596 wakeups=104411 diski=7303168 disko=13889536 rx=72211843 tx=30562755 comm=*system*
psu_energy_ac_mcp_machine=6164304199
-------
timestamp=3407857587500319
iterations=745
sample_ns=100000000
window_ns=1000000000
rapl_core_sum_uj=2645951175
rapl_psys_sum_uj=0
pid=0 energy=34455288030578670 alive=1 kernel=1 cpu_ns=6890298050000000 mem=439345152 instructions=759556115734 wakeups=104633 diski=7303168 disko=13930496 rx=72211843 tx=30562755 comm=*system*
psu_energy_ac_mcp_machine=6180795898
-------
timestamp=3407857717585292
iterations=747
sample_ns=100000000
window_ns=1000000000
rapl_core_sum_uj=2660177737
rapl_psys_sum_uj=0
pid=0 energy=34455317653989350 alive=1 kernel=1 cpu_ns=6890298893000000 mem=439173120 instructions=764637797870 wakeups=104869 diski=7303168 disko=13930496 rx=72211843 tx=30562755 comm=*system*
psu_energy_ac_mcp_machine=6202925171
-------
timestamp=3407857850478138
iterations=748
sample_ns=100000000
window_ns=1000000000
rapl_core_sum_uj=2667282351
rapl_psys_sum_uj=0
pid=0 energy=34455332367358180 alive=1 kernel=1 cpu_ns=6890299317000000 mem=439205888 instructions=767156471636 wakeups=105082 diski=7303168 disko=13930496 rx=72211843 tx=30562755 comm=*system*
psu_energy_ac_mcp_machine=6219411499
-------
timestamp=3407857982975561
iterations=749
sample_ns=100000000
window_ns=1000000000
rapl_core_sum_uj=2674415773
rapl_psys_sum_uj=0
pid=0 energy=34455347115708885 alive=1 kernel=1 cpu_ns=6890299742000000 mem=439398400 instructions=769681141777 wakeups=105300 diski=7303168 disko=13930496 rx=72211843 tx=30562755 comm=*system*
psu_energy_ac_mcp_machine=6235841187
-------
timestamp=3407858112635584
iterations=750
sample_ns=100000000
window_ns=1000000000
rapl_core_sum_uj=2681564881
rapl_psys_sum_uj=0
pid=0 energy=34455361925516305 alive=1 kernel=1 cpu_ns=6890300168000000 mem=439173120 instructions=772217103261 wakeups=105519 diski=7303168 disko=13930496 rx=72211843 tx=30562755 comm=*system*
psu_energy_ac_mcp_machine=6252374634
-------
timestamp=3407858242633065
iterations=752
sample_ns=100000000
window_ns=1000000000
rapl_core_sum_uj=2695781555
rapl_psys_sum_uj=0
pid=0 energy=34455391525447505 alive=1 kernel=1 cpu_ns=6890301012000000 mem=439406592 instructions=777293089501 wakeups=105745 diski=7303168 disko=13930496 rx=72211843 tx=30562755 comm=*system*
psu_energy_ac_mcp_machine=6274522827
-------
timestamp=3407858375385075
iterations=753
sample_ns=100000000
window_ns=1000000000
rapl_core_sum_uj=2702928100
rapl_psys_sum_uj=0
pid=0 energy=34455406278164505 alive=1 kernel=1 cpu_ns=6890301440000000 mem=439406592 instructions=779815632901 wakeups=105959 diski=7303168 disko=13930496 rx=72211843 tx=30562755 comm=*system*
psu_energy_ac_mcp_machine=6290955811
-------
timestamp=3407858506167070
iterations=754
sample_ns=100000000
window_ns=1000000000
rapl_core_sum_uj=2710058532
rapl_psys_sum_uj=0
pid=0 energy=34455421037803160 alive=1 kernel=1 cpu_ns=6890301866000000 mem=439402496 instructions=782341560632 wakeups=106175 diski=7303168 disko=13930496 rx=72211843 tx=30562755 comm=*system*
psu_energy_ac_mcp_machine=6307445068
-------
timestamp=3407858635964109
iterations=755
sample_ns=100000000
window_ns=1000000000
rapl_core_sum_uj=2717213622
rapl_psys_sum_uj=0
pid=0 energy=34455435858509545 alive=1 kernel=1 cpu_ns=6890302292000000 mem=439177216 instructions=784879701909 wakeups=106389 diski=7303168 disko=13930496 rx=72211843 tx=30562755 comm=*system*
psu_energy_ac_mcp_machine=6323984497
-------
timestamp=3407858765598394
iterations=757
sample_ns=100000000
window_ns=1000000000
rapl_core_sum_uj=2731526426
rapl_psys_sum_uj=0
pid=0 energy=34455465588486900 alive=1 kernel=1 cpu_ns=6890303138000000 mem=439406592 instructions=789979697380 wakeups=106624 diski=7303168 disko=13930496 rx=72211843 tx=30562755 comm=*system*
psu_energy_ac_mcp_machine=6346179321
-------
timestamp=3407858899238897
iterations=758
sample_ns=100000000
window_ns=1000000000
rapl_core_sum_uj=2738581540
rapl_psys_sum_uj=0
pid=0 energy=34455480224479560 alive=1 kernel=1 cpu_ns=6890303561000000 mem=439406592 instructions=792483895912 wakeups=106849 diski=7303168 disko=13955072 rx=72211843 tx=30562755 comm=*system*
psu_energy_ac_mcp_machine=6362588135
-------
timestamp=3407859029078468
iterations=759
sample_ns=100000000
window_ns=1000000000
rapl_core_sum_uj=2745705380
rapl_psys_sum_uj=0
pid=0 energy=34455494983178340 alive=1 kernel=1 cpu_ns=6890303989000000 mem=439218176 instructions=795007635668 wakeups=107067 diski=7303168 disko=13955072 rx=72211843 tx=30562755 comm=*system*
psu_energy_ac_mcp_machine=6379112793
-------
timestamp=3407859158926941
iterations=761
sample_ns=100000000
window_ns=1000000000
rapl_core_sum_uj=2760031124
rapl_psys_sum_uj=0
pid=0 energy=34455524787800490 alive=1 kernel=1 cpu_ns=6890304836000000 mem=440377344 instructions=800121560098 wakeups=107310 diski=7303168 disko=13955072 rx=72211845 tx=30562755 comm=*system*
psu_energy_ac_mcp_machine=6401309692
-------
timestamp=3407859292349400
iterations=762
sample_ns=100000000
window_ns=1000000000
rapl_core_sum_uj=2767106929
rapl_psys_sum_uj=0
pid=0 energy=34455539408440760 alive=1 kernel=1 cpu_ns=6890305256000000 mem=439443456 instructions=802625688152 wakeups=107514 diski=7303168 disko=13955072 rx=72211845 tx=30562755 comm=*system*
psu_energy_ac_mcp_machine=6417791748
-------
timestamp=3407859424946118
iterations=763
sample_ns=100000000
window_ns=1000000000
rapl_core_sum_uj=2774210566
rapl_psys_sum_uj=0
pid=0 energy=34455554113331540 alive=1 kernel=1 cpu_ns=6890305683000000 mem=439242752 instructions=805139666308 wakeups=107729 diski=7303168 disko=13955072 rx=72211845 tx=30562755 comm=*system*
psu_energy_ac_mcp_machine=6434227295
-------
timestamp=3407859554551838
iterations=764
sample_ns=100000000
window_ns=1000000000
rapl_core_sum_uj=2781334955
rapl_psys_sum_uj=0
pid=0 energy=34455568854308270 alive=1 kernel=1 cpu_ns=6890306108000000 mem=439263232 instructions=807662861654 wakeups=107941 diski=7303168 disko=13955072 rx=72211845 tx=30562755 comm=*system*
psu_energy_ac_mcp_machine=6450764404
-------
timestamp=3407859684399767
iterations=766
sample_ns=100000000
window_ns=1000000000
rapl_core_sum_uj=2795557793
rapl_psys_sum_uj=0
pid=0 energy=34455598462631400 alive=1 kernel=1 cpu_ns=6890306953000000 mem=439287808 instructions=812739526280 wakeups=108173 diski=7303168 disko=13955072 rx=72211845 tx=30562755 comm=*system*
psu_energy_ac_mcp_machine=6472942383
-------
timestamp=3407859817745418
iterations=767
sample_ns=100000000
window_ns=1000000000
rapl_core_sum_uj=2802650566
rapl_psys_sum_uj=0
pid=0 energy=34455613158768165 alive=1 kernel=1 cpu_ns=6890307376000000 mem=439328768 instructions=815255753633 wakeups=108390 diski=7303168 disko=13955072 rx=72211845 tx=30562755 comm=*system*
psu_energy_ac_mcp_machine=6489327271
-------
timestamp=3407859947560478
iterations=768
sample_ns=100000000
window_ns=1000000000
rapl_core_sum_uj=2809763603
rapl_psys_sum_uj=0
pid=0 energy=34455627934425325 alive=1 kernel=1 cpu_ns=6890307806000000 mem=439418880 instructions=817780885065 wakeups=108603 diski=7303168 disko=13955072 rx=72211845 tx=30562755 comm=*system*
psu_energy_ac_mcp_machine=6505857422
-------
timestamp=3407860076981122
iterations=769
sample_ns=100000000
window_ns=1000000000
rapl_core_sum_uj=2816871085
rapl_psys_sum_uj=0
pid=0 energy=34455642675946375 alive=1 kernel=1 cpu_ns=6890308234000000 mem=439242752 instructions=820301189275 wakeups=108820 diski=7303168 disko=13955072 rx=72211845 tx=30562755 comm=*system*
psu_energy_ac_mcp_machine=6522401123
-------
timestamp=3407860206550812
iterations=771
sample_ns=100000000
window_ns=1000000000
rapl_core_sum_uj=2831109670
rapl_psys_sum_uj=0
pid=0 energy=34455672277449670 alive=1 kernel=1 cpu_ns=6890309076000000 mem=439427072 instructions=825379489934 wakeups=109039 diski=7303168 disko=13955072 rx=72211845 tx=30562755 comm=*system*
psu_energy_ac_mcp_machine=6544619385
-------
timestamp=3407860339627493
iterations=772
sample_ns=100000000
window_ns=1000000000
rapl_core_sum_uj=2838199086
rapl_psys_sum_uj=0
pid=0 energy=34455687017769980 alive=1 kernel=1 cpu_ns=6890309503000000 mem=439422976 instructions=827900553996 wakeups=109256 diski=7303168 disko=13955072 rx=72211845 tx=30562755 comm=*system*
psu_energy_ac_mcp_machine=6561015991
-------
timestamp=3407860469559513
iterations=773
sample_ns=100000000
window_ns=1000000000
rapl_core_sum_uj=2845303089
rapl_psys_sum_uj=0
pid=0 energy=34455701758734900 alive=1 kernel=1 cpu_ns=6890309930000000 mem=439427072 instructions=830421746980 wakeups=109481 diski=7303168 disko=13955072 rx=72211845 tx=30562755 comm=*system*
psu_energy_ac_mcp_machine=6577565918
-------
timestamp=3407860599525455
iterations=774
sample_ns=100000000
window_ns=1000000000
rapl_core_sum_uj=2852401050
rapl_psys_sum_uj=0
pid=0 energy=34455716453280415 alive=1 kernel=1 cpu_ns=6890310356000000 mem=439226368 instructions=832934656083 wakeups=109696 diski=7303168 disko=13955072 rx=72211845 tx=30562755 comm=*system*
psu_energy_ac_mcp_machine=6599719849
-------
timestamp=3407860732904766
iterations=776
sample_ns=100000000
window_ns=1000000000
rapl_core_sum_uj=2866625414
rapl_psys_sum_uj=0
pid=0 energy=34455745946878725 alive=1 kernel=1 cpu_ns=6890311197000000 mem=439439360 instructions=837992375745 wakeups=109924 diski=7303168 disko=13955072 rx=72211845 tx=30562755 comm=*system*
psu_energy_ac_mcp_machine=6616218750
-------
timestamp=3407860865651640
iterations=777
sample_ns=100000000
window_ns=1000000000
rapl_core_sum_uj=2873726427
rapl_psys_sum_uj=0
pid=0 energy=34455760682984740 alive=1 kernel=1 cpu_ns=6890311623000000 mem=439439360 instructions=840513596948 wakeups=110137 diski=7303168 disko=13955072 rx=72211845 tx=30562755 comm=*system*
psu_energy_ac_mcp_machine=6632663696
-------
timestamp=3407860995722381
iterations=778
sample_ns=100000000
window_ns=1000000000
rapl_core_sum_uj=2880804002
rapl_psys_sum_uj=0
pid=0 energy=34455775394377820 alive=1 kernel=1 cpu_ns=6890312049000000 mem=439439360 instructions=843029875564 wakeups=110359 diski=7303168 disko=13955072 rx=72211845 tx=30562755 comm=*system*
psu_energy_ac_mcp_machine=6649196655
-------
timestamp=3407861125423982
iterations=779
sample_ns=100000000
window_ns=1000000000
rapl_core_sum_uj=2887926621
rapl_psys_sum_uj=0
pid=0 energy=34455790164137530 alive=1 kernel=1 cpu_ns=6890312480000000 mem=439214080 instructions=845552827506 wakeups=110570 diski=7303168 disko=13955072 rx=72211845 tx=30562755 comm=*system*
psu_energy_ac_mcp_machine=6671374512
-------
timestamp=3407861258580985
iterations=781
sample_ns=100000000
window_ns=1000000000
rapl_core_sum_uj=2902126571
rapl_psys_sum_uj=0
pid=0 energy=34455819698071170 alive=1 kernel=1 cpu_ns=6890313321000000 mem=439443456 instructions=850618614234 wakeups=110794 diski=7303168 disko=13955072 rx=72211847 tx=30562755 comm=*system*
psu_energy_ac_mcp_machine=6687768188
-------
timestamp=3407861388469727
iterations=782
sample_ns=100000000
window_ns=1000000000
rapl_core_sum_uj=2909247542
rapl_psys_sum_uj=0
pid=0 energy=34455834428342055 alive=1 kernel=1 cpu_ns=6890313750000000 mem=439439360 instructions=853135668411 wakeups=111003 diski=7303168 disko=13955072 rx=72211847 tx=30562755 comm=*system*
psu_energy_ac_mcp_machine=6704301270
-------
timestamp=3407861518313982
iterations=783
sample_ns=100000000
window_ns=1000000000
rapl_core_sum_uj=2916331038
rapl_psys_sum_uj=0
pid=0 energy=34455849142858765 alive=1 kernel=1 cpu_ns=6890314176000000 mem=439439360 instructions=855652571753 wakeups=111218 diski=7303168 disko=13955072 rx=72211847 tx=30562755 comm=*system*
psu_energy_ac_mcp_machine=6726410156
-------
timestamp=3407861651628907
iterations=784
sample_ns=100000000
window_ns=1000000000
rapl_core_sum_uj=2923441145
rapl_psys_sum_uj=0
pid=0 energy=34455863874845760 alive=1 kernel=1 cpu_ns=6890314602000000 mem=439414784 instructions=858172969152 wakeups=111430 diski=7303168 disko=13955072 rx=72211847 tx=30562755 comm=*system*
psu_energy_ac_mcp_machine=6742907959
-------
timestamp=3407861784355592
iterations=786
sample_ns=100000000
window_ns=1000000000
rapl_core_sum_uj=2937649213
rapl_psys_sum_uj=0
pid=0 energy=34455893349359370 alive=1 kernel=1 cpu_ns=6890315445000000 mem=439443456 instructions=863224871874 wakeups=111668 diski=7303168 disko=13955072 rx=72211847 tx=30562755 comm=*system*
psu_energy_ac_mcp_machine=6759311279
-------
timestamp=3407861914300725
iterations=787
sample_ns=100000000
window_ns=1000000000
rapl_core_sum_uj=2944787457
rapl_psys_sum_uj=0
pid=0 energy=34455908048078345 alive=1 kernel=1 cpu_ns=6890315870000000 mem=439443456 instructions=865739615669 wakeups=111883 diski=7303168 disko=13955072 rx=72211847 tx=30562755 comm=*system*
psu_energy_ac_mcp_machine=6775799805
-------
timestamp=3407862043704984
iterations=788
sample_ns=100000000
window_ns=1000000000
rapl_core_sum_uj=2951914104
rapl_psys_sum_uj=0
pid=0 energy=34455922729256350 alive=1 kernel=1 cpu_ns=6890316294000000 mem=439332864 instructions=868251851270 wakeups=112104 diski=7303168 disko=13955072 rx=72211847 tx=30562755 comm=*system*
psu_energy_ac_mcp_machine=6797884277
-------
timestamp=3407862176597122
iterations=790
sample_ns=100000000
window_ns=1000000000
rapl_core_sum_uj=2966149211
rapl_psys_sum_uj=0
pid=0 energy=34455952313379580 alive=1 kernel=1 cpu_ns=6890317142000000 mem=439971840 instructions=873320675916 wakeups=112332 diski=7303168 disko=13955072 rx=72211847 tx=30562755 comm=*system*
psu_energy_ac_mcp_machine=6814235840
-------
timestamp=3407862307540741
iterations=791
sample_ns=100000000
window_ns=1000000000
rapl_core_sum_uj=2973246623
rapl_psys_sum_uj=0
pid=0 energy=34455966980947375 alive=1 kernel=1 cpu_ns=6890317565000000 mem=439459840 instructions=875831189475 wakeups=112538 diski=7303168 disko=13955072 rx=72211847 tx=30562755 comm=*system*
psu_energy_ac_mcp_machine=6830722656
-------
timestamp=3407862437572272
iterations=792
sample_ns=100000000
window_ns=1000000000
rapl_core_sum_uj=2980387186
rapl_psys_sum_uj=0
pid=0 energy=34455981668743885 alive=1 kernel=1 cpu_ns=6890317992000000 mem=439431168 instructions=878341748777 wakeups=112757 diski=7303168 disko=13955072 rx=72211847 tx=30562755 comm=*system*
psu_energy_ac_mcp_machine=6847216675
-------
timestamp=3407862567592533
iterations=793
sample_ns=100000000
window_ns=1000000000
rapl_core_sum_uj=2987474466
rapl_psys_sum_uj=0
pid=0 energy=34455996376588100 alive=1 kernel=1 cpu_ns=6890318417000000 mem=439398400 instructions=880858317620 wakeups=112972 diski=7303168 disko=13955072 rx=72211847 tx=30562755 comm=*system*
psu_energy_ac_mcp_machine=6869324097
-------
timestamp=3407862700534481
iterations=795
sample_ns=100000000
window_ns=1000000000
rapl_core_sum_uj=3001699685
rapl_psys_sum_uj=0
pid=0 energy=34456025829182340 alive=1 kernel=1 cpu_ns=6890319261000000 mem=439570432 instructions=885904836468 wakeups=113210 diski=7303168 disko=13987840 rx=72211847 tx=30562755 comm=*system*
psu_energy_ac_mcp_machine=6885692261
-------
timestamp=3407862830465326
iterations=796
sample_ns=100000000
window_ns=1000000000
rapl_core_sum_uj=3008846413
rapl_psys_sum_uj=0
pid=0 energy=34456040489510690 alive=1 kernel=1 cpu_ns=6890319687000000 mem=439533568 instructions=888410902138 wakeups=113422 diski=7303168 disko=13987840 rx=72211847 tx=30562755 comm=*system*
psu_energy_ac_mcp_machine=6902231201
-------
timestamp=3407862959798281
iterations=797
sample_ns=100000000
window_ns=1000000000
rapl_core_sum_uj=3015990822
rapl_psys_sum_uj=0
pid=0 energy=34456055188727275 alive=1 kernel=1 cpu_ns=6890320113000000 mem=439459840 instructions=890924745455 wakeups=113643 diski=7303168 disko=13987840 rx=72211847 tx=30562755 comm=*system*
psu_energy_ac_mcp_machine=6924394043
-------
timestamp=3407863091950165
iterations=798
sample_ns=100000000
window_ns=1000000000
rapl_core_sum_uj=3023116005
rapl_psys_sum_uj=0
pid=0 energy=34456069890687980 alive=1 kernel=1 cpu_ns=6890320540000000 mem=439459840 instructions=893438137596 wakeups=113857 diski=7303168 disko=13987840 rx=72211847 tx=30562755 comm=*system*
psu_energy_ac_mcp_machine=6940904175
-------
timestamp=3407863225024071
iterations=800
sample_ns=100000000
window_ns=1000000000
rapl_core_sum_uj=3037332007
rapl_psys_sum_uj=0
pid=0 energy=34456099341234480 alive=1 kernel=1 cpu_ns=6890321380000000 mem=439459840 instructions=898488246896 wakeups=114081 diski=7303168 disko=13987840 rx=72211849 tx=30562755 comm=*system*
psu_energy_ac_mcp_machine=6957352417
-------
timestamp=3407863354586915
iterations=801
sample_ns=100000000
window_ns=1000000000
rapl_core_sum_uj=3044444799
rapl_psys_sum_uj=0
pid=0 energy=34456114045757840 alive=1 kernel=1 cpu_ns=6890321807000000 mem=439463936 instructions=901002151568 wakeups=114289 diski=7303168 disko=13987840 rx=72211849 tx=30562755 comm=*system*
psu_energy_ac_mcp_machine=6973906982
-------
timestamp=3407863484346858
iterations=802
sample_ns=100000000
window_ns=1000000000
rapl_core_sum_uj=3051569554
rapl_psys_sum_uj=0
pid=0 energy=34456128764592605 alive=1 kernel=1 cpu_ns=6890322236000000 mem=439463936 instructions=903516918521 wakeups=114509 diski=7303168 disko=13987840 rx=72211849 tx=30562755 comm=*system*
psu_energy_ac_mcp_machine=6996059448
-------
timestamp=3407863617268802
iterations=803
sample_ns=100000000
window_ns=1000000000
rapl_core_sum_uj=3058719212
rapl_psys_sum_uj=0
pid=0 energy=34456143470546465 alive=1 kernel=1 cpu_ns=6890322665000000 mem=439300096 instructions=906029109293 wakeups=114716 diski=7303168 disko=13987840 rx=72211849 tx=30562755 comm=*system*
psu_energy_ac_mcp_machine=7012451538
-------
timestamp=3407863748602260
iterations=805
sample_ns=100000000
window_ns=1000000000
rapl_core_sum_uj=3072931675
rapl_psys_sum_uj=0
pid=0 energy=34456172884977340 alive=1 kernel=1 cpu_ns=6890323508000000 mem=439476224 instructions=911068995468 wakeups=114947 diski=7303168 disko=13987840 rx=72211849 tx=30562755 comm=*system*
psu_energy_ac_mcp_machine=7028942993
-------
timestamp=3407863878497869
iterations=806
sample_ns=100000000
window_ns=1000000000
rapl_core_sum_uj=3080084934
rapl_psys_sum_uj=0
pid=0 energy=34456187599483840 alive=1 kernel=1 cpu_ns=6890323935000000 mem=439472128 instructions=913584896768 wakeups=115161 diski=7303168 disko=13987840 rx=72211849 tx=30562755 comm=*system*
psu_energy_ac_mcp_machine=7051057007
-------
timestamp=3407864012234939
iterations=807
sample_ns=100000000
window_ns=1000000000
rapl_core_sum_uj=3087199863
rapl_psys_sum_uj=0
pid=0 energy=34456202279277845 alive=1 kernel=1 cpu_ns=6890324359000000 mem=439328768 instructions=916096855569 wakeups=115376 diski=7303168 disko=14008320 rx=72211849 tx=30562755 comm=*system*
psu_energy_ac_mcp_machine=7067588989
-------
timestamp=3407864144824703
iterations=808
sample_ns=100000000
window_ns=1000000000
rapl_core_sum_uj=3094347690
rapl_psys_sum_uj=0
pid=0 energy=34456216988097060 alive=1 kernel=1 cpu_ns=6890324784000000 mem=439328768 instructions=918613619412 wakeups=115580 diski=7303168 disko=14008320 rx=72211849 tx=30562755 comm=*system*
psu_energy_ac_mcp_machine=7083992065
-------
timestamp=3407864274479348
iterations=810
sample_ns=100000000
window_ns=1000000000
rapl_core_sum_uj=3108631747
rapl_psys_sum_uj=0
pid=0 energy=34456246494052535 alive=1 kernel=1 cpu_ns=6890325627000000 mem=439513088 instructions=923671810507 wakeups=115816 diski=7303168 disko=14008320 rx=72211849 tx=30562755 comm=*system*
psu_energy_ac_mcp_machine=7100542847
-------
timestamp=3407864404326953
iterations=811
sample_ns=100000000
window_ns=1000000000
rapl_core_sum_uj=3115759554
rapl_psys_sum_uj=0
pid=0 energy=34456261135914350 alive=1 kernel=1 cpu_ns=6890326053000000 mem=439406592 instructions=926174182870 wakeups=116025 diski=7303168 disko=14008320 rx=72211849 tx=30562755 comm=*system*
psu_energy_ac_mcp_machine=7122670898
-------
timestamp=3407864537436391
iterations=812
sample_ns=100000000
window_ns=1000000000
rapl_core_sum_uj=3122872163
rapl_psys_sum_uj=0
pid=0 energy=34456275800550825 alive=1 kernel=1 cpu_ns=6890326478000000 mem=439402496 instructions=928682110165 wakeups=116239 diski=7303168 disko=14008320 rx=72211849 tx=30562755 comm=*system*
psu_energy_ac_mcp_machine=7139087036
-------
timestamp=3407864668620674
iterations=813
sample_ns=100000000
window_ns=1000000000
rapl_core_sum_uj=3130019746
rapl_psys_sum_uj=0
pid=0 energy=34456290531335455 alive=1 kernel=1 cpu_ns=6890326904000000 mem=439177216 instructions=931202267091 wakeups=116447 diski=7303168 disko=14008320 rx=72211849 tx=30562755 comm=*system*
psu_energy_ac_mcp_machine=7155597534
-------
timestamp=3407864798574097
iterations=815
sample_ns=100000000
window_ns=1000000000
rapl_core_sum_uj=3144258820
rapl_psys_sum_uj=0
pid=0 energy=34456319995662365 alive=1 kernel=1 cpu_ns=6890327749000000 mem=439562240 instructions=936250132473 wakeups=116680 diski=7303168 disko=14008320 rx=72211849 tx=30562755 comm=*system*
psu_energy_ac_mcp_machine=7177746948
-------
timestamp=3407864932664157
iterations=816
sample_ns=100000000
window_ns=1000000000
rapl_core_sum_uj=3151362396
rapl_psys_sum_uj=0
pid=0 energy=34456334659839665 alive=1 kernel=1 cpu_ns=6890328175000000 mem=439484416 instructions=938756967933 wakeups=116898 diski=7303168 disko=14008320 rx=72211849 tx=30562755 comm=*system*
psu_energy_ac_mcp_machine=7194238770
-------
timestamp=3407865065736554
iterations=817
sample_ns=100000000
window_ns=1000000000
rapl_core_sum_uj=3158443145
rapl_psys_sum_uj=0
pid=0 energy=34456349283242895 alive=1 kernel=1 cpu_ns=6890328600000000 mem=439484416 instructions=941256648579 wakeups=117117 diski=7303168 disko=14008320 rx=72211849 tx=30562755 comm=*system*
psu_energy_ac_mcp_machine=7210591064
-------
timestamp=3407865195207445
iterations=819
sample_ns=100000000
window_ns=1000000000
rapl_core_sum_uj=3172681914
rapl_psys_sum_uj=0
pid=0 energy=34456378827431675 alive=1 kernel=1 cpu_ns=6890329448000000 mem=439488512 instructions=946317486335 wakeups=117344 diski=7303168 disko=14008320 rx=72211851 tx=30562755 comm=*system*
psu_energy_ac_mcp_machine=7227122681
-------
timestamp=3407865325277001
iterations=820
sample_ns=100000000
window_ns=1000000000
rapl_core_sum_uj=3179815642
rapl_psys_sum_uj=0
pid=0 energy=34456393536979760 alive=1 kernel=1 cpu_ns=6890329874000000 mem=439492608 instructions=948833395952 wakeups=117548 diski=7303168 disko=14008320 rx=72211851 tx=30562755 comm=*system*
psu_energy_ac_mcp_machine=7249274902
-------
timestamp=3407865457637000
iterations=821
sample_ns=100000000
window_ns=1000000000
rapl_core_sum_uj=3186936369
rapl_psys_sum_uj=0
pid=0 energy=34456408169307340 alive=1 kernel=1 cpu_ns=6890330298000000 mem=439488512 instructions=951335861468 wakeups=117782 diski=7303168 disko=14008320 rx=72211851 tx=30562755 comm=*system*
psu_energy_ac_mcp_machine=7265660645
-------
timestamp=3407865589055244
iterations=822
sample_ns=100000000
window_ns=1000000000
rapl_core_sum_uj=3194066129
rapl_psys_sum_uj=0
pid=0 energy=34456422869939975 alive=1 kernel=1 cpu_ns=6890330726000000 mem=439410688 instructions=953847987995 wakeups=117993 diski=7303168 disko=14008320 rx=72211851 tx=30562755 comm=*system*
psu_energy_ac_mcp_machine=7282126343
-------
timestamp=3407865718790548
iterations=824
sample_ns=100000000
window_ns=1000000000
rapl_core_sum_uj=3208301175
rapl_psys_sum_uj=0
pid=0 energy=34456452379530000 alive=1 kernel=1 cpu_ns=6890331567000000 mem=439496704 instructions=958908906000 wakeups=118227 diski=7303168 disko=14008320 rx=72211852 tx=30562756 comm=*system*
psu_energy_ac_mcp_machine=7298643433
-------
timestamp=3407865848130830
iterations=825
sample_ns=100000000
window_ns=1000000000
rapl_core_sum_uj=3215440823
rapl_psys_sum_uj=0
pid=0 energy=34456467114658965 alive=1 kernel=1 cpu_ns=6890331995000000 mem=439492608 instructions=961427931793 wakeups=118434 diski=7303168 disko=14008320 rx=72211852 tx=30562756 comm=*system*
psu_energy_ac_mcp_machine=7320791504
-------
timestamp=3407865981299827
iterations=826
sample_ns=100000000
window_ns=1000000000
rapl_core_sum_uj=3222576504
rapl_psys_sum_uj=0
pid=0 energy=34456481811657535 alive=1 kernel=1 cpu_ns=6890332422000000 mem=439496704 instructions=963940331507 wakeups=118652 diski=7303168 disko=14008320 rx=72211852 tx=30562756 comm=*system*
psu_energy_ac_mcp_machine=7337247192
-------
timestamp=3407866111351587
iterations=827
sample_ns=100000000
window_ns=1000000000
rapl_core_sum_uj=3229747890
rapl_psys_sum_uj=0
pid=0 energy=34456496445285335 alive=1 kernel=1 cpu_ns=6890332846000000 mem=439328768 instructions=966443057067 wakeups=118942 diski=7303168 disko=16445440 rx=72211852 tx=30562756 comm=*system*
psu_energy_ac_mcp_machine=7353768799
-------
timestamp=3407866241043561
iterations=829
sample_ns=100000000
window_ns=1000000000
rapl_core_sum_uj=3243950953
rapl_psys_sum_uj=0
pid=0 energy=34456525938175475 alive=1 kernel=1 cpu_ns=6890333688000000 mem=439500800 instructions=971499635095 wakeups=119165 diski=7303168 disko=16445440 rx=72211852 tx=30562756 comm=*system*
psu_energy_ac_mcp_machine=7375892334
-------
timestamp=3407866373057829
iterations=830
sample_ns=100000000
window_ns=1000000000
rapl_core_sum_uj=3251059595
rapl_psys_sum_uj=0
pid=0 energy=34456540599789475 alive=1 kernel=1 cpu_ns=6890334113000000 mem=439500800 instructions=974006957895 wakeups=119375 diski=7303168 disko=16445440 rx=72211852 tx=30562756 comm=*system*
psu_energy_ac_mcp_machine=7392407837
-------
timestamp=3407866505780387
iterations=831
sample_ns=100000000
window_ns=1000000000
rapl_core_sum_uj=3258158410
rapl_psys_sum_uj=0
pid=0 energy=34456555271625810 alive=1 kernel=1 cpu_ns=6890334540000000 mem=439504896 instructions=976514325162 wakeups=119584 diski=7303168 disko=16445440 rx=72211852 tx=30562756 comm=*system*
psu_energy_ac_mcp_machine=7408792603
-------
timestamp=3407866635733852
iterations=832
sample_ns=100000000
window_ns=1000000000
rapl_core_sum_uj=3265284996
rapl_psys_sum_uj=0
pid=0 energy=34456570004969970 alive=1 kernel=1 cpu_ns=6890334969000000 mem=439279616 instructions=979031993994 wakeups=119797 diski=7303168 disko=16445440 rx=72211852 tx=30562756 comm=*system*
psu_energy_ac_mcp_machine=7425322754
-------
timestamp=3407866765646291
iterations=834
sample_ns=100000000
window_ns=1000000000
rapl_core_sum_uj=3279479697
rapl_psys_sum_uj=0
pid=0 energy=34456599522031350 alive=1 kernel=1 cpu_ns=6890335816000000 mem=439508992 instructions=984088406270 wakeups=120028 diski=7303168 disko=16445440 rx=72211852 tx=30562756 comm=*system*
psu_energy_ac_mcp_machine=7447508301
-------
timestamp=3407866898482556
iterations=835
sample_ns=100000000
window_ns=1000000000
rapl_core_sum_uj=3286613730
rapl_psys_sum_uj=0
pid=0 energy=34456614198609015 alive=1 kernel=1 cpu_ns=6890336243000000 mem=439508992 instructions=986596721803 wakeups=120243 diski=7303168 disko=16445440 rx=72211852 tx=30562756 comm=*system*
psu_energy_ac_mcp_machine=7463923950
-------
timestamp=3407867029384507
iterations=836
sample_ns=100000000
window_ns=1000000000
rapl_core_sum_uj=3293729330
rapl_psys_sum_uj=0
pid=0 energy=34456628894001395 alive=1 kernel=1 cpu_ns=6890336669000000 mem=439476224 instructions=989109800279 wakeups=120461 diski=7303168 disko=16445440 rx=72211852 tx=30562756 comm=*system*
psu_energy_ac_mcp_machine=7480428589
-------
timestamp=3407867159543939
iterations=837
sample_ns=100000000
window_ns=1000000000
rapl_core_sum_uj=3300845907
rapl_psys_sum_uj=0
pid=0 energy=34456643566016250 alive=1 kernel=1 cpu_ns=6890337094000000 mem=439250944 instructions=991619203250 wakeups=120670 diski=7303168 disko=16445440 rx=72211852 tx=30562756 comm=*system*
psu_energy_ac_mcp_machine=7502545288
-------
timestamp=3407867293490895
iterations=839
sample_ns=100000000
window_ns=1000000000
rapl_core_sum_uj=3315067708
rapl_psys_sum_uj=0
pid=0 energy=34456673045255780 alive=1 kernel=1 cpu_ns=6890337935000000 mem=439517184 instructions=996674051156 wakeups=120903 diski=7303168 disko=16445440 rx=72211854 tx=30562756 comm=*system*
psu_energy_ac_mcp_machine=7519056763
-------
timestamp=3407867426344484
iterations=840
sample_ns=100000000
window_ns=1000000000
rapl_core_sum_uj=3322160176
rapl_psys_sum_uj=0
pid=0 energy=34456687723136605 alive=1 kernel=1 cpu_ns=6890338362000000 mem=439382016 instructions=999182627321 wakeups=121120 diski=7303168 disko=16445440 rx=72211854 tx=30562756 comm=*system*
psu_energy_ac_mcp_machine=7535480591
-------
timestamp=3407867555981511
iterations=841
sample_ns=100000000
window_ns=1000000000
rapl_core_sum_uj=3329294392
rapl_psys_sum_uj=0
pid=0 energy=34456702403634630 alive=1 kernel=1 cpu_ns=6890338788000000 mem=439451648 instructions=1001692726926 wakeups=121329 diski=7303168 disko=16445440 rx=72211854 tx=30562756 comm=*system*
psu_energy_ac_mcp_machine=7551993286
-------
timestamp=3407867685473208
iterations=843
sample_ns=100000000
window_ns=1000000000
rapl_core_sum_uj=3336453937
rapl_psys_sum_uj=0
pid=0 energy=34456717178930120 alive=1 kernel=1 cpu_ns=6890339215000000 mem=439226368 instructions=1004220786024 wakeups=121552 diski=7303168 disko=16445440 rx=72211854 tx=30562756 comm=*system*
psu_energy_ac_mcp_machine=7574155029
-------
timestamp=3407867818416886
iterations=844
sample_ns=100000000
window_ns=1000000000
rapl_core_sum_uj=3350675372
rapl_psys_sum_uj=0
pid=0 energy=34456746621140665 alive=1 kernel=1 cpu_ns=6890340059000000 mem=439234560 instructions=1009265228133 wakeups=121791 diski=7303168 disko=16490496 rx=72211854 tx=30562756 comm=*system*
psu_energy_ac_mcp_machine=7590569458
-------
timestamp=3407867950436323
iterations=845
sample_ns=100000000
window_ns=1000000000
rapl_core_sum_uj=3357803789
rapl_psys_sum_uj=0
pid=0 energy=34456761308069580 alive=1 kernel=1 cpu_ns=6890340486000000 mem=439525376 instructions=1011775613916 wakeups=122003 diski=7303168 disko=16490496 rx=72211854 tx=30562756 comm=*system*
psu_energy_ac_mcp_machine=7607072021
-------
timestamp=3407868080026616
iterations=846
sample_ns=100000000
window_ns=1000000000
rapl_core_sum_uj=3364933549
rapl_psys_sum_uj=0
pid=0 energy=34456775976362955 alive=1 kernel=1 cpu_ns=6890340912000000 mem=439476224 instructions=1014283272591 wakeups=122219 diski=7303168 disko=16490496 rx=72211854 tx=30562756 comm=*system*
psu_energy_ac_mcp_machine=7623569580
-------
timestamp=3407868209524571
iterations=848
sample_ns=100000000
window_ns=1000000000
rapl_core_sum_uj=3379219498
rapl_psys_sum_uj=0
pid=0 energy=34456805476402675 alive=1 kernel=1 cpu_ns=6890341757000000 mem=439754752 instructions=1019338280535 wakeups=122463 diski=7303168 disko=16490496 rx=72211854 tx=30562756 comm=*system*
psu_energy_ac_mcp_machine=7645724243
-------
timestamp=3407868342469709
iterations=849
sample_ns=100000000
window_ns=1000000000
rapl_core_sum_uj=3386339432
rapl_psys_sum_uj=0
pid=0 energy=34456820088520515 alive=1 kernel=1 cpu_ns=6890342181000000 mem=439533568 instructions=1021836704103 wakeups=122673 diski=7303168 disko=16490496 rx=72211854 tx=30562756 comm=*system*
psu_energy_ac_mcp_machine=7662056641
-------
timestamp=3407868472541940
iterations=850
sample_ns=100000000
window_ns=1000000000
rapl_core_sum_uj=3393511734
rapl_psys_sum_uj=0
pid=0 energy=34456834755378670 alive=1 kernel=1 cpu_ns=6890342608000000 mem=439533568 instructions=1024343075734 wakeups=122893 diski=7303168 disko=16490496 rx=72211854 tx=30562756 comm=*system*
psu_energy_ac_mcp_machine=7678538940
-------
timestamp=3407868602474651
iterations=851
sample_ns=100000000
window_ns=1000000000
rapl_core_sum_uj=3400648513
rapl_psys_sum_uj=0
pid=0 energy=34456849409681560 alive=1 kernel=1 cpu_ns=6890343032000000 mem=439345152 instructions=1026849936312 wakeups=123108 diski=7303168 disko=16490496 rx=72211854 tx=30562756 comm=*system*
psu_energy_ac_mcp_machine=7700646118
-------
timestamp=3407868735925165
iterations=853
sample_ns=100000000
window_ns=1000000000
rapl_core_sum_uj=3414902174
rapl_psys_sum_uj=0
pid=0 energy=34456878899076780 alive=1 kernel=1 cpu_ns=6890343874000000 mem=439537664 instructions=1031905815356 wakeups=123337 diski=7303168 disko=16490496 rx=72211854 tx=30562756 comm=*system*
psu_energy_ac_mcp_machine=7717098389
-------
timestamp=3407868868501052
iterations=854
sample_ns=100000000
window_ns=1000000000
rapl_core_sum_uj=3421995008
rapl_psys_sum_uj=0
pid=0 energy=34456893568457915 alive=1 kernel=1 cpu_ns=6890344302000000 mem=439537664 instructions=1034411691583 wakeups=123553 diski=7303168 disko=16490496 rx=72211854 tx=30562756 comm=*system*
psu_energy_ac_mcp_machine=7733536377
-------
timestamp=3407868998568932
iterations=855
sample_ns=100000000
window_ns=1000000000
rapl_core_sum_uj=3429103040
rapl_psys_sum_uj=0
pid=0 energy=34456908244370705 alive=1 kernel=1 cpu_ns=6890344728000000 mem=439545856 instructions=1036920874141 wakeups=123765 diski=7303168 disko=16490496 rx=72211854 tx=30562756 comm=*system*
psu_energy_ac_mcp_machine=7750042480
-------
timestamp=3407869128539875
iterations=856
sample_ns=100000000
window_ns=1000000000
rapl_core_sum_uj=3436221387
rapl_psys_sum_uj=0
pid=0 energy=34456922924075600 alive=1 kernel=1 cpu_ns=6890345153000000 mem=439349248 instructions=1039431815120 wakeups=123986 diski=7303168 disko=16510976 rx=72211854 tx=30562756 comm=*system*
psu_energy_ac_mcp_machine=7772185669
-------
timestamp=3407869261563680
iterations=858
sample_ns=100000000
window_ns=1000000000
rapl_core_sum_uj=3450470226
rapl_psys_sum_uj=0
pid=0 energy=34456952410137030 alive=1 kernel=1 cpu_ns=6890345995000000 mem=439545856 instructions=1044487027406 wakeups=124211 diski=7303168 disko=16510976 rx=72211856 tx=30562756 comm=*system*
psu_energy_ac_mcp_machine=7788546631
-------
timestamp=3407869391273428
iterations=859
sample_ns=100000000
window_ns=1000000000
rapl_core_sum_uj=3457602061
rapl_psys_sum_uj=0
pid=0 energy=34456967061839480 alive=1 kernel=1 cpu_ns=6890346421000000 mem=439549952 instructions=1046991367896 wakeups=124431 diski=7303168 disko=16510976 rx=72211856 tx=30562756 comm=*system*
psu_energy_ac_mcp_machine=7805035156
-------
timestamp=3407869521352032
iterations=860
sample_ns=100000000
window_ns=1000000000
rapl_core_sum_uj=3464714853
rapl_psys_sum_uj=0
pid=0 energy=34456981709576720 alive=1 kernel=1 cpu_ns=6890346848000000 mem=439549952 instructions=1049493915344 wakeups=124641 diski=7303168 disko=16510976 rx=72211856 tx=30562756 comm=*system*
psu_energy_ac_mcp_machine=7827131348
-------
timestamp=3407869654555494
iterations=861
sample_ns=100000000
window_ns=1000000000
rapl_core_sum_uj=3471844918
rapl_psys_sum_uj=0
pid=0 energy=34456996387939835 alive=1 kernel=1 cpu_ns=6890347273000000 mem=439386112 instructions=1052004587967 wakeups=124852 diski=7303168 disko=16510976 rx=72211856 tx=30562756 comm=*system*
psu_energy_ac_mcp_machine=7843631836
-------
timestamp=3407869787395228
iterations=863
sample_ns=100000000
window_ns=1000000000
rapl_core_sum_uj=3486119514
rapl_psys_sum_uj=0
pid=0 energy=34457025849626330 alive=1 kernel=1 cpu_ns=6890348116000000 mem=439554048 instructions=1057053925266 wakeups=125084 diski=7303168 disko=16510976 rx=72211856 tx=30562756 comm=*system*
psu_energy_ac_mcp_machine=7860026367
-------
timestamp=3407869916670340
iterations=864
sample_ns=100000000
window_ns=1000000000
rapl_core_sum_uj=3493236213
rapl_psys_sum_uj=0
pid=0 energy=34457040541341350 alive=1 kernel=1 cpu_ns=6890348540000000 mem=439554048 instructions=1059568268270 wakeups=125302 diski=7303168 disko=16510976 rx=72211856 tx=30562756 comm=*system*
psu_energy_ac_mcp_machine=7876522461
-------
timestamp=3407870046488312
iterations=865
sample_ns=100000000
window_ns=1000000000
rapl_core_sum_uj=3500371039
rapl_psys_sum_uj=0
pid=0 energy=34457055212171360 alive=1 kernel=1 cpu_ns=6890348965000000 mem=439558144 instructions=1062077434272 wakeups=125513 diski=7303168 disko=16510976 rx=72211856 tx=30562756 comm=*system*
psu_energy_ac_mcp_machine=7898615234
-------
timestamp=3407870179290277
iterations=866
sample_ns=100000000
window_ns=1000000000
rapl_core_sum_uj=3507524298
rapl_psys_sum_uj=0
pid=0 energy=34457069958129105 alive=1 kernel=1 cpu_ns=6890349391000000 mem=439382016 instructions=1064600625821 wakeups=125732 diski=7303168 disko=16510976 rx=72211856 tx=30562756 comm=*system*
psu_energy_ac_mcp_machine=7915002563
-------
timestamp=3407870310700351
iterations=868
sample_ns=100000000
window_ns=1000000000
rapl_core_sum_uj=3521733648
rapl_psys_sum_uj=0
pid=0 energy=34457099401898765 alive=1 kernel=1 cpu_ns=6890350233000000 mem=439562240 instructions=1069647379753 wakeups=125954 diski=7303168 disko=16510976 rx=72211856 tx=30562756 comm=*system*
psu_energy_ac_mcp_machine=7931485962
-------
timestamp=3407870440190303
iterations=869
sample_ns=100000000
window_ns=1000000000
rapl_core_sum_uj=3528860540
rapl_psys_sum_uj=0
pid=0 energy=34457114118759720 alive=1 kernel=1 cpu_ns=6890350662000000 mem=439558144 instructions=1072161751944 wakeups=126175 diski=7303168 disko=16510976 rx=72211856 tx=30562756 comm=*system*
psu_energy_ac_mcp_machine=7948026001
-------
timestamp=3407870569827080
iterations=870
sample_ns=100000000
window_ns=1000000000
rapl_core_sum_uj=3535975957
rapl_psys_sum_uj=0
pid=0 energy=34457128777818330 alive=1 kernel=1 cpu_ns=6890351087000000 mem=439562240 instructions=1074668563666 wakeups=126390 diski=7303168 disko=16510976 rx=72211856 tx=30562756 comm=*system*
psu_energy_ac_mcp_machine=7970158691
-------
timestamp=3407870703313850
iterations=872
sample_ns=100000000
window_ns=1000000000
rapl_core_sum_uj=3550246037
rapl_psys_sum_uj=0
pid=0 energy=34457158194643275 alive=1 kernel=1 cpu_ns=6890351934000000 mem=440233984 instructions=1079704928655 wakeups=126639 diski=7303168 disko=16510976 rx=72211856 tx=30562756 comm=*system*
psu_energy_ac_mcp_machine=7986540894
-------
timestamp=3407870833156885
iterations=873
sample_ns=100000000
window_ns=1000000000
rapl_core_sum_uj=3557360966
rapl_psys_sum_uj=0
pid=0 energy=34457172806602590 alive=1 kernel=1 cpu_ns=6890352354000000 mem=439562240 instructions=1082207320518 wakeups=126847 diski=7303168 disko=16510976 rx=72211856 tx=30562756 comm=*system*
psu_energy_ac_mcp_machine=8003062378
-------
timestamp=3407870962229688
iterations=874
sample_ns=100000000
window_ns=1000000000
rapl_core_sum_uj=3564494999
rapl_psys_sum_uj=0
pid=0 energy=34457187448036235 alive=1 kernel=1 cpu_ns=6890352780000000 mem=439570432 instructions=1084709607247 wakeups=127062 diski=7303168 disko=16510976 rx=72211856 tx=30562756 comm=*system*
psu_energy_ac_mcp_machine=8025191040
-------
timestamp=3407871094848300
iterations=875
sample_ns=100000000
window_ns=1000000000
rapl_core_sum_uj=3571640567
rapl_psys_sum_uj=0
pid=0 energy=34457202120423605 alive=1 kernel=1 cpu_ns=6890353205000000 mem=439566336 instructions=1087219084721 wakeups=127277 diski=7303168 disko=16510976 rx=72211856 tx=30562756 comm=*system*
psu_energy_ac_mcp_machine=8041707642
-------
timestamp=3407871228215775
iterations=877
sample_ns=100000000
window_ns=1000000000
rapl_core_sum_uj=3585896181
rapl_psys_sum_uj=0
pid=0 energy=34457231543578295 alive=1 kernel=1 cpu_ns=6890354047000000 mem=439570432 instructions=1092261715659 wakeups=127500 diski=7303168 disko=16510976 rx=72211858 tx=30562756 comm=*system*
psu_energy_ac_mcp_machine=8058095093
-------
timestamp=3407871357698595
iterations=878
sample_ns=100000000
window_ns=1000000000
rapl_core_sum_uj=3593010377
rapl_psys_sum_uj=0
pid=0 energy=34457246192281680 alive=1 kernel=1 cpu_ns=6890354471000000 mem=439574528 instructions=1094767456336 wakeups=127719 diski=7303168 disko=16510976 rx=72211858 tx=30562756 comm=*system*
psu_energy_ac_mcp_machine=8074604492
-------
timestamp=3407871487484257
iterations=879
sample_ns=100000000
window_ns=1000000000
rapl_core_sum_uj=3600139222
rapl_psys_sum_uj=0
pid=0 energy=34457260896960605 alive=1 kernel=1 cpu_ns=6890354902000000 mem=439578624 instructions=1097277392121 wakeups=127926 diski=7303168 disko=16510976 rx=72211858 tx=30562756 comm=*system*
psu_energy_ac_mcp_machine=8096748657
-------
timestamp=3407871620252106
iterations=880
sample_ns=100000000
window_ns=1000000000
rapl_core_sum_uj=3607326294
rapl_psys_sum_uj=0
pid=0 energy=34457275626206660 alive=1 kernel=1 cpu_ns=6890355328000000 mem=439574528 instructions=1099797241332 wakeups=128142 diski=7303168 disko=16510976 rx=72211858 tx=30562756 comm=*system*
psu_energy_ac_mcp_machine=8113213745
-------
timestamp=3407871751565423
iterations=882
sample_ns=100000000
window_ns=1000000000
rapl_core_sum_uj=3621579956
rapl_psys_sum_uj=0
pid=0 energy=34457305015639825 alive=1 kernel=1 cpu_ns=6890356169000000 mem=439582720 instructions=1104834127965 wakeups=128369 diski=7303168 disko=16510976 rx=72211858 tx=30562756 comm=*system*
psu_energy_ac_mcp_machine=8129691284
-------
timestamp=3407871881427687
iterations=883
sample_ns=100000000
window_ns=1000000000
rapl_core_sum_uj=3628688964
rapl_psys_sum_uj=0
pid=0 energy=34457319649080545 alive=1 kernel=1 cpu_ns=6890356596000000 mem=439582720 instructions=1107333816109 wakeups=128582 diski=7303168 disko=16510976 rx=72211858 tx=30562756 comm=*system*
psu_energy_ac_mcp_machine=8151768433
-------
timestamp=3407872015162987
iterations=884
sample_ns=100000000
window_ns=1000000000
rapl_core_sum_uj=3635837279
rapl_psys_sum_uj=0
pid=0 energy=34457334271786670 alive=1 kernel=1 cpu_ns=6890357021000000 mem=439504896 instructions=1109833357334 wakeups=128794 diski=7303168 disko=16510976 rx=72211858 tx=30562756 comm=*system*
psu_energy_ac_mcp_machine=8168267456
-------
timestamp=3407872148458570
iterations=885
sample_ns=100000000
window_ns=1000000000
rapl_core_sum_uj=3642979185
rapl_psys_sum_uj=0
pid=0 energy=34457348926662710 alive=1 kernel=1 cpu_ns=6890357447000000 mem=439566336 instructions=1112338332542 wakeups=129002 diski=7303168 disko=16510976 rx=72211858 tx=30562756 comm=*system*
psu_energy_ac_mcp_machine=8184625122
-------
timestamp=3407872278585932
iterations=887
sample_ns=100000000
window_ns=1000000000
rapl_core_sum_uj=3657264524
rapl_psys_sum_uj=0
pid=0 energy=34457378329973695 alive=1 kernel=1 cpu_ns=6890358288000000 mem=439599104 instructions=1117377994739 wakeups=129230 diski=7303168 disko=16510976 rx=72211858 tx=30562756 comm=*system*
psu_energy_ac_mcp_machine=8201101929
-------
timestamp=3407872408568188
iterations=888
sample_ns=100000000
window_ns=1000000000
rapl_core_sum_uj=3664447812
rapl_psys_sum_uj=0
pid=0 energy=34457392992977580 alive=1 kernel=1 cpu_ns=6890358715000000 mem=439648256 instructions=1119883595516 wakeups=129453 diski=7303168 disko=16510976 rx=72211858 tx=30562756 comm=*system*
psu_energy_ac_mcp_machine=8223221680
-------
timestamp=3407872540307356
iterations=889
sample_ns=100000000
window_ns=1000000000
rapl_core_sum_uj=3671579708
rapl_psys_sum_uj=0
pid=0 energy=34457407643553375 alive=1 kernel=1 cpu_ns=6890359142000000 mem=439459840 instructions=1122386710675 wakeups=129671 diski=7303168 disko=16510976 rx=72211858 tx=30562756 comm=*system*
psu_energy_ac_mcp_machine=8239606201
-------
timestamp=3407872671518793
iterations=890
sample_ns=100000000
window_ns=1000000000
rapl_core_sum_uj=3678739620
rapl_psys_sum_uj=0
pid=0 energy=34457422295869020 alive=1 kernel=1 cpu_ns=6890359570000000 mem=439525376 instructions=1124889173804 wakeups=129886 diski=7303168 disko=16510976 rx=72211858 tx=30562756 comm=*system*
psu_energy_ac_mcp_machine=8256060425
-------
timestamp=3407872801841096
iterations=892
sample_ns=100000000
window_ns=1000000000
rapl_core_sum_uj=3693022395
rapl_psys_sum_uj=0
pid=0 energy=34457451707238450 alive=1 kernel=1 cpu_ns=6890360411000000 mem=439652352 instructions=1129930447690 wakeups=130114 diski=7303168 disko=16510976 rx=72211858 tx=30562756 comm=*system*
psu_energy_ac_mcp_machine=8272568481
-------
timestamp=3407872931531464
iterations=893
sample_ns=100000000
window_ns=1000000000
rapl_core_sum_uj=3700141474
rapl_psys_sum_uj=0
pid=0 energy=34457466367538910 alive=1 kernel=1 cpu_ns=6890360838000000 mem=439599104 instructions=1132435507782 wakeups=130332 diski=7303168 disko=16547840 rx=72211858 tx=30562756 comm=*system*
psu_energy_ac_mcp_machine=8294706665
-------
timestamp=3407873064256661
iterations=894
sample_ns=100000000
window_ns=1000000000
rapl_core_sum_uj=3707301264
rapl_psys_sum_uj=0
pid=0 energy=34457481024015830 alive=1 kernel=1 cpu_ns=6890361264000000 mem=439599104 instructions=1134940803166 wakeups=130545 diski=7303168 disko=16547840 rx=72211858 tx=30562756 comm=*system*
psu_energy_ac_mcp_machine=8311084595
-------
timestamp=3407873194333832
iterations=895
sample_ns=100000000
window_ns=1000000000
rapl_core_sum_uj=3714470819
rapl_psys_sum_uj=0
pid=0 energy=34457495699445190 alive=1 kernel=1 cpu_ns=6890361689000000 mem=439599104 instructions=1137450889038 wakeups=130754 diski=7303168 disko=16547840 rx=72211858 tx=30562756 comm=*system*
psu_energy_ac_mcp_machine=8327608521
-------
timestamp=3407873323909770
iterations=897
sample_ns=100000000
window_ns=1000000000
rapl_core_sum_uj=3728747796
rapl_psys_sum_uj=0
pid=0 energy=34457525093072390 alive=1 kernel=1 cpu_ns=6890362530000000 mem=439623680 instructions=1142488614478 wakeups=130981 diski=7303168 disko=16547840 rx=72211860 tx=30562756 comm=*system*
psu_energy_ac_mcp_machine=8349779297
-------
timestamp=3407873457686759
iterations=898
sample_ns=100000000
window_ns=1000000000
rapl_core_sum_uj=3735864373
rapl_psys_sum_uj=0
pid=0 energy=34457539712160845 alive=1 kernel=1 cpu_ns=6890362957000000 mem=439623680 instructions=1144985432169 wakeups=131199 diski=7303168 disko=16547840 rx=72211860 tx=30562756 comm=*system*
psu_energy_ac_mcp_machine=8366224243
-------
timestamp=3407873589981786
iterations=899
sample_ns=100000000
window_ns=1000000000
rapl_core_sum_uj=3743003838
rapl_psys_sum_uj=0
pid=0 energy=34457554334734865 alive=1 kernel=1 cpu_ns=6890363387000000 mem=439623680 instructions=1147479946973 wakeups=131413 diski=7303168 disko=16547840 rx=72211860 tx=30562756 comm=*system*
psu_energy_ac_mcp_machine=8382623047
-------
timestamp=3407873719790235
iterations=901
sample_ns=100000000
window_ns=1000000000
rapl_core_sum_uj=3757314078
rapl_psys_sum_uj=0
pid=0 energy=34457583814013620 alive=1 kernel=1 cpu_ns=6890364234000000 mem=440078336 instructions=1152528802724 wakeups=131656 diski=7303168 disko=16547840 rx=72211860 tx=30562756 comm=*system*
psu_energy_ac_mcp_machine=8399161499
-------
timestamp=3407873849528809
iterations=902
sample_ns=100000000
window_ns=1000000000
rapl_core_sum_uj=3764409720
rapl_psys_sum_uj=0
pid=0 energy=34457598389204615 alive=1 kernel=1 cpu_ns=6890364656000000 mem=439635968 instructions=1155021840923 wakeups=131859 diski=7303168 disko=16547840 rx=72211860 tx=30562756 comm=*system*
psu_energy_ac_mcp_machine=8421311157
-------
timestamp=3407873980601114
iterations=903
sample_ns=100000000
window_ns=1000000000
rapl_core_sum_uj=3771509329
rapl_psys_sum_uj=0
pid=0 energy=34457613025516790 alive=1 kernel=1 cpu_ns=6890365082000000 mem=439631872 instructions=1157523103358 wakeups=132077 diski=7303168 disko=16547840 rx=72211860 tx=30562756 comm=*system*
psu_energy_ac_mcp_machine=8437740723
-------
timestamp=3407874111964346
iterations=904
sample_ns=100000000
window_ns=1000000000
rapl_core_sum_uj=3778615957
rapl_psys_sum_uj=0
pid=0 energy=34457627682005870 alive=1 kernel=1 cpu_ns=6890365506000000 mem=439635968 instructions=1160030401174 wakeups=132284 diski=7303168 disko=16547840 rx=72211860 tx=30562756 comm=*system*
psu_energy_ac_mcp_machine=8454245728
-------
timestamp=3407874241562942
iterations=906
sample_ns=100000000
window_ns=1000000000
rapl_core_sum_uj=3792861073
rapl_psys_sum_uj=0
pid=0 energy=34457657168375355 alive=1 kernel=1 cpu_ns=6890366350000000 mem=440086528 instructions=1165083675071 wakeups=132511 diski=7303168 disko=16564224 rx=72211860 tx=30562756 comm=*system*
psu_energy_ac_mcp_machine=8470782837
-------
timestamp=3407874371465105
iterations=907
sample_ns=100000000
window_ns=1000000000
rapl_core_sum_uj=3799959705
rapl_psys_sum_uj=0
pid=0 energy=34457671783391145 alive=1 kernel=1 cpu_ns=6890366773000000 mem=439644160 instructions=1167583678229 wakeups=132717 diski=7303168 disko=16564224 rx=72211860 tx=30562756 comm=*system*
psu_energy_ac_mcp_machine=8492966431
-------
timestamp=3407874504644752
iterations=908
sample_ns=100000000
window_ns=1000000000
rapl_core_sum_uj=3807076648
rapl_psys_sum_uj=0
pid=0 energy=34457686415121855 alive=1 kernel=1 cpu_ns=6890367199000000 mem=439644160 instructions=1170084024371 wakeups=132940 diski=7303168 disko=16564224 rx=72211860 tx=30562756 comm=*system*
psu_energy_ac_mcp_machine=8509354004
-------
timestamp=3407874634704001
iterations=909
sample_ns=100000000
window_ns=1000000000
rapl_core_sum_uj=3814223193
rapl_psys_sum_uj=0
pid=0 energy=34457701079923100 alive=1 kernel=1 cpu_ns=6890367626000000 mem=439644160 instructions=1172589984620 wakeups=133150 diski=7303168 disko=16564224 rx=72211860 tx=30562756 comm=*system*
psu_energy_ac_mcp_machine=8525892090
-------
timestamp=3407874764641720
iterations=911
sample_ns=100000000
window_ns=1000000000
rapl_core_sum_uj=3828502428
rapl_psys_sum_uj=0
pid=0 energy=34457730543124735 alive=1 kernel=1 cpu_ns=6890368471000000 mem=439644160 instructions=1177637624947 wakeups=133388 diski=7303168 disko=16564224 rx=72211860 tx=30562756 comm=*system*
psu_energy_ac_mcp_machine=8548074463
-------
timestamp=3407874898462663
iterations=912
sample_ns=100000000
window_ns=1000000000
rapl_core_sum_uj=3835651536
rapl_psys_sum_uj=0
pid=0 energy=34457745207713735 alive=1 kernel=1 cpu_ns=6890368899000000 mem=439644160 instructions=1180142542747 wakeups=133599 diski=7303168 disko=16564224 rx=72211860 tx=30562756 comm=*system*
psu_energy_ac_mcp_machine=8564557617
-------
timestamp=3407875030800475
iterations=913
sample_ns=100000000
window_ns=1000000000
rapl_core_sum_uj=3842813035
rapl_psys_sum_uj=0
pid=0 energy=34457759860549885 alive=1 kernel=1 cpu_ns=6890369325000000 mem=439644160 instructions=1182647109977 wakeups=133813 diski=7303168 disko=16564224 rx=72211860 tx=30562756 comm=*system*
psu_energy_ac_mcp_machine=8581013184
-------
timestamp=3407875160544791
iterations=914
sample_ns=100000000
window_ns=1000000000
rapl_core_sum_uj=3849948410
rapl_psys_sum_uj=0
pid=0 energy=34457774528377095 alive=1 kernel=1 cpu_ns=6890369751000000 mem=439476224 instructions=1185154675419 wakeups=134024 diski=7303168 disko=16564224 rx=72211860 tx=30562756 comm=*system*
psu_energy_ac_mcp_machine=8597552612
-------
timestamp=3407875290681950
iterations=916
sample_ns=100000000
window_ns=1000000000
rapl_core_sum_uj=3864215377
rapl_psys_sum_uj=0
pid=0 energy=34457803960713895 alive=1 kernel=1 cpu_ns=6890370593000000 mem=439648256 instructions=1190199142779 wakeups=134249 diski=7303168 disko=16564224 rx=72211862 tx=30562756 comm=*system*
psu_energy_ac_mcp_machine=8619734863
-------
timestamp=3407875424173836
iterations=917
sample_ns=100000000
window_ns=1000000000
rapl_core_sum_uj=3871365706
rapl_psys_sum_uj=0
pid=0 energy=34457818627621525 alive=1 kernel=1 cpu_ns=6890371021000000 mem=439652352 instructions=1192704524305 wakeups=134464 diski=7303168 disko=16564224 rx=72211862 tx=30562756 comm=*system*
psu_energy_ac_mcp_machine=8636143188
-------
timestamp=3407875554269998
iterations=918
sample_ns=100000000
window_ns=1000000000
rapl_core_sum_uj=3878492414
rapl_psys_sum_uj=0
pid=0 energy=34457833242191425 alive=1 kernel=1 cpu_ns=6890371448000000 mem=439656448 instructions=1195200438285 wakeups=134682 diski=7303168 disko=16564224 rx=72211862 tx=30562756 comm=*system*
psu_energy_ac_mcp_machine=8652658569
-------
timestamp=3407875683595811
iterations=919
sample_ns=100000000
window_ns=1000000000
rapl_core_sum_uj=3885630902
rapl_psys_sum_uj=0
pid=0 energy=34457847924834445 alive=1 kernel=1 cpu_ns=6890371872000000 mem=439656448 instructions=1197712966889 wakeups=134898 diski=7303168 disko=16564224 rx=72211863 tx=30562757 comm=*system*
psu_energy_ac_mcp_machine=8674849976
-------
timestamp=3407875816812210
iterations=921
sample_ns=100000000
window_ns=1000000000
rapl_core_sum_uj=3899883159
rapl_psys_sum_uj=0
pid=0 energy=34457877358995030 alive=1 kernel=1 cpu_ns=6890372713000000 mem=439652352 instructions=1202758799006 wakeups=135123 diski=7303168 disko=16564224 rx=72211863 tx=30562757 comm=*system*
psu_energy_ac_mcp_machine=8691397095
-------
timestamp=3407875949477640
iterations=922
sample_ns=100000000
window_ns=1000000000
rapl_core_sum_uj=3906996623
rapl_psys_sum_uj=0
pid=0 energy=34457892008982220 alive=1 kernel=1 cpu_ns=6890373141000000 mem=439660544 instructions=1205260796444 wakeups=135345 diski=7303168 disko=16564224 rx=72211863 tx=30562757 comm=*system*
psu_energy_ac_mcp_machine=8707797607
-------
timestamp=3407876078857888
iterations=923
sample_ns=100000000
window_ns=1000000000
rapl_core_sum_uj=3914121928
rapl_psys_sum_uj=0
pid=0 energy=34457906686908335 alive=1 kernel=1 cpu_ns=6890373566000000 mem=439656448 instructions=1207771381667 wakeups=135562 diski=7303168 disko=16564224 rx=72211863 tx=30562757 comm=*system*
psu_energy_ac_mcp_machine=8724319702
-------
timestamp=3407876208370707
iterations=924
sample_ns=100000000
window_ns=1000000000
rapl_core_sum_uj=3921261393
rapl_psys_sum_uj=0
pid=0 energy=34457921360684090 alive=1 kernel=1 cpu_ns=6890373992000000 mem=439431168 instructions=1210280136818 wakeups=135777 diski=7303168 disko=16564224 rx=72211863 tx=30562757 comm=*system*
psu_energy_ac_mcp_machine=8746495483
-------
timestamp=3407876342155367
iterations=926
sample_ns=100000000
window_ns=1000000000
rapl_core_sum_uj=3935473001
rapl_psys_sum_uj=0
pid=0 energy=34457950733918855 alive=1 kernel=1 cpu_ns=6890374835000000 mem=439656448 instructions=1215311783771 wakeups=135999 diski=7303168 disko=16564224 rx=72211863 tx=30562757 comm=*system*
psu_energy_ac_mcp_machine=8762922119
-------
timestamp=3407876473477404
iterations=927
sample_ns=100000000
window_ns=1000000000
rapl_core_sum_uj=3942586038
rapl_psys_sum_uj=0
pid=0 energy=34457965356520870 alive=1 kernel=1 cpu_ns=6890375262000000 mem=439664640 instructions=1217809304174 wakeups=136218 diski=7303168 disko=16564224 rx=72211863 tx=30562757 comm=*system*
psu_energy_ac_mcp_machine=8779421265
-------
timestamp=3407876603389221
iterations=928
sample_ns=100000000
window_ns=1000000000
rapl_core_sum_uj=3949730080
rapl_psys_sum_uj=0
pid=0 energy=34457980003799275 alive=1 kernel=1 cpu_ns=6890375687000000 mem=439664640 instructions=1220313759855 wakeups=136431 diski=7303168 disko=16564224 rx=72211863 tx=30562757 comm=*system*
psu_energy_ac_mcp_machine=8801380249
-------
timestamp=3407876740319269
iterations=930
sample_ns=100000000
window_ns=1000000000
rapl_core_sum_uj=3964775123
rapl_psys_sum_uj=0
pid=0 energy=34458011036059295 alive=1 kernel=1 cpu_ns=6890376593000000 mem=439664640 instructions=1225614211859 wakeups=136696 diski=7303168 disko=16564224 rx=72211868 tx=30562763 comm=*system*
psu_energy_ac_mcp_machine=8819470093
-------
timestamp=3407876873245241
iterations=931
sample_ns=100000000
window_ns=1000000000
rapl_core_sum_uj=3973131018
rapl_psys_sum_uj=0
pid=0 energy=34458028748448450 alive=1 kernel=1 cpu_ns=6890377123000000 mem=439844864 instructions=1228626689690 wakeups=136893 diski=7303168 disko=16564224 rx=72211868 tx=30562763 comm=*system*
psu_energy_ac_mcp_machine=8838114868
-------
timestamp=3407877002926464
iterations=932
sample_ns=100000000
window_ns=1000000000
rapl_core_sum_uj=3981538061
rapl_psys_sum_uj=0
pid=0 energy=34458046538682940 alive=1 kernel=1 cpu_ns=6890377653000000 mem=440557568 instructions=1231654736588 wakeups=137100 diski=7303168 disko=16564224 rx=72211868 tx=30562763 comm=*system*
psu_energy_ac_mcp_machine=8856784668
-------
timestamp=3407877133165211
iterations=933
sample_ns=100000000
window_ns=1000000000
rapl_core_sum_uj=3989921300
rapl_psys_sum_uj=0
pid=0 energy=34458064275937995 alive=1 kernel=1 cpu_ns=6890378181000000 mem=440553472 instructions=1234674187599 wakeups=137306 diski=7303168 disko=16564224 rx=72211868 tx=30562763 comm=*system*
psu_energy_ac_mcp_machine=8881849609
-------
timestamp=3407877266384693
iterations=935
sample_ns=100000000
window_ns=1000000000
rapl_core_sum_uj=4006762547
rapl_psys_sum_uj=0
pid=0 energy=34458099780518580 alive=1 kernel=1 cpu_ns=6890379231000000 mem=440553472 instructions=1240725103716 wakeups=137519 diski=7303168 disko=16564224 rx=72211870 tx=30562763 comm=*system*
psu_energy_ac_mcp_machine=8900436401
-------
timestamp=3407877396438240
iterations=936
sample_ns=100000000
window_ns=1000000000
rapl_core_sum_uj=4015140171
rapl_psys_sum_uj=0
pid=0 energy=34458117541383155 alive=1 kernel=1 cpu_ns=6890379763000000 mem=440557568 instructions=1243745276631 wakeups=137731 diski=7303168 disko=16564224 rx=72211870 tx=30562763 comm=*system*
psu_energy_ac_mcp_machine=8919118164
-------
timestamp=3407877526176723
iterations=937
sample_ns=100000000
window_ns=1000000000
rapl_core_sum_uj=4023564060
rapl_psys_sum_uj=0
pid=0 energy=34458135358817720 alive=1 kernel=1 cpu_ns=6890380294000000 mem=440561664 instructions=1246777763544 wakeups=137937 diski=7303168 disko=16564224 rx=72211870 tx=30562763 comm=*system*
psu_energy_ac_mcp_machine=8944065552
-------
timestamp=3407877659898432
iterations=938
sample_ns=100000000
window_ns=1000000000
rapl_core_sum_uj=4031935214
rapl_psys_sum_uj=0
pid=0 energy=34458153093056115 alive=1 kernel=1 cpu_ns=6890380824000000 mem=440561664 instructions=1249794611223 wakeups=138149 diski=7303168 disko=16564224 rx=72211870 tx=30562763 comm=*system*
psu_energy_ac_mcp_machine=8962811768
-------
timestamp=3407877793442693
iterations=940
sample_ns=100000000
window_ns=1000000000
rapl_core_sum_uj=4048849581
rapl_psys_sum_uj=0
pid=0 energy=34458188631911805 alive=1 kernel=1 cpu_ns=6890381875000000 mem=440557568 instructions=1255851382361 wakeups=138363 diski=7303168 disko=16564224 rx=72211870 tx=30562763 comm=*system*
psu_energy_ac_mcp_machine=8981463989
-------
timestamp=3407877923520613
iterations=941
sample_ns=100000000
window_ns=1000000000
rapl_core_sum_uj=4057236360
rapl_psys_sum_uj=0
pid=0 energy=34458206388599835 alive=1 kernel=1 cpu_ns=6890382403000000 mem=440561664 instructions=1258874719967 wakeups=138572 diski=7303168 disko=16564224 rx=72211870 tx=30562763 comm=*system*
psu_energy_ac_mcp_machine=9000154419
-------
timestamp=3407878053629588
iterations=942
sample_ns=100000000
window_ns=1000000000
rapl_core_sum_uj=4065631989
rapl_psys_sum_uj=0
pid=0 energy=34458224118943435 alive=1 kernel=1 cpu_ns=6890382933000000 mem=440561664 instructions=1261890788687 wakeups=138787 diski=7303168 disko=16605184 rx=72211870 tx=30562763 comm=*system*
psu_energy_ac_mcp_machine=9025249146
-------
timestamp=3407878186802954
iterations=943
sample_ns=100000000
window_ns=1000000000
rapl_core_sum_uj=4074042511
rapl_psys_sum_uj=0
pid=0 energy=34458241860136150 alive=1 kernel=1 cpu_ns=6890383464000000 mem=440561664 instructions=1264908027230 wakeups=138991 diski=7303168 disko=16605184 rx=72211870 tx=30562763 comm=*system*
psu_energy_ac_mcp_machine=9043862671
-------
timestamp=3407878316937336
iterations=945
sample_ns=100000000
window_ns=1000000000
rapl_core_sum_uj=4090862700
rapl_psys_sum_uj=0
pid=0 energy=34458277264641225 alive=1 kernel=1 cpu_ns=6890384514000000 mem=440569856 instructions=1270938928245 wakeups=139207 diski=7303168 disko=16605184 rx=72211870 tx=30562763 comm=*system*
psu_energy_ac_mcp_machine=9062573975
-------
timestamp=3407878446984233
iterations=946
sample_ns=100000000
window_ns=1000000000
rapl_core_sum_uj=4099257658
rapl_psys_sum_uj=0
pid=0 energy=34458295004550930 alive=1 kernel=1 cpu_ns=6890385042000000 mem=440569856 instructions=1273958910186 wakeups=139414 diski=7303168 disko=16605184 rx=72211870 tx=30562763 comm=*system*
psu_energy_ac_mcp_machine=9087574585
-------
timestamp=3407878580221455
iterations=947
sample_ns=100000000
window_ns=1000000000
rapl_core_sum_uj=4107643766
rapl_psys_sum_uj=0
pid=0 energy=34458312728076625 alive=1 kernel=1 cpu_ns=6890385572000000 mem=440573952 instructions=1276973615325 wakeups=139622 diski=7303168 disko=16605184 rx=72211870 tx=30562763 comm=*system*
psu_energy_ac_mcp_machine=9106410400
-------
timestamp=3407878715198394
iterations=949
sample_ns=100000000
window_ns=1000000000
rapl_core_sum_uj=4124571622
rapl_psys_sum_uj=0
pid=0 energy=34458348251677960 alive=1 kernel=1 cpu_ns=6890386629000000 mem=441024512 instructions=1283021335592 wakeups=139850 diski=7303168 disko=16605184 rx=72211870 tx=30562763 comm=*system*
psu_energy_ac_mcp_machine=9125003174
-------
timestamp=3407878845393465
iterations=950
sample_ns=100000000
window_ns=1000000000
rapl_core_sum_uj=4132863614
rapl_psys_sum_uj=0
pid=0 energy=34458365761352360 alive=1 kernel=1 cpu_ns=6890387150000000 mem=440569856 instructions=1286002270472 wakeups=140048 diski=7303168 disko=16605184 rx=72211870 tx=30562763 comm=*system*
psu_energy_ac_mcp_machine=9150001221
-------
timestamp=3407878978763976
iterations=951
sample_ns=100000000
window_ns=1000000000
rapl_core_sum_uj=4141240445
rapl_psys_sum_uj=0
pid=0 energy=34458383467239625 alive=1 kernel=1 cpu_ns=6890387682000000 mem=440582144 instructions=1289011447925 wakeups=140250 diski=7303168 disko=16605184 rx=72211870 tx=30562763 comm=*system*
psu_energy_ac_mcp_machine=9168833008
-------
timestamp=3407879111598456
iterations=952
sample_ns=100000000
window_ns=1000000000
rapl_core_sum_uj=4149597561
rapl_psys_sum_uj=0
pid=0 energy=34458401111383735 alive=1 kernel=1 cpu_ns=6890388213000000 mem=440582144 instructions=1292009276747 wakeups=140454 diski=7303168 disko=16605184 rx=72211870 tx=30562763 comm=*system*
psu_energy_ac_mcp_machine=9187461914
-------
timestamp=3407879241715502
iterations=954
sample_ns=100000000
window_ns=1000000000
rapl_core_sum_uj=4166491908
rapl_psys_sum_uj=0
pid=0 energy=34458436596235455 alive=1 kernel=1 cpu_ns=6890389263000000 mem=440582144 instructions=1298056247091 wakeups=140659 diski=7303168 disko=16605184 rx=72211872 tx=30562763 comm=*system*
psu_energy_ac_mcp_machine=9206243530
-------
timestamp=3407879371782702
iterations=955
sample_ns=100000000
window_ns=1000000000
rapl_core_sum_uj=4174873621
rapl_psys_sum_uj=0
pid=0 energy=34458454290048725 alive=1 kernel=1 cpu_ns=6890389795000000 mem=440586240 instructions=1301063009745 wakeups=140870 diski=7303168 disko=16629760 rx=72211872 tx=30562763 comm=*system*
psu_energy_ac_mcp_machine=9231300293
-------
timestamp=3407879503875391
iterations=956
sample_ns=100000000
window_ns=1000000000
rapl_core_sum_uj=4183293298
rapl_psys_sum_uj=0
pid=0 energy=34458472063161290 alive=1 kernel=1 cpu_ns=6890390326000000 mem=440590336 instructions=1304086632258 wakeups=141082 diski=7303168 disko=16629760 rx=72211872 tx=30562763 comm=*system*
psu_energy_ac_mcp_machine=9250032837
-------
timestamp=3407879635145660
iterations=957
sample_ns=100000000
window_ns=1000000000
rapl_core_sum_uj=4191653893
rapl_psys_sum_uj=0
pid=0 energy=34458489709998760 alive=1 kernel=1 cpu_ns=6890390854000000 mem=440590336 instructions=1307087999752 wakeups=141287 diski=7303168 disko=16629760 rx=72211872 tx=30562763 comm=*system*
psu_energy_ac_mcp_machine=9268718994
-------
timestamp=3407879765167965
iterations=959
sample_ns=100000000
window_ns=1000000000
rapl_core_sum_uj=4208561790
rapl_psys_sum_uj=0
pid=0 energy=34458525241713000 alive=1 kernel=1 cpu_ns=6890391904000000 mem=440590336 instructions=1313144342600 wakeups=141508 diski=7303168 disko=16629760 rx=72211872 tx=30562763 comm=*system*
psu_energy_ac_mcp_machine=9293756226
-------
timestamp=3407879899428926
iterations=960
sample_ns=100000000
window_ns=1000000000
rapl_core_sum_uj=4216920493
rapl_psys_sum_uj=0
pid=0 energy=34458542950898280 alive=1 kernel=1 cpu_ns=6890392435000000 mem=440590336 instructions=1316155179656 wakeups=141718 diski=7303168 disko=16629760 rx=72211872 tx=30562763 comm=*system*
psu_energy_ac_mcp_machine=9312608521
-------
timestamp=3407880032520380
iterations=961
sample_ns=100000000
window_ns=1000000000
rapl_core_sum_uj=4225287741
rapl_psys_sum_uj=0
pid=0 energy=34458560627201040 alive=1 kernel=1 cpu_ns=6890392964000000 mem=440590336 instructions=1319161440208 wakeups=141919 diski=7303168 disko=16629760 rx=72211872 tx=30562763 comm=*system*
psu_energy_ac_mcp_machine=9331291138
-------
timestamp=3407880162522566
iterations=962
sample_ns=100000000
window_ns=1000000000
rapl_core_sum_uj=4233719686
rapl_psys_sum_uj=0
pid=0 energy=34458578387392565 alive=1 kernel=1 cpu_ns=6890393495000000 mem=440590336 instructions=1322182478513 wakeups=142121 diski=7303168 disko=16629760 rx=72211872 tx=30562763 comm=*system*
psu_energy_ac_mcp_machine=9350026367
-------
timestamp=3407880292721933
iterations=964
sample_ns=100000000
window_ns=1000000000
rapl_core_sum_uj=4250581624
rapl_psys_sum_uj=0
pid=0 energy=34458613840990780 alive=1 kernel=1 cpu_ns=6890394544000000 mem=440590336 instructions=1328224198156 wakeups=142336 diski=7303168 disko=16629760 rx=72211872 tx=30562763 comm=*system*
psu_energy_ac_mcp_machine=9375104370
-------
timestamp=3407880424648265
iterations=965
sample_ns=100000000
window_ns=1000000000
rapl_core_sum_uj=4258952900
rapl_psys_sum_uj=0
pid=0 energy=34458631552837220 alive=1 kernel=1 cpu_ns=6890395075000000 mem=440590336 instructions=1331235567444 wakeups=142537 diski=7303168 disko=16629760 rx=72211872 tx=30562763 comm=*system*
psu_energy_ac_mcp_machine=9393812134
-------
timestamp=3407880555669655
iterations=966
sample_ns=100000000
window_ns=1000000000
rapl_core_sum_uj=4267358539
rapl_psys_sum_uj=0
pid=0 energy=34458649298277145 alive=1 kernel=1 cpu_ns=6890395605000000 mem=440590336 instructions=1334254655429 wakeups=142748 diski=7303168 disko=16629760 rx=72211872 tx=30562763 comm=*system*
psu_energy_ac_mcp_machine=9412564697
-------
timestamp=3407880685394544
iterations=967
sample_ns=100000000
window_ns=1000000000
rapl_core_sum_uj=4275780780
rapl_psys_sum_uj=0
pid=0 energy=34458667061595725 alive=1 kernel=1 cpu_ns=6890396134000000 mem=440590336 instructions=1337278319145 wakeups=142954 diski=7303168 disko=16629760 rx=72211872 tx=30562763 comm=*system*
psu_energy_ac_mcp_machine=9437526001
-------
timestamp=3407880819842783
iterations=969
sample_ns=100000000
window_ns=1000000000
rapl_core_sum_uj=4292580218
rapl_psys_sum_uj=0
pid=0 energy=34458702437230895 alive=1 kernel=1 cpu_ns=6890397182000000 mem=440590336 instructions=1343305446179 wakeups=143175 diski=7303168 disko=16629760 rx=72211872 tx=30562763 comm=*system*
psu_energy_ac_mcp_machine=9456366821
-------
timestamp=3407880952686112
iterations=970
sample_ns=100000000
window_ns=1000000000
rapl_core_sum_uj=4300943987
rapl_psys_sum_uj=0
pid=0 energy=34458720092499955 alive=1 kernel=1 cpu_ns=6890397710000000 mem=440602624 instructions=1346308499991 wakeups=143388 diski=7303168 disko=16629760 rx=72211872 tx=30562763 comm=*system*
psu_energy_ac_mcp_machine=9475010864
-------
timestamp=3407881082792293
iterations=971
sample_ns=100000000
window_ns=1000000000
rapl_core_sum_uj=4309316057
rapl_psys_sum_uj=0
pid=0 energy=34458737814503855 alive=1 kernel=1 cpu_ns=6890398240000000 mem=440606720 instructions=1349322900771 wakeups=143588 diski=7303168 disko=16629760 rx=72211872 tx=30562763 comm=*system*
psu_energy_ac_mcp_machine=9493755249
-------
timestamp=3407881212945857
iterations=973
sample_ns=100000000
window_ns=1000000000
rapl_core_sum_uj=4326184281
rapl_psys_sum_uj=0
pid=0 energy=34458773291104330 alive=1 kernel=1 cpu_ns=6890399290000000 mem=440610816 instructions=1355368220866 wakeups=143810 diski=7303168 disko=16629760 rx=72211874 tx=30562763 comm=*system*
psu_energy_ac_mcp_machine=9518852417
-------
timestamp=3407881345044594
iterations=974
sample_ns=100000000
window_ns=1000000000
rapl_core_sum_uj=4334588211
rapl_psys_sum_uj=0
pid=0 energy=34458791022995450 alive=1 kernel=1 cpu_ns=6890399819000000 mem=440610816 instructions=1358385599090 wakeups=144015 diski=7303168 disko=16629760 rx=72211874 tx=30562763 comm=*system*
psu_energy_ac_mcp_machine=9537565186
-------
timestamp=3407881475900280
iterations=975
sample_ns=100000000
window_ns=1000000000
rapl_core_sum_uj=4342968398
rapl_psys_sum_uj=0
pid=0 energy=34458808712581790 alive=1 kernel=1 cpu_ns=6890400348000000 mem=440614912 instructions=1361394516358 wakeups=144223 diski=7303168 disko=16629760 rx=72211874 tx=30562763 comm=*system*
psu_energy_ac_mcp_machine=9556271362
-------
timestamp=3407881605933883
iterations=976
sample_ns=100000000
window_ns=1000000000
rapl_core_sum_uj=4351340285
rapl_psys_sum_uj=0
pid=0 energy=34458826434424825 alive=1 kernel=1 cpu_ns=6890400878000000 mem=440614912 instructions=1364408884965 wakeups=144428 diski=7303168 disko=16629760 rx=72211874 tx=30562763 comm=*system*
psu_energy_ac_mcp_machine=9581189331
-------
timestamp=3407881740357322
iterations=978
sample_ns=100000000
window_ns=1000000000
rapl_core_sum_uj=4368209791
rapl_psys_sum_uj=0
pid=0 energy=34458861890989815 alive=1 kernel=1 cpu_ns=6890401929000000 mem=440610816 instructions=1370449197963 wakeups=144638 diski=7303168 disko=16629760 rx=72211874 tx=30562763 comm=*system*
psu_energy_ac_mcp_machine=9600045776
-------
timestamp=3407881872981376
iterations=979
sample_ns=100000000
window_ns=1000000000
rapl_core_sum_uj=4376553846
rapl_psys_sum_uj=0
pid=0 energy=34458879542913075 alive=1 kernel=1 cpu_ns=6890402459000000 mem=440614912 instructions=1373449582615 wakeups=144842 diski=7303168 disko=16629760 rx=72211874 tx=30562763 comm=*system*
psu_energy_ac_mcp_machine=9618667480
-------
timestamp=3407882002651649
iterations=980
sample_ns=100000000
window_ns=1000000000
rapl_core_sum_uj=4384978650
rapl_psys_sum_uj=0
pid=0 energy=34458897309534805 alive=1 kernel=1 cpu_ns=6890402989000000 mem=440619008 instructions=1376472906961 wakeups=145046 diski=7303168 disko=16629760 rx=72211874 tx=30562763 comm=*system*
psu_energy_ac_mcp_machine=9637413330
-------
timestamp=3407882132700521
iterations=981
sample_ns=100000000
window_ns=1000000000
rapl_core_sum_uj=4393367504
rapl_psys_sum_uj=0
pid=0 energy=34458915054823615 alive=1 kernel=1 cpu_ns=6890403519000000 mem=440619008 instructions=1379491964723 wakeups=145247 diski=7303168 disko=16629760 rx=72211874 tx=30562763 comm=*system*
psu_energy_ac_mcp_machine=9662419189
-------
timestamp=3407882265728375
iterations=983
sample_ns=100000000
window_ns=1000000000
rapl_core_sum_uj=4410179697
rapl_psys_sum_uj=0
pid=0 energy=34458950408918905 alive=1 kernel=1 cpu_ns=6890404569000000 mem=440623104 instructions=1385512783781 wakeups=145451 diski=7303168 disko=16629760 rx=72211874 tx=30562763 comm=*system*
psu_energy_ac_mcp_machine=9681093506
-------
timestamp=3407882396717828
iterations=984
sample_ns=100000000
window_ns=1000000000
rapl_core_sum_uj=4418526010
rapl_psys_sum_uj=0
pid=0 energy=34458968048453895 alive=1 kernel=1 cpu_ns=6890405098000000 mem=440623104 instructions=1388511690779 wakeups=145658 diski=7303168 disko=16629760 rx=72211874 tx=30562763 comm=*system*
psu_energy_ac_mcp_machine=9699778320
-------
timestamp=3407882526907204
iterations=985
sample_ns=100000000
window_ns=1000000000
rapl_core_sum_uj=4426951669
rapl_psys_sum_uj=0
pid=0 energy=34458985805068065 alive=1 kernel=1 cpu_ns=6890405629000000 mem=440627200 instructions=1391532013613 wakeups=145863 diski=7303168 disko=16629760 rx=72211874 tx=30562763 comm=*system*
psu_energy_ac_mcp_machine=9718532593
-------
timestamp=3407882656916064
iterations=986
sample_ns=100000000
window_ns=1000000000
rapl_core_sum_uj=4435380318
rapl_psys_sum_uj=0
pid=0 energy=34459003578004305 alive=1 kernel=1 cpu_ns=6890406161000000 mem=440627200 instructions=1394554600861 wakeups=146069 diski=7303168 disko=16629760 rx=72211874 tx=30562763 comm=*system*
psu_energy_ac_mcp_machine=9743642578
-------
timestamp=3407882789496064
iterations=988
sample_ns=100000000
window_ns=1000000000
rapl_core_sum_uj=4452228218
rapl_psys_sum_uj=0
pid=0 energy=34459039005301555 alive=1 kernel=1 cpu_ns=6890407211000000 mem=440631296 instructions=1400590060311 wakeups=146293 diski=7303168 disko=16629760 rx=72211876 tx=30562763 comm=*system*
psu_energy_ac_mcp_machine=9762273071
-------
timestamp=3407882919386858
iterations=989
sample_ns=100000000
window_ns=1000000000
rapl_core_sum_uj=4460598701
rapl_psys_sum_uj=0
pid=0 energy=34459056679937040 alive=1 kernel=1 cpu_ns=6890407741000000 mem=440631296 instructions=1403594987408 wakeups=146500 diski=7303168 disko=16629760 rx=72211876 tx=30562763 comm=*system*
psu_energy_ac_mcp_machine=9780962891
-------
timestamp=3407883050501890
iterations=990
sample_ns=100000000
window_ns=1000000000
rapl_core_sum_uj=4468974982
rapl_psys_sum_uj=0
pid=0 energy=34459074433079900 alive=1 kernel=1 cpu_ns=6890408272000000 mem=440631296 instructions=1406614615980 wakeups=146709 diski=7303168 disko=16629760 rx=72211876 tx=30562763 comm=*system*
psu_energy_ac_mcp_machine=9805962402
-------
timestamp=3407883183499410
iterations=992
sample_ns=100000000
window_ns=1000000000
rapl_core_sum_uj=4485864385
rapl_psys_sum_uj=0
pid=0 energy=34459109994352885 alive=1 kernel=1 cpu_ns=6890409327000000 mem=441307136 instructions=1412671870577 wakeups=146933 diski=7303168 disko=16662528 rx=72211878 tx=30562763 comm=*system*
psu_energy_ac_mcp_machine=9824785889
-------
timestamp=3407883317111593
iterations=993
sample_ns=100000000
window_ns=1000000000
rapl_core_sum_uj=4494210088
rapl_psys_sum_uj=0
pid=0 energy=34459127568258935 alive=1 kernel=1 cpu_ns=6890409853000000 mem=440631296 instructions=1415660651787 wakeups=147124 diski=7303168 disko=16662528 rx=72211878 tx=30562763 comm=*system*
psu_energy_ac_mcp_machine=9843465942
-------
timestamp=3407883446616433
iterations=994
sample_ns=100000000
window_ns=1000000000
rapl_core_sum_uj=4502612431
rapl_psys_sum_uj=0
pid=0 energy=34459145250459725 alive=1 kernel=1 cpu_ns=6890410382000000 mem=440631296 instructions=1418668091945 wakeups=147339 diski=7303168 disko=16662528 rx=72211878 tx=30562763 comm=*system*
psu_energy_ac_mcp_machine=9862194214
-------
timestamp=3407883576659370
iterations=995
sample_ns=100000000
window_ns=1000000000
rapl_core_sum_uj=4510984867
rapl_psys_sum_uj=0
pid=0 energy=34459162903434405 alive=1 kernel=1 cpu_ns=6890410912000000 mem=440631296 instructions=1421668686881 wakeups=147541 diski=7303168 disko=16662528 rx=72211878 tx=30562763 comm=*system*
psu_energy_ac_mcp_machine=9887253418
-------
timestamp=3407883709928197
iterations=997
sample_ns=100000000
window_ns=1000000000
rapl_core_sum_uj=4527860965
rapl_psys_sum_uj=0
pid=0 energy=34459198271248465 alive=1 kernel=1 cpu_ns=6890411962000000 mem=440631296 instructions=1427692249693 wakeups=147765 diski=7303168 disko=16662528 rx=72211878 tx=30562763 comm=*system*
psu_energy_ac_mcp_machine=9905928345
-------
timestamp=3407883839829962
iterations=998
sample_ns=100000000
window_ns=1000000000
rapl_core_sum_uj=4536256900
rapl_psys_sum_uj=0
pid=0 energy=34459215969789710 alive=1 kernel=1 cpu_ns=6890412491000000 mem=440631296 instructions=1430702957942 wakeups=147967 diski=7303168 disko=16662528 rx=72211878 tx=30562763 comm=*system*
psu_energy_ac_mcp_machine=9924702026
-------
timestamp=3407883969664720
iterations=999
sample_ns=100000000
window_ns=1000000000
rapl_core_sum_uj=4544658816
rapl_psys_sum_uj=0
pid=0 energy=34459233700906425 alive=1 kernel=1 cpu_ns=6890413021000000 mem=440643584 instructions=1433719181285 wakeups=148171 diski=7303168 disko=16662528 rx=72211878 tx=30562763 comm=*system*
psu_energy_ac_mcp_machine=9949754883
-------
timestamp=3407884103564096
iterations=1000
sample_ns=100000000
window_ns=1000000000
rapl_core_sum_uj=4553030947
rapl_psys_sum_uj=0
pid=0 energy=34459251319485030 alive=1 kernel=1 cpu_ns=6890413551000000 mem=440643584 instructions=1436712897006 wakeups=148375 diski=7303168 disko=16662528 rx=72211878 tx=30562763 comm=*system*
psu_energy_ac_mcp_machine=9968541016
-------
timestamp=3407884237621297
iterations=1002
sample_ns=100000000
window_ns=1000000000
rapl_core_sum_uj=4569900391
rapl_psys_sum_uj=0
pid=0 energy=34459286656995935 alive=1 kernel=1 cpu_ns=6890414601000000 mem=440647680 instructions=1442730399187 wakeups=148594 diski=7303168 disko=16662528 rx=72211878 tx=30562763 comm=*system*
psu_energy_ac_mcp_machine=9987231201
-------
timestamp=3407884368025952
iterations=1003
sample_ns=100000000
window_ns=1000000000
rapl_core_sum_uj=4578283874
rapl_psys_sum_uj=0
pid=0 energy=34459304318756500 alive=1 kernel=1 cpu_ns=6890415130000000 mem=440643584 instructions=1445733751300 wakeups=148796 diski=7303168 disko=16662528 rx=72211878 tx=30562763 comm=*system*
psu_energy_ac_mcp_machine=10012185059
-------
timestamp=3407884502060658
iterations=1004
sample_ns=100000000
window_ns=1000000000
rapl_core_sum_uj=4586660216
rapl_psys_sum_uj=0
pid=0 energy=34459321996937210 alive=1 kernel=1 cpu_ns=6890415660000000 mem=440651776 instructions=1448739387442 wakeups=149010 diski=7303168 disko=16683008 rx=72211878 tx=30562763 comm=*system*
psu_energy_ac_mcp_machine=10031013428
-------
timestamp=3407884635083584
iterations=1005
sample_ns=100000000
window_ns=1000000000
rapl_core_sum_uj=4595040831
rapl_psys_sum_uj=0
pid=0 energy=34459339647397320 alive=1 kernel=1 cpu_ns=6890416191000000 mem=440651776 instructions=1451738479464 wakeups=149207 diski=7303168 disko=16683008 rx=72211878 tx=30562763 comm=*system*
psu_energy_ac_mcp_machine=10049668823
-------
timestamp=3407884765395240
iterations=1007
sample_ns=100000000
window_ns=1000000000
rapl_core_sum_uj=4611892637
rapl_psys_sum_uj=0
pid=0 energy=34459375038127630 alive=1 kernel=1 cpu_ns=6890417240000000 mem=440647680 instructions=1457767625526 wakeups=149434 diski=7303168 disko=16683008 rx=72211878 tx=30562763 comm=*system*
psu_energy_ac_mcp_machine=10068436646
-------
timestamp=3407884895324770
iterations=1008
sample_ns=100000000
window_ns=1000000000
rapl_core_sum_uj=4620264280
rapl_psys_sum_uj=0
pid=0 energy=34459392715304585 alive=1 kernel=1 cpu_ns=6890417770000000 mem=440651776 instructions=1460773060917 wakeups=149645 diski=7303168 disko=16683008 rx=72211878 tx=30562763 comm=*system*
psu_energy_ac_mcp_machine=10093515747
-------
timestamp=3407885027137151
iterations=1009
sample_ns=100000000
window_ns=1000000000
rapl_core_sum_uj=4628670224
rapl_psys_sum_uj=0
pid=0 energy=34459410427670190 alive=1 kernel=1 cpu_ns=6890418299000000 mem=440655872 instructions=1463786534038 wakeups=149854 diski=7303168 disko=16683008 rx=72211878 tx=30562763 comm=*system*
psu_energy_ac_mcp_machine=10112253906
-------
timestamp=3407885158017755
iterations=1010
sample_ns=100000000
window_ns=1000000000
rapl_core_sum_uj=4637137509
rapl_psys_sum_uj=0
pid=0 energy=34459428305796135 alive=1 kernel=1 cpu_ns=6890418834000000 mem=440655872 instructions=1466827159227 wakeups=150057 diski=7303168 disko=16683008 rx=72211878 tx=30562763 comm=*system*
psu_energy_ac_mcp_machine=10131011963
-------
timestamp=3407885288660353
iterations=1012
sample_ns=100000000
window_ns=1000000000
rapl_core_sum_uj=4653882076
rapl_psys_sum_uj=0
pid=0 energy=34459463518296020 alive=1 kernel=1 cpu_ns=6890419879000000 mem=440655872 instructions=1472824659204 wakeups=150270 diski=7303168 disko=16683008 rx=72211880 tx=30562763 comm=*system*
psu_energy_ac_mcp_machine=10156049072
-------
timestamp=3407885422526621
iterations=1013
sample_ns=100000000
window_ns=1000000000
rapl_core_sum_uj=4662251094
rapl_psys_sum_uj=0
pid=0 energy=34459481190604395 alive=1 kernel=1 cpu_ns=6890420409000000 mem=440655872 instructions=1475829120879 wakeups=150478 diski=7303168 disko=16683008 rx=72211880 tx=30562763 comm=*system*
psu_energy_ac_mcp_machine=10174909424
-------
timestamp=3407885555478692
iterations=1014
sample_ns=100000000
window_ns=1000000000
rapl_core_sum_uj=4670621333
rapl_psys_sum_uj=0
pid=0 energy=34459498885335590 alive=1 kernel=1 cpu_ns=6890420941000000 mem=440668160 instructions=1478836067118 wakeups=150695 diski=7303168 disko=16683008 rx=72211880 tx=30562763 comm=*system*
psu_energy_ac_mcp_machine=10193565063
-------
timestamp=3407885685426000
iterations=1016
sample_ns=100000000
window_ns=1000000000
rapl_core_sum_uj=4687459955
rapl_psys_sum_uj=0
pid=0 energy=34459534276635420 alive=1 kernel=1 cpu_ns=6890421990000000 mem=440664064 instructions=1484865327084 wakeups=150924 diski=7303168 disko=16683008 rx=72211881 tx=30562764 comm=*system*
psu_energy_ac_mcp_machine=10212301392
-------
timestamp=3407885815689410
iterations=1017
sample_ns=100000000
window_ns=1000000000
rapl_core_sum_uj=4695821161
rapl_psys_sum_uj=0
pid=0 energy=34459551915808460 alive=1 kernel=1 cpu_ns=6890422519000000 mem=440664064 instructions=1487864161692 wakeups=151120 diski=7303168 disko=16683008 rx=72211881 tx=30562764 comm=*system*
psu_energy_ac_mcp_machine=10237326172
-------
timestamp=3407885947748234
iterations=1018
sample_ns=100000000
window_ns=1000000000
rapl_core_sum_uj=4704202996
rapl_psys_sum_uj=0
pid=0 energy=34459569587606990 alive=1 kernel=1 cpu_ns=6890423049000000 mem=440668160 instructions=1490868521398 wakeups=151331 diski=7303168 disko=16683008 rx=72211882 tx=30562764 comm=*system*
psu_energy_ac_mcp_machine=10256075439
-------
timestamp=3407886078657356
iterations=1019
sample_ns=100000000
window_ns=1000000000
rapl_core_sum_uj=4712558647
rapl_psys_sum_uj=0
pid=0 energy=34459587259367055 alive=1 kernel=1 cpu_ns=6890423579000000 mem=440668160 instructions=1493872873411 wakeups=151536 diski=7303168 disko=16683008 rx=72211882 tx=30562764 comm=*system*
psu_energy_ac_mcp_machine=10274739258
-------
timestamp=3407886208757383
iterations=1021
sample_ns=100000000
window_ns=1000000000
rapl_core_sum_uj=4729361746
rapl_psys_sum_uj=0
pid=0 energy=34459622516466670 alive=1 kernel=1 cpu_ns=6890424627000000 mem=440668160 instructions=1499876293334 wakeups=151753 diski=7303168 disko=16683008 rx=72211882 tx=30562764 comm=*system*
psu_energy_ac_mcp_machine=10293447021
-------
timestamp=3407886338716601
iterations=1022
sample_ns=100000000
window_ns=1000000000
rapl_core_sum_uj=4737699270
rapl_psys_sum_uj=0
pid=0 energy=34459640191792145 alive=1 kernel=1 cpu_ns=6890425157000000 mem=440668160 instructions=1502881358429 wakeups=151953 diski=7303168 disko=16683008 rx=72211882 tx=30562764 comm=*system*
psu_energy_ac_mcp_machine=10318529541
-------
timestamp=3407886471706804
iterations=1023
sample_ns=100000000
window_ns=1000000000
rapl_core_sum_uj=4746049184
rapl_psys_sum_uj=0
pid=0 energy=34459657888803495 alive=1 kernel=1 cpu_ns=6890425687000000 mem=440668160 instructions=1505890760699 wakeups=152165 diski=7303168 disko=16683008 rx=72211882 tx=30562764 comm=*system*
psu_energy_ac_mcp_machine=10337217041
-------
timestamp=3407886601791618
iterations=1024
sample_ns=100000000
window_ns=1000000000
rapl_core_sum_uj=4754438771
rapl_psys_sum_uj=0
pid=0 energy=34459675564708815 alive=1 kernel=1 cpu_ns=6890426218000000 mem=440668160 instructions=1508894941763 wakeups=152368 diski=7303168 disko=16683008 rx=72211882 tx=30562764 comm=*system*
psu_energy_ac_mcp_machine=10355867554
-------
timestamp=3407886731928461
iterations=1026
sample_ns=100000000
window_ns=1000000000
rapl_core_sum_uj=4771294666
rapl_psys_sum_uj=0
pid=0 energy=34459710990879930 alive=1 kernel=1 cpu_ns=6890427268000000 mem=440668160 instructions=1514930175986 wakeups=152608 diski=7303168 disko=16683008 rx=72211882 tx=30562764 comm=*system*
psu_energy_ac_mcp_machine=10380890381
-------
timestamp=3407886865313308
iterations=1027
sample_ns=100000000
window_ns=1000000000
rapl_core_sum_uj=4779658252
rapl_psys_sum_uj=0
pid=0 energy=34459728658135110 alive=1 kernel=1 cpu_ns=6890427798000000 mem=440668160 instructions=1517933627022 wakeups=152808 diski=7303168 disko=16683008 rx=72211882 tx=30562764 comm=*system*
psu_energy_ac_mcp_machine=10399655151
-------
timestamp=3407886999030521
iterations=1028
sample_ns=100000000
window_ns=1000000000
rapl_core_sum_uj=4788055529
rapl_psys_sum_uj=0
pid=0 energy=34459746378496715 alive=1 kernel=1 cpu_ns=6890428328000000 mem=440676352 instructions=1520947699343 wakeups=153023 diski=7303168 disko=16683008 rx=72211882 tx=30562764 comm=*system*
psu_energy_ac_mcp_machine=10418375122
-------
timestamp=3407887129015427
iterations=1029
sample_ns=100000000
window_ns=1000000000
rapl_core_sum_uj=4796454332
rapl_psys_sum_uj=0
pid=0 energy=34459764105598655 alive=1 kernel=1 cpu_ns=6890428859000000 mem=440676352 instructions=1523962119731 wakeups=153224 diski=7303168 disko=16683008 rx=72211882 tx=30562764 comm=*system*
psu_energy_ac_mcp_machine=10437128784
-------
timestamp=3407887258734833
iterations=1031
sample_ns=100000000
window_ns=1000000000
rapl_core_sum_uj=4813299241
rapl_psys_sum_uj=0
pid=0 energy=34459799493206210 alive=1 kernel=1 cpu_ns=6890429911000000 mem=440680448 instructions=1529987641242 wakeups=153433 diski=7303168 disko=16683008 rx=72211884 tx=30562764 comm=*system*
psu_energy_ac_mcp_machine=10462229370
-------
timestamp=3407887392108217
iterations=1032
sample_ns=100000000
window_ns=1000000000
rapl_core_sum_uj=4821657334
rapl_psys_sum_uj=0
pid=0 energy=34459817129977360 alive=1 kernel=1 cpu_ns=6890430440000000 mem=440680448 instructions=1532985995472 wakeups=153650 diski=7303168 disko=16683008 rx=72211884 tx=30562764 comm=*system*
psu_energy_ac_mcp_machine=10480856812
-------
timestamp=3407887522322504
iterations=1033
sample_ns=100000000
window_ns=1000000000
rapl_core_sum_uj=4830041794
rapl_psys_sum_uj=0
pid=0 energy=34459834811101375 alive=1 kernel=1 cpu_ns=6890430970000000 mem=440680448 instructions=1535992220275 wakeups=153854 diski=7303168 disko=16683008 rx=72211884 tx=30562764 comm=*system*
psu_energy_ac_mcp_machine=10499589966
-------
timestamp=3407887652408025
iterations=1034
sample_ns=100000000
window_ns=1000000000
rapl_core_sum_uj=4838474350
rapl_psys_sum_uj=0
pid=0 energy=34459852531936625 alive=1 kernel=1 cpu_ns=6890431499000000 mem=440680448 instructions=1539007387325 wakeups=154063 diski=7303168 disko=16683008 rx=72211884 tx=30562764 comm=*system*
psu_energy_ac_mcp_machine=10524525635
-------
timestamp=3407887785902484
iterations=1036
sample_ns=100000000
window_ns=1000000000
rapl_core_sum_uj=4855300460
rapl_psys_sum_uj=0
pid=0 energy=34459887878517695 alive=1 kernel=1 cpu_ns=6890432549000000 mem=440688640 instructions=1545026703539 wakeups=154287 diski=7303168 disko=16683008 rx=72211884 tx=30562764 comm=*system*
psu_energy_ac_mcp_machine=10543276978
-------
timestamp=3407887919620776
iterations=1037
sample_ns=100000000
window_ns=1000000000
rapl_core_sum_uj=4863709578
rapl_psys_sum_uj=0
pid=0 energy=34459905563993835 alive=1 kernel=1 cpu_ns=6890433079000000 mem=440684544 instructions=1548033798767 wakeups=154492 diski=7303168 disko=16683008 rx=72211884 tx=30562764 comm=*system*
psu_energy_ac_mcp_machine=10561929199
-------
timestamp=3407888049735155
iterations=1038
sample_ns=100000000
window_ns=1000000000
rapl_core_sum_uj=4872116011
rapl_psys_sum_uj=0
pid=0 energy=34459923266618835 alive=1 kernel=1 cpu_ns=6890433609000000 mem=440684544 instructions=1551044323767 wakeups=154694 diski=7303168 disko=16683008 rx=72211884 tx=30562764 comm=*system*
psu_energy_ac_mcp_machine=10580647339
-------
timestamp=3407888180212288
iterations=1040
sample_ns=100000000
window_ns=1000000000
rapl_core_sum_uj=4888994001
rapl_psys_sum_uj=0
pid=0 energy=34459958653106970 alive=1 kernel=1 cpu_ns=6890434661000000 mem=440684544 instructions=1557069621394 wakeups=154935 diski=7303168 disko=16715776 rx=72211884 tx=30562764 comm=*system*
psu_energy_ac_mcp_machine=10605747681
-------
timestamp=3407888312288891
iterations=1041
sample_ns=100000000
window_ns=1000000000
rapl_core_sum_uj=4897385358
rapl_psys_sum_uj=0
pid=0 energy=34459976315811825 alive=1 kernel=1 cpu_ns=6890435192000000 mem=440684544 instructions=1560071162365 wakeups=155139 diski=7303168 disko=16715776 rx=72211884 tx=30562764 comm=*system*
psu_energy_ac_mcp_machine=10624451538
-------
timestamp=3407888442286672
iterations=1042
sample_ns=100000000
window_ns=1000000000
rapl_core_sum_uj=4905796185
rapl_psys_sum_uj=0
pid=0 energy=34459994023862675 alive=1 kernel=1 cpu_ns=6890435722000000 mem=440684544 instructions=1563082772535 wakeups=155348 diski=7303168 disko=16715776 rx=72211884 tx=30562764 comm=*system*
psu_energy_ac_mcp_machine=10643212158
-------
timestamp=3407888572312179
iterations=1043
sample_ns=100000000
window_ns=1000000000
rapl_core_sum_uj=4914209087
rapl_psys_sum_uj=0
pid=0 energy=34460011717257540 alive=1 kernel=1 cpu_ns=6890436253000000 mem=440684544 instructions=1566090451508 wakeups=155549 diski=7303168 disko=16748544 rx=72211884 tx=30562764 comm=*system*
psu_energy_ac_mcp_machine=10668227539
-------
timestamp=3407888706055059
iterations=1045
sample_ns=100000000
window_ns=1000000000
rapl_core_sum_uj=4931091471
rapl_psys_sum_uj=0
pid=0 energy=34460047076840335 alive=1 kernel=1 cpu_ns=6890437302000000 mem=440684544 instructions=1572113368067 wakeups=155772 diski=7303168 disko=16748544 rx=72211884 tx=30562764 comm=*system*
psu_energy_ac_mcp_machine=10687042725
-------
timestamp=3407888838993811
iterations=1046
sample_ns=100000000
window_ns=1000000000
rapl_core_sum_uj=4939480142
rapl_psys_sum_uj=0
pid=0 energy=34460064728799335 alive=1 kernel=1 cpu_ns=6890437832000000 mem=440684544 instructions=1575113759867 wakeups=155974 diski=7303168 disko=16748544 rx=72211884 tx=30562764 comm=*system*
psu_energy_ac_mcp_machine=10705773560
-------
timestamp=3407888969054322
iterations=1047
sample_ns=100000000
window_ns=1000000000
rapl_core_sum_uj=4947866433
rapl_psys_sum_uj=0
pid=0 energy=34460082406423925 alive=1 kernel=1 cpu_ns=6890438360000000 mem=440696832 instructions=1578121284785 wakeups=156175 diski=7303168 disko=16748544 rx=72211884 tx=30562764 comm=*system*
psu_energy_ac_mcp_machine=10724511963
-------
timestamp=3407889098733941
iterations=1048
sample_ns=100000000
window_ns=1000000000
rapl_core_sum_uj=4956244179
rapl_psys_sum_uj=0
pid=0 energy=34460100125307420 alive=1 kernel=1 cpu_ns=6890438892000000 mem=440696832 instructions=1581133061484 wakeups=156381 diski=7303168 disko=16748544 rx=72211884 tx=30562764 comm=*system*
psu_energy_ac_mcp_machine=10749625244
-------
timestamp=3407889231711346
iterations=1050
sample_ns=100000000
window_ns=1000000000
rapl_core_sum_uj=4973123389
rapl_psys_sum_uj=0
pid=0 energy=34460135521968220 alive=1 kernel=1 cpu_ns=6890439943000000 mem=440700928 instructions=1587161393644 wakeups=156594 diski=7303168 disko=16748544 rx=72211886 tx=30562764 comm=*system*
psu_energy_ac_mcp_machine=10768341919
-------
timestamp=3407889361727622
iterations=1051
sample_ns=100000000
window_ns=1000000000
rapl_core_sum_uj=4981499548
rapl_psys_sum_uj=0
pid=0 energy=34460153167585935 alive=1 kernel=1 cpu_ns=6890440473000000 mem=440705024 instructions=1590160517187 wakeups=156797 diski=7303168 disko=16748544 rx=72211886 tx=30562764 comm=*system*
psu_energy_ac_mcp_machine=10787098022
-------
timestamp=3407889492155620
iterations=1052
sample_ns=100000000
window_ns=1000000000
rapl_core_sum_uj=4989912206
rapl_psys_sum_uj=0
pid=0 energy=34460170896909625 alive=1 kernel=1 cpu_ns=6890441003000000 mem=440700928 instructions=1593176381925 wakeups=157003 diski=7303168 disko=16748544 rx=72211886 tx=30562764 comm=*system*
psu_energy_ac_mcp_machine=10812154785
-------
timestamp=3407889625087982
iterations=1053
sample_ns=100000000
window_ns=1000000000
rapl_core_sum_uj=4998306126
rapl_psys_sum_uj=0
pid=0 energy=34460188582250795 alive=1 kernel=1 cpu_ns=6890441532000000 mem=440700928 instructions=1596184450159 wakeups=157210 diski=7303168 disko=16764928 rx=72211886 tx=30562764 comm=*system*
psu_energy_ac_mcp_machine=10830999634
-------
timestamp=3407889757561714
iterations=1055
sample_ns=100000000
window_ns=1000000000
rapl_core_sum_uj=5015103793
rapl_psys_sum_uj=0
pid=0 energy=34460223842117440 alive=1 kernel=1 cpu_ns=6890442583000000 mem=440713216 instructions=1602185423488 wakeups=157428 diski=7303168 disko=16764928 rx=72211886 tx=30562764 comm=*system*
psu_energy_ac_mcp_machine=10849640503
-------
timestamp=3407889887841912
iterations=1056
sample_ns=100000000
window_ns=1000000000
rapl_core_sum_uj=5023517611
rapl_psys_sum_uj=0
pid=0 energy=34460241506008100 alive=1 kernel=1 cpu_ns=6890443114000000 mem=440709120 instructions=1605187201620 wakeups=157633 diski=7303168 disko=16764928 rx=72211886 tx=30562764 comm=*system*
psu_energy_ac_mcp_machine=10868383301
-------
timestamp=3407890017482687
iterations=1057
sample_ns=100000000
window_ns=1000000000
rapl_core_sum_uj=5031941561
rapl_psys_sum_uj=0
pid=0 energy=34460259220563465 alive=1 kernel=1 cpu_ns=6890443644000000 mem=440709120 instructions=1608200112693 wakeups=157835 diski=7303168 disko=16764928 rx=72211886 tx=30562764 comm=*system*
psu_energy_ac_mcp_machine=10893461304
-------
timestamp=3407890150504115
iterations=1059
sample_ns=100000000
window_ns=1000000000
rapl_core_sum_uj=5048893647
rapl_psys_sum_uj=0
pid=0 energy=34460294735460500 alive=1 kernel=1 cpu_ns=6890444701000000 mem=441843712 instructions=1614246092100 wakeups=158067 diski=7303168 disko=16764928 rx=72211886 tx=30562764 comm=*system*
psu_energy_ac_mcp_machine=10912254761
-------
timestamp=3407890280754982
iterations=1060
sample_ns=100000000
window_ns=1000000000
rapl_core_sum_uj=5057276703
rapl_psys_sum_uj=0
pid=0 energy=34460312316080250 alive=1 kernel=1 cpu_ns=6890445227000000 mem=440717312 instructions=1617236216050 wakeups=158253 diski=7303168 disko=16764928 rx=72211886 tx=30562764 comm=*system*
psu_energy_ac_mcp_machine=10931024170
-------
timestamp=3407890410870874
iterations=1061
sample_ns=100000000
window_ns=1000000000
rapl_core_sum_uj=5065664215
rapl_psys_sum_uj=0
pid=0 energy=34460329977070630 alive=1 kernel=1 cpu_ns=6890445757000000 mem=440721408 instructions=1620238414126 wakeups=158460 diski=7303168 disko=16764928 rx=72211886 tx=30562764 comm=*system*
psu_energy_ac_mcp_machine=10949803223
-------
timestamp=3407890541119238
iterations=1062
sample_ns=100000000
window_ns=1000000000
rapl_core_sum_uj=5074105010
rapl_psys_sum_uj=0
pid=0 energy=34460347713307785 alive=1 kernel=1 cpu_ns=6890446289000000 mem=440717312 instructions=1623253661557 wakeups=158662 diski=7303168 disko=16764928 rx=72211886 tx=30562764 comm=*system*
psu_energy_ac_mcp_machine=10974965820
-------
timestamp=3407890674251129
iterations=1064
sample_ns=100000000
window_ns=1000000000
rapl_core_sum_uj=5091192472
rapl_psys_sum_uj=0
pid=0 energy=34460383541819915 alive=1 kernel=1 cpu_ns=6890447354000000 mem=441397248 instructions=1629354363983 wakeups=158891 diski=7303168 disko=16764928 rx=72211886 tx=30562764 comm=*system*
psu_energy_ac_mcp_machine=10993663208
-------
timestamp=3407890804411479
iterations=1065
sample_ns=100000000
window_ns=1000000000
rapl_core_sum_uj=5099380582
rapl_psys_sum_uj=0
pid=0 energy=34460400755823305 alive=1 kernel=1 cpu_ns=6890447869000000 mem=440725504 instructions=1632282164661 wakeups=159087 diski=7303168 disko=16764928 rx=72211886 tx=30562764 comm=*system*
psu_energy_ac_mcp_machine=11012400024
-------
timestamp=3407890934103914
iterations=1066
sample_ns=100000000
window_ns=1000000000
rapl_core_sum_uj=5107817776
rapl_psys_sum_uj=0
pid=0 energy=34460418448239540 alive=1 kernel=1 cpu_ns=6890448398000000 mem=440721408 instructions=1635291647908 wakeups=159295 diski=7303168 disko=16764928 rx=72211886 tx=30562764 comm=*system*
psu_energy_ac_mcp_machine=11037461060
-------
timestamp=3407891067318462
iterations=1067
sample_ns=100000000
window_ns=1000000000
rapl_core_sum_uj=5116205166
rapl_psys_sum_uj=0
pid=0 energy=34460436092058435 alive=1 kernel=1 cpu_ns=6890448927000000 mem=440721408 instructions=1638291411687 wakeups=159495 diski=7303168 disko=16764928 rx=72211886 tx=30562764 comm=*system*
psu_energy_ac_mcp_machine=11056251953
-------
timestamp=3407891200163700
iterations=1069
sample_ns=100000000
window_ns=1000000000
rapl_core_sum_uj=5133053553
rapl_psys_sum_uj=0
pid=0 energy=34460471347270550 alive=1 kernel=1 cpu_ns=6890449975000000 mem=440721408 instructions=1644294454110 wakeups=159707 diski=7303168 disko=16764928 rx=72211888 tx=30562764 comm=*system*
psu_energy_ac_mcp_machine=11074894043
-------
timestamp=3407891330678044
iterations=1070
sample_ns=100000000
window_ns=1000000000
rapl_core_sum_uj=5141439051
rapl_psys_sum_uj=0
pid=0 energy=34460488983930460 alive=1 kernel=1 cpu_ns=6890450505000000 mem=440721408 instructions=1647291786092 wakeups=159912 diski=7303168 disko=16764928 rx=72211888 tx=30562764 comm=*system*
psu_energy_ac_mcp_machine=11093645142
-------
timestamp=3407891460748110
iterations=1071
sample_ns=100000000
window_ns=1000000000
rapl_core_sum_uj=5149850733
rapl_psys_sum_uj=0
pid=0 energy=34460506693853075 alive=1 kernel=1 cpu_ns=6890451035000000 mem=440721408 instructions=1650303770615 wakeups=160113 diski=7303168 disko=16764928 rx=72211888 tx=30562764 comm=*system*
psu_energy_ac_mcp_machine=11118773926
-------
timestamp=3407891594518938
iterations=1072
sample_ns=100000000
window_ns=1000000000
rapl_core_sum_uj=5158242578
rapl_psys_sum_uj=0
pid=0 energy=34460524369930920 alive=1 kernel=1 cpu_ns=6890451566000000 mem=440721408 instructions=1653307986184 wakeups=160317 diski=7303168 disko=16764928 rx=72211888 tx=30562764 comm=*system*
psu_energy_ac_mcp_machine=11137436768
-------
timestamp=3407891724995836
iterations=1074
sample_ns=100000000
window_ns=1000000000
rapl_core_sum_uj=5175172204
rapl_psys_sum_uj=0
pid=0 energy=34460559816502220 alive=1 kernel=1 cpu_ns=6890452616000000 mem=440721408 instructions=1659347300444 wakeups=160538 diski=7303168 disko=16764928 rx=72211888 tx=30562764 comm=*system*
psu_energy_ac_mcp_machine=11156207642
-------
timestamp=3407891855032387
iterations=1075
sample_ns=100000000
window_ns=1000000000
rapl_core_sum_uj=5183576989
rapl_psys_sum_uj=0
pid=0 energy=34460577495849490 alive=1 kernel=1 cpu_ns=6890453145000000 mem=440721408 instructions=1662354169898 wakeups=160744 diski=7303168 disko=16764928 rx=72211888 tx=30562764 comm=*system*
psu_energy_ac_mcp_machine=11181193481
-------
timestamp=3407891988278701
iterations=1076
sample_ns=100000000
window_ns=1000000000
rapl_core_sum_uj=5191974694
rapl_psys_sum_uj=0
pid=0 energy=34460595195016610 alive=1 kernel=1 cpu_ns=6890453675000000 mem=440733696 instructions=1665364003322 wakeups=160948 diski=7303168 disko=16764928 rx=72211888 tx=30562764 comm=*system*
psu_energy_ac_mcp_machine=11199918579
-------
timestamp=3407892122249960
iterations=1077
sample_ns=100000000
window_ns=1000000000
rapl_core_sum_uj=5200388390
rapl_psys_sum_uj=0
pid=0 energy=34460612870587120 alive=1 kernel=1 cpu_ns=6890454206000000 mem=440713216 instructions=1668368117424 wakeups=161152 diski=7303168 disko=16764928 rx=72211888 tx=30562764 comm=*system*
psu_energy_ac_mcp_machine=11218518677
-------
timestamp=3407892252389968
iterations=1079
sample_ns=100000000
window_ns=1000000000
rapl_core_sum_uj=5217239952
rapl_psys_sum_uj=0
pid=0 energy=34460648197363175 alive=1 kernel=1 cpu_ns=6890455257000000 mem=440737792 instructions=1674382472635 wakeups=161371 diski=7303168 disko=16764928 rx=72211888 tx=30562764 comm=*system*
psu_energy_ac_mcp_machine=11243456299
-------
timestamp=3407892386382102
iterations=1080
sample_ns=100000000
window_ns=1000000000
rapl_core_sum_uj=5225628135
rapl_psys_sum_uj=0
pid=0 energy=34460665834084565 alive=1 kernel=1 cpu_ns=6890455786000000 mem=440737792 instructions=1677380816913 wakeups=161581 diski=7303168 disko=16764928 rx=72211888 tx=30562764 comm=*system*
psu_energy_ac_mcp_machine=11262264038
-------
timestamp=3407892518966189
iterations=1081
sample_ns=100000000
window_ns=1000000000
rapl_core_sum_uj=5234041953
rapl_psys_sum_uj=0
pid=0 energy=34460683498710915 alive=1 kernel=1 cpu_ns=6890456317000000 mem=440737792 instructions=1680382742183 wakeups=161781 diski=7303168 disko=16764928 rx=72211888 tx=30562764 comm=*system*
psu_energy_ac_mcp_machine=11280900269
-------
timestamp=3407892649510779
iterations=1083
sample_ns=100000000
window_ns=1000000000
rapl_core_sum_uj=5251105429
rapl_psys_sum_uj=0
pid=0 energy=34460719226530805 alive=1 kernel=1 cpu_ns=6890457377000000 mem=441421824 instructions=1686468306161 wakeups=162009 diski=7303168 disko=16764928 rx=72211888 tx=30562764 comm=*system*
psu_energy_ac_mcp_machine=11299645020
-------
timestamp=3407892779756886
iterations=1084
sample_ns=100000000
window_ns=1000000000
rapl_core_sum_uj=5259411398
rapl_psys_sum_uj=0
pid=0 energy=34460736646421485 alive=1 kernel=1 cpu_ns=6890457898000000 mem=440745984 instructions=1689431284297 wakeups=162213 diski=7303168 disko=16764928 rx=72211888 tx=30562764 comm=*system*
psu_energy_ac_mcp_machine=11324676880
-------
timestamp=3407892911640768
iterations=1085
sample_ns=100000000
window_ns=1000000000
rapl_core_sum_uj=5267787984
rapl_psys_sum_uj=0
pid=0 energy=34460754327176885 alive=1 kernel=1 cpu_ns=6890458428000000 mem=440745984 instructions=1692437435377 wakeups=162417 diski=7303168 disko=16764928 rx=72211888 tx=30562764 comm=*system*
psu_energy_ac_mcp_machine=11343330933
-------
timestamp=3407893042186707
iterations=1086
sample_ns=100000000
window_ns=1000000000
rapl_core_sum_uj=5276157857
rapl_psys_sum_uj=0
pid=0 energy=34460772010361335 alive=1 kernel=1 cpu_ns=6890458957000000 mem=440745984 instructions=1695445072267 wakeups=162621 diski=7303168 disko=16764928 rx=72211888 tx=30562764 comm=*system*
psu_energy_ac_mcp_machine=11362051147
-------
timestamp=3407893172642500
iterations=1088
sample_ns=100000000
window_ns=1000000000
rapl_core_sum_uj=5293163899
rapl_psys_sum_uj=0
pid=0 energy=34460807660830720 alive=1 kernel=1 cpu_ns=6890460015000000 mem=440745984 instructions=1701517166144 wakeups=162828 diski=7303168 disko=16764928 rx=72211890 tx=30562764 comm=*system*
psu_energy_ac_mcp_machine=11380763794
-------
timestamp=3407893302638251
iterations=1089
sample_ns=100000000
window_ns=1000000000
rapl_core_sum_uj=5301478596
rapl_psys_sum_uj=0
pid=0 energy=34460825124023950 alive=1 kernel=1 cpu_ns=6890460538000000 mem=440745984 instructions=1704486804790 wakeups=163040 diski=7303168 disko=16797696 rx=72211890 tx=30562764 comm=*system*
psu_energy_ac_mcp_machine=11405851074
-------
timestamp=3407893435698774
iterations=1090
sample_ns=100000000
window_ns=1000000000
rapl_core_sum_uj=5309864460
rapl_psys_sum_uj=0
pid=0 energy=34460842788037860 alive=1 kernel=1 cpu_ns=6890461067000000 mem=440745984 instructions=1707490607572 wakeups=163244 diski=7303168 disko=16797696 rx=72211890 tx=30562764 comm=*system*
psu_energy_ac_mcp_machine=11424532349
-------
timestamp=3407893565527955
iterations=1091
sample_ns=100000000
window_ns=1000000000
rapl_core_sum_uj=5318265460
rapl_psys_sum_uj=0
pid=0 energy=34460860481067305 alive=1 kernel=1 cpu_ns=6890461598000000 mem=440745984 instructions=1710498213461 wakeups=163452 diski=7303168 disko=16797696 rx=72211890 tx=30562764 comm=*system*
psu_energy_ac_mcp_machine=11443289307
-------
timestamp=3407893695670267
iterations=1093
sample_ns=100000000
window_ns=1000000000
rapl_core_sum_uj=5335149248
rapl_psys_sum_uj=0
pid=0 energy=34460895718049285 alive=1 kernel=1 cpu_ns=6890462647000000 mem=440745984 instructions=1716496609857 wakeups=163675 diski=7303168 disko=16797696 rx=72211890 tx=30562764 comm=*system*
psu_energy_ac_mcp_machine=11468265015
-------
timestamp=3407893829026091
iterations=1094
sample_ns=100000000
window_ns=1000000000
rapl_core_sum_uj=5343513200
rapl_psys_sum_uj=0
pid=0 energy=34460913361735975 alive=1 kernel=1 cpu_ns=6890463174000000 mem=440745984 instructions=1719498347195 wakeups=163880 diski=7303168 disko=16797696 rx=72211890 tx=30562764 comm=*system*
psu_energy_ac_mcp_machine=11487098267
-------
timestamp=3407893962887819
iterations=1095
sample_ns=100000000
window_ns=1000000000
rapl_core_sum_uj=5351924149
rapl_psys_sum_uj=0
pid=0 energy=34460931009661470 alive=1 kernel=1 cpu_ns=6890463705000000 mem=440754176 instructions=1722496932294 wakeups=164084 diski=7303168 disko=16797696 rx=72211890 tx=30562764 comm=*system*
psu_energy_ac_mcp_machine=11505820190
-------
timestamp=3407894093075951
iterations=1096
sample_ns=100000000
window_ns=1000000000
rapl_core_sum_uj=5360354080
rapl_psys_sum_uj=0
pid=0 energy=34460948731737460 alive=1 kernel=1 cpu_ns=6890464234000000 mem=440754176 instructions=1725512347492 wakeups=164289 diski=7303168 disko=16797696 rx=72211890 tx=30562764 comm=*system*
psu_energy_ac_mcp_machine=11530799805
-------
timestamp=3407894227551080
iterations=1098
sample_ns=100000000
window_ns=1000000000
rapl_core_sum_uj=5377260817
rapl_psys_sum_uj=0
pid=0 energy=34460984131055010 alive=1 kernel=1 cpu_ns=6890465284000000 mem=440762368 instructions=1731542211002 wakeups=164498 diski=7303168 disko=16797696 rx=72211890 tx=30562764 comm=*system*
psu_energy_ac_mcp_machine=11549616821
-------
timestamp=3407894360219674
iterations=1099
sample_ns=100000000
window_ns=1000000000
rapl_core_sum_uj=5385629469
rapl_psys_sum_uj=0
pid=0 energy=34461001758951395 alive=1 kernel=1 cpu_ns=6890465815000000 mem=440762368 instructions=1734536790279 wakeups=164697 diski=7303168 disko=16797696 rx=72211890 tx=30562764 comm=*system*
psu_energy_ac_mcp_machine=11568266846
-------
timestamp=3407894490346432
iterations=1100
sample_ns=100000000
window_ns=1000000000
rapl_core_sum_uj=5394036085
rapl_psys_sum_uj=0
pid=0 energy=34461019435385815 alive=1 kernel=1 cpu_ns=6890466346000000 mem=440766464 instructions=1737541077163 wakeups=164899 diski=7303168 disko=16797696 rx=72211890 tx=30562764 comm=*system*
psu_energy_ac_mcp_machine=11587038940
-------
timestamp=3407894620391980
iterations=1101
sample_ns=100000000
window_ns=1000000000
rapl_core_sum_uj=5402482251
rapl_psys_sum_uj=0
pid=0 energy=34461037179415110 alive=1 kernel=1 cpu_ns=6890466876000000 mem=440766464 instructions=1740559883022 wakeups=165109 diski=7303168 disko=16797696 rx=72211890 tx=30562764 comm=*system*
psu_energy_ac_mcp_machine=11612100098
-------
timestamp=3407894752750659
iterations=1103
sample_ns=100000000
window_ns=1000000000
rapl_core_sum_uj=5419328380
rapl_psys_sum_uj=0
pid=0 energy=34461072396405250 alive=1 kernel=1 cpu_ns=6890467925000000 mem=440766464 instructions=1746554281050 wakeups=165327 diski=7303168 disko=16797696 rx=72211890 tx=30562764 comm=*system*
psu_energy_ac_mcp_machine=11630789307
-------
timestamp=3407894883164352
iterations=1104
sample_ns=100000000
window_ns=1000000000
rapl_core_sum_uj=5427727610
rapl_psys_sum_uj=0
pid=0 energy=34461090081495510 alive=1 kernel=1 cpu_ns=6890468455000000 mem=440766464 instructions=1749561299102 wakeups=165533 diski=7303168 disko=16797696 rx=72211890 tx=30562764 comm=*system*
psu_energy_ac_mcp_machine=11649469116
-------
timestamp=3407895013174265
iterations=1105
sample_ns=100000000
window_ns=1000000000
rapl_core_sum_uj=5436143015
rapl_psys_sum_uj=0
pid=0 energy=34461107814165040 alive=1 kernel=1 cpu_ns=6890468985000000 mem=440766464 instructions=1752577833008 wakeups=165740 diski=7303168 disko=16797696 rx=72211890 tx=30562764 comm=*system*
psu_energy_ac_mcp_machine=11668256470
-------
timestamp=3407895143437088
iterations=1107
sample_ns=100000000
window_ns=1000000000
rapl_core_sum_uj=5453051888
rapl_psys_sum_uj=0
pid=0 energy=34461143215455150 alive=1 kernel=1 cpu_ns=6890470041000000 mem=441446400 instructions=1758602091030 wakeups=165963 diski=7303168 disko=16797696 rx=72211892 tx=30562764 comm=*system*
psu_energy_ac_mcp_machine=11693309082
-------
timestamp=3407895276495665
iterations=1108
sample_ns=100000000
window_ns=1000000000
rapl_core_sum_uj=5461427376
rapl_psys_sum_uj=0
pid=0 energy=34461160775088590 alive=1 kernel=1 cpu_ns=6890470566000000 mem=440770560 instructions=1761589017718 wakeups=166160 diski=7303168 disko=16797696 rx=72211892 tx=30562764 comm=*system*
psu_energy_ac_mcp_machine=11711959839
-------
timestamp=3407895406819082
iterations=1109
sample_ns=100000000
window_ns=1000000000
rapl_core_sum_uj=5469852363
rapl_psys_sum_uj=0
pid=0 energy=34461178455049500 alive=1 kernel=1 cpu_ns=6890471096000000 mem=440770560 instructions=1764595009900 wakeups=166367 diski=7303168 disko=16797696 rx=72211892 tx=30562764 comm=*system*
psu_energy_ac_mcp_machine=11730732300
-------
timestamp=3407895537631246
iterations=1110
sample_ns=100000000
window_ns=1000000000
rapl_core_sum_uj=5478275824
rapl_psys_sum_uj=0
pid=0 energy=34461196125292340 alive=1 kernel=1 cpu_ns=6890471626000000 mem=440778752 instructions=1767599058468 wakeups=166577 diski=7303168 disko=16797696 rx=72211892 tx=30562764 comm=*system*
psu_energy_ac_mcp_machine=11755750244
-------
timestamp=3407895670274288
iterations=1112
sample_ns=100000000
window_ns=1000000000
rapl_core_sum_uj=5495200750
rapl_psys_sum_uj=0
pid=0 energy=34461231500401280 alive=1 kernel=1 cpu_ns=6890472677000000 mem=440778752 instructions=1773623080256 wakeups=166803 diski=7303168 disko=16797696 rx=72211893 tx=30562766 comm=*system*
psu_energy_ac_mcp_machine=11774543579
-------
timestamp=3407895804190027
iterations=1113
sample_ns=100000000
window_ns=1000000000
rapl_core_sum_uj=5503599736
rapl_psys_sum_uj=0
pid=0 energy=34461249121944210 alive=1 kernel=1 cpu_ns=6890473203000000 mem=440778752 instructions=1776621388842 wakeups=167009 diski=7303168 disko=16797696 rx=72211893 tx=30562766 comm=*system*
psu_energy_ac_mcp_machine=11793247925
-------
timestamp=3407895934384669
iterations=1114
sample_ns=100000000
window_ns=1000000000
rapl_core_sum_uj=5512042118
rapl_psys_sum_uj=0
pid=0 energy=34461266818332715 alive=1 kernel=1 cpu_ns=6890473733000000 mem=440782848 instructions=1779630666543 wakeups=167213 diski=7303168 disko=16797696 rx=72211893 tx=30562766 comm=*system*
psu_energy_ac_mcp_machine=11818280029
-------
timestamp=3407896068604490
iterations=1115
sample_ns=100000000
window_ns=1000000000
rapl_core_sum_uj=5520451053
rapl_psys_sum_uj=0
pid=0 energy=34461284506794080 alive=1 kernel=1 cpu_ns=6890474264000000 mem=440750080 instructions=1782637358816 wakeups=167421 diski=7303168 disko=16797696 rx=72211893 tx=30562766 comm=*system*
psu_energy_ac_mcp_machine=11837069702
-------
timestamp=3407896200796990
iterations=1117
sample_ns=100000000
window_ns=1000000000
rapl_core_sum_uj=5537357485
rapl_psys_sum_uj=0
pid=0 energy=34461319873297455 alive=1 kernel=1 cpu_ns=6890475314000000 mem=440786944 instructions=1788660659491 wakeups=167642 diski=7303168 disko=16797696 rx=72211893 tx=30562766 comm=*system*
psu_energy_ac_mcp_machine=11855748169
-------
timestamp=3407896331101993
iterations=1118
sample_ns=100000000
window_ns=1000000000
rapl_core_sum_uj=5545773805
rapl_psys_sum_uj=0
pid=0 energy=34461337597705980 alive=1 kernel=1 cpu_ns=6890475845000000 mem=440786944 instructions=1791674541196 wakeups=167845 diski=7303168 disko=16797696 rx=72211893 tx=30562766 comm=*system*
psu_energy_ac_mcp_machine=11874494873
-------
timestamp=3407896461560005
iterations=1119
sample_ns=100000000
window_ns=1000000000
rapl_core_sum_uj=5554185548
rapl_psys_sum_uj=0
pid=0 energy=34461355282018410 alive=1 kernel=1 cpu_ns=6890476374000000 mem=440786944 instructions=1794682403682 wakeups=168038 diski=7303168 disko=16797696 rx=72211893 tx=30562766 comm=*system*
psu_energy_ac_mcp_machine=11899549072
-------
timestamp=3407896593655871
iterations=1120
sample_ns=100000000
window_ns=1000000000
rapl_core_sum_uj=5562580506
rapl_psys_sum_uj=0
pid=0 energy=34461372994578265 alive=1 kernel=1 cpu_ns=6890476905000000 mem=440786944 instructions=1797693915653 wakeups=168254 diski=7303168 disko=16797696 rx=72211893 tx=30562766 comm=*system*
psu_energy_ac_mcp_machine=11918222534
-------
timestamp=3407896736765046
iterations=1122
sample_ns=100000000
window_ns=1000000000
rapl_core_sum_uj=5578935852
rapl_psys_sum_uj=0
pid=0 energy=34461407588604795 alive=1 kernel=1 cpu_ns=6890477955000000 mem=441237504 instructions=1803562720959 wakeups=168573 diski=7303168 disko=18739200 rx=72211897 tx=30562772 comm=*system*
psu_energy_ac_mcp_machine=11942857666
-------
timestamp=3407896880989876
iterations=1123
sample_ns=100000000
window_ns=1000000000
rapl_core_sum_uj=5587794921
rapl_psys_sum_uj=0
pid=0 energy=34461427428739305 alive=1 kernel=1 cpu_ns=6890478579000000 mem=441688064 instructions=1806906747861 wakeups=168809 diski=7303168 disko=19783680 rx=72211897 tx=30562772 comm=*system*
psu_energy_ac_mcp_machine=11962436157
-------
timestamp=3407897027750323
iterations=1125
sample_ns=100000000
window_ns=1000000000
rapl_core_sum_uj=5605522520
rapl_psys_sum_uj=0
pid=0 energy=34461467249958825 alive=1 kernel=1 cpu_ns=6890479827000000 mem=441769984 instructions=1813622991765 wakeups=169054 diski=7303168 disko=19783680 rx=72211897 tx=30562772 comm=*system*
psu_energy_ac_mcp_machine=11988570068
-------
timestamp=3407897173996030
iterations=1126
sample_ns=100000000
window_ns=1000000000
rapl_core_sum_uj=5614395444
rapl_psys_sum_uj=0
pid=0 energy=34461487152727585 alive=1 kernel=1 cpu_ns=6890480451000000 mem=441995264 instructions=1816979545517 wakeups=169257 diski=7303168 disko=19783680 rx=72211897 tx=30562772 comm=*system*
psu_energy_ac_mcp_machine=12014652954
-------
timestamp=3407897323756988
iterations=1127
sample_ns=100000000
window_ns=1000000000
rapl_core_sum_uj=5623271298
rapl_psys_sum_uj=0
pid=0 energy=34461507006751870 alive=1 kernel=1 cpu_ns=6890481075000000 mem=441769984 instructions=1820326350374 wakeups=169474 diski=7303168 disko=19783680 rx=72211899 tx=30562772 comm=*system*
psu_energy_ac_mcp_machine=12034210571
-------
timestamp=3407897467752359
iterations=1129
sample_ns=100000000
window_ns=1000000000
rapl_core_sum_uj=5641001643
rapl_psys_sum_uj=0
pid=0 energy=34461546839761355 alive=1 kernel=1 cpu_ns=6890482323000000 mem=441995264 instructions=1827044952271 wakeups=169701 diski=7303168 disko=19783680 rx=72211899 tx=30562772 comm=*system*
psu_energy_ac_mcp_machine=12060342896
-------
timestamp=3407897614909617
iterations=1130
sample_ns=100000000
window_ns=1000000000
rapl_core_sum_uj=5649858637
rapl_psys_sum_uj=0
pid=0 energy=34461566752810895 alive=1 kernel=1 cpu_ns=6890482946000000 mem=442220544 instructions=1830404562179 wakeups=169917 diski=7303168 disko=19783680 rx=72211899 tx=30562772 comm=*system*
psu_energy_ac_mcp_machine=12086460815
-------
timestamp=3407897762754305
iterations=1132
sample_ns=100000000
window_ns=1000000000
rapl_core_sum_uj=5667646478
rapl_psys_sum_uj=0
pid=0 energy=34461606789681385 alive=1 kernel=1 cpu_ns=6890484199000000 mem=442220544 instructions=1837158936277 wakeups=170155 diski=7303168 disko=19783680 rx=72211899 tx=30562772 comm=*system*
psu_energy_ac_mcp_machine=12106066040
-------
timestamp=3407897909761624
iterations=1133
sample_ns=100000000
window_ns=1000000000
rapl_core_sum_uj=5676410516
rapl_psys_sum_uj=0
pid=0 energy=34461626504000475 alive=1 kernel=1 cpu_ns=6890484816000000 mem=442167296 instructions=1840484800095 wakeups=170367 diski=7303168 disko=19783680 rx=72211899 tx=30562772 comm=*system*
psu_energy_ac_mcp_machine=12132196289
-------
timestamp=3407898057764828
iterations=1135
sample_ns=100000000
window_ns=1000000000
rapl_core_sum_uj=5694188896
rapl_psys_sum_uj=0
pid=0 energy=34461666456361725 alive=1 kernel=1 cpu_ns=6890486070000000 mem=443133952 instructions=1847221272345 wakeups=170622 diski=7303168 disko=19783680 rx=72211899 tx=30562772 comm=*system*
psu_energy_ac_mcp_machine=12158349976
-------
timestamp=3407898208753667
iterations=1136
sample_ns=100000000
window_ns=1000000000
rapl_core_sum_uj=5703060783
rapl_psys_sum_uj=0
pid=0 energy=34461686362548740 alive=1 kernel=1 cpu_ns=6890486693000000 mem=442007552 instructions=1850579509748 wakeups=170816 diski=7303168 disko=19783680 rx=72211899 tx=30562772 comm=*system*
psu_energy_ac_mcp_machine=12177937866
-------
timestamp=3407898351759596
iterations=1137
sample_ns=100000000
window_ns=1000000000
rapl_core_sum_uj=5711821158
rapl_psys_sum_uj=0
pid=0 energy=34461706057578510 alive=1 kernel=1 cpu_ns=6890487311000000 mem=442458112 instructions=1853900515702 wakeups=171039 diski=7303168 disko=19816448 rx=72211899 tx=30562772 comm=*system*
psu_energy_ac_mcp_machine=12204067261
-------
timestamp=3407898497748585
iterations=1139
sample_ns=100000000
window_ns=1000000000
rapl_core_sum_uj=5729509451
rapl_psys_sum_uj=0
pid=0 energy=34461745891833600 alive=1 kernel=1 cpu_ns=6890488559000000 mem=441782272 instructions=1860619366720 wakeups=171261 diski=7303168 disko=19816448 rx=72211899 tx=30562772 comm=*system*
psu_energy_ac_mcp_machine=12230161621
-------
timestamp=3407898643970762
iterations=1140
sample_ns=100000000
window_ns=1000000000
rapl_core_sum_uj=5738338552
rapl_psys_sum_uj=0
pid=0 energy=34461765720259750 alive=1 kernel=1 cpu_ns=6890489183000000 mem=441782272 instructions=1863961051950 wakeups=171471 diski=7303168 disko=19816448 rx=72211899 tx=30562772 comm=*system*
psu_energy_ac_mcp_machine=12249752563
-------
timestamp=3407898791757273
iterations=1142
sample_ns=100000000
window_ns=1000000000
rapl_core_sum_uj=5756125050
rapl_psys_sum_uj=0
pid=0 energy=34461805715745915 alive=1 kernel=1 cpu_ns=6890490437000000 mem=442683392 instructions=1870706149183 wakeups=171711 diski=7303168 disko=19816448 rx=72211899 tx=30562772 comm=*system*
psu_energy_ac_mcp_machine=12275908691
-------
timestamp=3407898935980882
iterations=1143
sample_ns=100000000
window_ns=1000000000
rapl_core_sum_uj=5764965687
rapl_psys_sum_uj=0
pid=0 energy=34461825593001590 alive=1 kernel=1 cpu_ns=6890491061000000 mem=441798656 instructions=1874057600318 wakeups=171922 diski=7303168 disko=19816448 rx=72211899 tx=30562772 comm=*system*
psu_energy_ac_mcp_machine=12302064453
-------
timestamp=3407899088754926
iterations=1144
sample_ns=100000000
window_ns=1000000000
rapl_core_sum_uj=5773741260
rapl_psys_sum_uj=0
pid=0 energy=34461845227199040 alive=1 kernel=1 cpu_ns=6890491679000000 mem=442023936 instructions=1877366439808 wakeups=172136 diski=7303168 disko=19816448 rx=72211899 tx=30562772 comm=*system*
psu_energy_ac_mcp_machine=12321663452
-------
timestamp=3407899235765905
iterations=1146
sample_ns=100000000
window_ns=1000000000
rapl_core_sum_uj=5791447192
rapl_psys_sum_uj=0
pid=0 energy=34461885033417585 alive=1 kernel=1 cpu_ns=6890492927000000 mem=441573376 instructions=1884079683517 wakeups=172359 diski=7303168 disko=19816448 rx=72211901 tx=30562772 comm=*system*
psu_energy_ac_mcp_machine=12347799683
-------
timestamp=3407899379996198
iterations=1147
sample_ns=100000000
window_ns=1000000000
rapl_core_sum_uj=5800376513
rapl_psys_sum_uj=0
pid=0 energy=34461905129167065 alive=1 kernel=1 cpu_ns=6890493557000000 mem=441798656 instructions=1887468833413 wakeups=172574 diski=7303168 disko=19816448 rx=72211901 tx=30562772 comm=*system*
psu_energy_ac_mcp_machine=12373887207
-------
timestamp=3407899528751917
iterations=1149
sample_ns=100000000
window_ns=1000000000
rapl_core_sum_uj=5818032823
rapl_psys_sum_uj=0
pid=0 energy=34461944775421795 alive=1 kernel=1 cpu_ns=6890494799000000 mem=441798656 instructions=1894156084359 wakeups=172797 diski=7303168 disko=19816448 rx=72211901 tx=30562772 comm=*system*
psu_energy_ac_mcp_machine=12393459595
-------
timestamp=3407899676756319
iterations=1150
sample_ns=100000000
window_ns=1000000000
rapl_core_sum_uj=5826885667
rapl_psys_sum_uj=0
pid=0 energy=34461964633388625 alive=1 kernel=1 cpu_ns=6890495422000000 mem=441798656 instructions=1897504677725 wakeups=173019 diski=7303168 disko=19816448 rx=72211901 tx=30562772 comm=*system*
psu_energy_ac_mcp_machine=12419532959
-------
timestamp=3407899822767640
iterations=1152
sample_ns=100000000
window_ns=1000000000
rapl_core_sum_uj=5844640854
rapl_psys_sum_uj=0
pid=0 energy=34462004425655635 alive=1 kernel=1 cpu_ns=6890496670000000 mem=443150336 instructions=1904215131127 wakeups=173266 diski=7303168 disko=19816448 rx=72211901 tx=30562772 comm=*system*
psu_energy_ac_mcp_machine=12445693481
-------
timestamp=3407899973771620
iterations=1153
sample_ns=100000000
window_ns=1000000000
rapl_core_sum_uj=5853516098
rapl_psys_sum_uj=0
pid=0 energy=34462024345949670 alive=1 kernel=1 cpu_ns=6890497294000000 mem=441810944 instructions=1907575189934 wakeups=173454 diski=7303168 disko=19816448 rx=72211901 tx=30562772 comm=*system*
psu_energy_ac_mcp_machine=12471790771
-------
timestamp=3407900122744324
iterations=1154
sample_ns=100000000
window_ns=1000000000
rapl_core_sum_uj=5862376937
rapl_psys_sum_uj=0
pid=0 energy=34462044246774355 alive=1 kernel=1 cpu_ns=6890497917000000 mem=441810944 instructions=1910932354871 wakeups=173669 diski=7303168 disko=19816448 rx=72211901 tx=30562772 comm=*system*
psu_energy_ac_mcp_machine=12491345581
-------
timestamp=3407900265991077
iterations=1156
sample_ns=100000000
window_ns=1000000000
rapl_core_sum_uj=5880112775
rapl_psys_sum_uj=0
pid=0 energy=34462084068020625 alive=1 kernel=1 cpu_ns=6890499165000000 mem=442036224 instructions=1917648604125 wakeups=173899 diski=7303168 disko=19816448 rx=72211901 tx=30562772 comm=*system*
psu_energy_ac_mcp_machine=12517488281
-------
timestamp=3407900416756389
iterations=1157
sample_ns=100000000
window_ns=1000000000
rapl_core_sum_uj=5889079205
rapl_psys_sum_uj=0
pid=0 energy=34462104128240900 alive=1 kernel=1 cpu_ns=6890499795000000 mem=442261504 instructions=1921030648180 wakeups=174116 diski=7303168 disko=19816448 rx=72211901 tx=30562772 comm=*system*
psu_energy_ac_mcp_machine=12543572510
-------
timestamp=3407900561015615
iterations=1159
sample_ns=100000000
window_ns=1000000000
rapl_core_sum_uj=5906788982
rapl_psys_sum_uj=0
pid=0 energy=34462143932390420 alive=1 kernel=1 cpu_ns=6890501042000000 mem=442261504 instructions=1927744478084 wakeups=174345 diski=7303168 disko=19816448 rx=72211901 tx=30562772 comm=*system*
psu_energy_ac_mcp_machine=12563135254
-------
timestamp=3407900709750762
iterations=1160
sample_ns=100000000
window_ns=1000000000
rapl_core_sum_uj=5915587871
rapl_psys_sum_uj=0
pid=0 energy=34462163638419620 alive=1 kernel=1 cpu_ns=6890501660000000 mem=442036224 instructions=1931067683924 wakeups=174558 diski=7303168 disko=19816448 rx=72211901 tx=30562772 comm=*system*
psu_energy_ac_mcp_machine=12589294800
-------
timestamp=3407900859754203
iterations=1161
sample_ns=100000000
window_ns=1000000000
rapl_core_sum_uj=5924451579
rapl_psys_sum_uj=0
pid=0 energy=34462183512739595 alive=1 kernel=1 cpu_ns=6890502284000000 mem=442036224 instructions=1934418547919 wakeups=174763 diski=7303168 disko=19816448 rx=72211901 tx=30562772 comm=*system*
psu_energy_ac_mcp_machine=12615448975
-------
timestamp=3407901007757242
iterations=1163
sample_ns=100000000
window_ns=1000000000
rapl_core_sum_uj=5942145243
rapl_psys_sum_uj=0
pid=0 energy=34462223379555385 alive=1 kernel=1 cpu_ns=6890503531000000 mem=442171392 instructions=1941144911077 wakeups=175001 diski=7303168 disko=19816448 rx=72211901 tx=30562772 comm=*system*
psu_energy_ac_mcp_machine=12635050781
-------
timestamp=3407901157769604
iterations=1164
sample_ns=100000000
window_ns=1000000000
rapl_core_sum_uj=5950992410
rapl_psys_sum_uj=0
pid=0 energy=34462243217265595 alive=1 kernel=1 cpu_ns=6890504154000000 mem=441946112 instructions=1944489453119 wakeups=175215 diski=7303168 disko=19816448 rx=72211901 tx=30562772 comm=*system*
psu_energy_ac_mcp_machine=12661143677
-------
timestamp=3407901303745644
iterations=1166
sample_ns=100000000
window_ns=1000000000
rapl_core_sum_uj=5968657693
rapl_psys_sum_uj=0
pid=0 energy=34462283053541025 alive=1 kernel=1 cpu_ns=6890505402000000 mem=441946112 instructions=1951208708205 wakeups=175446 diski=7303168 disko=19816448 rx=72211903 tx=30562772 comm=*system*
psu_energy_ac_mcp_machine=12687236084
-------
timestamp=3407901454752017
iterations=1167
sample_ns=100000000
window_ns=1000000000
rapl_core_sum_uj=5977498879
rapl_psys_sum_uj=0
pid=0 energy=34462302908803110 alive=1 kernel=1 cpu_ns=6890506026000000 mem=441946112 instructions=1954555760622 wakeups=175667 diski=7303168 disko=19816448 rx=72211903 tx=30562772 comm=*system*
psu_energy_ac_mcp_machine=12713305176
-------
timestamp=3407901602997843
iterations=1169
sample_ns=100000000
window_ns=1000000000
rapl_core_sum_uj=5995178077
rapl_psys_sum_uj=0
pid=0 energy=34462342744132490 alive=1 kernel=1 cpu_ns=6890507274000000 mem=441946112 instructions=1961274826498 wakeups=175889 diski=7303168 disko=19816448 rx=72211903 tx=30562772 comm=*system*
psu_energy_ac_mcp_machine=12732866211
-------
timestamp=3407901746931724
iterations=1170
sample_ns=100000000
window_ns=1000000000
rapl_core_sum_uj=6004025122
rapl_psys_sum_uj=0
pid=0 energy=34462362598068160 alive=1 kernel=1 cpu_ns=6890507898000000 mem=441946112 instructions=1964621613632 wakeups=176107 diski=7303168 disko=19816448 rx=72211903 tx=30562772 comm=*system*
psu_energy_ac_mcp_machine=12758946533
-------
timestamp=3407901893751700
iterations=1171
sample_ns=100000000
window_ns=1000000000
rapl_core_sum_uj=6012945349
rapl_psys_sum_uj=0
pid=0 energy=34462382634155335 alive=1 kernel=1 cpu_ns=6890508527000000 mem=441946112 instructions=1967999831067 wakeups=176316 diski=7303168 disko=19816448 rx=72211903 tx=30562772 comm=*system*
psu_energy_ac_mcp_machine=12784993408
-------
timestamp=3407902046915333
iterations=1173
sample_ns=100000000
window_ns=1000000000
rapl_core_sum_uj=6030534826
rapl_psys_sum_uj=0
pid=0 energy=34462422260726300 alive=1 kernel=1 cpu_ns=6890509769000000 mem=442056704 instructions=1974683145260 wakeups=176541 diski=7303168 disko=19816448 rx=72211903 tx=30562772 comm=*system*
psu_energy_ac_mcp_machine=12804512207
-------
timestamp=3407902189755035
iterations=1174
sample_ns=100000000
window_ns=1000000000
rapl_core_sum_uj=6039374425
rapl_psys_sum_uj=0
pid=0 energy=34462442097929330 alive=1 kernel=1 cpu_ns=6890510393000000 mem=442056704 instructions=1978026585866 wakeups=176758 diski=7303168 disko=19816448 rx=72211903 tx=30562772 comm=*system*
psu_energy_ac_mcp_machine=12830537476
-------
timestamp=3407902336983720
iterations=1176
sample_ns=100000000
window_ns=1000000000
rapl_core_sum_uj=6057068088
rapl_psys_sum_uj=0
pid=0 energy=34462481941526750 alive=1 kernel=1 cpu_ns=6890511641000000 mem=441831424 instructions=1984747305350 wakeups=176975 diski=7303168 disko=19816448 rx=72211903 tx=30562772 comm=*system*
psu_energy_ac_mcp_machine=12850066040
-------
timestamp=3407902483758721
iterations=1177
sample_ns=100000000
window_ns=1000000000
rapl_core_sum_uj=6065920993
rapl_psys_sum_uj=0
pid=0 energy=34462501839999380 alive=1 kernel=1 cpu_ns=6890512265000000 mem=442056704 instructions=1988102999876 wakeups=177193 diski=7303168 disko=19816448 rx=72211903 tx=30562772 comm=*system*
psu_energy_ac_mcp_machine=12876134155
-------
timestamp=3407902625754844
iterations=1178
sample_ns=100000000
window_ns=1000000000
rapl_core_sum_uj=6074783847
rapl_psys_sum_uj=0
pid=0 energy=34462521679161500 alive=1 kernel=1 cpu_ns=6890512889000000 mem=442281984 instructions=1991446832300 wakeups=177410 diski=7303168 disko=19816448 rx=72211903 tx=30562772 comm=*system*
psu_energy_ac_mcp_machine=12902219727
-------
timestamp=3407902776010573
iterations=1180
sample_ns=100000000
window_ns=1000000000
rapl_core_sum_uj=6092608370
rapl_psys_sum_uj=0
pid=0 energy=34462561740677265 alive=1 kernel=1 cpu_ns=6890514141000000 mem=442281984 instructions=1998207135453 wakeups=177652 diski=7303168 disko=19816448 rx=72211903 tx=30562772 comm=*system*
psu_energy_ac_mcp_machine=12921772095
-------
timestamp=3407902920917361
iterations=1181
sample_ns=100000000
window_ns=1000000000
rapl_core_sum_uj=6101393099
rapl_psys_sum_uj=0
pid=0 energy=34462581381551615 alive=1 kernel=1 cpu_ns=6890514759000000 mem=441831424 instructions=2001517310323 wakeups=177870 diski=7303168 disko=19816448 rx=72211903 tx=30562772 comm=*system*
psu_energy_ac_mcp_machine=12947846802
-------
timestamp=3407903061983780
iterations=1183
sample_ns=100000000
window_ns=1000000000
rapl_core_sum_uj=6119112763
rapl_psys_sum_uj=0
pid=0 energy=34462621204671980 alive=1 kernel=1 cpu_ns=6890516007000000 mem=441835520 instructions=2008233934396 wakeups=178089 diski=7303168 disko=19816448 rx=72211903 tx=30562772 comm=*system*
psu_energy_ac_mcp_machine=12973906860
-------
timestamp=3407903214931298
iterations=1184
sample_ns=100000000
window_ns=1000000000
rapl_core_sum_uj=6127980377
rapl_psys_sum_uj=0
pid=0 energy=34462641047270470 alive=1 kernel=1 cpu_ns=6890516631000000 mem=441835520 instructions=2011578454094 wakeups=178309 diski=7303168 disko=19816448 rx=72211905 tx=30562772 comm=*system*
psu_energy_ac_mcp_machine=12993477539
-------
timestamp=3407903363753908
iterations=1186
sample_ns=100000000
window_ns=1000000000
rapl_core_sum_uj=6145814239
rapl_psys_sum_uj=0
pid=0 energy=34462680993780730 alive=1 kernel=1 cpu_ns=6890517885000000 mem=442736640 instructions=2018313756146 wakeups=178565 diski=7303168 disko=19836928 rx=72211905 tx=30562772 comm=*system*
psu_energy_ac_mcp_machine=13019586182
-------
timestamp=3407903509758873
iterations=1187
sample_ns=100000000
window_ns=1000000000
rapl_core_sum_uj=6154685759
rapl_psys_sum_uj=0
pid=0 energy=34462700906598570 alive=1 kernel=1 cpu_ns=6890518509000000 mem=441835520 instructions=2021672319714 wakeups=178752 diski=7303168 disko=19836928 rx=72211905 tx=30562772 comm=*system*
psu_energy_ac_mcp_machine=13045670654
-------
timestamp=3407903659753736
iterations=1188
sample_ns=100000000
window_ns=1000000000
rapl_core_sum_uj=6163467192
rapl_psys_sum_uj=0
pid=0 energy=34462720560751590 alive=1 kernel=1 cpu_ns=6890519127000000 mem=442060800 instructions=2024985150318 wakeups=178970 diski=7303168 disko=19836928 rx=72211905 tx=30562772 comm=*system*
psu_energy_ac_mcp_machine=13071793945
-------
timestamp=3407903805918312
iterations=1190
sample_ns=100000000
window_ns=1000000000
rapl_core_sum_uj=6181196684
rapl_psys_sum_uj=0
pid=0 energy=34462760388715320 alive=1 kernel=1 cpu_ns=6890520375000000 mem=442060800 instructions=2031702743064 wakeups=179192 diski=7303168 disko=19836928 rx=72211905 tx=30562772 comm=*system*
psu_energy_ac_mcp_machine=13091366211
-------
timestamp=3407903952774119
iterations=1191
sample_ns=100000000
window_ns=1000000000
rapl_core_sum_uj=6190064359
rapl_psys_sum_uj=0
pid=0 energy=34462780229720665 alive=1 kernel=1 cpu_ns=6890520999000000 mem=441851904 instructions=2035046944133 wakeups=179415 diski=7303168 disko=19836928 rx=72211905 tx=30562772 comm=*system*
psu_energy_ac_mcp_machine=13117488525
-------
timestamp=3407904100004383
iterations=1193
sample_ns=100000000
window_ns=1000000000
rapl_core_sum_uj=6207837490
rapl_psys_sum_uj=0
pid=0 energy=34462820109698890 alive=1 kernel=1 cpu_ns=6890522247000000 mem=442077184 instructions=2041774939778 wakeups=179643 diski=7303168 disko=19836928 rx=72211905 tx=30562772 comm=*system*
psu_energy_ac_mcp_machine=13143563843
-------
timestamp=3407904250764007
iterations=1194
sample_ns=100000000
window_ns=1000000000
rapl_core_sum_uj=6216711757
rapl_psys_sum_uj=0
pid=0 energy=34462839957725485 alive=1 kernel=1 cpu_ns=6890522871000000 mem=442302464 instructions=2045120545097 wakeups=179855 diski=7303168 disko=19836928 rx=72211905 tx=30562772 comm=*system*
psu_energy_ac_mcp_machine=13163147095
-------
timestamp=3407904393748127
iterations=1195
sample_ns=100000000
window_ns=1000000000
rapl_core_sum_uj=6225588221
rapl_psys_sum_uj=0
pid=0 energy=34462859800881435 alive=1 kernel=1 cpu_ns=6890523495000000 mem=441851904 instructions=2048465176287 wakeups=180065 diski=7303168 disko=19836928 rx=72211905 tx=30562772 comm=*system*
psu_energy_ac_mcp_machine=13189265259
-------
timestamp=3407904540751408
iterations=1197
sample_ns=100000000
window_ns=1000000000
rapl_core_sum_uj=6243420068
rapl_psys_sum_uj=0
pid=0 energy=34462899833827235 alive=1 kernel=1 cpu_ns=6890524749000000 mem=442077184 instructions=2055217765447 wakeups=180276 diski=7303168 disko=19836928 rx=72211905 tx=30562772 comm=*system*
psu_energy_ac_mcp_machine=13215348877
-------
timestamp=3407904693743833
iterations=1198
sample_ns=100000000
window_ns=1000000000
rapl_core_sum_uj=6252199120
rapl_psys_sum_uj=0
pid=0 energy=34462919468485800 alive=1 kernel=1 cpu_ns=6890525366000000 mem=442077184 instructions=2058527697160 wakeups=180504 diski=7303168 disko=19836928 rx=72211905 tx=30562772 comm=*system*
psu_energy_ac_mcp_machine=13234901367
-------
timestamp=3407904832997772
iterations=1200
sample_ns=100000000
window_ns=1000000000
rapl_core_sum_uj=6270033104
rapl_psys_sum_uj=0
pid=0 energy=34462959535620530 alive=1 kernel=1 cpu_ns=6890526619000000 mem=442302464 instructions=2065288124106 wakeups=180722 diski=7303168 disko=19836928 rx=72211905 tx=30562772 comm=*system*
psu_energy_ac_mcp_machine=13261023804
-------
timestamp=3407904979752033
iterations=1201
sample_ns=100000000
window_ns=1000000000
rapl_core_sum_uj=6278828941
rapl_psys_sum_uj=0
pid=0 energy=34462979251483555 alive=1 kernel=1 cpu_ns=6890527237000000 mem=441774080 instructions=2068613296711 wakeups=180936 diski=7303168 disko=19836928 rx=72211905 tx=30562772 comm=*system*
psu_energy_ac_mcp_machine=13287106079
-------
timestamp=3407905127003412
iterations=1203
sample_ns=100000000
window_ns=1000000000
rapl_core_sum_uj=6296590170
rapl_psys_sum_uj=0
pid=0 energy=34463019042254120 alive=1 kernel=1 cpu_ns=6890528485000000 mem=443125760 instructions=2075323450824 wakeups=181188 diski=7303168 disko=19836928 rx=72211905 tx=30562772 comm=*system*
psu_energy_ac_mcp_machine=13306676636
-------
timestamp=3407905276757406
iterations=1204
sample_ns=100000000
window_ns=1000000000
rapl_core_sum_uj=6305472250
rapl_psys_sum_uj=0
pid=0 energy=34463038953836290 alive=1 kernel=1 cpu_ns=6890529108000000 mem=441774080 instructions=2078682767258 wakeups=181373 diski=7303168 disko=19836928 rx=72211907 tx=30562772 comm=*system*
psu_energy_ac_mcp_machine=13332792725
-------
timestamp=3407905421743334
iterations=1205
sample_ns=100000000
window_ns=1000000000
rapl_core_sum_uj=6314337484
rapl_psys_sum_uj=0
pid=0 energy=34463058784961265 alive=1 kernel=1 cpu_ns=6890529732000000 mem=441999360 instructions=2082024992253 wakeups=181597 diski=7303168 disko=19836928 rx=72211907 tx=30562772 comm=*system*
psu_energy_ac_mcp_machine=13358874878
-------
timestamp=3407905574752827
iterations=1207
sample_ns=100000000
window_ns=1000000000
rapl_core_sum_uj=6332168599
rapl_psys_sum_uj=0
pid=0 energy=34463098815250850 alive=1 kernel=1 cpu_ns=6890530986000000 mem=441999360 instructions=2088777050170 wakeups=181819 diski=7303168 disko=19836928 rx=72211907 tx=30562772 comm=*system*
psu_energy_ac_mcp_machine=13378432007
-------
timestamp=3407905717975381
iterations=1208
sample_ns=100000000
window_ns=1000000000
rapl_core_sum_uj=6341020954
rapl_psys_sum_uj=0
pid=0 energy=34463118665724405 alive=1 kernel=1 cpu_ns=6890531609000000 mem=442224640 instructions=2092124144881 wakeups=182041 diski=7303168 disko=19836928 rx=72211908 tx=30562773 comm=*system*
psu_energy_ac_mcp_machine=13404553467
-------
timestamp=3407905862926523
iterations=1210
sample_ns=100000000
window_ns=1000000000
rapl_core_sum_uj=6358671465
rapl_psys_sum_uj=0
pid=0 energy=34463158341924645 alive=1 kernel=1 cpu_ns=6890532850000000 mem=442859520 instructions=2098818384929 wakeups=182284 diski=7303168 disko=19836928 rx=72211908 tx=30562773 comm=*system*
psu_energy_ac_mcp_machine=13430669678
-------
timestamp=3407906012747653
iterations=1211
sample_ns=100000000
window_ns=1000000000
rapl_core_sum_uj=6367532487
rapl_psys_sum_uj=0
pid=0 energy=34463178246014940 alive=1 kernel=1 cpu_ns=6890533474000000 mem=441737216 instructions=2102175202988 wakeups=182485 diski=7303168 disko=19836928 rx=72211908 tx=30562773 comm=*system*
psu_energy_ac_mcp_machine=13450229614
-------
timestamp=3407906156005576
iterations=1212
sample_ns=100000000
window_ns=1000000000
rapl_core_sum_uj=6376395402
rapl_psys_sum_uj=0
pid=0 energy=34463198074848855 alive=1 kernel=1 cpu_ns=6890534098000000 mem=441962496 instructions=2105516969771 wakeups=182712 diski=7303168 disko=19836928 rx=72211908 tx=30562773 comm=*system*
psu_energy_ac_mcp_machine=13476299072
-------
timestamp=3407906305749737
iterations=1214
sample_ns=100000000
window_ns=1000000000
rapl_core_sum_uj=6394127212
rapl_psys_sum_uj=0
pid=0 energy=34463237935986315 alive=1 kernel=1 cpu_ns=6890535346000000 mem=441962496 instructions=2112241197263 wakeups=182937 diski=7303168 disko=19836928 rx=72211908 tx=30562773 comm=*system*
psu_energy_ac_mcp_machine=13502357788
-------
timestamp=3407906454762556
iterations=1215
sample_ns=100000000
window_ns=1000000000
rapl_core_sum_uj=6403012954
rapl_psys_sum_uj=0
pid=0 energy=34463257784902350 alive=1 kernel=1 cpu_ns=6890535970000000 mem=441962496 instructions=2115586980470 wakeups=183173 diski=7303168 disko=19836928 rx=72211908 tx=30562773 comm=*system*
psu_energy_ac_mcp_machine=13521886353
-------
timestamp=3407906598921672
iterations=1217
sample_ns=100000000
window_ns=1000000000
rapl_core_sum_uj=6420766737
rapl_psys_sum_uj=0
pid=0 energy=34463297622101160 alive=1 kernel=1 cpu_ns=6890537217000000 mem=442413056 instructions=2122307420232 wakeups=183400 diski=7303168 disko=19836928 rx=72211908 tx=30562773 comm=*system*
psu_energy_ac_mcp_machine=13547966431
-------
timestamp=3407906744752434
iterations=1218
sample_ns=100000000
window_ns=1000000000
rapl_core_sum_uj=6429637891
rapl_psys_sum_uj=0
pid=0 energy=34463317465685310 alive=1 kernel=1 cpu_ns=6890537840000000 mem=442187776 instructions=2125653137062 wakeups=183608 diski=7303168 disko=19836928 rx=72211908 tx=30562773 comm=*system*
psu_energy_ac_mcp_machine=13574005737
-------
timestamp=3407906889994891
iterations=1219
sample_ns=100000000
window_ns=1000000000
rapl_core_sum_uj=6438513379
rapl_psys_sum_uj=0
pid=0 energy=34463337296176465 alive=1 kernel=1 cpu_ns=6890538462000000 mem=441962496 instructions=2128997235293 wakeups=183828 diski=7303168 disko=19836928 rx=72211908 tx=30562773 comm=*system*
psu_energy_ac_mcp_machine=13593542480
-------
timestamp=3407907034744933
iterations=1221
sample_ns=100000000
window_ns=1000000000
rapl_core_sum_uj=6456260693
rapl_psys_sum_uj=0
pid=0 energy=34463377105854585 alive=1 kernel=1 cpu_ns=6890539708000000 mem=442114048 instructions=2135713170917 wakeups=184074 diski=7303168 disko=20029440 rx=72211908 tx=30562773 comm=*system*
psu_energy_ac_mcp_machine=13619611572
-------
timestamp=3407907188765899
iterations=1222
sample_ns=100000000
window_ns=1000000000
rapl_core_sum_uj=6465130993
rapl_psys_sum_uj=0
pid=0 energy=34463396949803775 alive=1 kernel=1 cpu_ns=6890540331000000 mem=442339328 instructions=2139058960755 wakeups=184295 diski=7303168 disko=20029440 rx=72211908 tx=30562773 comm=*system*
psu_energy_ac_mcp_machine=13645722290
-------
timestamp=3407907335745441
iterations=1224
sample_ns=100000000
window_ns=1000000000
rapl_core_sum_uj=6482893870
rapl_psys_sum_uj=0
pid=0 energy=34463436748379300 alive=1 kernel=1 cpu_ns=6890541577000000 mem=442114048 instructions=2145772675860 wakeups=184530 diski=7303168 disko=20029440 rx=72211910 tx=30562773 comm=*system*
psu_energy_ac_mcp_machine=13665275024
-------
timestamp=3407907482761592
iterations=1225
sample_ns=100000000
window_ns=1000000000
rapl_core_sum_uj=6491769663
rapl_psys_sum_uj=0
pid=0 energy=34463456579527530 alive=1 kernel=1 cpu_ns=6890542200000000 mem=442114048 instructions=2149115905506 wakeups=184741 diski=7303168 disko=20029440 rx=72211910 tx=30562773 comm=*system*
psu_energy_ac_mcp_machine=13691348999
-------
timestamp=3407907632753230
iterations=1227
sample_ns=100000000
window_ns=1000000000
rapl_core_sum_uj=6509607430
rapl_psys_sum_uj=0
pid=0 energy=34463496564760860 alive=1 kernel=1 cpu_ns=6890543453000000 mem=442789888 instructions=2155859952172 wakeups=184986 diski=7303168 disko=20029440 rx=72211910 tx=30562773 comm=*system*
psu_energy_ac_mcp_machine=13717478638
-------
timestamp=3407907781744336
iterations=1228
sample_ns=100000000
window_ns=1000000000
rapl_core_sum_uj=6518476082
rapl_psys_sum_uj=0
pid=0 energy=34463516464496735 alive=1 kernel=1 cpu_ns=6890544076000000 mem=442339328 instructions=2159216899347 wakeups=185193 diski=7303168 disko=20029440 rx=72211910 tx=30562773 comm=*system*
psu_energy_ac_mcp_machine=13743607178
-------
timestamp=3407907932752160
iterations=1229
sample_ns=100000000
window_ns=1000000000
rapl_core_sum_uj=6527268684
rapl_psys_sum_uj=0
pid=0 energy=34463536149609045 alive=1 kernel=1 cpu_ns=6890544692000000 mem=442114048 instructions=2162537921809 wakeups=185405 diski=7303168 disko=20029440 rx=72211910 tx=30562773 comm=*system*
psu_energy_ac_mcp_machine=13763189087
-------
timestamp=3407908076743524
iterations=1231
sample_ns=100000000
window_ns=1000000000
rapl_core_sum_uj=6544996894
rapl_psys_sum_uj=0
pid=0 energy=34463575968070010 alive=1 kernel=1 cpu_ns=6890545940000000 mem=441896960 instructions=2169253614002 wakeups=185633 diski=7303168 disko=20029440 rx=72211910 tx=30562773 comm=*system*
psu_energy_ac_mcp_machine=13789254395
-------
timestamp=3407908226758685
iterations=1232
sample_ns=100000000
window_ns=1000000000
rapl_core_sum_uj=6553864935
rapl_psys_sum_uj=0
pid=0 energy=34463595805500675 alive=1 kernel=1 cpu_ns=6890546564000000 mem=441896960 instructions=2172597100135 wakeups=185848 diski=7303168 disko=20029440 rx=72211910 tx=30562773 comm=*system*
psu_energy_ac_mcp_machine=13815380371
-------
timestamp=3407908374754693
iterations=1234
sample_ns=100000000
window_ns=1000000000
rapl_core_sum_uj=6571603826
rapl_psys_sum_uj=0
pid=0 energy=34463635617562445 alive=1 kernel=1 cpu_ns=6890547811000000 mem=442347520 instructions=2179312512489 wakeups=186089 diski=7303168 disko=20058112 rx=72211910 tx=30562773 comm=*system*
psu_energy_ac_mcp_machine=13834951660
-------
timestamp=3407908521763752
iterations=1235
sample_ns=100000000
window_ns=1000000000
rapl_core_sum_uj=6580472356
rapl_psys_sum_uj=0
pid=0 energy=34463655510688260 alive=1 kernel=1 cpu_ns=6890548435000000 mem=441896960 instructions=2182667137652 wakeups=186294 diski=7303168 disko=20058112 rx=72211910 tx=30562773 comm=*system*
psu_energy_ac_mcp_machine=13861063354
-------
timestamp=3407908668768462
iterations=1237
sample_ns=100000000
window_ns=1000000000
rapl_core_sum_uj=6598299808
rapl_psys_sum_uj=0
pid=0 energy=34463695457975270 alive=1 kernel=1 cpu_ns=6890549689000000 mem=442798080 instructions=2189402595054 wakeups=186549 diski=7303168 disko=20058112 rx=72211910 tx=30562773 comm=*system*
psu_energy_ac_mcp_machine=13887170532
-------
timestamp=3407908815757709
iterations=1238
sample_ns=100000000
window_ns=1000000000
rapl_core_sum_uj=6607096683
rapl_psys_sum_uj=0
pid=0 energy=34463715150781495 alive=1 kernel=1 cpu_ns=6890550306000000 mem=441896960 instructions=2192724156299 wakeups=186756 diski=7303168 disko=20058112 rx=72211910 tx=30562773 comm=*system*
psu_energy_ac_mcp_machine=13906732300
-------
timestamp=3407908962752796
iterations=1239
sample_ns=100000000
window_ns=1000000000
rapl_core_sum_uj=6615957339
rapl_psys_sum_uj=0
pid=0 energy=34463734986357615 alive=1 kernel=1 cpu_ns=6890550929000000 mem=441782272 instructions=2196068271523 wakeups=186969 diski=7303168 disko=20058112 rx=72211910 tx=30562773 comm=*system*
psu_energy_ac_mcp_machine=13932837036
-------
timestamp=3407909109757739
iterations=1241
sample_ns=100000000
window_ns=1000000000
rapl_core_sum_uj=6633779726
rapl_psys_sum_uj=0
pid=0 energy=34463775010685705 alive=1 kernel=1 cpu_ns=6890552183000000 mem=442171392 instructions=2202819137141 wakeups=187198 diski=7303168 disko=20058112 rx=72211910 tx=30562773 comm=*system*
psu_energy_ac_mcp_machine=13958919312
-------
timestamp=3407909259761878
iterations=1242
sample_ns=100000000
window_ns=1000000000
rapl_core_sum_uj=6642572816
rapl_psys_sum_uj=0
pid=0 energy=34463794658476255 alive=1 kernel=1 cpu_ns=6890552800000000 mem=441946112 instructions=2206131695251 wakeups=187405 diski=7303168 disko=20058112 rx=72211912 tx=30562773 comm=*system*
psu_energy_ac_mcp_machine=13978494873
-------
timestamp=3407909406747506
iterations=1244
sample_ns=100000000
window_ns=1000000000
rapl_core_sum_uj=6660323609
rapl_psys_sum_uj=0
pid=0 energy=34463834471120270 alive=1 kernel=1 cpu_ns=6890554046000000 mem=442171392 instructions=2212848224054 wakeups=187635 diski=7303168 disko=20058112 rx=72211912 tx=30562773 comm=*system*
psu_energy_ac_mcp_machine=14004581299
-------
timestamp=3407909551750331
iterations=1245
sample_ns=100000000
window_ns=1000000000
rapl_core_sum_uj=6669210144
rapl_psys_sum_uj=0
pid=0 energy=34463854370350390 alive=1 kernel=1 cpu_ns=6890554670000000 mem=441946112 instructions=2216204070078 wakeups=187854 diski=7303168 disko=20058112 rx=72211912 tx=30562773 comm=*system*
psu_energy_ac_mcp_machine=14030701172
-------
timestamp=3407909697990773
iterations=1246
sample_ns=100000000
window_ns=1000000000
rapl_core_sum_uj=6678156860
rapl_psys_sum_uj=0
pid=0 energy=34463874393969140 alive=1 kernel=1 cpu_ns=6890555300000000 mem=442171392 instructions=2219578793828 wakeups=188068 diski=7303168 disko=20058112 rx=72211912 tx=30562773 comm=*system*
psu_energy_ac_mcp_machine=14050249634
-------
timestamp=3407909842997229
iterations=1248
sample_ns=100000000
window_ns=1000000000
rapl_core_sum_uj=6695922301
rapl_psys_sum_uj=0
pid=0 energy=34463914224743585 alive=1 kernel=1 cpu_ns=6890556548000000 mem=442171392 instructions=2226296948717 wakeups=188292 diski=7303168 disko=20058112 rx=72211912 tx=30562773 comm=*system*
psu_energy_ac_mcp_machine=14076365967
-------
timestamp=3407909988760709
iterations=1249
sample_ns=100000000
window_ns=1000000000
rapl_core_sum_uj=6704804259
rapl_psys_sum_uj=0
pid=0 energy=34463934127284025 alive=1 kernel=1 cpu_ns=6890557172000000 mem=441901056 instructions=2229653456805 wakeups=188504 diski=7303168 disko=20058112 rx=72211912 tx=30562773 comm=*system*
psu_energy_ac_mcp_machine=14102498413
-------
timestamp=3407910137753641
iterations=1251
sample_ns=100000000
window_ns=1000000000
rapl_core_sum_uj=6722495664
rapl_psys_sum_uj=0
pid=0 energy=34463973825269925 alive=1 kernel=1 cpu_ns=6890558414000000 mem=442126336 instructions=2236351053985 wakeups=188726 diski=7303168 disko=20058112 rx=72211912 tx=30562773 comm=*system*
psu_energy_ac_mcp_machine=14122067871
-------
timestamp=3407910284772219
iterations=1252
sample_ns=100000000
window_ns=1000000000
rapl_core_sum_uj=6731380551
rapl_psys_sum_uj=0
pid=0 energy=34463993692377035 alive=1 kernel=1 cpu_ns=6890559038000000 mem=442126336 instructions=2239700475407 wakeups=188948 diski=7303168 disko=20058112 rx=72211912 tx=30562773 comm=*system*
psu_energy_ac_mcp_machine=14148219116
-------
timestamp=3407910433060520
iterations=1254
sample_ns=100000000
window_ns=1000000000
rapl_core_sum_uj=6749166011
rapl_psys_sum_uj=0
pid=0 energy=34464033447001490 alive=1 kernel=1 cpu_ns=6890560286000000 mem=443252736 instructions=2246403400298 wakeups=189202 diski=7303168 disko=20058112 rx=72211912 tx=30562773 comm=*system*
psu_energy_ac_mcp_machine=14174336060
-------
timestamp=3407910577747668
iterations=1255
sample_ns=100000000
window_ns=1000000000
rapl_core_sum_uj=6758039363
rapl_psys_sum_uj=0
pid=0 energy=34464053349660505 alive=1 kernel=1 cpu_ns=6890560909000000 mem=442126336 instructions=2249760932101 wakeups=189393 diski=7303168 disko=20058112 rx=72211912 tx=30562773 comm=*system*
psu_energy_ac_mcp_machine=14193878906
-------
timestamp=3407910727912708
iterations=1256
sample_ns=100000000
window_ns=1000000000
rapl_core_sum_uj=6766922114
rapl_psys_sum_uj=0
pid=0 energy=34464073180502730 alive=1 kernel=1 cpu_ns=6890561532000000 mem=442126336 instructions=2253104100546 wakeups=189614 diski=7303168 disko=20058112 rx=72211912 tx=30562773 comm=*system*
psu_energy_ac_mcp_machine=14219961548
-------
timestamp=3407910875736603
iterations=1258
sample_ns=100000000
window_ns=1000000000
rapl_core_sum_uj=6784670160
rapl_psys_sum_uj=0
pid=0 energy=34464113008737775 alive=1 kernel=1 cpu_ns=6890562779000000 mem=442351616 instructions=2259822747555 wakeups=189847 diski=7303168 disko=20058112 rx=72211912 tx=30562773 comm=*system*
psu_energy_ac_mcp_machine=14246040527
-------
timestamp=3407911019977812
iterations=1259
sample_ns=100000000
window_ns=1000000000
rapl_core_sum_uj=6793532220
rapl_psys_sum_uj=0
pid=0 energy=34464132835074085 alive=1 kernel=1 cpu_ns=6890563403000000 mem=441790464 instructions=2263164014817 wakeups=190080 diski=7303168 disko=20058112 rx=72211912 tx=30562773 comm=*system*
psu_energy_ac_mcp_machine=14265585327
-------
timestamp=3407911164752733
iterations=1261
sample_ns=100000000
window_ns=1000000000
rapl_core_sum_uj=6811266350
rapl_psys_sum_uj=0
pid=0 energy=34464172633744510 alive=1 kernel=1 cpu_ns=6890564651000000 mem=442691584 instructions=2269875748902 wakeups=190306 diski=7303168 disko=20058112 rx=72211914 tx=30562773 comm=*system*
psu_energy_ac_mcp_machine=14291673340
-------
timestamp=3407911311980750
iterations=1262
sample_ns=100000000
window_ns=1000000000
rapl_core_sum_uj=6820210380
rapl_psys_sum_uj=0
pid=0 energy=34464192690729365 alive=1 kernel=1 cpu_ns=6890565280000000 mem=442015744 instructions=2273258145873 wakeups=190520 diski=7303168 disko=20058112 rx=72211914 tx=30562773 comm=*system*
psu_energy_ac_mcp_machine=14317762695
-------
timestamp=3407911460994450
iterations=1263
sample_ns=100000000
window_ns=1000000000
rapl_core_sum_uj=6828977958
rapl_psys_sum_uj=0
pid=0 energy=34464212328159320 alive=1 kernel=1 cpu_ns=6890565897000000 mem=442015744 instructions=2276568631864 wakeups=190734 diski=7303168 disko=20058112 rx=72211914 tx=30562773 comm=*system*
psu_energy_ac_mcp_machine=14337325928
-------
timestamp=3407911604757849
iterations=1265
sample_ns=100000000
window_ns=1000000000
rapl_core_sum_uj=6846719351
rapl_psys_sum_uj=0
pid=0 energy=34464252210380425 alive=1 kernel=1 cpu_ns=6890567145000000 mem=442015744 instructions=2283297076085 wakeups=190962 diski=7303168 disko=20058112 rx=72211914 tx=30562773 comm=*system*
psu_energy_ac_mcp_machine=14363415039
-------
timestamp=3407911749991415
iterations=1266
sample_ns=100000000
window_ns=1000000000
rapl_core_sum_uj=6855585806
rapl_psys_sum_uj=0
pid=0 energy=34464272044197050 alive=1 kernel=1 cpu_ns=6890567767000000 mem=442015744 instructions=2286641839410 wakeups=191191 diski=7303168 disko=20058112 rx=72211914 tx=30562773 comm=*system*
psu_energy_ac_mcp_machine=14389513916
-------
timestamp=3407911897913330
iterations=1268
sample_ns=100000000
window_ns=1000000000
rapl_core_sum_uj=6873447194
rapl_psys_sum_uj=0
pid=0 energy=34464312107921640 alive=1 kernel=1 cpu_ns=6890569021000000 mem=442621952 instructions=2293400584328 wakeups=191409 diski=7303168 disko=20058112 rx=72211914 tx=30562773 comm=*system*
psu_energy_ac_mcp_machine=14409058716
-------
timestamp=3407912044755268
iterations=1269
sample_ns=100000000
window_ns=1000000000
rapl_core_sum_uj=6882233143
rapl_psys_sum_uj=0
pid=0 energy=34464331823353655 alive=1 kernel=1 cpu_ns=6890569639000000 mem=441946112 instructions=2296725670731 wakeups=191619 diski=7303168 disko=20058112 rx=72211914 tx=30562773 comm=*system*
psu_energy_ac_mcp_machine=14435159058
-------
timestamp=3407912190004093
iterations=1270
sample_ns=100000000
window_ns=1000000000
rapl_core_sum_uj=6891100879
rapl_psys_sum_uj=0
pid=0 energy=34464351655928635 alive=1 kernel=1 cpu_ns=6890570262000000 mem=442171392 instructions=2300069185727 wakeups=191831 diski=7303168 disko=20058112 rx=72211914 tx=30562773 comm=*system*
psu_energy_ac_mcp_machine=14461271973
-------
timestamp=3407912335759292
iterations=1272
sample_ns=100000000
window_ns=1000000000
rapl_core_sum_uj=6908866991
rapl_psys_sum_uj=0
pid=0 energy=34464391549420525 alive=1 kernel=1 cpu_ns=6890571510000000 mem=442171392 instructions=2306799884105 wakeups=192056 diski=7303168 disko=20058112 rx=72211914 tx=30562773 comm=*system*
psu_energy_ac_mcp_machine=14480820435
-------
timestamp=3407912482759312
iterations=1273
sample_ns=100000000
window_ns=1000000000
rapl_core_sum_uj=6917733385
rapl_psys_sum_uj=0
pid=0 energy=34464411397076045 alive=1 kernel=1 cpu_ns=6890572134000000 mem=441946112 instructions=2310145415209 wakeups=192276 diski=7303168 disko=20058112 rx=72211914 tx=30562773 comm=*system*
psu_energy_ac_mcp_machine=14506901855
-------
timestamp=3407912632751466
iterations=1275
sample_ns=100000000
window_ns=1000000000
rapl_core_sum_uj=6935501451
rapl_psys_sum_uj=0
pid=0 energy=34464451285574885 alive=1 kernel=1 cpu_ns=6890573382000000 mem=442171392 instructions=2316875114977 wakeups=192500 diski=7303168 disko=20058112 rx=72211914 tx=30562773 comm=*system*
psu_energy_ac_mcp_machine=14532984619
-------
timestamp=3407912778911930
iterations=1276
sample_ns=100000000
window_ns=1000000000
rapl_core_sum_uj=6944377610
rapl_psys_sum_uj=0
pid=0 energy=34464471166913375 alive=1 kernel=1 cpu_ns=6890574006000000 mem=442171392 instructions=2320227382675 wakeups=192727 diski=7303168 disko=20058112 rx=72211914 tx=30562773 comm=*system*
psu_energy_ac_mcp_machine=14552523926
-------
timestamp=3407912921921335
iterations=1277
sample_ns=100000000
window_ns=1000000000
rapl_core_sum_uj=6953350144
rapl_psys_sum_uj=0
pid=0 energy=34464491232242205 alive=1 kernel=1 cpu_ns=6890574636000000 mem=442171392 instructions=2323610448441 wakeups=192934 diski=7303168 disko=20058112 rx=72211914 tx=30562773 comm=*system*
psu_energy_ac_mcp_machine=14578605225
-------
timestamp=3407913072748396
iterations=1279
sample_ns=100000000
window_ns=1000000000
rapl_core_sum_uj=6971022263
rapl_psys_sum_uj=0
pid=0 energy=34464530910669275 alive=1 kernel=1 cpu_ns=6890575877000000 mem=441950208 instructions=2330305133855 wakeups=193157 diski=7303168 disko=20058112 rx=72211914 tx=30562773 comm=*system*
psu_energy_ac_mcp_machine=14604659180
-------
timestamp=3407913222984684
iterations=1280
sample_ns=100000000
window_ns=1000000000
rapl_core_sum_uj=6979896591
rapl_psys_sum_uj=0
pid=0 energy=34464550746216795 alive=1 kernel=1 cpu_ns=6890576500000000 mem=442175488 instructions=2333649243359 wakeups=193380 diski=7303168 disko=20058112 rx=72211916 tx=30562773 comm=*system*
psu_energy_ac_mcp_machine=14624225586
-------
timestamp=3407913366751277
iterations=1282
sample_ns=100000000
window_ns=1000000000
rapl_core_sum_uj=6997622298
rapl_psys_sum_uj=0
pid=0 energy=34464590585358420 alive=1 kernel=1 cpu_ns=6890577747000000 mem=441950208 instructions=2340370071684 wakeups=193621 diski=7303168 disko=20078592 rx=72211916 tx=30562773 comm=*system*
psu_energy_ac_mcp_machine=14650310669
-------
timestamp=3407913511757222
iterations=1283
sample_ns=100000000
window_ns=1000000000
rapl_core_sum_uj=7006465864
rapl_psys_sum_uj=0
pid=0 energy=34464610416531675 alive=1 kernel=1 cpu_ns=6890578371000000 mem=441724928 instructions=2343712306335 wakeups=193841 diski=7303168 disko=20078592 rx=72211916 tx=30562773 comm=*system*
psu_energy_ac_mcp_machine=14676436401
-------
timestamp=3407913656031354
iterations=1285
sample_ns=100000000
window_ns=1000000000
rapl_core_sum_uj=7024271771
rapl_psys_sum_uj=0
pid=0 energy=34464650486445455 alive=1 kernel=1 cpu_ns=6890579625000000 mem=443076608 instructions=2350472289091 wakeups=194102 diski=7303168 disko=20078592 rx=72211916 tx=30562773 comm=*system*
psu_energy_ac_mcp_machine=14696000610
-------
timestamp=3407913804763090
iterations=1286
sample_ns=100000000
window_ns=1000000000
rapl_core_sum_uj=7033038616
rapl_psys_sum_uj=0
pid=0 energy=34464670217705350 alive=1 kernel=1 cpu_ns=6890580243000000 mem=442175488 instructions=2353800541070 wakeups=194285 diski=7303168 disko=20078592 rx=72211916 tx=30562773 comm=*system*
psu_energy_ac_mcp_machine=14722095215
-------
timestamp=3407913952762757
iterations=1287
sample_ns=100000000
window_ns=1000000000
rapl_core_sum_uj=7041913921
rapl_psys_sum_uj=0
pid=0 energy=34464690090385450 alive=1 kernel=1 cpu_ns=6890580865000000 mem=441901056 instructions=2357153077090 wakeups=194496 diski=7303168 disko=20078592 rx=72211916 tx=30562773 comm=*system*
psu_energy_ac_mcp_machine=14748213135
-------
timestamp=3407914099758999
iterations=1289
sample_ns=100000000
window_ns=1000000000
rapl_core_sum_uj=7059740153
rapl_psys_sum_uj=0
pid=0 energy=34464730161477405 alive=1 kernel=1 cpu_ns=6890582118000000 mem=442044416 instructions=2363914295481 wakeups=194717 diski=7303168 disko=20078592 rx=72211916 tx=30562773 comm=*system*
psu_energy_ac_mcp_machine=14767781006
-------
timestamp=3407914243931429
iterations=1290
sample_ns=100000000
window_ns=1000000000
rapl_core_sum_uj=7068543192
rapl_psys_sum_uj=0
pid=0 energy=34464749854430030 alive=1 kernel=1 cpu_ns=6890582736000000 mem=442044416 instructions=2367234886006 wakeups=194938 diski=7303168 disko=20078592 rx=72211916 tx=30562773 comm=*system*
psu_energy_ac_mcp_machine=14793917725
-------
timestamp=3407914398010006
iterations=1292
sample_ns=100000000
window_ns=1000000000
rapl_core_sum_uj=7086382729
rapl_psys_sum_uj=0
pid=0 energy=34464789877414240 alive=1 kernel=1 cpu_ns=6890583990000000 mem=442945536 instructions=2373985482848 wakeups=195172 diski=7303168 disko=20078592 rx=72211916 tx=30562773 comm=*system*
psu_energy_ac_mcp_machine=14820018799
-------
timestamp=3407914545929880
iterations=1293
sample_ns=100000000
window_ns=1000000000
rapl_core_sum_uj=7095174721
rapl_psys_sum_uj=0
pid=0 energy=34464809557418485 alive=1 kernel=1 cpu_ns=6890584608000000 mem=442044416 instructions=2377303483697 wakeups=195370 diski=7303168 disko=20078592 rx=72211916 tx=30562773 comm=*system*
psu_energy_ac_mcp_machine=14839552612
-------
timestamp=3407914689020142
iterations=1294
sample_ns=100000000
window_ns=1000000000
rapl_core_sum_uj=7104152992
rapl_psys_sum_uj=0
pid=0 energy=34464829588818285 alive=1 kernel=1 cpu_ns=6890585236000000 mem=442044416 instructions=2380681763657 wakeups=195582 diski=7303168 disko=20078592 rx=72211916 tx=30562773 comm=*system*
psu_energy_ac_mcp_machine=14865622559
-------
timestamp=3407914832767822
iterations=1296
sample_ns=100000000
window_ns=1000000000
rapl_core_sum_uj=7121829871
rapl_psys_sum_uj=0
pid=0 energy=34464869230245465 alive=1 kernel=1 cpu_ns=6890586478000000 mem=441819136 instructions=2387368049093 wakeups=195814 diski=7303168 disko=20078592 rx=72211916 tx=30562773 comm=*system*
psu_energy_ac_mcp_machine=14891706421
-------
timestamp=3407914976006137
iterations=1297
sample_ns=100000000
window_ns=1000000000
rapl_core_sum_uj=7130736243
rapl_psys_sum_uj=0
pid=0 energy=34464889123997420 alive=1 kernel=1 cpu_ns=6890587101000000 mem=441946112 instructions=2390723799484 wakeups=196042 diski=7303168 disko=20078592 rx=72211916 tx=30562773 comm=*system*
psu_energy_ac_mcp_machine=14911239746
-------
timestamp=3407915124757553
iterations=1299
sample_ns=100000000
window_ns=1000000000
rapl_core_sum_uj=7148588842
rapl_psys_sum_uj=0
pid=0 energy=34464929134595775 alive=1 kernel=1 cpu_ns=6890588355000000 mem=442171392 instructions=2397471919155 wakeups=196271 diski=7303168 disko=20078592 rx=72211916 tx=30562773 comm=*system*
psu_energy_ac_mcp_machine=14937326904
-------
timestamp=3407915271984732
iterations=1300
sample_ns=100000000
window_ns=1000000000
rapl_core_sum_uj=7157391271
rapl_psys_sum_uj=0
pid=0 energy=34464948845376765 alive=1 kernel=1 cpu_ns=6890588972000000 mem=442171392 instructions=2400797075353 wakeups=196479 diski=7303168 disko=20078592 rx=72211918 tx=30562773 comm=*system*
psu_energy_ac_mcp_machine=14963373779
-------
timestamp=3407915425772440
iterations=1302
sample_ns=100000000
window_ns=1000000000
rapl_core_sum_uj=7175162327
rapl_psys_sum_uj=0
pid=0 energy=34464988626904370 alive=1 kernel=1 cpu_ns=6890590219000000 mem=443297792 instructions=2407506380874 wakeups=196734 diski=7303168 disko=20078592 rx=72211918 tx=30562773 comm=*system*
psu_energy_ac_mcp_machine=14982962280
-------
timestamp=3407915566992075
iterations=1303
sample_ns=100000000
window_ns=1000000000
rapl_core_sum_uj=7184041172
rapl_psys_sum_uj=0
pid=0 energy=34465008550592105 alive=1 kernel=1 cpu_ns=6890590843000000 mem=442171392 instructions=2410867118421 wakeups=196912 diski=7303168 disko=20078592 rx=72211918 tx=30562773 comm=*system*
psu_energy_ac_mcp_machine=15009054688
-------
timestamp=3407915715743755
iterations=1304
sample_ns=100000000
window_ns=1000000000
rapl_core_sum_uj=7192906345
rapl_psys_sum_uj=0
pid=0 energy=34465028394365690 alive=1 kernel=1 cpu_ns=6890591466000000 mem=442171392 instructions=2414212873138 wakeups=197150 diski=7303168 disko=20078592 rx=72211919 tx=30562774 comm=*system*
psu_energy_ac_mcp_machine=15035184570
-------
timestamp=3407915866756007
iterations=1306
sample_ns=100000000
window_ns=1000000000
rapl_core_sum_uj=7210681247
rapl_psys_sum_uj=0
pid=0 energy=34465068297869335 alive=1 kernel=1 cpu_ns=6890592714000000 mem=442396672 instructions=2420945573867 wakeups=197369 diski=7303168 disko=20078592 rx=72211920 tx=30562774 comm=*system*
psu_energy_ac_mcp_machine=15054705811
-------
timestamp=3407916010968608
iterations=1307
sample_ns=100000000
window_ns=1000000000
rapl_core_sum_uj=7219538546
rapl_psys_sum_uj=0
pid=0 energy=34465088191351440 alive=1 kernel=1 cpu_ns=6890593338000000 mem=441913344 instructions=2424300270288 wakeups=197592 diski=7303168 disko=20078592 rx=72211920 tx=30562774 comm=*system*
psu_energy_ac_mcp_machine=15080771606
-------
timestamp=3407916154920740
iterations=1309
sample_ns=100000000
window_ns=1000000000
rapl_core_sum_uj=7237281770
rapl_psys_sum_uj=0
pid=0 energy=34465127980382755 alive=1 kernel=1 cpu_ns=6890594585000000 mem=442814464 instructions=2431011076551 wakeups=197827 diski=7303168 disko=20078592 rx=72211920 tx=30562774 comm=*system*
psu_energy_ac_mcp_machine=15106860229
-------
timestamp=3407916300982604
iterations=1310
sample_ns=100000000
window_ns=1000000000
rapl_core_sum_uj=7246176911
rapl_psys_sum_uj=0
pid=0 energy=34465147861345865 alive=1 kernel=1 cpu_ns=6890595209000000 mem=442138624 instructions=2434363269173 wakeups=198033 diski=7303168 disko=20078592 rx=72211920 tx=30562774 comm=*system*
psu_energy_ac_mcp_machine=15126402954
-------
timestamp=3407916445998844
iterations=1311
sample_ns=100000000
window_ns=1000000000
rapl_core_sum_uj=7255126862
rapl_psys_sum_uj=0
pid=0 energy=34465167881919910 alive=1 kernel=1 cpu_ns=6890595838000000 mem=442138624 instructions=2437738383982 wakeups=198256 diski=7303168 disko=20078592 rx=72211920 tx=30562774 comm=*system*
psu_energy_ac_mcp_machine=15152490356
-------
timestamp=3407916590985688
iterations=1313
sample_ns=100000000
window_ns=1000000000
rapl_core_sum_uj=7272815215
rapl_psys_sum_uj=0
pid=0 energy=34465207580343025 alive=1 kernel=1 cpu_ns=6890597080000000 mem=442138624 instructions=2444436068605 wakeups=198470 diski=7303168 disko=20078592 rx=72211920 tx=30562774 comm=*system*
psu_energy_ac_mcp_machine=15178566895
-------
timestamp=3407916733789465
iterations=1314
sample_ns=100000000
window_ns=1000000000
rapl_core_sum_uj=7280296477
rapl_psys_sum_uj=0
pid=0 energy=34465223087647190 alive=1 kernel=1 cpu_ns=6890597566000000 mem=498688000 instructions=2447051529438 wakeups=198752 diski=7434240 disko=20078592 rx=72211924 tx=30562779 comm=*system*
psu_energy_ac_mcp_machine=15191661011
-------
timestamp=3407916863618934
iterations=1315
sample_ns=100000000
window_ns=1000000000
rapl_core_sum_uj=7283496550
rapl_psys_sum_uj=0
pid=0 energy=34465226775276830 alive=1 kernel=1 cpu_ns=6890597682000000 mem=973819904 instructions=2447673055366 wakeups=198955 diski=7434240 disko=20078592 rx=72211924 tx=30562779 comm=*system*
psu_energy_ac_mcp_machine=15201416260
-------
timestamp=3407916994397671
iterations=1317
sample_ns=100000000
window_ns=1000000000
rapl_core_sum_uj=7288742033
rapl_psys_sum_uj=0
pid=0 energy=34465232370907780 alive=1 kernel=1 cpu_ns=6890597903000000 mem=701706240 instructions=2448571181556 wakeups=199185 diski=7434240 disko=20078592 rx=72211924 tx=30562779 comm=*system*
psu_energy_ac_mcp_machine=15213903931
-------
timestamp=3407917127172486
iterations=1318
sample_ns=100000000
window_ns=1000000000
rapl_core_sum_uj=7291307645
rapl_psys_sum_uj=0
pid=0 energy=34465235222302665 alive=1 kernel=1 cpu_ns=6890598017000000 mem=892076032 instructions=2449027460533 wakeups=199401 diski=7434240 disko=20078592 rx=72211924 tx=30562779 comm=*system*
psu_energy_ac_mcp_machine=15223202393
-------
timestamp=3407917259398422
iterations=1319
sample_ns=100000000
window_ns=1000000000
rapl_core_sum_uj=7293859524
rapl_psys_sum_uj=0
pid=0 energy=34465241527170610 alive=1 kernel=1 cpu_ns=6890598131000000 mem=973848576 instructions=2450174434122 wakeups=199613 diski=7434240 disko=20078592 rx=72211926 tx=30562779 comm=*system*
psu_energy_ac_mcp_machine=15231841309
-------
timestamp=3407917389742805
iterations=1320
sample_ns=100000000
window_ns=1000000000
rapl_core_sum_uj=7296513271
rapl_psys_sum_uj=0
pid=0 energy=34465249454886560 alive=1 kernel=1 cpu_ns=6890598245000000 mem=447016960 instructions=2451645977312 wakeups=199839 diski=7434240 disko=20078592 rx=72211926 tx=30562779 comm=*system*
psu_energy_ac_mcp_machine=15241755737
-------
timestamp=3407917520230544
iterations=1322
sample_ns=100000000
window_ns=1000000000
rapl_core_sum_uj=7301898096
rapl_psys_sum_uj=0
pid=0 energy=34465254787393905 alive=1 kernel=1 cpu_ns=6890598469000000 mem=973852672 instructions=2452488478781 wakeups=200067 diski=7434240 disko=20078592 rx=72211926 tx=30562779 comm=*system*
psu_energy_ac_mcp_machine=15254724121
-------
timestamp=3407917654162749
iterations=1323
sample_ns=100000000
window_ns=1000000000
rapl_core_sum_uj=7304665002
rapl_psys_sum_uj=0
pid=0 energy=34465259547187845 alive=1 kernel=1 cpu_ns=6890598584000000 mem=464719872 instructions=2453325437569 wakeups=200296 diski=7499776 disko=20078592 rx=72211926 tx=30562779 comm=*system*
psu_energy_ac_mcp_machine=15264325073
-------
timestamp=3407917783699427
iterations=1324
sample_ns=100000000
window_ns=1000000000
rapl_core_sum_uj=7307460045
rapl_psys_sum_uj=0
pid=0 energy=34465264617787495 alive=1 kernel=1 cpu_ns=6890598699000000 mem=606867456 instructions=2454224557499 wakeups=200510 diski=7499776 disko=20078592 rx=72211926 tx=30562779 comm=*system*
psu_energy_ac_mcp_machine=15273244263
-------
timestamp=3407917913806715
iterations=1325
sample_ns=100000000
window_ns=1000000000
rapl_core_sum_uj=7310299827
rapl_psys_sum_uj=0
pid=0 energy=34465269695431290 alive=1 kernel=1 cpu_ns=6890598815000000 mem=748875776 instructions=2455124086258 wakeups=200718 diski=7499776 disko=20078592 rx=72211926 tx=30562779 comm=*system*
psu_energy_ac_mcp_machine=15286489624
-------
timestamp=3407918046113699
iterations=1327
sample_ns=100000000
window_ns=1000000000
rapl_core_sum_uj=7315873923
rapl_psys_sum_uj=0
pid=0 energy=34465279771385365 alive=1 kernel=1 cpu_ns=6890599033000000 mem=973979648 instructions=2456921277073 wakeups=200945 diski=7499776 disko=20078592 rx=72211926 tx=30562779 comm=*system*
psu_energy_ac_mcp_machine=15295822754
-------
timestamp=3407918178842521
iterations=1328
sample_ns=100000000
window_ns=1000000000
rapl_core_sum_uj=7318806723
rapl_psys_sum_uj=0
pid=0 energy=34465284966409895 alive=1 kernel=1 cpu_ns=6890599146000000 mem=974049280 instructions=2457847281979 wakeups=201172 diski=7499776 disko=20078592 rx=72211926 tx=30562779 comm=*system*
psu_energy_ac_mcp_machine=15305617310
-------
timestamp=3407918308234147
iterations=1329
sample_ns=100000000
window_ns=1000000000
rapl_core_sum_uj=7321878134
rapl_psys_sum_uj=0
pid=0 energy=34465290150844700 alive=1 kernel=1 cpu_ns=6890599262000000 mem=973996032 instructions=2458768168940 wakeups=201373 diski=7499776 disko=20078592 rx=72211926 tx=30562779 comm=*system*
psu_energy_ac_mcp_machine=15316136353
-------
timestamp=3407918437370037
iterations=1331
sample_ns=100000000
window_ns=1000000000
rapl_core_sum_uj=7327790059
rapl_psys_sum_uj=0
pid=0 energy=34465300625269085 alive=1 kernel=1 cpu_ns=6890599489000000 mem=975060992 instructions=2460636053817 wakeups=201619 diski=7499776 disko=20107264 rx=72211926 tx=30562779 comm=*system*
psu_energy_ac_mcp_machine=15329483521
-------
timestamp=3407918569878529
iterations=1332
sample_ns=100000000
window_ns=1000000000
rapl_core_sum_uj=7330650715
rapl_psys_sum_uj=0
pid=0 energy=34465305688833590 alive=1 kernel=1 cpu_ns=6890599595000000 mem=973836288 instructions=2461542766718 wakeups=201797 diski=7499776 disko=20107264 rx=72211926 tx=30562779 comm=*system*
psu_energy_ac_mcp_machine=15339378906
-------
timestamp=3407918702504230
iterations=1333
sample_ns=100000000
window_ns=1000000000
rapl_core_sum_uj=7333747150
rapl_psys_sum_uj=0
pid=0 energy=34465310936650280 alive=1 kernel=1 cpu_ns=6890599708000000 mem=974118912 instructions=2462479330056 wakeups=202016 diski=7499776 disko=20107264 rx=72211926 tx=30562779 comm=*system*
psu_energy_ac_mcp_machine=15349668701
-------
timestamp=3407918831684238
iterations=1334
sample_ns=100000000
window_ns=1000000000
rapl_core_sum_uj=7336962726
rapl_psys_sum_uj=0
pid=0 energy=34465316191255390 alive=1 kernel=1 cpu_ns=6890599821000000 mem=973930496 instructions=2463417251078 wakeups=202231 diski=7499776 disko=20107264 rx=72211926 tx=30562779 comm=*system*
psu_energy_ac_mcp_machine=15359581299
-------
timestamp=3407918960679763
iterations=1336
sample_ns=100000000
window_ns=1000000000
rapl_core_sum_uj=7342704791
rapl_psys_sum_uj=0
pid=0 energy=34465326554134070 alive=1 kernel=1 cpu_ns=6890600043000000 mem=974528512 instructions=2465267826814 wakeups=202460 diski=7499776 disko=20107264 rx=72211926 tx=30562779 comm=*system*
psu_energy_ac_mcp_machine=15372957153
-------
timestamp=3407919094161568
iterations=1337
sample_ns=100000000
window_ns=1000000000
rapl_core_sum_uj=7345796954
rapl_psys_sum_uj=0
pid=0 energy=34465331772937535 alive=1 kernel=1 cpu_ns=6890600156000000 mem=974200832 instructions=2466198587507 wakeups=202668 diski=7499776 disko=20107264 rx=72211926 tx=30562779 comm=*system*
psu_energy_ac_mcp_machine=15383226196
-------
timestamp=3407919223285674
iterations=1338
sample_ns=100000000
window_ns=1000000000
rapl_core_sum_uj=7348837359
rapl_psys_sum_uj=0
pid=0 energy=34465339322074930 alive=1 kernel=1 cpu_ns=6890600271000000 mem=974258176 instructions=2467593414986 wakeups=202874 diski=7499776 disko=20107264 rx=72211928 tx=30562779 comm=*system*
psu_energy_ac_mcp_machine=15392803711
-------
timestamp=3407919352425922
iterations=1339
sample_ns=100000000
window_ns=1000000000
rapl_core_sum_uj=7351617815
rapl_psys_sum_uj=0
pid=0 energy=34465348275068090 alive=1 kernel=1 cpu_ns=6890600384000000 mem=974290944 instructions=2469271013618 wakeups=203076 diski=7499776 disko=20107264 rx=72211928 tx=30562779 comm=*system*
psu_energy_ac_mcp_machine=15402566772
-------
timestamp=3407919482496167
iterations=1341
sample_ns=100000000
window_ns=1000000000
rapl_core_sum_uj=7357228227
rapl_psys_sum_uj=0
pid=0 energy=34465361484579625 alive=1 kernel=1 cpu_ns=6890600607000000 mem=709754880 instructions=2471689915925 wakeups=203316 diski=7499776 disko=20107264 rx=72211928 tx=30562779 comm=*system*
psu_energy_ac_mcp_machine=15415440308
-------
timestamp=3407919616574665
iterations=1342
sample_ns=100000000
window_ns=1000000000
rapl_core_sum_uj=7360085160
rapl_psys_sum_uj=0
pid=0 energy=34465364424627450 alive=1 kernel=1 cpu_ns=6890600721000000 mem=973942784 instructions=2472163925490 wakeups=203534 diski=7499776 disko=20107264 rx=72211928 tx=30562779 comm=*system*
psu_energy_ac_mcp_machine=15425139160
-------
timestamp=3407919746409799
iterations=1343
sample_ns=100000000
window_ns=1000000000
rapl_core_sum_uj=7362743668
rapl_psys_sum_uj=0
pid=0 energy=34465371099272710 alive=1 kernel=1 cpu_ns=6890600837000000 mem=973877248 instructions=2473382854542 wakeups=203748 diski=7499776 disko=20107264 rx=72211928 tx=30562779 comm=*system*
psu_energy_ac_mcp_machine=15434265991
-------
timestamp=3407919875905042
iterations=1344
sample_ns=100000000
window_ns=1000000000
rapl_core_sum_uj=7365518814
rapl_psys_sum_uj=0
pid=0 energy=34465380179282050 alive=1 kernel=1 cpu_ns=6890600950000000 mem=974147584 instructions=2475085856410 wakeups=203965 diski=7499776 disko=20107264 rx=72211928 tx=30562779 comm=*system*
psu_energy_ac_mcp_machine=15447367554
-------
timestamp=3407920009751621
iterations=1346
sample_ns=100000000
window_ns=1000000000
rapl_core_sum_uj=7371120192
rapl_psys_sum_uj=0
pid=0 energy=34465386226159625 alive=1 kernel=1 cpu_ns=6890601168000000 mem=954920960 instructions=2476077231925 wakeups=204186 diski=7499776 disko=20107264 rx=72211928 tx=30562779 comm=*system*
psu_energy_ac_mcp_machine=15457155884
-------
timestamp=3407920142434337
iterations=1347
sample_ns=100000000
window_ns=1000000000
rapl_core_sum_uj=7373894056
rapl_psys_sum_uj=0
pid=0 energy=34465390207667845 alive=1 kernel=1 cpu_ns=6890601284000000 mem=509317120 instructions=2476757533569 wakeups=204410 diski=7499776 disko=20107264 rx=72211928 tx=30562779 comm=*system*
psu_energy_ac_mcp_machine=15466742554
-------
timestamp=3407920272621093
iterations=1348
sample_ns=100000000
window_ns=1000000000
rapl_core_sum_uj=7376682386
rapl_psys_sum_uj=0
pid=0 energy=34465392503645350 alive=1 kernel=1 cpu_ns=6890601398000000 mem=802181120 instructions=2477102729070 wakeups=204626 diski=7499776 disko=20107264 rx=72211928 tx=30562779 comm=*system*
psu_energy_ac_mcp_machine=15475758301
-------
timestamp=3407920402513126
iterations=1349
sample_ns=100000000
window_ns=1000000000
rapl_core_sum_uj=7379628980
rapl_psys_sum_uj=0
pid=0 energy=34465395749493205 alive=1 kernel=1 cpu_ns=6890601517000000 mem=974106624 instructions=2477632898641 wakeups=204842 diski=7499776 disko=20107264 rx=72211928 tx=30562779 comm=*system*
psu_energy_ac_mcp_machine=15488916016
-------
timestamp=3407920535221681
iterations=1351
sample_ns=100000000
window_ns=1000000000
rapl_core_sum_uj=7385059704
rapl_psys_sum_uj=0
pid=0 energy=34465407817329645 alive=1 kernel=1 cpu_ns=6890601736000000 mem=695857152 instructions=2479827465929 wakeups=205075 diski=7520256 disko=20107264 rx=72211928 tx=30562779 comm=*system*
psu_energy_ac_mcp_machine=15498354492
-------
timestamp=3407920664926530
iterations=1352
sample_ns=100000000
window_ns=1000000000
rapl_core_sum_uj=7387811962
rapl_psys_sum_uj=0
pid=0 energy=34465414084861085 alive=1 kernel=1 cpu_ns=6890601851000000 mem=841383936 instructions=2480965972217 wakeups=205290 diski=7520256 disko=20107264 rx=72211928 tx=30562779 comm=*system*
psu_energy_ac_mcp_machine=15507212036
-------
timestamp=3407920794935112
iterations=1353
sample_ns=100000000
window_ns=1000000000
rapl_core_sum_uj=7390684154
rapl_psys_sum_uj=0
pid=0 energy=34465420499159190 alive=1 kernel=1 cpu_ns=6890601964000000 mem=974077952 instructions=2482135831838 wakeups=205502 diski=7520256 disko=20107264 rx=72211928 tx=30562779 comm=*system*
psu_energy_ac_mcp_machine=15520543091
-------
timestamp=3407920927851239
iterations=1354
sample_ns=100000000
window_ns=1000000000
rapl_core_sum_uj=7393744945
rapl_psys_sum_uj=0
pid=0 energy=34465428290773550 alive=1 kernel=1 cpu_ns=6890602078000000 mem=974188544 instructions=2483580154710 wakeups=205717 diski=7520256 disko=20197376 rx=72211928 tx=30562779 comm=*system*
psu_energy_ac_mcp_machine=15530060059
-------
timestamp=3407921060161761
iterations=1356
sample_ns=100000000
window_ns=1000000000
rapl_core_sum_uj=7399262949
rapl_psys_sum_uj=0
pid=0 energy=34465443731410360 alive=1 kernel=1 cpu_ns=6890602296000000 mem=974192640 instructions=2486450282072 wakeups=205947 diski=7520256 disko=20197376 rx=72211928 tx=30562779 comm=*system*
psu_energy_ac_mcp_machine=15539656494
-------
timestamp=3407921189871784
iterations=1357
sample_ns=100000000
window_ns=1000000000
rapl_core_sum_uj=7402206003
rapl_psys_sum_uj=0
pid=0 energy=34465449752115890 alive=1 kernel=1 cpu_ns=6890602410000000 mem=543514624 instructions=2487540423178 wakeups=206146 diski=7520256 disko=20197376 rx=72211930 tx=30562779 comm=*system*
psu_energy_ac_mcp_machine=15548979858
-------
timestamp=3407921319998223
iterations=1358
sample_ns=100000000
window_ns=1000000000
rapl_core_sum_uj=7405213876
rapl_psys_sum_uj=0
pid=0 energy=34465455365612170 alive=1 kernel=1 cpu_ns=6890602524000000 mem=735506432 instructions=2488549122434 wakeups=206359 diski=7520256 disko=20197376 rx=72211930 tx=30562779 comm=*system*
psu_energy_ac_mcp_machine=15561771362
-------
timestamp=3407921452426993
iterations=1359
sample_ns=100000000
window_ns=1000000000
rapl_core_sum_uj=7408061410
rapl_psys_sum_uj=0
pid=0 energy=34465460947605940 alive=1 kernel=1 cpu_ns=6890602638000000 mem=926400512 instructions=2489551521188 wakeups=206573 diski=7520256 disko=20197376 rx=72211930 tx=30562779 comm=*system*
psu_energy_ac_mcp_machine=15571290405
-------
timestamp=3407921584656954
iterations=1361
sample_ns=100000000
window_ns=1000000000
rapl_core_sum_uj=7413462410
rapl_psys_sum_uj=0
pid=0 energy=34465474102509440 alive=1 kernel=1 cpu_ns=6890602856000000 mem=974213120 instructions=2491964501888 wakeups=206805 diski=7520256 disko=20197376 rx=72211930 tx=30562779 comm=*system*
psu_energy_ac_mcp_machine=15580932739
-------
timestamp=3407921713440026
iterations=1362
sample_ns=100000000
window_ns=1000000000
rapl_core_sum_uj=7416419685
rapl_psys_sum_uj=0
pid=0 energy=34465480937396740 alive=1 kernel=1 cpu_ns=6890602974000000 mem=974458880 instructions=2493213479348 wakeups=207028 diski=7520256 disko=20197376 rx=72211930 tx=30562779 comm=*system*
psu_energy_ac_mcp_machine=15590364746
-------
timestamp=3407921843984757
iterations=1363
sample_ns=100000000
window_ns=1000000000
rapl_core_sum_uj=7419282294
rapl_psys_sum_uj=0
pid=0 energy=34465485391060350 alive=1 kernel=1 cpu_ns=6890603089000000 mem=525582336 instructions=2493989212070 wakeups=207258 diski=7520256 disko=20197376 rx=72211930 tx=30562779 comm=*system*
psu_energy_ac_mcp_machine=15603177856
-------
timestamp=3407921977583806
iterations=1365
sample_ns=100000000
window_ns=1000000000
rapl_core_sum_uj=7424080389
rapl_psys_sum_uj=0
pid=0 energy=34465489670116005 alive=1 kernel=1 cpu_ns=6890603309000000 mem=974741504 instructions=2494625023201 wakeups=207481 diski=7520256 disko=20197376 rx=72211930 tx=30562779 comm=*system*
psu_energy_ac_mcp_machine=15611722778
-------
timestamp=3407922106924794
iterations=1366
sample_ns=100000000
window_ns=1000000000
rapl_core_sum_uj=7427179937
rapl_psys_sum_uj=0
pid=0 energy=34465495781195855 alive=1 kernel=1 cpu_ns=6890603421000000 mem=974221312 instructions=2495735239171 wakeups=207698 diski=7520256 disko=20197376 rx=72211930 tx=30562779 comm=*system*
psu_energy_ac_mcp_machine=15621704834
-------
timestamp=3407922237058045
iterations=1367
sample_ns=100000000
window_ns=1000000000
rapl_core_sum_uj=7429941411
rapl_psys_sum_uj=0
pid=0 energy=34465499171232240 alive=1 kernel=1 cpu_ns=6890603537000000 mem=599134208 instructions=2496297246448 wakeups=207905 diski=7520256 disko=20197376 rx=72211930 tx=30562779 comm=*system*
psu_energy_ac_mcp_machine=15634309082
-------
timestamp=3407922369779742
iterations=1368
sample_ns=100000000
window_ns=1000000000
rapl_core_sum_uj=7432682744
rapl_psys_sum_uj=0
pid=0 energy=34465501455299600 alive=1 kernel=1 cpu_ns=6890603650000000 mem=890646528 instructions=2496641059920 wakeups=208127 diski=7520256 disko=20197376 rx=72211930 tx=30562779 comm=*system*
psu_energy_ac_mcp_machine=15643076538
-------
timestamp=3407922502194466
iterations=1370
sample_ns=100000000
window_ns=1000000000
rapl_core_sum_uj=7438342411
rapl_psys_sum_uj=0
pid=0 energy=34465517034384255 alive=1 kernel=1 cpu_ns=6890603869000000 mem=974233600 instructions=2499537876851 wakeups=208345 diski=7520256 disko=20197376 rx=72211930 tx=30562779 comm=*system*
psu_energy_ac_mcp_machine=15653394165
-------
timestamp=3407922631966637
iterations=1371
sample_ns=100000000
window_ns=1000000000
rapl_core_sum_uj=7441255924
rapl_psys_sum_uj=0
pid=0 energy=34465525898980875 alive=1 kernel=1 cpu_ns=6890603984000000 mem=974233600 instructions=2501195796175 wakeups=208563 diski=7520256 disko=20197376 rx=72211930 tx=30562779 comm=*system*
psu_energy_ac_mcp_machine=15663031006
-------
timestamp=3407922761089293
iterations=1372
sample_ns=100000000
window_ns=1000000000
rapl_core_sum_uj=7444064761
rapl_psys_sum_uj=0
pid=0 energy=34465534686281900 alive=1 kernel=1 cpu_ns=6890604099000000 mem=974229504 instructions=2502838256380 wakeups=208780 diski=7520256 disko=20197376 rx=72211930 tx=30562779 comm=*system*
psu_energy_ac_mcp_machine=15675723877
-------
timestamp=3407922893821380
iterations=1373
sample_ns=100000000
window_ns=1000000000
rapl_core_sum_uj=7446758608
rapl_psys_sum_uj=0
pid=0 energy=34465543326811605 alive=1 kernel=1 cpu_ns=6890604212000000 mem=974233600 instructions=2504453362321 wakeups=208997 diski=7520256 disko=20197376 rx=72211930 tx=30562779 comm=*system*
psu_energy_ac_mcp_machine=15685216187
-------
timestamp=3407923026364961
iterations=1375
sample_ns=100000000
window_ns=1000000000
rapl_core_sum_uj=7452325623
rapl_psys_sum_uj=0
pid=0 energy=34465550311327780 alive=1 kernel=1 cpu_ns=6890604433000000 mem=883863552 instructions=2505629265556 wakeups=209225 diski=7520256 disko=20197376 rx=72211930 tx=30562779 comm=*system*
psu_energy_ac_mcp_machine=15694515625
-------
timestamp=3407923155723144
iterations=1376
sample_ns=100000000
window_ns=1000000000
rapl_core_sum_uj=7455052002
rapl_psys_sum_uj=0
pid=0 energy=34465557718961775 alive=1 kernel=1 cpu_ns=6890604548000000 mem=974184448 instructions=2506995792355 wakeups=209434 diski=7520256 disko=20197376 rx=72211930 tx=30562779 comm=*system*
psu_energy_ac_mcp_machine=15704173096
-------
timestamp=3407923285601503
iterations=1377
sample_ns=100000000
window_ns=1000000000
rapl_core_sum_uj=7457888366
rapl_psys_sum_uj=0
pid=0 energy=34465567516864360 alive=1 kernel=1 cpu_ns=6890604663000000 mem=974139392 instructions=2508840372872 wakeups=209644 diski=7520256 disko=20197376 rx=72211932 tx=30562779 comm=*system*
psu_energy_ac_mcp_machine=15717138794
-------
timestamp=3407923418329094
iterations=1378
sample_ns=100000000
window_ns=1000000000
rapl_core_sum_uj=7460927062
rapl_psys_sum_uj=0
pid=0 energy=34465577343532755 alive=1 kernel=1 cpu_ns=6890604778000000 mem=974266368 instructions=2510690706551 wakeups=209867 diski=7520256 disko=20197376 rx=72211932 tx=30562779 comm=*system*
psu_energy_ac_mcp_machine=15726704468
-------
timestamp=3407923547291898
iterations=1380
sample_ns=100000000
window_ns=1000000000
rapl_core_sum_uj=7466476804
rapl_psys_sum_uj=0
pid=0 energy=34465596756970760 alive=1 kernel=1 cpu_ns=6890604995000000 mem=974303232 instructions=2514356394152 wakeups=210096 diski=7520256 disko=20230144 rx=72211932 tx=30562779 comm=*system*
psu_energy_ac_mcp_machine=15736326538
-------
timestamp=3407923676696295
iterations=1381
sample_ns=100000000
window_ns=1000000000
rapl_core_sum_uj=7469122616
rapl_psys_sum_uj=0
pid=0 energy=34465606343829985 alive=1 kernel=1 cpu_ns=6890605109000000 mem=873435136 instructions=2516159765997 wakeups=210307 diski=7520256 disko=20230144 rx=72211932 tx=30562779 comm=*system*
psu_energy_ac_mcp_machine=15749049683
-------
timestamp=3407923810938001
iterations=1382
sample_ns=100000000
window_ns=1000000000
rapl_core_sum_uj=7471909298
rapl_psys_sum_uj=0
pid=0 energy=34465609698193870 alive=1 kernel=1 cpu_ns=6890605225000000 mem=676446208 instructions=2516714638774 wakeups=210534 diski=7520256 disko=20230144 rx=72211932 tx=30562779 comm=*system*
psu_energy_ac_mcp_machine=15758395874
-------
timestamp=3407923943497898
iterations=1383
sample_ns=100000000
window_ns=1000000000
rapl_core_sum_uj=7474609981
rapl_psys_sum_uj=0
pid=0 energy=34465612675643570 alive=1 kernel=1 cpu_ns=6890605339000000 mem=961425408 instructions=2517196128714 wakeups=210737 diski=7520256 disko=20258816 rx=72211932 tx=30562779 comm=*system*
psu_energy_ac_mcp_machine=15768064575
-------
timestamp=3407924073155223
iterations=1385
sample_ns=100000000
window_ns=1000000000
rapl_core_sum_uj=7479915278
rapl_psys_sum_uj=0
pid=0 energy=34465624885060980 alive=1 kernel=1 cpu_ns=6890605559000000 mem=574672896 instructions=2519418012196 wakeups=210965 diski=7520256 disko=20258816 rx=72211932 tx=30562779 comm=*system*
psu_energy_ac_mcp_machine=15777648315
-------
timestamp=3407924203143324
iterations=1386
sample_ns=100000000
window_ns=1000000000
rapl_core_sum_uj=7482898188
rapl_psys_sum_uj=0
pid=0 energy=34465629892718090 alive=1 kernel=1 cpu_ns=6890605674000000 mem=734621696 instructions=2520304543618 wakeups=211167 diski=7520256 disko=20258816 rx=72211932 tx=30562779 comm=*system*
psu_energy_ac_mcp_machine=15790345093
-------
timestamp=3407924336123612
iterations=1387
sample_ns=100000000
window_ns=1000000000
rapl_core_sum_uj=7485759088
rapl_psys_sum_uj=0
pid=0 energy=34465634936079955 alive=1 kernel=1 cpu_ns=6890605787000000 mem=896151552 instructions=2521200215991 wakeups=211391 diski=7520256 disko=20258816 rx=72211932 tx=30562779 comm=*system*
psu_energy_ac_mcp_machine=15798989990
-------
timestamp=3407924466442388
iterations=1388
sample_ns=100000000
window_ns=1000000000
rapl_core_sum_uj=7488549310
rapl_psys_sum_uj=0
pid=0 energy=34465642354367360 alive=1 kernel=1 cpu_ns=6890605902000000 mem=974450688 instructions=2522568873472 wakeups=211600 diski=7520256 disko=20258816 rx=72211932 tx=30562779 comm=*system*
psu_energy_ac_mcp_machine=15809027344
-------
timestamp=3407924596362424
iterations=1390
sample_ns=100000000
window_ns=1000000000
rapl_core_sum_uj=7494230156
rapl_psys_sum_uj=0
pid=0 energy=34465658789480505 alive=1 kernel=1 cpu_ns=6890606122000000 mem=526016512 instructions=2525635896101 wakeups=211834 diski=7520256 disko=20258816 rx=72211933 tx=30562779 comm=*system*
psu_energy_ac_mcp_machine=15818879517
-------
timestamp=3407924726362851
iterations=1391
sample_ns=100000000
window_ns=1000000000
rapl_core_sum_uj=7496901664
rapl_psys_sum_uj=0
pid=0 energy=34465661844371760 alive=1 kernel=1 cpu_ns=6890606235000000 mem=813248512 instructions=2526133874352 wakeups=212045 diski=7520256 disko=20258816 rx=72211933 tx=30562779 comm=*system*
psu_energy_ac_mcp_machine=15831108032
-------
timestamp=3407924860338296
iterations=1392
sample_ns=100000000
window_ns=1000000000
rapl_core_sum_uj=7499552481
rapl_psys_sum_uj=0
pid=0 energy=34465665500065490 alive=1 kernel=1 cpu_ns=6890606349000000 mem=971169792 instructions=2526751013098 wakeups=212263 diski=7520256 disko=20258816 rx=72211933 tx=30562779 comm=*system*
psu_energy_ac_mcp_machine=15840323120
-------
timestamp=3407924989677972
iterations=1393
sample_ns=100000000
window_ns=1000000000
rapl_core_sum_uj=7502123342
rapl_psys_sum_uj=0
pid=0 energy=34465668444664195 alive=1 kernel=1 cpu_ns=6890606466000000 mem=437424128 instructions=2527222932839 wakeups=212473 diski=7520256 disko=20258816 rx=72211933 tx=30562779 comm=*system*
psu_energy_ac_mcp_machine=15849620728
-------
timestamp=3407925119551447
iterations=1395
sample_ns=100000000
window_ns=1000000000
rapl_core_sum_uj=7507682240
rapl_psys_sum_uj=0
pid=0 energy=34465677247026145 alive=1 kernel=1 cpu_ns=6890606688000000 mem=701939712 instructions=2528761405229 wakeups=212709 diski=7520256 disko=20258816 rx=72211933 tx=30562779 comm=*system*
psu_energy_ac_mcp_machine=15862331299
-------
timestamp=3407925252143069
iterations=1396
sample_ns=100000000
window_ns=1000000000
rapl_core_sum_uj=7510397144
rapl_psys_sum_uj=0
pid=0 energy=34465682210283285 alive=1 kernel=1 cpu_ns=6890606803000000 mem=863916032 instructions=2529639056657 wakeups=212916 diski=7520256 disko=20258816 rx=72211935 tx=30562779 comm=*system*
psu_energy_ac_mcp_machine=15871377930
-------
timestamp=3407925384612037
iterations=1397
sample_ns=100000000
window_ns=1000000000
rapl_core_sum_uj=7513254077
rapl_psys_sum_uj=0
pid=0 energy=34465687031091200 alive=1 kernel=1 cpu_ns=6890606918000000 mem=974295040 instructions=2530488218240 wakeups=213128 diski=7520256 disko=20258816 rx=72211935 tx=30562779 comm=*system*
psu_energy_ac_mcp_machine=15881234741
-------
timestamp=3407925513723832
iterations=1399
sample_ns=100000000
window_ns=1000000000
rapl_core_sum_uj=7519226794
rapl_psys_sum_uj=0
pid=0 energy=34465699718715205 alive=1 kernel=1 cpu_ns=6890607141000000 mem=974536704 instructions=2532802743041 wakeups=213362 diski=7520256 disko=20258816 rx=72211935 tx=30562779 comm=*system*
psu_energy_ac_mcp_machine=15891351196
-------
timestamp=3407925643156802
iterations=1400
sample_ns=100000000
window_ns=1000000000
rapl_core_sum_uj=7522038561
rapl_psys_sum_uj=0
pid=0 energy=34465709128172310 alive=1 kernel=1 cpu_ns=6890607254000000 mem=974307328 instructions=2534571634462 wakeups=213572 diski=7520256 disko=20258816 rx=72211935 tx=30562779 comm=*system*
psu_energy_ac_mcp_machine=15904051636
-------
timestamp=3407925776698432
iterations=1401
sample_ns=100000000
window_ns=1000000000
rapl_core_sum_uj=7524907884
rapl_psys_sum_uj=0
pid=0 energy=34465715885122220 alive=1 kernel=1 cpu_ns=6890607370000000 mem=634363904 instructions=2535807024444 wakeups=213799 diski=7520256 disko=20258816 rx=72211936 tx=30562780 comm=*system*
psu_energy_ac_mcp_machine=15913429199
-------
timestamp=3407925909045399
iterations=1402
sample_ns=100000000
window_ns=1000000000
rapl_core_sum_uj=7527735398
rapl_psys_sum_uj=0
pid=0 energy=34465719389626465 alive=1 kernel=1 cpu_ns=6890607488000000 mem=993894400 instructions=2536389925293 wakeups=214010 diski=7520256 disko=20258816 rx=72211936 tx=30562780 comm=*system*
psu_energy_ac_mcp_machine=15922890137
-------
timestamp=3407926038817328
iterations=1404
sample_ns=100000000
window_ns=1000000000
rapl_core_sum_uj=7532720810
rapl_psys_sum_uj=0
pid=0 energy=34465725290931075 alive=1 kernel=1 cpu_ns=6890607706000000 mem=1041436672 instructions=2537352186215 wakeups=214238 diski=7520256 disko=20283392 rx=72211936 tx=30562780 comm=*system*
psu_energy_ac_mcp_machine=15935558105
-------
timestamp=3407926172737535
iterations=1405
sample_ns=100000000
window_ns=1000000000
rapl_core_sum_uj=7535183944
rapl_psys_sum_uj=0
pid=0 energy=34465728585557050 alive=1 kernel=1 cpu_ns=6890607821000000 mem=1041432576 instructions=2537896111410 wakeups=214447 diski=7520256 disko=20283392 rx=72211936 tx=30562780 comm=*system*
psu_energy_ac_mcp_machine=15944171143
-------
timestamp=3407926306297315
iterations=1406
sample_ns=100000000
window_ns=1000000000
rapl_core_sum_uj=7537818160
rapl_psys_sum_uj=0
pid=0 energy=34465731868992280 alive=1 kernel=1 cpu_ns=6890607939000000 mem=1041432576 instructions=2538434798456 wakeups=214664 diski=7520256 disko=20283392 rx=72211936 tx=30562780 comm=*system*
psu_energy_ac_mcp_machine=15953852051
-------
timestamp=3407926435691709
iterations=1407
sample_ns=100000000
window_ns=1000000000
rapl_core_sum_uj=7540398726
rapl_psys_sum_uj=0
pid=0 energy=34465735188978655 alive=1 kernel=1 cpu_ns=6890608053000000 mem=1041657856 instructions=2538984795731 wakeups=214871 diski=7520256 disko=20283392 rx=72211936 tx=30562780 comm=*system*
psu_energy_ac_mcp_machine=15963178345
-------
timestamp=3407926565653484
iterations=1409
sample_ns=100000000
window_ns=1000000000
rapl_core_sum_uj=7545057599
rapl_psys_sum_uj=0
pid=0 energy=34465741589562875 alive=1 kernel=1 cpu_ns=6890608272000000 mem=1041444864 instructions=2540045912575 wakeups=215092 diski=7520256 disko=20283392 rx=72211936 tx=30562780 comm=*system*
psu_energy_ac_mcp_machine=15974740112
-------
timestamp=3407926697999202
iterations=1410
sample_ns=100000000
window_ns=1000000000
rapl_core_sum_uj=7547666668
rapl_psys_sum_uj=0
pid=0 energy=34465744911725605 alive=1 kernel=1 cpu_ns=6890608390000000 mem=1041444864 instructions=2540592345121 wakeups=215316 diski=7520256 disko=20283392 rx=72211936 tx=30562780 comm=*system*
psu_energy_ac_mcp_machine=15984177856
-------
timestamp=3407926829307206
iterations=1411
sample_ns=100000000
window_ns=1000000000
rapl_core_sum_uj=7550313457
rapl_psys_sum_uj=0
pid=0 energy=34465748223668780 alive=1 kernel=1 cpu_ns=6890608508000000 mem=1041440768 instructions=2541136733756 wakeups=215535 diski=7520256 disko=20283392 rx=72211936 tx=30562780 comm=*system*
psu_energy_ac_mcp_machine=15993627563
-------
timestamp=3407926958884657
iterations=1412
sample_ns=100000000
window_ns=1000000000
rapl_core_sum_uj=7552798076
rapl_psys_sum_uj=0
pid=0 energy=34465751531905070 alive=1 kernel=1 cpu_ns=6890608621000000 mem=1041346560 instructions=2541685381014 wakeups=215736 diski=7520256 disko=20283392 rx=72211936 tx=30562780 comm=*system*
psu_energy_ac_mcp_machine=16002044067
-------
timestamp=3407927088880679
iterations=1414
sample_ns=100000000
window_ns=1000000000
rapl_core_sum_uj=7557595987
rapl_psys_sum_uj=0
pid=0 energy=34465757947885375 alive=1 kernel=1 cpu_ns=6890608840000000 mem=1041526784 instructions=2542749577075 wakeups=215972 diski=7520256 disko=20283392 rx=72211939 tx=30562781 comm=*system*
psu_energy_ac_mcp_machine=16014462158
-------
timestamp=3407927222372801
iterations=1415
sample_ns=100000000
window_ns=1000000000
rapl_core_sum_uj=7560195169
rapl_psys_sum_uj=0
pid=0 energy=34465761231490880 alive=1 kernel=1 cpu_ns=6890608956000000 mem=1041301504 instructions=2543290298176 wakeups=216183 diski=7520256 disko=20283392 rx=72211941 tx=30562781 comm=*system*
psu_energy_ac_mcp_machine=16023867065
-------
timestamp=3407927352077505
iterations=1416
sample_ns=100000000
window_ns=1000000000
rapl_core_sum_uj=7562641580
rapl_psys_sum_uj=0
pid=0 energy=34465764542371270 alive=1 kernel=1 cpu_ns=6890609071000000 mem=1041793024 instructions=2543837474254 wakeups=216400 diski=7520256 disko=20283392 rx=72211941 tx=30562781 comm=*system*
psu_energy_ac_mcp_machine=16032395874
-------
timestamp=3407927482210559
iterations=1417
sample_ns=100000000
window_ns=1000000000
rapl_core_sum_uj=7565035989
rapl_psys_sum_uj=0
pid=0 energy=34465767834556480 alive=1 kernel=1 cpu_ns=6890609185000000 mem=1041567744 instructions=2544381911296 wakeups=216601 diski=7520256 disko=20283392 rx=72211941 tx=30562781 comm=*system*
psu_energy_ac_mcp_machine=16045047852
-------
timestamp=3407927615562840
iterations=1419
sample_ns=100000000
window_ns=1000000000
rapl_core_sum_uj=7570060890
rapl_psys_sum_uj=0
pid=0 energy=34465774247812585 alive=1 kernel=1 cpu_ns=6890609403000000 mem=1041567744 instructions=2545446562517 wakeups=216921 diski=7520256 disko=23224320 rx=72211941 tx=30562782 comm=*system*
psu_energy_ac_mcp_machine=16054624268
-------
timestamp=3407927748102456
iterations=1420
sample_ns=100000000
window_ns=1000000000
rapl_core_sum_uj=7572464149
rapl_psys_sum_uj=0
pid=0 energy=34465777568658995 alive=1 kernel=1 cpu_ns=6890609519000000 mem=1041833984 instructions=2545994731799 wakeups=217149 diski=7520256 disko=23224320 rx=72211941 tx=30562782 comm=*system*
psu_energy_ac_mcp_machine=16063439087
-------
timestamp=3407927878263937
iterations=1421
sample_ns=100000000
window_ns=1000000000
rapl_core_sum_uj=7574948951
rapl_psys_sum_uj=0
pid=0 energy=34465781322912945 alive=1 kernel=1 cpu_ns=6890609632000000 mem=1041608704 instructions=2546632582589 wakeups=217350 diski=7520256 disko=23224320 rx=72211941 tx=30562782 comm=*system*
psu_energy_ac_mcp_machine=16072699829
-------
timestamp=3407928008262329
iterations=1423
sample_ns=100000000
window_ns=1000000000
rapl_core_sum_uj=7580352148
rapl_psys_sum_uj=0
pid=0 energy=34465791136752695 alive=1 kernel=1 cpu_ns=6890609853000000 mem=576299008 instructions=2548374350539 wakeups=217586 diski=7520256 disko=23224320 rx=72211941 tx=30562782 comm=*system*
psu_energy_ac_mcp_machine=16085502930
-------
timestamp=3407928141279398
iterations=1424
sample_ns=100000000
window_ns=1000000000
rapl_core_sum_uj=7582983739
rapl_psys_sum_uj=0
pid=0 energy=34465795873552440 alive=1 kernel=1 cpu_ns=6890609963000000 mem=718450688 instructions=2549211710488 wakeups=217786 diski=7520256 disko=23224320 rx=72211943 tx=30562782 comm=*system*
psu_energy_ac_mcp_machine=16094716675
-------
timestamp=3407928270789550
iterations=1425
sample_ns=100000000
window_ns=1000000000
rapl_core_sum_uj=7585648961
rapl_psys_sum_uj=0
pid=0 energy=34465800695719850 alive=1 kernel=1 cpu_ns=6890610077000000 mem=861278208 instructions=2550062143970 wakeups=218008 diski=7520256 disko=23224320 rx=72211943 tx=30562782 comm=*system*
psu_energy_ac_mcp_machine=16103170654
-------
timestamp=3407928400789355
iterations=1426
sample_ns=100000000
window_ns=1000000000
rapl_core_sum_uj=7588402440
rapl_psys_sum_uj=0
pid=0 energy=34465805837568190 alive=1 kernel=1 cpu_ns=6890610191000000 mem=974368768 instructions=2550976513638 wakeups=218214 diski=7520256 disko=23224320 rx=72211943 tx=30562782 comm=*system*
psu_energy_ac_mcp_machine=16115968994
-------
timestamp=3407928534090252
iterations=1428
sample_ns=100000000
window_ns=1000000000
rapl_core_sum_uj=7593638706
rapl_psys_sum_uj=0
pid=0 energy=34465818715215680 alive=1 kernel=1 cpu_ns=6890610411000000 mem=974331904 instructions=2553332043136 wakeups=218433 diski=7520256 disko=23224320 rx=72211943 tx=30562782 comm=*system*
psu_energy_ac_mcp_machine=16125590576
-------
timestamp=3407928667428099
iterations=1429
sample_ns=100000000
window_ns=1000000000
rapl_core_sum_uj=7596409763
rapl_psys_sum_uj=0
pid=0 energy=34465825200719105 alive=1 kernel=1 cpu_ns=6890610526000000 mem=974336000 instructions=2554514143821 wakeups=218655 diski=7520256 disko=23261184 rx=72211943 tx=30562782 comm=*system*
psu_energy_ac_mcp_machine=16134829834
-------
timestamp=3407928796819609
iterations=1430
sample_ns=100000000
window_ns=1000000000
rapl_core_sum_uj=7599291476
rapl_psys_sum_uj=0
pid=0 energy=34465831671519420 alive=1 kernel=1 cpu_ns=6890610642000000 mem=974295040 instructions=2555692303884 wakeups=218873 diski=7520256 disko=23261184 rx=72211943 tx=30562782 comm=*system*
psu_energy_ac_mcp_machine=16143937744
-------
timestamp=3407928925948435
iterations=1431
sample_ns=100000000
window_ns=1000000000
rapl_core_sum_uj=7602238680
rapl_psys_sum_uj=0
pid=0 energy=34465838156709925 alive=1 kernel=1 cpu_ns=6890610756000000 mem=974286848 instructions=2556875341985 wakeups=219075 diski=7520256 disko=23261184 rx=72211943 tx=30562782 comm=*system*
psu_energy_ac_mcp_machine=16157185181
-------
timestamp=3407929058122754
iterations=1433
sample_ns=100000000
window_ns=1000000000
rapl_core_sum_uj=7607598237
rapl_psys_sum_uj=0
pid=0 energy=34465850912577135 alive=1 kernel=1 cpu_ns=6890610974000000 mem=974651392 instructions=2559208515427 wakeups=219301 diski=7520256 disko=23261184 rx=72211943 tx=30562782 comm=*system*
psu_energy_ac_mcp_machine=16166671875
-------
timestamp=3407929190937274
iterations=1434
sample_ns=100000000
window_ns=1000000000
rapl_core_sum_uj=7610478058
rapl_psys_sum_uj=0
pid=0 energy=34465857622029460 alive=1 kernel=1 cpu_ns=6890611089000000 mem=974393344 instructions=2560435405892 wakeups=219520 diski=7520256 disko=23261184 rx=72211947 tx=30562782 comm=*system*
psu_energy_ac_mcp_machine=16176495361
-------
timestamp=3407929320643752
iterations=1435
sample_ns=100000000
window_ns=1000000000
rapl_core_sum_uj=7613385467
rapl_psys_sum_uj=0
pid=0 energy=34465864315135495 alive=1 kernel=1 cpu_ns=6890611201000000 mem=974647296 instructions=2561662027099 wakeups=219726 diski=7520256 disko=23261184 rx=72211947 tx=30562782 comm=*system*
psu_energy_ac_mcp_machine=16185864746
-------
timestamp=3407929449225179
iterations=1436
sample_ns=100000000
window_ns=1000000000
rapl_core_sum_uj=7616036529
rapl_psys_sum_uj=0
pid=0 energy=34465870674769415 alive=1 kernel=1 cpu_ns=6890611316000000 mem=974516224 instructions=2562818953883 wakeups=219938 diski=7520256 disko=23261184 rx=72211947 tx=30562782 comm=*system*
psu_energy_ac_mcp_machine=16198125244
-------
timestamp=3407929582852724
iterations=1438
sample_ns=100000000
window_ns=1000000000
rapl_core_sum_uj=7621311248
rapl_psys_sum_uj=0
pid=0 energy=34465882058010410 alive=1 kernel=1 cpu_ns=6890611535000000 mem=512528384 instructions=2564876602082 wakeups=220161 diski=7520256 disko=23261184 rx=72211947 tx=30562782 comm=*system*
psu_energy_ac_mcp_machine=16207056396
-------
timestamp=3407929712553331
iterations=1439
sample_ns=100000000
window_ns=1000000000
rapl_core_sum_uj=7624236846
rapl_psys_sum_uj=0
pid=0 energy=34465884803775800 alive=1 kernel=1 cpu_ns=6890611650000000 mem=836227072 instructions=2565310755160 wakeups=220389 diski=7520256 disko=23261184 rx=72211947 tx=30562782 comm=*system*
psu_energy_ac_mcp_machine=16217087524
-------
timestamp=3407929842394907
iterations=1440
sample_ns=100000000
window_ns=1000000000
rapl_core_sum_uj=7627040312
rapl_psys_sum_uj=0
pid=0 energy=34465892289065120 alive=1 kernel=1 cpu_ns=6890611766000000 mem=974422016 instructions=2566691813024 wakeups=220604 diski=7520256 disko=23261184 rx=72211948 tx=30562782 comm=*system*
psu_energy_ac_mcp_machine=16230219238
-------
timestamp=3407929975551735
iterations=1441
sample_ns=100000000
window_ns=1000000000
rapl_core_sum_uj=7629877409
rapl_psys_sum_uj=0
pid=0 energy=34465899861476885 alive=1 kernel=1 cpu_ns=6890611880000000 mem=974565376 instructions=2568092295377 wakeups=220817 diski=7520256 disko=23261184 rx=72211948 tx=30562782 comm=*system*
psu_energy_ac_mcp_machine=16240347168
-------
timestamp=3407930108129596
iterations=1443
sample_ns=100000000
window_ns=1000000000
rapl_core_sum_uj=7635971830
rapl_psys_sum_uj=0
pid=0 energy=34465917018443085 alive=1 kernel=1 cpu_ns=6890612100000000 mem=974479360 instructions=2571303688617 wakeups=221044 diski=7520256 disko=23261184 rx=72211948 tx=30562782 comm=*system*
psu_energy_ac_mcp_machine=16250461060
-------
timestamp=3407930237538574
iterations=1444
sample_ns=100000000
window_ns=1000000000
rapl_core_sum_uj=7638859647
rapl_psys_sum_uj=0
pid=0 energy=34465926835435210 alive=1 kernel=1 cpu_ns=6890612213000000 mem=974479360 instructions=2573154087042 wakeups=221254 diski=7520256 disko=23261184 rx=72211948 tx=30562782 comm=*system*
psu_energy_ac_mcp_machine=16260482666
-------
timestamp=3407930367476022
iterations=1445
sample_ns=100000000
window_ns=1000000000
rapl_core_sum_uj=7641690518
rapl_psys_sum_uj=0
pid=0 energy=34465935022104945 alive=1 kernel=1 cpu_ns=6890612328000000 mem=974479360 instructions=2574676420989 wakeups=221458 diski=7520256 disko=23261184 rx=72211948 tx=30562782 comm=*system*
psu_energy_ac_mcp_machine=16273921509
-------
timestamp=3407930500673714
iterations=1446
sample_ns=100000000
window_ns=1000000000
rapl_core_sum_uj=7644549465
rapl_psys_sum_uj=0
pid=0 energy=34465941663372475 alive=1 kernel=1 cpu_ns=6890612441000000 mem=974348288 instructions=2575891674495 wakeups=221670 diski=7520256 disko=23261184 rx=72211948 tx=30562782 comm=*system*
psu_energy_ac_mcp_machine=16283532104
-------
timestamp=3407930631750184
iterations=1448
sample_ns=100000000
window_ns=1000000000
rapl_core_sum_uj=7650229761
rapl_psys_sum_uj=0
pid=0 energy=34465959692037200 alive=1 kernel=1 cpu_ns=6890612663000000 mem=974483456 instructions=2579275407440 wakeups=221901 diski=7520256 disko=23261184 rx=72211948 tx=30562782 comm=*system*
psu_energy_ac_mcp_machine=16293931763
-------
timestamp=3407930761408123
iterations=1449
sample_ns=100000000
window_ns=1000000000
rapl_core_sum_uj=7653087854
rapl_psys_sum_uj=0
pid=0 energy=34465968524434800 alive=1 kernel=1 cpu_ns=6890612779000000 mem=974487552 instructions=2580925886960 wakeups=222121 diski=7520256 disko=23261184 rx=72211948 tx=30562782 comm=*system*
psu_energy_ac_mcp_machine=16304027832
-------
timestamp=3407930891472654
iterations=1450
sample_ns=100000000
window_ns=1000000000
rapl_core_sum_uj=7656032617
rapl_psys_sum_uj=0
pid=0 energy=34465978100767290 alive=1 kernel=1 cpu_ns=6890612894000000 mem=974487552 instructions=2582726153458 wakeups=222337 diski=7520256 disko=23261184 rx=72211948 tx=30562782 comm=*system*
psu_energy_ac_mcp_machine=16317514160
-------
timestamp=3407931024682636
iterations=1452
sample_ns=100000000
window_ns=1000000000
rapl_core_sum_uj=7661961877
rapl_psys_sum_uj=0
pid=0 energy=34465995195651910 alive=1 kernel=1 cpu_ns=6890613117000000 mem=975073280 instructions=2585922130382 wakeups=222574 diski=7520256 disko=23281664 rx=72211948 tx=30562782 comm=*system*
psu_energy_ac_mcp_machine=16327630981
-------
timestamp=3407931154400254
iterations=1453
sample_ns=100000000
window_ns=1000000000
rapl_core_sum_uj=7664770104
rapl_psys_sum_uj=0
pid=0 energy=34466003365092075 alive=1 kernel=1 cpu_ns=6890613230000000 mem=974397440 instructions=2587443018415 wakeups=222779 diski=7520256 disko=23281664 rx=72211948 tx=30562782 comm=*system*
psu_energy_ac_mcp_machine=16337458008
-------
timestamp=3407931284524403
iterations=1454
sample_ns=100000000
window_ns=1000000000
rapl_core_sum_uj=7667742516
rapl_psys_sum_uj=0
pid=0 energy=34466009976472530 alive=1 kernel=1 cpu_ns=6890613343000000 mem=974622720 instructions=2588652294506 wakeups=222989 diski=7520256 disko=23281664 rx=72211950 tx=30562782 comm=*system*
psu_energy_ac_mcp_machine=16351385864
-------
timestamp=3407931416684548
iterations=1455
sample_ns=100000000
window_ns=1000000000
rapl_core_sum_uj=7670943443
rapl_psys_sum_uj=0
pid=0 energy=34466021576561145 alive=1 kernel=1 cpu_ns=6890613456000000 mem=974667776 instructions=2590859312229 wakeups=223199 diski=7520256 disko=23281664 rx=72211950 tx=30562782 comm=*system*
psu_energy_ac_mcp_machine=16361493286
-------
timestamp=3407931549747870
iterations=1457
sample_ns=100000000
window_ns=1000000000
rapl_core_sum_uj=7676465415
rapl_psys_sum_uj=0
pid=0 energy=34466036050922610 alive=1 kernel=1 cpu_ns=6890613678000000 mem=974487552 instructions=2593532184522 wakeups=223413 diski=7520256 disko=23281664 rx=72211950 tx=30562782 comm=*system*
psu_energy_ac_mcp_machine=16371483887
-------
timestamp=3407931680128270
iterations=1458
sample_ns=100000000
window_ns=1000000000
rapl_core_sum_uj=7679382285
rapl_psys_sum_uj=0
pid=0 energy=34466047746533040 alive=1 kernel=1 cpu_ns=6890613796000000 mem=974876672 instructions=2595753306608 wakeups=223643 diski=7520256 disko=23281664 rx=72211950 tx=30562782 comm=*system*
psu_energy_ac_mcp_machine=16381222412
-------
timestamp=3407931810197410
iterations=1459
sample_ns=100000000
window_ns=1000000000
rapl_core_sum_uj=7682407187
rapl_psys_sum_uj=0
pid=0 energy=34466054420812255 alive=1 kernel=1 cpu_ns=6890613912000000 mem=974426112 instructions=2596972162451 wakeups=223856 diski=7520256 disko=23281664 rx=72211950 tx=30562782 comm=*system*
psu_energy_ac_mcp_machine=16395075073
-------
timestamp=3407931944266021
iterations=1460
sample_ns=100000000
window_ns=1000000000
rapl_core_sum_uj=7685350119
rapl_psys_sum_uj=0
pid=0 energy=34466062518979705 alive=1 kernel=1 cpu_ns=6890614027000000 mem=974651392 instructions=2598476795941 wakeups=224070 diski=7520256 disko=23281664 rx=72211950 tx=30562782 comm=*system*
psu_energy_ac_mcp_machine=16404931396
-------
timestamp=3407932073879003
iterations=1462
sample_ns=100000000
window_ns=1000000000
rapl_core_sum_uj=7690878072
rapl_psys_sum_uj=0
pid=0 energy=34466080258671680 alive=1 kernel=1 cpu_ns=6890614247000000 mem=974499840 instructions=2601804734336 wakeups=224290 diski=7520256 disko=23281664 rx=72211950 tx=30562782 comm=*system*
psu_energy_ac_mcp_machine=16415004395
-------
timestamp=3407932203421342
iterations=1463
sample_ns=100000000
window_ns=1000000000
rapl_core_sum_uj=7694006428
rapl_psys_sum_uj=0
pid=0 energy=34466088589249110 alive=1 kernel=1 cpu_ns=6890614361000000 mem=974417920 instructions=2603356849822 wakeups=224500 diski=7520256 disko=23281664 rx=72211950 tx=30562782 comm=*system*
psu_energy_ac_mcp_machine=16428944946
-------
timestamp=3407932337610244
iterations=1464
sample_ns=100000000
window_ns=1000000000
rapl_core_sum_uj=7696946613
rapl_psys_sum_uj=0
pid=0 energy=34466099524149360 alive=1 kernel=1 cpu_ns=6890614479000000 mem=974426112 instructions=2605425829872 wakeups=224713 diski=7520256 disko=23281664 rx=72211950 tx=30562782 comm=*system*
psu_energy_ac_mcp_machine=16438813110
-------
timestamp=3407932470733068
iterations=1465
sample_ns=100000000
window_ns=1000000000
rapl_core_sum_uj=7699791583
rapl_psys_sum_uj=0
pid=0 energy=34466106553151870 alive=1 kernel=1 cpu_ns=6890614596000000 mem=974176256 instructions=2606714630374 wakeups=224927 diski=7520256 disko=23281664 rx=72211950 tx=30562782 comm=*system*
psu_energy_ac_mcp_machine=16448550781
-------
timestamp=3407932600884236
iterations=1467
sample_ns=100000000
window_ns=1000000000
rapl_core_sum_uj=7705749102
rapl_psys_sum_uj=0
pid=0 energy=34466125857987100 alive=1 kernel=1 cpu_ns=6890614822000000 mem=974385152 instructions=2610349597420 wakeups=225146 diski=7520256 disko=23281664 rx=72211950 tx=30562782 comm=*system*
psu_energy_ac_mcp_machine=16459400513
-------
timestamp=3407932730474583
iterations=1468
sample_ns=100000000
window_ns=1000000000
rapl_core_sum_uj=7708625322
rapl_psys_sum_uj=0
pid=0 energy=34466132729899850 alive=1 kernel=1 cpu_ns=6890614935000000 mem=974385152 instructions=2611610979970 wakeups=225362 diski=7520256 disko=23281664 rx=72211950 tx=30562782 comm=*system*
psu_energy_ac_mcp_machine=16472713135
-------
timestamp=3407932862494847
iterations=1469
sample_ns=100000000
window_ns=1000000000
rapl_core_sum_uj=7711489762
rapl_psys_sum_uj=0
pid=0 energy=34466140431579870 alive=1 kernel=1 cpu_ns=6890615051000000 mem=974385152 instructions=2613035315974 wakeups=225575 diski=7520256 disko=23281664 rx=72211950 tx=30562782 comm=*system*
psu_energy_ac_mcp_machine=16482632690
-------
timestamp=3407932993940045
iterations=1470
sample_ns=100000000
window_ns=1000000000
rapl_core_sum_uj=7714429520
rapl_psys_sum_uj=0
pid=0 energy=34466151800022330 alive=1 kernel=1 cpu_ns=6890615167000000 mem=974376960 instructions=2615193004466 wakeups=225793 diski=7520256 disko=23281664 rx=72211950 tx=30562782 comm=*system*
psu_energy_ac_mcp_machine=16492720337
-------
timestamp=3407933123486577
iterations=1472
sample_ns=100000000
window_ns=1000000000
rapl_core_sum_uj=7720306045
rapl_psys_sum_uj=0
pid=0 energy=34466166193212985 alive=1 kernel=1 cpu_ns=6890615387000000 mem=974516224 instructions=2617851642597 wakeups=226013 diski=7520256 disko=23281664 rx=72211950 tx=30562782 comm=*system*
psu_energy_ac_mcp_machine=16503190063
-------
timestamp=3407933253623555
iterations=1473
sample_ns=100000000
window_ns=1000000000
rapl_core_sum_uj=7723253554
rapl_psys_sum_uj=0
pid=0 energy=34466177484855555 alive=1 kernel=1 cpu_ns=6890615504000000 mem=974516224 instructions=2619992971111 wakeups=226213 diski=7520256 disko=23281664 rx=72211952 tx=30562782 comm=*system*
psu_energy_ac_mcp_machine=16516717041
-------
timestamp=3407933386781061
iterations=1474
sample_ns=100000000
window_ns=1000000000
rapl_core_sum_uj=7726189955
rapl_psys_sum_uj=0
pid=0 energy=34466185913100305 alive=1 kernel=1 cpu_ns=6890615618000000 mem=974516224 instructions=2621564620061 wakeups=226426 diski=7520256 disko=23281664 rx=72211952 tx=30562782 comm=*system*
psu_energy_ac_mcp_machine=16526736694
-------
timestamp=3407933516133964
iterations=1475
sample_ns=100000000
window_ns=1000000000
rapl_core_sum_uj=7729221998
rapl_psys_sum_uj=0
pid=0 energy=34466192511643415 alive=1 kernel=1 cpu_ns=6890615735000000 mem=447717376 instructions=2622767328683 wakeups=226637 diski=7520256 disko=23281664 rx=72211952 tx=30562782 comm=*system*
psu_energy_ac_mcp_machine=16535871094
-------
timestamp=3407933645181958
iterations=1477
sample_ns=100000000
window_ns=1000000000
rapl_core_sum_uj=7734313245
rapl_psys_sum_uj=0
pid=0 energy=34466200351967505 alive=1 kernel=1 cpu_ns=6890615955000000 mem=519905280 instructions=2624115393501 wakeups=226871 diski=7520256 disko=23281664 rx=72211952 tx=30562782 comm=*system*
psu_energy_ac_mcp_machine=16548153198
-------
timestamp=3407933778402388
iterations=1478
sample_ns=100000000
window_ns=1000000000
rapl_core_sum_uj=7736911389
rapl_psys_sum_uj=0
pid=0 energy=34466204359943030 alive=1 kernel=1 cpu_ns=6890616069000000 mem=555503616 instructions=2624802988606 wakeups=227091 diski=7520256 disko=23314432 rx=72211952 tx=30562782 comm=*system*
psu_energy_ac_mcp_machine=16557046143
-------
timestamp=3407933911296199
iterations=1479
sample_ns=100000000
window_ns=1000000000
rapl_core_sum_uj=7739628246
rapl_psys_sum_uj=0
pid=0 energy=34466208343978495 alive=1 kernel=1 cpu_ns=6890616183000000 mem=591097856 instructions=2625485795699 wakeups=227306 diski=7520256 disko=23314432 rx=72211952 tx=30562782 comm=*system*
psu_energy_ac_mcp_machine=16565739136
-------
timestamp=3407934040694387
iterations=1481
sample_ns=100000000
window_ns=1000000000
rapl_core_sum_uj=7744708994
rapl_psys_sum_uj=0
pid=0 energy=34466216230258075 alive=1 kernel=1 cpu_ns=6890616405000000 mem=663531520 instructions=2626841051615 wakeups=227536 diski=7520256 disko=23314432 rx=72211952 tx=30562782 comm=*system*
psu_energy_ac_mcp_machine=16575182617
-------
timestamp=3407934170379854
iterations=1482
sample_ns=100000000
window_ns=1000000000
rapl_core_sum_uj=7747269174
rapl_psys_sum_uj=0
pid=0 energy=34466220183201510 alive=1 kernel=1 cpu_ns=6890616520000000 mem=699064320 instructions=2627516640302 wakeups=227740 diski=7520256 disko=23314432 rx=72211952 tx=30562782 comm=*system*
psu_energy_ac_mcp_machine=16587457642
-------
timestamp=3407934303665829
iterations=1483
sample_ns=100000000
window_ns=1000000000
rapl_core_sum_uj=7750016854
rapl_psys_sum_uj=0
pid=0 energy=34466224192954160 alive=1 kernel=1 cpu_ns=6890616633000000 mem=735154176 instructions=2628205590832 wakeups=227942 diski=7520256 disko=23314432 rx=72211952 tx=30562782 comm=*system*
psu_energy_ac_mcp_machine=16596646606
-------
timestamp=3407934434837844
iterations=1484
sample_ns=100000000
window_ns=1000000000
rapl_core_sum_uj=7752653572
rapl_psys_sum_uj=0
pid=0 energy=34466228219797195 alive=1 kernel=1 cpu_ns=6890616748000000 mem=771043328 instructions=2628895959439 wakeups=228162 diski=7520256 disko=23314432 rx=72211952 tx=30562782 comm=*system*
psu_energy_ac_mcp_machine=16604958252
-------
timestamp=3407934564061824
iterations=1486
sample_ns=100000000
window_ns=1000000000
rapl_core_sum_uj=7757588935
rapl_psys_sum_uj=0
pid=0 energy=34466236021097670 alive=1 kernel=1 cpu_ns=6890616966000000 mem=842735616 instructions=2630238219534 wakeups=228380 diski=7520256 disko=23314432 rx=72211952 tx=30562782 comm=*system*
psu_energy_ac_mcp_machine=16614262939
-------
timestamp=3407934693319906
iterations=1487
sample_ns=100000000
window_ns=1000000000
rapl_core_sum_uj=7760374335
rapl_psys_sum_uj=0
pid=0 energy=34466240048489080 alive=1 kernel=1 cpu_ns=6890617079000000 mem=878743552 instructions=2630930697816 wakeups=228595 diski=7520256 disko=23314432 rx=72211952 tx=30562782 comm=*system*
psu_energy_ac_mcp_machine=16626836182
-------
timestamp=3407934826601333
iterations=1488
sample_ns=100000000
window_ns=1000000000
rapl_core_sum_uj=7763192389
rapl_psys_sum_uj=0
pid=0 energy=34466244054903735 alive=1 kernel=1 cpu_ns=6890617192000000 mem=914763776 instructions=2631618980747 wakeups=228811 diski=7520256 disko=23314432 rx=72211952 tx=30562782 comm=*system*
psu_energy_ac_mcp_machine=16636014648
-------
timestamp=3407934955446572
iterations=1489
sample_ns=100000000
window_ns=1000000000
rapl_core_sum_uj=7765800909
rapl_psys_sum_uj=0
pid=0 energy=34466248068730100 alive=1 kernel=1 cpu_ns=6890617306000000 mem=950390784 instructions=2632307746020 wakeups=229018 diski=7520256 disko=23314432 rx=72211952 tx=30562782 comm=*system*
psu_energy_ac_mcp_machine=16644311035
-------
timestamp=3407935085095583
iterations=1491
sample_ns=100000000
window_ns=1000000000
rapl_core_sum_uj=7771139531
rapl_psys_sum_uj=0
pid=0 energy=34466263067624640 alive=1 kernel=1 cpu_ns=6890617526000000 mem=974389248 instructions=2635087524928 wakeups=229239 diski=7520256 disko=23314432 rx=72211952 tx=30562782 comm=*system*
psu_energy_ac_mcp_machine=16654276978
-------
timestamp=3407935214011240
iterations=1492
sample_ns=100000000
window_ns=1000000000
rapl_core_sum_uj=7774070134
rapl_psys_sum_uj=0
pid=0 energy=34466272366079855 alive=1 kernel=1 cpu_ns=6890617639000000 mem=974450688 instructions=2636834215971 wakeups=229444 diski=7520256 disko=23314432 rx=72211954 tx=30562782 comm=*system*
psu_energy_ac_mcp_machine=16666925049
-------
timestamp=3407935346122471
iterations=1493
sample_ns=100000000
window_ns=1000000000
rapl_core_sum_uj=7776848820
rapl_psys_sum_uj=0
pid=0 energy=34466277383023005 alive=1 kernel=1 cpu_ns=6890617752000000 mem=974495744 instructions=2637724604601 wakeups=229659 diski=7520256 disko=23314432 rx=72211954 tx=30562782 comm=*system*
psu_energy_ac_mcp_machine=16676384521
-------
timestamp=3407935475460482
iterations=1494
sample_ns=100000000
window_ns=1000000000
rapl_core_sum_uj=7779650333
rapl_psys_sum_uj=0
pid=0 energy=34466281523964865 alive=1 kernel=1 cpu_ns=6890617864000000 mem=974249984 instructions=2638440792973 wakeups=229875 diski=7520256 disko=23314432 rx=72211954 tx=30562782 comm=*system*
psu_energy_ac_mcp_machine=16685740356
-------
timestamp=3407935604676930
iterations=1496
sample_ns=100000000
window_ns=1000000000
rapl_core_sum_uj=7785501589
rapl_psys_sum_uj=0
pid=0 energy=34466289747872760 alive=1 kernel=1 cpu_ns=6890618085000000 mem=974274560 instructions=2639864574552 wakeups=230109 diski=7520256 disko=23314432 rx=72211954 tx=30562782 comm=*system*
psu_energy_ac_mcp_machine=16695605835
-------
timestamp=3407935733874627
iterations=1497
sample_ns=100000000
window_ns=1000000000
rapl_core_sum_uj=7788282289
rapl_psys_sum_uj=0
pid=0 energy=34466293928021000 alive=1 kernel=1 cpu_ns=6890618202000000 mem=974430208 instructions=2640583604200 wakeups=230319 diski=7520256 disko=23314432 rx=72211955 tx=30562783 comm=*system*
psu_energy_ac_mcp_machine=16707428589
-------
timestamp=3407935866622820
iterations=1498
sample_ns=100000000
window_ns=1000000000
rapl_core_sum_uj=7791089601
rapl_psys_sum_uj=0
pid=0 energy=34466298091693690 alive=1 kernel=1 cpu_ns=6890618315000000 mem=974016512 instructions=2641303338738 wakeups=230538 diski=7520256 disko=23314432 rx=72211955 tx=30562783 comm=*system*
psu_energy_ac_mcp_machine=16716977051
-------
timestamp=3407935995772241
iterations=1499
sample_ns=100000000
window_ns=1000000000
rapl_core_sum_uj=7793924439
rapl_psys_sum_uj=0
pid=0 energy=34466302237503035 alive=1 kernel=1 cpu_ns=6890618429000000 mem=974438400 instructions=2642018500607 wakeups=230751 diski=7520256 disko=23314432 rx=72211955 tx=30562783 comm=*system*
psu_energy_ac_mcp_machine=16726719971
-------
timestamp=3407936125018186
iterations=1501
sample_ns=100000000
window_ns=1000000000
rapl_core_sum_uj=7799362000
rapl_psys_sum_uj=0
pid=0 energy=34466310391162875 alive=1 kernel=1 cpu_ns=6890618648000000 mem=974340096 instructions=2643430232575 wakeups=230972 diski=7520256 disko=23330816 rx=72211955 tx=30562783 comm=*system*
psu_energy_ac_mcp_machine=16735359619
-------
timestamp=3407936253819646
iterations=1502
sample_ns=100000000
window_ns=1000000000
rapl_core_sum_uj=7802130920
rapl_psys_sum_uj=0
pid=0 energy=34466314551431590 alive=1 kernel=1 cpu_ns=6890618761000000 mem=974626816 instructions=2644149286318 wakeups=231191 diski=7520256 disko=23330816 rx=72211955 tx=30562783 comm=*system*
psu_energy_ac_mcp_machine=16747722168
-------
timestamp=3407936384899752
iterations=1503
sample_ns=100000000
window_ns=1000000000
rapl_core_sum_uj=7805002379
rapl_psys_sum_uj=0
pid=0 energy=34466318729742210 alive=1 kernel=1 cpu_ns=6890618877000000 mem=974708736 instructions=2644868948442 wakeups=231404 diski=7520256 disko=23330816 rx=72211955 tx=30562783 comm=*system*
psu_energy_ac_mcp_machine=16757597900
-------
timestamp=3407936516173604
iterations=1504
sample_ns=100000000
window_ns=1000000000
rapl_core_sum_uj=7807983274
rapl_psys_sum_uj=0
pid=0 energy=34466322889226280 alive=1 kernel=1 cpu_ns=6890618989000000 mem=974778368 instructions=2645588845256 wakeups=231612 diski=7520256 disko=23330816 rx=72211955 tx=30562783 comm=*system*
psu_energy_ac_mcp_machine=16767259521
-------
timestamp=3407936645725798
iterations=1506
sample_ns=100000000
window_ns=1000000000
rapl_core_sum_uj=7813311093
rapl_psys_sum_uj=0
pid=0 energy=34466333329268780 alive=1 kernel=1 cpu_ns=6890619206000000 mem=974786560 instructions=2647459853756 wakeups=231841 diski=7520256 disko=23330816 rx=72211955 tx=30562783 comm=*system*
psu_energy_ac_mcp_machine=16775904663
-------
timestamp=3407936775166470
iterations=1507
sample_ns=100000000
window_ns=1000000000
rapl_core_sum_uj=7816189205
rapl_psys_sum_uj=0
pid=0 energy=34466342883920805 alive=1 kernel=1 cpu_ns=6890619321000000 mem=974725120 instructions=2649255784161 wakeups=232062 diski=7520256 disko=23330816 rx=72211955 tx=30562783 comm=*system*
psu_energy_ac_mcp_machine=16788989868
-------
timestamp=3407936933182239
iterations=1508
sample_ns=100000000
window_ns=1000000000
rapl_core_sum_uj=7820458736
rapl_psys_sum_uj=0
pid=0 energy=34466351761182060 alive=1 kernel=1 cpu_ns=6890619572000000 mem=858951680 instructions=2650780236412 wakeups=232327 diski=7520256 disko=23330816 rx=72211958 tx=30562787 comm=*system*
psu_energy_ac_mcp_machine=16808822021
-------
timestamp=3407937085863218
iterations=1510
sample_ns=100000000
window_ns=1000000000
rapl_core_sum_uj=7832510248
rapl_psys_sum_uj=0
pid=0 energy=34466385204865185 alive=1 kernel=1 cpu_ns=6890620807000000 mem=730091520 instructions=2656233973037 wakeups=232588 diski=7520256 disko=23330816 rx=72211958 tx=30562787 comm=*system*
psu_energy_ac_mcp_machine=16830561523
-------
timestamp=3407937237025694
iterations=1511
sample_ns=100000000
window_ns=1000000000
rapl_core_sum_uj=7840346551
rapl_psys_sum_uj=0
pid=0 energy=34466410837678825 alive=1 kernel=1 cpu_ns=6890621437000000 mem=974520320 instructions=2660730535765 wakeups=232800 diski=7520256 disko=23330816 rx=72211960 tx=30562787 comm=*system*
psu_energy_ac_mcp_machine=16848183472
-------
timestamp=3407937386304051
iterations=1513
sample_ns=100000000
window_ns=1000000000
rapl_core_sum_uj=7854356377
rapl_psys_sum_uj=0
pid=0 energy=34466451749838605 alive=1 kernel=1 cpu_ns=6890622685000000 mem=975196160 instructions=2667664967721 wakeups=233037 diski=7520256 disko=23330816 rx=72211960 tx=30562787 comm=*system*
psu_energy_ac_mcp_machine=16871383423
-------
timestamp=3407937541632375
iterations=1514
sample_ns=100000000
window_ns=1000000000
rapl_core_sum_uj=7861761040
rapl_psys_sum_uj=0
pid=0 energy=34466486771880040 alive=1 kernel=1 cpu_ns=6890623303000000 mem=640204800 instructions=2674051376008 wakeups=233266 diski=7520256 disko=23330816 rx=72211960 tx=30562787 comm=*system*
psu_energy_ac_mcp_machine=16893745361
-------
timestamp=3407937694779709
iterations=1516
sample_ns=100000000
window_ns=1000000000
rapl_core_sum_uj=7875206230
rapl_psys_sum_uj=0
pid=0 energy=34466526694138330 alive=1 kernel=1 cpu_ns=6890624557000000 mem=856969216 instructions=2680781827666 wakeups=233581 diski=7520256 disko=23330816 rx=72211960 tx=30562787 comm=*system*
psu_energy_ac_mcp_machine=16916840332
-------
timestamp=3407937845891293
iterations=1517
sample_ns=100000000
window_ns=1000000000
rapl_core_sum_uj=7882887931
rapl_psys_sum_uj=0
pid=0 energy=34466560597910620 alive=1 kernel=1 cpu_ns=6890625174000000 mem=830836736 instructions=2686945582124 wakeups=233801 diski=7520256 disko=23330816 rx=72211960 tx=30562787 comm=*system*
psu_energy_ac_mcp_machine=16941250977
-------
timestamp=3407937995759015
iterations=1519
sample_ns=100000000
window_ns=1000000000
rapl_core_sum_uj=7897730581
rapl_psys_sum_uj=0
pid=0 energy=34466618051419390 alive=1 kernel=1 cpu_ns=6890626422000000 mem=968130560 instructions=2697188283878 wakeups=234057 diski=7520256 disko=23330816 rx=72211960 tx=30562787 comm=*system*
psu_energy_ac_mcp_machine=16958265869
-------
timestamp=3407938140991468
iterations=1520
sample_ns=100000000
window_ns=1000000000
rapl_core_sum_uj=7903036550
rapl_psys_sum_uj=0
pid=0 energy=34466624826552630 alive=1 kernel=1 cpu_ns=6890627045000000 mem=974888960 instructions=2697920310526 wakeups=234273 diski=7520256 disko=23330816 rx=72211960 tx=30562787 comm=*system*
psu_energy_ac_mcp_machine=16977877930
-------
timestamp=3407938293971021
iterations=1521
sample_ns=100000000
window_ns=1000000000
rapl_core_sum_uj=7910047231
rapl_psys_sum_uj=0
pid=0 energy=34466652643228000 alive=1 kernel=1 cpu_ns=6890627668000000 mem=824401920 instructions=2702860645600 wakeups=234506 diski=7520256 disko=23330816 rx=72211960 tx=30562787 comm=*system*
psu_energy_ac_mcp_machine=17001798096
-------
timestamp=3407938444419013
iterations=1523
sample_ns=100000000
window_ns=1000000000
rapl_core_sum_uj=7925023975
rapl_psys_sum_uj=0
pid=0 energy=34466732812017785 alive=1 kernel=1 cpu_ns=6890628916000000 mem=794664960 instructions=2717646403557 wakeups=234738 diski=7520256 disko=23330816 rx=72211960 tx=30562787 comm=*system*
psu_energy_ac_mcp_machine=17019487549
-------
timestamp=3407938590870848
iterations=1524
sample_ns=100000000
window_ns=1000000000
rapl_core_sum_uj=7932657580
rapl_psys_sum_uj=0
pid=0 energy=34466765700806015 alive=1 kernel=1 cpu_ns=6890629540000000 mem=717783040 instructions=2723600161203 wakeups=234971 diski=7520256 disko=23330816 rx=72211960 tx=30562787 comm=*system*
psu_energy_ac_mcp_machine=17043336304
-------
timestamp=3407938738288188
iterations=1526
sample_ns=100000000
window_ns=1000000000
rapl_core_sum_uj=7947850694
rapl_psys_sum_uj=0
pid=0 energy=34466823352123420 alive=1 kernel=1 cpu_ns=6890630793000000 mem=886337536 instructions=2733877424684 wakeups=235202 diski=7520256 disko=23330816 rx=72211960 tx=30562787 comm=*system*
psu_energy_ac_mcp_machine=17067215454
-------
timestamp=3407938887934203
iterations=1527
sample_ns=100000000
window_ns=1000000000
rapl_core_sum_uj=7955018662
rapl_psys_sum_uj=0
pid=0 energy=34466847400224795 alive=1 kernel=1 cpu_ns=6890631417000000 mem=955142144 instructions=2738063044959 wakeups=235426 diski=7520256 disko=23371776 rx=72211960 tx=30562787 comm=*system*
psu_energy_ac_mcp_machine=17088507080
-------
timestamp=3407939038195097
iterations=1529
sample_ns=100000000
window_ns=1000000000
rapl_core_sum_uj=7966175460
rapl_psys_sum_uj=0
pid=0 energy=34466877862836670 alive=1 kernel=1 cpu_ns=6890632659000000 mem=1042980864 instructions=2742913567334 wakeups=235661 diski=7520256 disko=23371776 rx=72211960 tx=30562787 comm=*system*
psu_energy_ac_mcp_machine=17103217285
-------
timestamp=3407939187803748
iterations=1530
sample_ns=100000000
window_ns=1000000000
rapl_core_sum_uj=7971633101
rapl_psys_sum_uj=0
pid=0 energy=34466893121714795 alive=1 kernel=1 cpu_ns=6890633283000000 mem=1042530304 instructions=2745341342959 wakeups=235862 diski=7520256 disko=23371776 rx=72211960 tx=30562787 comm=*system*
psu_energy_ac_mcp_machine=17123102783
-------
timestamp=3407939332834118
iterations=1531
sample_ns=100000000
window_ns=1000000000
rapl_core_sum_uj=7978156965
rapl_psys_sum_uj=0
pid=0 energy=34466914047149935 alive=1 kernel=1 cpu_ns=6890633907000000 mem=844918784 instructions=2748902429987 wakeups=236083 diski=7520256 disko=23371776 rx=72211962 tx=30562787 comm=*system*
psu_energy_ac_mcp_machine=17146197021
-------
timestamp=3407939477088866
iterations=1533
sample_ns=100000000
window_ns=1000000000
rapl_core_sum_uj=7992859967
rapl_psys_sum_uj=0
pid=0 energy=34466982116260840 alive=1 kernel=1 cpu_ns=6890635161000000 mem=975355904 instructions=2761262252168 wakeups=236315 diski=7520256 disko=23371776 rx=72211962 tx=30562787 comm=*system*
psu_energy_ac_mcp_machine=17163787231
-------
timestamp=3407939638773531
iterations=1534
sample_ns=100000000
window_ns=1000000000
rapl_core_sum_uj=7999776348
rapl_psys_sum_uj=0
pid=0 energy=34467012384737380 alive=1 kernel=1 cpu_ns=6890635779000000 mem=829845504 instructions=2766697947476 wakeups=236540 diski=7520256 disko=23371776 rx=72211962 tx=30562787 comm=*system*
psu_energy_ac_mcp_machine=17185667236
-------
timestamp=3407939802847729
iterations=1536
sample_ns=100000000
window_ns=1000000000
rapl_core_sum_uj=8011343547
rapl_psys_sum_uj=0
pid=0 energy=34467050302224995 alive=1 kernel=1 cpu_ns=6890637033000000 mem=975151104 instructions=2773027444999 wakeups=236776 diski=7520256 disko=23371776 rx=72211962 tx=30562787 comm=*system*
psu_energy_ac_mcp_machine=17205789917
-------
timestamp=3407939964588673
iterations=1537
sample_ns=100000000
window_ns=1000000000
rapl_core_sum_uj=8017001994
rapl_psys_sum_uj=0
pid=0 energy=34467069316455105 alive=1 kernel=1 cpu_ns=6890637651000000 mem=974925824 instructions=2776212291021 wakeups=236989 diski=7520256 disko=23371776 rx=72211962 tx=30562787 comm=*system*
psu_energy_ac_mcp_machine=17225884888
-------
timestamp=3407940124555413
iterations=1539
sample_ns=100000000
window_ns=1000000000
rapl_core_sum_uj=8028380899
rapl_psys_sum_uj=0
pid=0 energy=34467107626301195 alive=1 kernel=1 cpu_ns=6890638905000000 mem=975425536 instructions=2782620260239 wakeups=237227 diski=7520256 disko=23371776 rx=72211962 tx=30562787 comm=*system*
psu_energy_ac_mcp_machine=17251267944
-------
timestamp=3407940289675268
iterations=1541
sample_ns=100000000
window_ns=1000000000
rapl_core_sum_uj=8039659096
rapl_psys_sum_uj=0
pid=0 energy=34467144716308965 alive=1 kernel=1 cpu_ns=6890640147000000 mem=976551936 instructions=2788796261793 wakeups=237477 diski=7520256 disko=23371776 rx=72211962 tx=30562787 comm=*system*
psu_energy_ac_mcp_machine=17271569824
-------
timestamp=3407940457593289
iterations=1542
sample_ns=100000000
window_ns=1000000000
rapl_core_sum_uj=8045429176
rapl_psys_sum_uj=0
pid=0 energy=34467164677496775 alive=1 kernel=1 cpu_ns=6890640777000000 mem=975876096 instructions=2792158499355 wakeups=237687 diski=7520256 disko=23371776 rx=72211962 tx=30562787 comm=*system*
psu_energy_ac_mcp_machine=17291702026
-------
timestamp=3407940628483504
iterations=1544
sample_ns=100000000
window_ns=1000000000
rapl_core_sum_uj=8056613135
rapl_psys_sum_uj=0
pid=0 energy=34467200875174355 alive=1 kernel=1 cpu_ns=6890642019000000 mem=975200256 instructions=2798156034871 wakeups=237910 diski=7520256 disko=23371776 rx=72211962 tx=30562787 comm=*system*
psu_energy_ac_mcp_machine=17311848389
-------
timestamp=3407940786238242
iterations=1545
sample_ns=100000000
window_ns=1000000000
rapl_core_sum_uj=8062288550
rapl_psys_sum_uj=0
pid=0 energy=34467219218191795 alive=1 kernel=1 cpu_ns=6890642643000000 mem=975650816 instructions=2801200638359 wakeups=238129 diski=7520256 disko=23371776 rx=72211962 tx=30562787 comm=*system*
psu_energy_ac_mcp_machine=17331945801
-------
timestamp=3407940947515299
iterations=1547
sample_ns=100000000
window_ns=1000000000
rapl_core_sum_uj=8073505895
rapl_psys_sum_uj=0
pid=0 energy=34467255490882195 alive=1 kernel=1 cpu_ns=6890643891000000 mem=975441920 instructions=2807207176439 wakeups=238350 diski=7520256 disko=23371776 rx=72211962 tx=30562787 comm=*system*
psu_energy_ac_mcp_machine=17352010498
-------
timestamp=3407941113623837
iterations=1549
sample_ns=100000000
window_ns=1000000000
rapl_core_sum_uj=8084942662
rapl_psys_sum_uj=0
pid=0 energy=34467291872886615 alive=1 kernel=1 cpu_ns=6890645157000000 mem=976793600 instructions=2813217577323 wakeups=238615 diski=7520256 disko=23371776 rx=72211962 tx=30562787 comm=*system*
psu_energy_ac_mcp_machine=17372167725
-------
timestamp=3407941280942511
iterations=1550
sample_ns=100000000
window_ns=1000000000
rapl_core_sum_uj=8090842503
rapl_psys_sum_uj=0
pid=0 energy=34467311548608270 alive=1 kernel=1 cpu_ns=6890645810000000 mem=975667200 instructions=2816499721654 wakeups=238810 diski=7520256 disko=23392256 rx=72211964 tx=30562787 comm=*system*
psu_energy_ac_mcp_machine=17392216064
-------
timestamp=3407941432787623
iterations=1552
sample_ns=100000000
window_ns=1000000000
rapl_core_sum_uj=8102991122
rapl_psys_sum_uj=0
pid=0 energy=34467352479466570 alive=1 kernel=1 cpu_ns=6890647064000000 mem=535089152 instructions=2823431893314 wakeups=239086 diski=7520256 disko=23392256 rx=72211964 tx=30562787 comm=*system*
psu_energy_ac_mcp_machine=17413282959
-------
timestamp=3407941575670758
iterations=1553
sample_ns=100000000
window_ns=1000000000
rapl_core_sum_uj=8110104220
rapl_psys_sum_uj=0
pid=0 energy=34467374318628270 alive=1 kernel=1 cpu_ns=6890647682000000 mem=740544512 instructions=2827181725654 wakeups=239273 diski=7520256 disko=23392256 rx=72211964 tx=30562787 comm=*system*
psu_energy_ac_mcp_machine=17435499878
-------
timestamp=3407941722762126
iterations=1554
sample_ns=100000000
window_ns=1000000000
rapl_core_sum_uj=8117441317
rapl_psys_sum_uj=0
pid=0 energy=34467399292903680 alive=1 kernel=1 cpu_ns=6890648311000000 mem=930004992 instructions=2831547580736 wakeups=239493 diski=7520256 disko=23392256 rx=72211964 tx=30562787 comm=*system*
psu_energy_ac_mcp_machine=17452786011
-------
timestamp=3407941868752371
iterations=1556
sample_ns=100000000
window_ns=1000000000
rapl_core_sum_uj=8132623811
rapl_psys_sum_uj=0
pid=0 energy=34467455556936700 alive=1 kernel=1 cpu_ns=6890649557000000 mem=975060992 instructions=2841554387340 wakeups=239702 diski=7520256 disko=23392256 rx=72211964 tx=30562787 comm=*system*
psu_energy_ac_mcp_machine=17476235474
-------
timestamp=3407942018868627
iterations=1557
sample_ns=100000000
window_ns=1000000000
rapl_core_sum_uj=8140054352
rapl_psys_sum_uj=0
pid=0 energy=34467480954855825 alive=1 kernel=1 cpu_ns=6890650175000000 mem=844201984 instructions=2846015971165 wakeups=239910 diski=7520256 disko=23392256 rx=72211964 tx=30562787 comm=*system*
psu_energy_ac_mcp_machine=17498524780
-------
timestamp=3407942178436153
iterations=1559
sample_ns=100000000
window_ns=1000000000
rapl_core_sum_uj=8152187834
rapl_psys_sum_uj=0
pid=0 energy=34467508656849270 alive=1 kernel=1 cpu_ns=6890651422000000 mem=929132544 instructions=2850309369854 wakeups=240150 diski=7520256 disko=23392256 rx=72211964 tx=30562787 comm=*system*
psu_energy_ac_mcp_machine=17518990723
-------
timestamp=3407942354298497
iterations=1560
sample_ns=100000000
window_ns=1000000000
rapl_core_sum_uj=8158192411
rapl_psys_sum_uj=0
pid=0 energy=34467516307132320 alive=1 kernel=1 cpu_ns=6890652044000000 mem=975089664 instructions=2851217426464 wakeups=240369 diski=7520256 disko=23392256 rx=72211964 tx=30562787 comm=*system*
psu_energy_ac_mcp_machine=17538194824
-------
timestamp=3407942519064764
iterations=1562
sample_ns=100000000
window_ns=1000000000
rapl_core_sum_uj=8168648953
rapl_psys_sum_uj=0
pid=0 energy=34467525043344530 alive=1 kernel=1 cpu_ns=6890653339000000 mem=914264064 instructions=2851669668906 wakeups=240606 diski=7520256 disko=23392256 rx=72211964 tx=30562787 comm=*system*
psu_energy_ac_mcp_machine=17556845215
-------
timestamp=3407942693167933
iterations=1564
sample_ns=100000000
window_ns=1000000000
rapl_core_sum_uj=8179327785
rapl_psys_sum_uj=0
pid=0 energy=34467536301566335 alive=1 kernel=1 cpu_ns=6890654586000000 mem=975753216 instructions=2852674313267 wakeups=240872 diski=7520256 disko=23392256 rx=72211964 tx=30562787 comm=*system*
psu_energy_ac_mcp_machine=17580821045
-------
timestamp=3407942868083212
iterations=1565
sample_ns=100000000
window_ns=1000000000
rapl_core_sum_uj=8184269191
rapl_psys_sum_uj=0
pid=0 energy=34467540653970370 alive=1 kernel=1 cpu_ns=6890655210000000 mem=902987776 instructions=2852920794074 wakeups=241077 diski=7520256 disko=23392256 rx=72211964 tx=30562787 comm=*system*
psu_energy_ac_mcp_machine=17599364990
-------
timestamp=3407943038073460
iterations=1567
sample_ns=100000000
window_ns=1000000000
rapl_core_sum_uj=8195165369
rapl_psys_sum_uj=0
pid=0 energy=34467552559510490 alive=1 kernel=1 cpu_ns=6890656458000000 mem=975196160 instructions=2854053902098 wakeups=241311 diski=7520256 disko=23392256 rx=72211964 tx=30562787 comm=*system*
psu_energy_ac_mcp_machine=17619005005
-------
timestamp=3407943205084730
iterations=1568
sample_ns=100000000
window_ns=1000000000
rapl_core_sum_uj=8200214441
rapl_psys_sum_uj=0
pid=0 energy=34467556895898880 alive=1 kernel=1 cpu_ns=6890657082000000 mem=925634560 instructions=2854297179776 wakeups=241539 diski=7520256 disko=23392256 rx=72211964 tx=30562787 comm=*system*
psu_energy_ac_mcp_machine=17637678589
-------
timestamp=3407943363137799
iterations=1570
sample_ns=100000000
window_ns=1000000000
rapl_core_sum_uj=8211441369
rapl_psys_sum_uj=0
pid=0 energy=34467570471469955 alive=1 kernel=1 cpu_ns=6890658383000000 mem=969789440 instructions=2855711293991 wakeups=241777 diski=7520256 disko=23392256 rx=72211966 tx=30562787 comm=*system*
psu_energy_ac_mcp_machine=17657258423
-------
timestamp=3407943512758400
iterations=1571
sample_ns=100000000
window_ns=1000000000
rapl_core_sum_uj=8217623375
rapl_psys_sum_uj=0
pid=0 energy=34467587063923540 alive=1 kernel=1 cpu_ns=6890659048000000 mem=944107520 instructions=2858364784708 wakeups=242007 diski=7520256 disko=23392256 rx=72211966 tx=30562787 comm=*system*
psu_energy_ac_mcp_machine=17678524048
-------
timestamp=3407943660800106
iterations=1573
sample_ns=100000000
window_ns=1000000000
rapl_core_sum_uj=8231341758
rapl_psys_sum_uj=0
pid=0 energy=34467647582684460 alive=1 kernel=1 cpu_ns=6890660296000000 mem=831242240 instructions=2869220536892 wakeups=242242 diski=7520256 disko=23392256 rx=72211966 tx=30562787 comm=*system*
psu_energy_ac_mcp_machine=17700245728
-------
timestamp=3407943810838069
iterations=1574
sample_ns=100000000
window_ns=1000000000
rapl_core_sum_uj=8238236106
rapl_psys_sum_uj=0
pid=0 energy=34467678153887955 alive=1 kernel=1 cpu_ns=6890660920000000 mem=600559616 instructions=2874710777591 wakeups=242478 diski=7520256 disko=23392256 rx=72211966 tx=30562787 comm=*system*
psu_energy_ac_mcp_machine=17721132813
-------
timestamp=3407943966870872
iterations=1576
sample_ns=100000000
window_ns=1000000000
rapl_core_sum_uj=8251353598
rapl_psys_sum_uj=0
pid=0 energy=34467733289087850 alive=1 kernel=1 cpu_ns=6890662168000000 mem=713355264 instructions=2884489817570 wakeups=242736 diski=7520256 disko=23425024 rx=72211966 tx=30562787 comm=*system*
psu_energy_ac_mcp_machine=17737154785
-------
timestamp=3407944113261496
iterations=1577
sample_ns=100000000
window_ns=1000000000
rapl_core_sum_uj=8258327352
rapl_psys_sum_uj=0
pid=0 energy=34467757980625890 alive=1 kernel=1 cpu_ns=6890662792000000 mem=747134976 instructions=2888804125178 wakeups=242949 diski=7520256 disko=23425024 rx=72211966 tx=30562787 comm=*system*
psu_energy_ac_mcp_machine=17759603271
-------
timestamp=3407944270366379
iterations=1579
sample_ns=100000000
window_ns=1000000000
rapl_core_sum_uj=8271387776
rapl_psys_sum_uj=0
pid=0 energy=34467787698634490 alive=1 kernel=1 cpu_ns=6890664040000000 mem=821927936 instructions=2893499726898 wakeups=243215 diski=7520256 disko=23425024 rx=72211966 tx=30562787 comm=*system*
psu_energy_ac_mcp_machine=17781160889
-------
timestamp=3407944424915554
iterations=1580
sample_ns=100000000
window_ns=1000000000
rapl_core_sum_uj=8277972492
rapl_psys_sum_uj=0
pid=0 energy=34467801131862385 alive=1 kernel=1 cpu_ns=6890664668000000 mem=603631616 instructions=2895558372477 wakeups=243426 diski=7520256 disko=23425024 rx=72211966 tx=30562787 comm=*system*
psu_energy_ac_mcp_machine=17803150146
-------
timestamp=3407944578895296
iterations=1582
sample_ns=100000000
window_ns=1000000000
rapl_core_sum_uj=8291645099
rapl_psys_sum_uj=0
pid=0 energy=34467833076472730 alive=1 kernel=1 cpu_ns=6890665909000000 mem=811843584 instructions=2900706294546 wakeups=243696 diski=7520256 disko=23425024 rx=72211966 tx=30562787 comm=*system*
psu_energy_ac_mcp_machine=17825810303
-------
timestamp=3407944729310398
iterations=1583
sample_ns=100000000
window_ns=1000000000
rapl_core_sum_uj=8298699725
rapl_psys_sum_uj=0
pid=0 energy=34467856373567650 alive=1 kernel=1 cpu_ns=6890666531000000 mem=885735424 instructions=2904743713530 wakeups=243911 diski=7520256 disko=23425024 rx=72211966 tx=30562787 comm=*system*
psu_energy_ac_mcp_machine=17848945923
-------
timestamp=3407944886016101
iterations=1585
sample_ns=100000000
window_ns=1000000000
rapl_core_sum_uj=8313758013
rapl_psys_sum_uj=0
pid=0 energy=34467906784432080 alive=1 kernel=1 cpu_ns=6890667779000000 mem=976609280 instructions=2913577886416 wakeups=244171 diski=7520256 disko=23425024 rx=72211966 tx=30562787 comm=*system*
psu_energy_ac_mcp_machine=17867482788
-------
timestamp=3407945034306859
iterations=1586
sample_ns=100000000
window_ns=1000000000
rapl_core_sum_uj=8320794634
rapl_psys_sum_uj=0
pid=0 energy=34467928415836180 alive=1 kernel=1 cpu_ns=6890668402000000 mem=975032320 instructions=2917281167236 wakeups=244360 diski=7520256 disko=23425024 rx=72211966 tx=30562787 comm=*system*
psu_energy_ac_mcp_machine=17890871338
-------
timestamp=3407945187941389
iterations=1587
sample_ns=100000000
window_ns=1000000000
rapl_core_sum_uj=8328255571
rapl_psys_sum_uj=0
pid=0 energy=34467956604071925 alive=1 kernel=1 cpu_ns=6890669026000000 mem=729071616 instructions=2922294814385 wakeups=244590 diski=7520256 disko=23425024 rx=72211966 tx=30562787 comm=*system*
psu_energy_ac_mcp_machine=17914405762
-------
timestamp=3407945338102560
iterations=1589
sample_ns=100000000
window_ns=1000000000
rapl_core_sum_uj=8342955948
rapl_psys_sum_uj=0
pid=0 energy=34468010643145260 alive=1 kernel=1 cpu_ns=6890670273000000 mem=844865536 instructions=2931855629052 wakeups=244838 diski=7520256 disko=23425024 rx=72211968 tx=30562787 comm=*system*
psu_energy_ac_mcp_machine=17938447510
-------
timestamp=3407945487888712
iterations=1590
sample_ns=100000000
window_ns=1000000000
rapl_core_sum_uj=8350651260
rapl_psys_sum_uj=0
pid=0 energy=34468042006671165 alive=1 kernel=1 cpu_ns=6890670895000000 mem=934526976 instructions=2937506334233 wakeups=245074 diski=7520256 disko=23425024 rx=72211968 tx=30562787 comm=*system*
psu_energy_ac_mcp_machine=17955619263
-------
timestamp=3407945631972125
iterations=1592
sample_ns=100000000
window_ns=1000000000
rapl_core_sum_uj=8364699843
rapl_psys_sum_uj=0
pid=0 energy=34468091091947095 alive=1 kernel=1 cpu_ns=6890672143000000 mem=974626816 instructions=2946075389419 wakeups=245329 diski=7520256 disko=23425024 rx=72211968 tx=30562787 comm=*system*
psu_energy_ac_mcp_machine=17977939941
-------
timestamp=3407945781351687
iterations=1593
sample_ns=100000000
window_ns=1000000000
rapl_core_sum_uj=8370557875
rapl_psys_sum_uj=0
pid=0 energy=34468107500377700 alive=1 kernel=1 cpu_ns=6890672767000000 mem=848920576 instructions=2948733075540 wakeups=245561 diski=7520256 disko=23425024 rx=72211970 tx=30562789 comm=*system*
psu_energy_ac_mcp_machine=17999390015
-------
timestamp=3407945932895442
iterations=1595
sample_ns=100000000
window_ns=1000000000
rapl_core_sum_uj=8385276136
rapl_psys_sum_uj=0
pid=0 energy=34468173550892495 alive=1 kernel=1 cpu_ns=6890674014000000 mem=943378432 instructions=2960696178499 wakeups=245837 diski=7520256 disko=23425024 rx=72211971 tx=30562789 comm=*system*
psu_energy_ac_mcp_machine=18023273193
-------
timestamp=3407946091885567
iterations=1596
sample_ns=100000000
window_ns=1000000000
rapl_core_sum_uj=8392944226
rapl_psys_sum_uj=0
pid=0 energy=34468215690825135 alive=1 kernel=1 cpu_ns=6890674644000000 mem=726659072 instructions=2968494165027 wakeups=246056 diski=7520256 disko=23425024 rx=72211971 tx=30562789 comm=*system*
psu_energy_ac_mcp_machine=18047089844
-------
timestamp=3407946240071819
iterations=1598
sample_ns=100000000
window_ns=1000000000
rapl_core_sum_uj=8408113597
rapl_psys_sum_uj=0
pid=0 energy=34468272326489835 alive=1 kernel=1 cpu_ns=6890675885000000 mem=785457152 instructions=2978580297967 wakeups=246332 diski=7520256 disko=23425024 rx=72211971 tx=30562789 comm=*system*
psu_energy_ac_mcp_machine=18065289429
-------
timestamp=3407946390864486
iterations=1599
sample_ns=100000000
window_ns=1000000000
rapl_core_sum_uj=8415498728
rapl_psys_sum_uj=0
pid=0 energy=34468294972238180 alive=1 kernel=1 cpu_ns=6890676509000000 mem=996769792 instructions=2982485447636 wakeups=246525 diski=7520256 disko=23445504 rx=72211971 tx=30562789 comm=*system*
psu_energy_ac_mcp_machine=18088744141
-------
timestamp=3407946538945882
iterations=1600
sample_ns=100000000
window_ns=1000000000
rapl_core_sum_uj=8422484689
rapl_psys_sum_uj=0
pid=0 energy=34468320368657685 alive=1 kernel=1 cpu_ns=6890677133000000 mem=894566400 instructions=2986940731537 wakeups=246750 diski=7520256 disko=23445504 rx=72211971 tx=30562789 comm=*system*
psu_energy_ac_mcp_machine=18109818359
-------
timestamp=3407946691949346
iterations=1602
sample_ns=100000000
window_ns=1000000000
rapl_core_sum_uj=8433945992
rapl_psys_sum_uj=0
pid=0 energy=34468352096091360 alive=1 kernel=1 cpu_ns=6890678381000000 mem=988733440 instructions=2992038218272 wakeups=246985 diski=7520256 disko=23445504 rx=72211971 tx=30562789 comm=*system*
psu_energy_ac_mcp_machine=18130068848
-------
timestamp=3407946842878578
iterations=1603
sample_ns=100000000
window_ns=1000000000
rapl_core_sum_uj=8439964058
rapl_psys_sum_uj=0
pid=0 energy=34468371753341555 alive=1 kernel=1 cpu_ns=6890679005000000 mem=1007882240 instructions=2995345668311 wakeups=247212 diski=7520256 disko=23445504 rx=72211971 tx=30562789 comm=*system*
psu_energy_ac_mcp_machine=18146173096
-------
timestamp=3407946989905085
iterations=1605
sample_ns=100000000
window_ns=1000000000
rapl_core_sum_uj=8453949713
rapl_psys_sum_uj=0
pid=0 energy=34468429703830585 alive=1 kernel=1 cpu_ns=6890680253000000 mem=1042292736 instructions=3005687766117 wakeups=247454 diski=7520256 disko=23445504 rx=72211971 tx=30562789 comm=*system*
psu_energy_ac_mcp_machine=18169490479
-------
timestamp=3407947145159239
iterations=1606
sample_ns=100000000
window_ns=1000000000
rapl_core_sum_uj=8461001226
rapl_psys_sum_uj=0
pid=0 energy=34468461996540595 alive=1 kernel=1 cpu_ns=6890680877000000 mem=1042743296 instructions=3011522308119 wakeups=247672 diski=7520256 disko=23445504 rx=72211971 tx=30562789 comm=*system*
psu_energy_ac_mcp_machine=18192273682
-------
timestamp=3407947303961414
iterations=1608
sample_ns=100000000
window_ns=1000000000
rapl_core_sum_uj=8473769841
rapl_psys_sum_uj=0
pid=0 energy=34468512283905490 alive=1 kernel=1 cpu_ns=6890682125000000 mem=1005572096 instructions=3020331781098 wakeups=247919 diski=7520256 disko=23445504 rx=72211973 tx=30562789 comm=*system*
psu_energy_ac_mcp_machine=18213518311
-------
timestamp=3407947474393542
iterations=1609
sample_ns=100000000
window_ns=1000000000
rapl_core_sum_uj=8479508915
rapl_psys_sum_uj=0
pid=0 energy=34468530369041660 alive=1 kernel=1 cpu_ns=6890682749000000 mem=1042968576 instructions=3023324808332 wakeups=248151 diski=7520256 disko=23445504 rx=72211973 tx=30562789 comm=*system*
psu_energy_ac_mcp_machine=18233689087
-------
timestamp=3407947639461196
iterations=1611
sample_ns=100000000
window_ns=1000000000
rapl_core_sum_uj=8491223879
rapl_psys_sum_uj=0
pid=0 energy=34468568900462540 alive=1 kernel=1 cpu_ns=6890684044000000 mem=1042968576 instructions=3029736092508 wakeups=248381 diski=7520256 disko=23445504 rx=72211973 tx=30562789 comm=*system*
psu_energy_ac_mcp_machine=18254036987
-------
timestamp=3407947809466129
iterations=1613
sample_ns=100000000
window_ns=1000000000
rapl_core_sum_uj=8502731568
rapl_psys_sum_uj=0
pid=0 energy=34468606605464425 alive=1 kernel=1 cpu_ns=6890685303000000 mem=1043869696 instructions=3036018092885 wakeups=248667 diski=7520256 disko=23445504 rx=72211973 tx=30562789 comm=*system*
psu_energy_ac_mcp_machine=18279309814
-------
timestamp=3407947974383884
iterations=1614
sample_ns=100000000
window_ns=1000000000
rapl_core_sum_uj=8508697510
rapl_psys_sum_uj=0
pid=0 energy=34468626377514585 alive=1 kernel=1 cpu_ns=6890685963000000 mem=1042657280 instructions=3039312502917 wakeups=248881 diski=7520256 disko=23638016 rx=72211973 tx=30562789 comm=*system*
psu_energy_ac_mcp_machine=18299402588
-------
timestamp=3407948143632647
iterations=1616
sample_ns=100000000
window_ns=1000000000
rapl_core_sum_uj=8519942076
rapl_psys_sum_uj=0
pid=0 energy=34468663124303590 alive=1 kernel=1 cpu_ns=6890687210000000 mem=1042882560 instructions=3045414860718 wakeups=249128 diski=7520256 disko=23638016 rx=72211973 tx=30562789 comm=*system*
psu_energy_ac_mcp_machine=18319480713
-------
timestamp=3407948310608737
iterations=1617
sample_ns=100000000
window_ns=1000000000
rapl_core_sum_uj=8525534178
rapl_psys_sum_uj=0
pid=0 energy=34468680603238420 alive=1 kernel=1 cpu_ns=6890687833000000 mem=1042882560 instructions=3048287647684 wakeups=249334 diski=7520256 disko=23638016 rx=72211973 tx=30562789 comm=*system*
psu_energy_ac_mcp_machine=18339673584
-------
timestamp=3407948476647038
iterations=1619
sample_ns=100000000
window_ns=1000000000
rapl_core_sum_uj=8536784116
rapl_psys_sum_uj=0
pid=0 energy=34468717020087750 alive=1 kernel=1 cpu_ns=6890689080000000 mem=1042657280 instructions=3054324017550 wakeups=249569 diski=7520256 disko=23638016 rx=72211973 tx=30562789 comm=*system*
psu_energy_ac_mcp_machine=18359802002
-------
timestamp=3407948636829036
iterations=1620
sample_ns=100000000
window_ns=1000000000
rapl_core_sum_uj=8542423581
rapl_psys_sum_uj=0
pid=0 energy=34468735073657770 alive=1 kernel=1 cpu_ns=6890689704000000 mem=1042432000 instructions=3057310731554 wakeups=249782 diski=7520256 disko=23638016 rx=72211973 tx=30562789 comm=*system*
psu_energy_ac_mcp_machine=18379982910
-------
timestamp=3407948795896132
iterations=1622
sample_ns=100000000
window_ns=1000000000
rapl_core_sum_uj=8554306148
rapl_psys_sum_uj=0
pid=0 energy=34468774630883120 alive=1 kernel=1 cpu_ns=6890690956000000 mem=989941760 instructions=3063970176624 wakeups=250016 diski=7520256 disko=23638016 rx=72211973 tx=30562789 comm=*system*
psu_energy_ac_mcp_machine=18401183105
-------
timestamp=3407948944546684
iterations=1623
sample_ns=100000000
window_ns=1000000000
rapl_core_sum_uj=8560623225
rapl_psys_sum_uj=0
pid=0 energy=34468796858889805 alive=1 kernel=1 cpu_ns=6890691574000000 mem=952512512 instructions=3067797777961 wakeups=250209 diski=7520256 disko=23638016 rx=72211973 tx=30562789 comm=*system*
psu_energy_ac_mcp_machine=18423442993
-------
timestamp=3407949097689000
iterations=1625
sample_ns=100000000
window_ns=1000000000
rapl_core_sum_uj=8574410516
rapl_psys_sum_uj=0
pid=0 energy=34468847235636375 alive=1 kernel=1 cpu_ns=6890692821000000 mem=815566848 instructions=3076626127275 wakeups=250447 diski=7520256 disko=23678976 rx=72211973 tx=30562789 comm=*system*
psu_energy_ac_mcp_machine=18445968506
-------
timestamp=3407949247793691
iterations=1626
sample_ns=100000000
window_ns=1000000000
rapl_core_sum_uj=8581766839
rapl_psys_sum_uj=0
pid=0 energy=34468871675922965 alive=1 kernel=1 cpu_ns=6890693443000000 mem=954789888 instructions=3080892184593 wakeups=250664 diski=7520256 disko=23678976 rx=72211975 tx=30562789 comm=*system*
psu_energy_ac_mcp_machine=18463168945
-------
timestamp=3407949392153522
iterations=1628
sample_ns=100000000
window_ns=1000000000
rapl_core_sum_uj=8596708733
rapl_psys_sum_uj=0
pid=0 energy=34468926518951050 alive=1 kernel=1 cpu_ns=6890694691000000 mem=985427968 instructions=3090612790210 wakeups=250890 diski=7520256 disko=23678976 rx=72211975 tx=30562789 comm=*system*
psu_energy_ac_mcp_machine=18486452759
-------
timestamp=3407949541414970
iterations=1629
sample_ns=100000000
window_ns=1000000000
rapl_core_sum_uj=8603960686
rapl_psys_sum_uj=0
pid=0 energy=34468946444941255 alive=1 kernel=1 cpu_ns=6890695315000000 mem=1008181248 instructions=3093973988251 wakeups=251115 diski=7520256 disko=23678976 rx=72211975 tx=30562789 comm=*system*
psu_energy_ac_mcp_machine=18509509644
-------
timestamp=3407949694062923
iterations=1631
sample_ns=100000000
window_ns=1000000000
rapl_core_sum_uj=8616609001
rapl_psys_sum_uj=0
pid=0 energy=34468976392416920 alive=1 kernel=1 cpu_ns=6890696563000000 mem=941723648 instructions=3098715483384 wakeups=251368 diski=7520256 disko=23678976 rx=72211975 tx=30562789 comm=*system*
psu_energy_ac_mcp_machine=18530313843
-------
timestamp=3407949872302406
iterations=1632
sample_ns=100000000
window_ns=1000000000
rapl_core_sum_uj=8622317619
rapl_psys_sum_uj=0
pid=0 energy=34468984572312335 alive=1 kernel=1 cpu_ns=6890697187000000 mem=1000747008 instructions=3099727462467 wakeups=251583 diski=7520256 disko=23678976 rx=72211975 tx=30562789 comm=*system*
psu_energy_ac_mcp_machine=18549637451
-------
timestamp=3407950048393332
iterations=1634
sample_ns=100000000
window_ns=1000000000
rapl_core_sum_uj=8633009085
rapl_psys_sum_uj=0
pid=0 energy=34468994676896285 alive=1 kernel=1 cpu_ns=6890698483000000 mem=966414336 instructions=3100452379257 wakeups=251830 diski=7520256 disko=23678976 rx=72211975 tx=30562789 comm=*system*
psu_energy_ac_mcp_machine=18573589844
-------
timestamp=3407950221720952
iterations=1636
sample_ns=100000000
window_ns=1000000000
rapl_core_sum_uj=8644033925
rapl_psys_sum_uj=0
pid=0 energy=34469011636041585 alive=1 kernel=1 cpu_ns=6890699730000000 mem=979333120 instructions=3102597208317 wakeups=252092 diski=7520256 disko=23678976 rx=72211975 tx=30562789 comm=*system*
psu_energy_ac_mcp_machine=18593278442
-------
timestamp=3407950390627696
iterations=1637
sample_ns=100000000
window_ns=1000000000
rapl_core_sum_uj=8649458302
rapl_psys_sum_uj=0
pid=0 energy=34469020416520280 alive=1 kernel=1 cpu_ns=6890700353000000 mem=893431808 instructions=3103730304056 wakeups=252300 diski=7520256 disko=23678976 rx=72211975 tx=30562789 comm=*system*
psu_energy_ac_mcp_machine=18612718872
-------
timestamp=3407950555565605
iterations=1639
sample_ns=100000000
window_ns=1000000000
rapl_core_sum_uj=8660684436
rapl_psys_sum_uj=0
pid=0 energy=34469037207424900 alive=1 kernel=1 cpu_ns=6890701618000000 mem=997285888 instructions=3105823484980 wakeups=252542 diski=7520256 disko=23678976 rx=72211975 tx=30562789 comm=*system*
psu_energy_ac_mcp_machine=18632563110
-------
timestamp=3407950721193496
iterations=1640
sample_ns=100000000
window_ns=1000000000
rapl_core_sum_uj=8666794787
rapl_psys_sum_uj=0
pid=0 energy=34469049524446695 alive=1 kernel=1 cpu_ns=6890702272000000 mem=924295168 instructions=3107632889339 wakeups=252776 diski=7520256 disko=23678976 rx=72211975 tx=30562789 comm=*system*
psu_energy_ac_mcp_machine=18652888184
-------
timestamp=3407950876964054
iterations=1642
sample_ns=100000000
window_ns=1000000000
rapl_core_sum_uj=8678091661
rapl_psys_sum_uj=0
pid=0 energy=34469073392198155 alive=1 kernel=1 cpu_ns=6890703525000000 mem=873017344 instructions=3111153439631 wakeups=253014 diski=7520256 disko=23678976 rx=72211975 tx=30562789 comm=*system*
psu_energy_ac_mcp_machine=18672802368
-------
timestamp=3407951031788475
iterations=1643
sample_ns=100000000
window_ns=1000000000
rapl_core_sum_uj=8684283494
rapl_psys_sum_uj=0
pid=0 energy=34469091728513090 alive=1 kernel=1 cpu_ns=6890704143000000 mem=851660800 instructions=3114202702618 wakeups=253230 diski=7520256 disko=23678976 rx=72211975 tx=30562789 comm=*system*
psu_energy_ac_mcp_machine=18694621338
-------
timestamp=3407951179780187
iterations=1645
sample_ns=100000000
window_ns=1000000000
rapl_core_sum_uj=8698367538
rapl_psys_sum_uj=0
pid=0 energy=34469152740645735 alive=1 kernel=1 cpu_ns=6890705396000000 mem=708235264 instructions=3125152129147 wakeups=253473 diski=7520256 disko=23678976 rx=72211977 tx=30562789 comm=*system*
psu_energy_ac_mcp_machine=18716654541
-------
timestamp=3407951333438273
iterations=1646
sample_ns=100000000
window_ns=1000000000
rapl_core_sum_uj=8704913192
rapl_psys_sum_uj=0
pid=0 energy=34469180318179505 alive=1 kernel=1 cpu_ns=6890706014000000 mem=863649792 instructions=3130049635901 wakeups=253688 diski=7520256 disko=23678976 rx=72211977 tx=30562789 comm=*system*
psu_energy_ac_mcp_machine=18738442627
-------
timestamp=3407951482106091
iterations=1648
sample_ns=100000000
window_ns=1000000000
rapl_core_sum_uj=8718886823
rapl_psys_sum_uj=0
pid=0 energy=34469232833139740 alive=1 kernel=1 cpu_ns=6890707268000000 mem=899989504 instructions=3139298627948 wakeups=253942 diski=7520256 disko=23695360 rx=72211977 tx=30562789 comm=*system*
psu_energy_ac_mcp_machine=18755322021
-------
timestamp=3407951638593214
iterations=1649
sample_ns=100000000
window_ns=1000000000
rapl_core_sum_uj=8725630536
rapl_psys_sum_uj=0
pid=0 energy=34469252695839515 alive=1 kernel=1 cpu_ns=6890707886000000 mem=954728448 instructions=3142653167903 wakeups=254157 diski=7520256 disko=23695360 rx=72211977 tx=30562789 comm=*system*
psu_energy_ac_mcp_machine=18777446411
-------
timestamp=3407951794060419
iterations=1651
sample_ns=100000000
window_ns=1000000000
rapl_core_sum_uj=8738444988
rapl_psys_sum_uj=0
pid=0 energy=34469284239098710 alive=1 kernel=1 cpu_ns=6890709132000000 mem=642732032 instructions=3147715819742 wakeups=254436 diski=7520256 disko=23695360 rx=72211977 tx=30562789 comm=*system*
psu_energy_ac_mcp_machine=18799027710
-------
timestamp=3407951943388792
iterations=1652
sample_ns=100000000
window_ns=1000000000
rapl_core_sum_uj=8745455486
rapl_psys_sum_uj=0
pid=0 energy=34469299980250420 alive=1 kernel=1 cpu_ns=6890709756000000 mem=849854464 instructions=3150240050084 wakeups=254657 diski=7520256 disko=23695360 rx=72211977 tx=30562789 comm=*system*
psu_energy_ac_mcp_machine=18822106323
-------
timestamp=3407952097101267
iterations=1654
sample_ns=100000000
window_ns=1000000000
rapl_core_sum_uj=8759450724
rapl_psys_sum_uj=0
pid=0 energy=34469339722095185 alive=1 kernel=1 cpu_ns=6890711010000000 mem=1039679488 instructions=3156934419037 wakeups=254936 diski=7520256 disko=23695360 rx=72211977 tx=30562789 comm=*system*
psu_energy_ac_mcp_machine=18844678101
-------
timestamp=3407952256138810
iterations=1655
sample_ns=100000000
window_ns=1000000000
rapl_core_sum_uj=8767096475
rapl_psys_sum_uj=0
pid=0 energy=34469367508326720 alive=1 kernel=1 cpu_ns=6890711628000000 mem=987189248 instructions=3161873665344 wakeups=255133 diski=7520256 disko=23695360 rx=72211977 tx=30562789 comm=*system*
psu_energy_ac_mcp_machine=18869379761
-------
timestamp=3407952407977513
iterations=1657
sample_ns=100000000
window_ns=1000000000
rapl_core_sum_uj=8781722085
rapl_psys_sum_uj=0
pid=0 energy=34469411726059040 alive=1 kernel=1 cpu_ns=6890712882000000 mem=996651008 instructions=3169463211808 wakeups=255388 diski=7520256 disko=23695360 rx=72211977 tx=30562789 comm=*system*
psu_energy_ac_mcp_machine=18886687256
-------
timestamp=3407952561955720
iterations=1658
sample_ns=100000000
window_ns=1000000000
rapl_core_sum_uj=8789021462
rapl_psys_sum_uj=0
pid=0 energy=34469441769919825 alive=1 kernel=1 cpu_ns=6890713500000000 mem=982007808 instructions=3174853983965 wakeups=255582 diski=7520256 disko=23695360 rx=72211977 tx=30562789 comm=*system*
psu_energy_ac_mcp_machine=18910210693
-------
timestamp=3407952712925862
iterations=1659
sample_ns=100000000
window_ns=1000000000
rapl_core_sum_uj=8796325966
rapl_psys_sum_uj=0
pid=0 energy=34469472277754915 alive=1 kernel=1 cpu_ns=6890714124000000 mem=932896768 instructions=3180331550983 wakeups=255813 diski=7520256 disko=23695360 rx=72211977 tx=30562789 comm=*system*
psu_energy_ac_mcp_machine=18933842163
-------
timestamp=3407952859887551
iterations=1661
sample_ns=100000000
window_ns=1000000000
rapl_core_sum_uj=8811154090
rapl_psys_sum_uj=0
pid=0 energy=34469530617415945 alive=1 kernel=1 cpu_ns=6890715378000000 mem=852447232 instructions=3190745483189 wakeups=256075 diski=7520256 disko=23695360 rx=72211977 tx=30562789 comm=*system*
psu_energy_ac_mcp_machine=18957126343
-------
timestamp=3407953007136980
iterations=1662
sample_ns=100000000
window_ns=1000000000
rapl_core_sum_uj=8818691931
rapl_psys_sum_uj=0
pid=0 energy=34469561105566240 alive=1 kernel=1 cpu_ns=6890715994000000 mem=937603072 instructions=3196227113248 wakeups=256308 diski=7520256 disko=23695360 rx=72211977 tx=30562789 comm=*system*
psu_energy_ac_mcp_machine=18974602661
-------
timestamp=3407953159377950
iterations=1664
sample_ns=100000000
window_ns=1000000000
rapl_core_sum_uj=8831369786
rapl_psys_sum_uj=0
pid=0 energy=34469599077466750 alive=1 kernel=1 cpu_ns=6890717248000000 mem=870244352 instructions=3202567493350 wakeups=256612 diski=7520256 disko=26238976 rx=72211977 tx=30562789 comm=*system*
psu_energy_ac_mcp_machine=18995109619
-------
timestamp=3407953313073214
iterations=1665
sample_ns=100000000
window_ns=1000000000
rapl_core_sum_uj=8838553196
rapl_psys_sum_uj=0
pid=0 energy=34469625541471065 alive=1 kernel=1 cpu_ns=6890717866000000 mem=1017909248 instructions=3207242294213 wakeups=256827 diski=7520256 disko=26238976 rx=72211979 tx=30562789 comm=*system*
psu_energy_ac_mcp_machine=19018479492
-------
timestamp=3407953463169991
iterations=1667
sample_ns=100000000
window_ns=1000000000
rapl_core_sum_uj=8852849215
rapl_psys_sum_uj=0
pid=0 energy=34469695619144665 alive=1 kernel=1 cpu_ns=6890719113000000 mem=769613824 instructions=3220010828933 wakeups=257079 diski=7520256 disko=26238976 rx=72211979 tx=30562789 comm=*system*
psu_energy_ac_mcp_machine=19041549927
-------
timestamp=3407953615906446
iterations=1668
sample_ns=100000000
window_ns=1000000000
rapl_core_sum_uj=8860207674
rapl_psys_sum_uj=0
pid=0 energy=34469722120822015 alive=1 kernel=1 cpu_ns=6890719743000000 mem=962621440 instructions=3224681164403 wakeups=257299 diski=7520256 disko=26238976 rx=72211979 tx=30562789 comm=*system*
psu_energy_ac_mcp_machine=19064829956
-------
timestamp=3407953767888204
iterations=1670
sample_ns=100000000
window_ns=1000000000
rapl_core_sum_uj=8874576630
rapl_psys_sum_uj=0
pid=0 energy=34469775440084485 alive=1 kernel=1 cpu_ns=6890720983000000 mem=1043218432 instructions=3234105016897 wakeups=257566 diski=7520256 disko=26238976 rx=72211979 tx=30562789 comm=*system*
psu_energy_ac_mcp_machine=19082228027
-------
timestamp=3407953920195177
iterations=1671
sample_ns=100000000
window_ns=1000000000
rapl_core_sum_uj=8881598724
rapl_psys_sum_uj=0
pid=0 energy=34469801891414915 alive=1 kernel=1 cpu_ns=6890721606000000 mem=906674176 instructions=3238772282983 wakeups=257788 diski=7520256 disko=26238976 rx=72211979 tx=30562789 comm=*system*
psu_energy_ac_mcp_machine=19104333984
-------
timestamp=3407954073045535
iterations=1673
sample_ns=100000000
window_ns=1000000000
rapl_core_sum_uj=8893501067
rapl_psys_sum_uj=0
pid=0 energy=34469839988939405 alive=1 kernel=1 cpu_ns=6890722853000000 mem=1043705856 instructions=3245144787881 wakeups=258049 diski=7520256 disko=26271744 rx=72211979 tx=30562789 comm=*system*
psu_energy_ac_mcp_machine=19124981689
-------
timestamp=3407954222232281
iterations=1674
sample_ns=100000000
window_ns=1000000000
rapl_core_sum_uj=8899364287
rapl_psys_sum_uj=0
pid=0 energy=34469860004788915 alive=1 kernel=1 cpu_ns=6890723476000000 mem=1042804736 instructions=3248524957783 wakeups=258241 diski=7520256 disko=26275840 rx=72211979 tx=30562789 comm=*system*
psu_energy_ac_mcp_machine=19145530518
-------
timestamp=3407954372485180
iterations=1675
sample_ns=100000000
window_ns=1000000000
rapl_core_sum_uj=8905356657
rapl_psys_sum_uj=0
pid=0 energy=34469880753470740 alive=1 kernel=1 cpu_ns=6890724106000000 mem=1003831296 instructions=3252044694148 wakeups=258461 diski=7520256 disko=26275840 rx=72211979 tx=30562789 comm=*system*
psu_energy_ac_mcp_machine=19167289307
-------
timestamp=3407954533973922
iterations=1677
sample_ns=100000000
window_ns=1000000000
rapl_core_sum_uj=8918749661
rapl_psys_sum_uj=0
pid=0 energy=34469934042336910 alive=1 kernel=1 cpu_ns=6890725348000000 mem=1042354176 instructions=3261460467382 wakeups=258680 diski=7520256 disko=26275840 rx=72211979 tx=30562789 comm=*system*
psu_energy_ac_mcp_machine=19190062134
-------
timestamp=3407954693347050
iterations=1679
sample_ns=100000000
window_ns=1000000000
rapl_core_sum_uj=8932185390
rapl_psys_sum_uj=0
pid=0 energy=34469992945331665 alive=1 kernel=1 cpu_ns=6890726595000000 mem=993693696 instructions=3271994066333 wakeups=258958 diski=7520256 disko=26275840 rx=72211979 tx=30562789 comm=*system*
psu_energy_ac_mcp_machine=19212377563
-------
timestamp=3407954861468738
iterations=1680
sample_ns=100000000
window_ns=1000000000
rapl_core_sum_uj=8938213649
rapl_psys_sum_uj=0
pid=0 energy=34470013503647390 alive=1 kernel=1 cpu_ns=6890727218000000 mem=1042362368 instructions=3275482729478 wakeups=259142 diski=7520256 disko=26275840 rx=72211979 tx=30562789 comm=*system*
psu_energy_ac_mcp_machine=19232885254
-------
timestamp=3407955022050268
iterations=1682
sample_ns=100000000
window_ns=1000000000
rapl_core_sum_uj=8949705286
rapl_psys_sum_uj=0
pid=0 energy=34470052076322770 alive=1 kernel=1 cpu_ns=6890728465000000 mem=961875968 instructions=3281950264554 wakeups=259398 diski=7520256 disko=26275840 rx=72211979 tx=30562789 comm=*system*
psu_energy_ac_mcp_machine=19253454834
-------
timestamp=3407955185523726
iterations=1683
sample_ns=100000000
window_ns=1000000000
rapl_core_sum_uj=8955959558
rapl_psys_sum_uj=0
pid=0 energy=34470073372804790 alive=1 kernel=1 cpu_ns=6890729095000000 mem=992964608 instructions=3285579560958 wakeups=259611 diski=7520256 disko=26275840 rx=72211979 tx=30562789 comm=*system*
psu_energy_ac_mcp_machine=19274949463
-------
timestamp=3407955347983600
iterations=1685
sample_ns=100000000
window_ns=1000000000
rapl_core_sum_uj=8968208947
rapl_psys_sum_uj=0
pid=0 energy=34470117096914545 alive=1 kernel=1 cpu_ns=6890730336000000 mem=1042526208 instructions=3293083382909 wakeups=259833 diski=7520256 disko=26275840 rx=72211981 tx=30562789 comm=*system*
psu_energy_ac_mcp_machine=19295919556
-------
timestamp=3407955511396074
iterations=1686
sample_ns=100000000
window_ns=1000000000
rapl_core_sum_uj=8974222924
rapl_psys_sum_uj=0
pid=0 energy=34470137796309115 alive=1 kernel=1 cpu_ns=6890730959000000 mem=1042751488 instructions=3296600261823 wakeups=260053 diski=7520256 disko=26275840 rx=72211981 tx=30562789 comm=*system*
psu_energy_ac_mcp_machine=19316989136
-------
timestamp=3407955669589014
iterations=1688
sample_ns=100000000
window_ns=1000000000
rapl_core_sum_uj=8986357139
rapl_psys_sum_uj=0
pid=0 energy=34470179668373690 alive=1 kernel=1 cpu_ns=6890732206000000 mem=1042976768 instructions=3303727674738 wakeups=260351 diski=7520256 disko=26275840 rx=72211981 tx=30562789 comm=*system*
psu_energy_ac_mcp_machine=19338163818
-------
timestamp=3407955828187806
iterations=1689
sample_ns=100000000
window_ns=1000000000
rapl_core_sum_uj=8992489768
rapl_psys_sum_uj=0
pid=0 energy=34470202239027170 alive=1 kernel=1 cpu_ns=6890732834000000 mem=964354048 instructions=3307613805434 wakeups=260579 diski=7520256 disko=26275840 rx=72211982 tx=30562790 comm=*system*
psu_energy_ac_mcp_machine=19359296509
-------
timestamp=3407955986286515
iterations=1691
sample_ns=100000000
window_ns=1000000000
rapl_core_sum_uj=9004668966
rapl_psys_sum_uj=0
pid=0 energy=34470244587611860 alive=1 kernel=1 cpu_ns=6890734076000000 mem=993406976 instructions=3314841522372 wakeups=260814 diski=7520256 disko=26275840 rx=72211982 tx=30562790 comm=*system*
psu_energy_ac_mcp_machine=19380288818
-------
timestamp=3407956151610015
iterations=1693
sample_ns=100000000
window_ns=1000000000
rapl_core_sum_uj=9016436848
rapl_psys_sum_uj=0
pid=0 energy=34470280492609170 alive=1 kernel=1 cpu_ns=6890735329000000 mem=1043869696 instructions=3320769521834 wakeups=261079 diski=7520256 disko=26275840 rx=72211982 tx=30562790 comm=*system*
psu_energy_ac_mcp_machine=19400792603
-------
timestamp=3407956313932522
iterations=1694
sample_ns=100000000
window_ns=1000000000
rapl_core_sum_uj=9022547565
rapl_psys_sum_uj=0
pid=0 energy=34470299789325560 alive=1 kernel=1 cpu_ns=6890735952000000 mem=1042968576 instructions=3324005865112 wakeups=261276 diski=7520256 disko=26275840 rx=72211982 tx=30562790 comm=*system*
psu_energy_ac_mcp_machine=19421802002
-------
timestamp=3407956461885366
iterations=1696
sample_ns=100000000
window_ns=1000000000
rapl_core_sum_uj=9036153093
rapl_psys_sum_uj=0
pid=0 energy=34470338217585025 alive=1 kernel=1 cpu_ns=6890737192000000 mem=825290752 instructions=3330451517005 wakeups=261546 diski=7520256 disko=26275840 rx=72211982 tx=30562790 comm=*system*
psu_energy_ac_mcp_machine=19444631226
-------
timestamp=3407956616007190
iterations=1697
sample_ns=100000000
window_ns=1000000000
rapl_core_sum_uj=9043197770
rapl_psys_sum_uj=0
pid=0 energy=34470355762133360 alive=1 kernel=1 cpu_ns=6890737815000000 mem=935837696 instructions=3333337426672 wakeups=261730 diski=7520256 disko=26275840 rx=72211982 tx=30562790 comm=*system*
psu_energy_ac_mcp_machine=19467768677
-------
timestamp=3407956770853580
iterations=1698
sample_ns=100000000
window_ns=1000000000
rapl_core_sum_uj=9050538590
rapl_psys_sum_uj=0
pid=0 energy=34470386524839020 alive=1 kernel=1 cpu_ns=6890738437000000 mem=1042423808 instructions=3338867967804 wakeups=261959 diski=7520256 disko=26292224 rx=72211982 tx=30562790 comm=*system*
psu_energy_ac_mcp_machine=19485525757
-------
timestamp=3407956906939957
iterations=1700
sample_ns=100000000
window_ns=1000000000
rapl_core_sum_uj=9063627822
rapl_psys_sum_uj=0
pid=0 energy=34470423063824155 alive=1 kernel=1 cpu_ns=6890739470000000 mem=550596608 instructions=3345142764831 wakeups=262263 diski=7520256 disko=26292224 rx=72211987 tx=30562796 comm=*system*
psu_energy_ac_mcp_machine=19504208618
-------
timestamp=3407957040386859
iterations=1701
sample_ns=100000000
window_ns=1000000000
rapl_core_sum_uj=9066745314
rapl_psys_sum_uj=0
pid=0 energy=34470426364527870 alive=1 kernel=1 cpu_ns=6890739585000000 mem=550600704 instructions=3345687905574 wakeups=262480 diski=7602176 disko=26292224 rx=72211987 tx=30562796 comm=*system*
psu_energy_ac_mcp_machine=19514451660
-------
timestamp=3407957170880011
iterations=1702
sample_ns=100000000
window_ns=1000000000
rapl_core_sum_uj=9069747999
rapl_psys_sum_uj=0
pid=0 energy=34470429811103145 alive=1 kernel=1 cpu_ns=6890739700000000 mem=550584320 instructions=3346262220629 wakeups=262691 diski=7602176 disko=26292224 rx=72211987 tx=30562796 comm=*system*
psu_energy_ac_mcp_machine=19524898193
-------
timestamp=3407957300801060
iterations=1704
sample_ns=100000000
window_ns=1000000000
rapl_core_sum_uj=9075780835
rapl_psys_sum_uj=0
pid=0 energy=34470436530478580 alive=1 kernel=1 cpu_ns=6890739923000000 mem=550608896 instructions=3347383095716 wakeups=262904 diski=7602176 disko=26292224 rx=72211989 tx=30562796 comm=*system*
psu_energy_ac_mcp_machine=19538964355
-------
timestamp=3407957433640007
iterations=1705
sample_ns=100000000
window_ns=1000000000
rapl_core_sum_uj=9078721142
rapl_psys_sum_uj=0
pid=0 energy=34470439968091095 alive=1 kernel=1 cpu_ns=6890740039000000 mem=550604800 instructions=3347954618219 wakeups=263123 diski=7602176 disko=26292224 rx=72211989 tx=30562796 comm=*system*
psu_energy_ac_mcp_machine=19549225830
-------
timestamp=3407957567587105
iterations=1706
sample_ns=100000000
window_ns=1000000000
rapl_core_sum_uj=9081740551
rapl_psys_sum_uj=0
pid=0 energy=34470443410717730 alive=1 kernel=1 cpu_ns=6890740157000000 mem=550608896 instructions=3348525143546 wakeups=263331 diski=7602176 disko=26292224 rx=72211989 tx=30562796 comm=*system*
psu_energy_ac_mcp_machine=19559769043
-------
timestamp=3407957698221015
iterations=1707
sample_ns=100000000
window_ns=1000000000
rapl_core_sum_uj=9084885570
rapl_psys_sum_uj=0
pid=0 energy=34470446865554165 alive=1 kernel=1 cpu_ns=6890740277000000 mem=550551552 instructions=3349096110833 wakeups=263559 diski=7602176 disko=26292224 rx=72211989 tx=30562796 comm=*system*
psu_energy_ac_mcp_machine=19573787964
-------
timestamp=3407957832100046
iterations=1709
sample_ns=100000000
window_ns=1000000000
rapl_core_sum_uj=9090585154
rapl_psys_sum_uj=0
pid=0 energy=34470453445338955 alive=1 kernel=1 cpu_ns=6890740498000000 mem=550608896 instructions=3350191067791 wakeups=263783 diski=7602176 disko=26292224 rx=72211989 tx=30562796 comm=*system*
psu_energy_ac_mcp_machine=19583952515
-------
timestamp=3407957964793871
iterations=1710
sample_ns=100000000
window_ns=1000000000
rapl_core_sum_uj=9093666025
rapl_psys_sum_uj=0
pid=0 energy=34470456895544445 alive=1 kernel=1 cpu_ns=6890740614000000 mem=550735872 instructions=3350765108889 wakeups=263999 diski=7602176 disko=26292224 rx=72211989 tx=30562796 comm=*system*
psu_energy_ac_mcp_machine=19594595215
-------
timestamp=3407958095365688
iterations=1711
sample_ns=100000000
window_ns=1000000000
rapl_core_sum_uj=9096824777
rapl_psys_sum_uj=0
pid=0 energy=34470460320498710 alive=1 kernel=1 cpu_ns=6890740730000000 mem=550739968 instructions=3351334099742 wakeups=264212 diski=7602176 disko=26292224 rx=72211989 tx=30562796 comm=*system*
psu_energy_ac_mcp_machine=19605183960
-------
timestamp=3407958225671439
iterations=1712
sample_ns=100000000
window_ns=1000000000
rapl_core_sum_uj=9099833627
rapl_psys_sum_uj=0
pid=0 energy=34470463765311965 alive=1 kernel=1 cpu_ns=6890740846000000 mem=550461440 instructions=3351907062393 wakeups=264437 diski=7602176 disko=26292224 rx=72211989 tx=30562796 comm=*system*
psu_energy_ac_mcp_machine=19618779175
-------
timestamp=3407958359473674
iterations=1714
sample_ns=100000000
window_ns=1000000000
rapl_core_sum_uj=9105359322
rapl_psys_sum_uj=0
pid=0 energy=34470470452555460 alive=1 kernel=1 cpu_ns=6890741068000000 mem=550739968 instructions=3353022511092 wakeups=264661 diski=7602176 disko=26292224 rx=72211989 tx=30562796 comm=*system*
psu_energy_ac_mcp_machine=19628923950
-------
timestamp=3407958490007776
iterations=1715
sample_ns=100000000
window_ns=1000000000
rapl_core_sum_uj=9108564766
rapl_psys_sum_uj=0
pid=0 energy=34470473859823050 alive=1 kernel=1 cpu_ns=6890741184000000 mem=550739968 instructions=3353587964610 wakeups=264873 diski=7602176 disko=26292224 rx=72211989 tx=30562796 comm=*system*
psu_energy_ac_mcp_machine=19639681030
-------
timestamp=3407958619948255
iterations=1716
sample_ns=100000000
window_ns=1000000000
rapl_core_sum_uj=9111561592
rapl_psys_sum_uj=0
pid=0 energy=34470477321481155 alive=1 kernel=1 cpu_ns=6890741299000000 mem=550744064 instructions=3354165296231 wakeups=265077 diski=7602176 disko=26292224 rx=72211989 tx=30562796 comm=*system*
psu_energy_ac_mcp_machine=19653341675
-------
timestamp=3407958751784242
iterations=1718
sample_ns=100000000
window_ns=1000000000
rapl_core_sum_uj=9117233833
rapl_psys_sum_uj=0
pid=0 energy=34470483985575215 alive=1 kernel=1 cpu_ns=6890741525000000 mem=551432192 instructions=3355272115043 wakeups=265315 diski=7602176 disko=26292224 rx=72211989 tx=30562796 comm=*system*
psu_energy_ac_mcp_machine=19663473999
-------
timestamp=3407958885366290
iterations=1719
sample_ns=100000000
window_ns=1000000000
rapl_core_sum_uj=9120306037
rapl_psys_sum_uj=0
pid=0 energy=34470487346043605 alive=1 kernel=1 cpu_ns=6890741636000000 mem=550752256 instructions=3355833208721 wakeups=265519 diski=7602176 disko=26292224 rx=72211989 tx=30562796 comm=*system*
psu_energy_ac_mcp_machine=19674045166
-------
timestamp=3407959015242481
iterations=1720
sample_ns=100000000
window_ns=1000000000
rapl_core_sum_uj=9123457282
rapl_psys_sum_uj=0
pid=0 energy=34470490792987255 alive=1 kernel=1 cpu_ns=6890741752000000 mem=550756352 instructions=3356406597451 wakeups=265734 diski=7602176 disko=26292224 rx=72211989 tx=30562796 comm=*system*
psu_energy_ac_mcp_machine=19684603882
-------
timestamp=3407959145392137
iterations=1721
sample_ns=100000000
window_ns=1000000000
rapl_core_sum_uj=9126352484
rapl_psys_sum_uj=0
pid=0 energy=34470494243095550 alive=1 kernel=1 cpu_ns=6890741867000000 mem=550739968 instructions=3356981619110 wakeups=265947 diski=7602176 disko=26292224 rx=72211989 tx=30562796 comm=*system*
psu_energy_ac_mcp_machine=19698216919
-------
timestamp=3407959277734210
iterations=1723
sample_ns=100000000
window_ns=1000000000
rapl_core_sum_uj=9132199712
rapl_psys_sum_uj=0
pid=0 energy=34470500924301280 alive=1 kernel=1 cpu_ns=6890742087000000 mem=550756352 instructions=3358097860256 wakeups=266167 diski=7602176 disko=26333184 rx=72211991 tx=30562796 comm=*system*
psu_energy_ac_mcp_machine=19708677856
-------
timestamp=3407959409144412
iterations=1724
sample_ns=100000000
window_ns=1000000000
rapl_core_sum_uj=9135301396
rapl_psys_sum_uj=0
pid=0 energy=34470504359394760 alive=1 kernel=1 cpu_ns=6890742206000000 mem=550756352 instructions=3358665878952 wakeups=266372 diski=7602176 disko=26333184 rx=72211991 tx=30562796 comm=*system*
psu_energy_ac_mcp_machine=19719042603
-------
timestamp=3407959539772713
iterations=1725
sample_ns=100000000
window_ns=1000000000
rapl_core_sum_uj=9138209904
rapl_psys_sum_uj=0
pid=0 energy=34470507684121020 alive=1 kernel=1 cpu_ns=6890742322000000 mem=550760448 instructions=3359214824204 wakeups=266585 diski=7602176 disko=26333184 rx=72211991 tx=30562796 comm=*system*
psu_energy_ac_mcp_machine=19732968506
-------
timestamp=3407959673289577
iterations=1726
sample_ns=100000000
window_ns=1000000000
rapl_core_sum_uj=9141177738
rapl_psys_sum_uj=0
pid=0 energy=34470511124742170 alive=1 kernel=1 cpu_ns=6890742441000000 mem=550924288 instructions=3359783948434 wakeups=266802 diski=7602176 disko=26333184 rx=72211991 tx=30562796 comm=*system*
psu_energy_ac_mcp_machine=19743366333
-------
timestamp=3407959807700222
iterations=1728
sample_ns=100000000
window_ns=1000000000
rapl_core_sum_uj=9147186587
rapl_psys_sum_uj=0
pid=0 energy=34470517809598330 alive=1 kernel=1 cpu_ns=6890742662000000 mem=550764544 instructions=3360899919666 wakeups=267030 diski=7602176 disko=26361856 rx=72211991 tx=30562796 comm=*system*
psu_energy_ac_mcp_machine=19753713257
-------
timestamp=3407959938475660
iterations=1729
sample_ns=100000000
window_ns=1000000000
rapl_core_sum_uj=9150096926
rapl_psys_sum_uj=0
pid=0 energy=34470521268012305 alive=1 kernel=1 cpu_ns=6890742779000000 mem=550764544 instructions=3361474602461 wakeups=267240 diski=7602176 disko=26361856 rx=72211991 tx=30562796 comm=*system*
psu_energy_ac_mcp_machine=19763969360
-------
timestamp=3407960068732953
iterations=1730
sample_ns=100000000
window_ns=1000000000
rapl_core_sum_uj=9153088808
rapl_psys_sum_uj=0
pid=0 energy=34470524678427815 alive=1 kernel=1 cpu_ns=6890742893000000 mem=550764544 instructions=3362042685563 wakeups=267445 diski=7602176 disko=26361856 rx=72211991 tx=30562796 comm=*system*
psu_energy_ac_mcp_machine=19778101929
-------
timestamp=3407960201704685
iterations=1731
sample_ns=100000000
window_ns=1000000000
rapl_core_sum_uj=9156213502
rapl_psys_sum_uj=0
pid=0 energy=34470528122474060 alive=1 kernel=1 cpu_ns=6890743011000000 mem=550846464 instructions=3362613494812 wakeups=267658 diski=7602176 disko=26361856 rx=72211991 tx=30562796 comm=*system*
psu_energy_ac_mcp_machine=19788281128
-------
timestamp=3407960331572930
iterations=1733
sample_ns=100000000
window_ns=1000000000
rapl_core_sum_uj=9161933166
rapl_psys_sum_uj=0
pid=0 energy=34470534721093495 alive=1 kernel=1 cpu_ns=6890743235000000 mem=550772736 instructions=3363709218699 wakeups=267890 diski=7602176 disko=26361856 rx=72211991 tx=30562796 comm=*system*
psu_energy_ac_mcp_machine=19798681763
-------
timestamp=3407960462256833
iterations=1734
sample_ns=100000000
window_ns=1000000000
rapl_core_sum_uj=9164847350
rapl_psys_sum_uj=0
pid=0 energy=34470538168523100 alive=1 kernel=1 cpu_ns=6890743352000000 mem=550772736 instructions=3364281704620 wakeups=268102 diski=7602176 disko=26361856 rx=72211991 tx=30562796 comm=*system*
psu_energy_ac_mcp_machine=19812540405
-------
timestamp=3407960594913776
iterations=1735
sample_ns=100000000
window_ns=1000000000
rapl_core_sum_uj=9167908873
rapl_psys_sum_uj=0
pid=0 energy=34470541595519455 alive=1 kernel=1 cpu_ns=6890743468000000 mem=550707200 instructions=3364851103891 wakeups=268325 diski=7602176 disko=26361856 rx=72211991 tx=30562796 comm=*system*
psu_energy_ac_mcp_machine=19822720337
-------
timestamp=3407960728324792
iterations=1737
sample_ns=100000000
window_ns=1000000000
rapl_core_sum_uj=9173618040
rapl_psys_sum_uj=0
pid=0 energy=34470548369509930 alive=1 kernel=1 cpu_ns=6890743691000000 mem=551387136 instructions=3365982901986 wakeups=268560 diski=7602176 disko=26361856 rx=72211991 tx=30562796 comm=*system*
psu_energy_ac_mcp_machine=19833140747
-------
timestamp=3407960858647692
iterations=1738
sample_ns=100000000
window_ns=1000000000
rapl_core_sum_uj=9176478574
rapl_psys_sum_uj=0
pid=0 energy=34470551715392435 alive=1 kernel=1 cpu_ns=6890743802000000 mem=550711296 instructions=3366541078487 wakeups=268756 diski=7602176 disko=26361856 rx=72211991 tx=30562796 comm=*system*
psu_energy_ac_mcp_machine=19843505005
-------
timestamp=3407960988881232
iterations=1739
sample_ns=100000000
window_ns=1000000000
rapl_core_sum_uj=9179635739
rapl_psys_sum_uj=0
pid=0 energy=34470555150940890 alive=1 kernel=1 cpu_ns=6890743920000000 mem=550715392 instructions=3367110188178 wakeups=268971 diski=7602176 disko=26361856 rx=72211991 tx=30562796 comm=*system*
psu_energy_ac_mcp_machine=19857275635
-------
timestamp=3407961121782163
iterations=1740
sample_ns=100000000
window_ns=1000000000
rapl_core_sum_uj=9182641659
rapl_psys_sum_uj=0
pid=0 energy=34470558595543170 alive=1 kernel=1 cpu_ns=6890744035000000 mem=550629376 instructions=3367684108634 wakeups=269178 diski=7602176 disko=26361856 rx=72211991 tx=30562796 comm=*system*
psu_energy_ac_mcp_machine=19867694336
-------
timestamp=3407961251846064
iterations=1742
sample_ns=100000000
window_ns=1000000000
rapl_core_sum_uj=9188175715
rapl_psys_sum_uj=0
pid=0 energy=34470565181165680 alive=1 kernel=1 cpu_ns=6890744257000000 mem=550719488 instructions=3368779233136 wakeups=269399 diski=7602176 disko=26361856 rx=72211993 tx=30562796 comm=*system*
psu_energy_ac_mcp_machine=19877752319
-------
timestamp=3407961381775666
iterations=1743
sample_ns=100000000
window_ns=1000000000
rapl_core_sum_uj=9191266352
rapl_psys_sum_uj=0
pid=0 energy=34470568610397595 alive=1 kernel=1 cpu_ns=6890744372000000 mem=550719488 instructions=3369350079519 wakeups=269610 diski=7602176 disko=26361856 rx=72211993 tx=30562796 comm=*system*
psu_energy_ac_mcp_machine=19891896729
-------
timestamp=3407961515423680
iterations=1744
sample_ns=100000000
window_ns=1000000000
rapl_core_sum_uj=9194188349
rapl_psys_sum_uj=0
pid=0 energy=34470572062667345 alive=1 kernel=1 cpu_ns=6890744489000000 mem=550715392 instructions=3369923533469 wakeups=269826 diski=7602176 disko=26361856 rx=72211993 tx=30562796 comm=*system*
psu_energy_ac_mcp_machine=19902084839
-------
timestamp=3407961649751979
iterations=1745
sample_ns=100000000
window_ns=1000000000
rapl_core_sum_uj=9197076532
rapl_psys_sum_uj=0
pid=0 energy=34470575503114550 alive=1 kernel=1 cpu_ns=6890744604000000 mem=550703104 instructions=3370496622910 wakeups=270043 diski=7602176 disko=26361856 rx=72211993 tx=30562796 comm=*system*
psu_energy_ac_mcp_machine=19912332153
-------
timestamp=3407961780260917
iterations=1747
sample_ns=100000000
window_ns=1000000000
rapl_core_sum_uj=9202904534
rapl_psys_sum_uj=0
pid=0 energy=34470582195345065 alive=1 kernel=1 cpu_ns=6890744826000000 mem=550727680 instructions=3371613069013 wakeups=270282 diski=7602176 disko=26382336 rx=72211993 tx=30562796 comm=*system*
psu_energy_ac_mcp_machine=19926463745
-------
timestamp=3407961914327173
iterations=1748
sample_ns=100000000
window_ns=1000000000
rapl_core_sum_uj=9206024407
rapl_psys_sum_uj=0
pid=0 energy=34470585617085795 alive=1 kernel=1 cpu_ns=6890744943000000 mem=550731776 instructions=3372180417159 wakeups=270491 diski=7602176 disko=26382336 rx=72211993 tx=30562796 comm=*system*
psu_energy_ac_mcp_machine=19936661743
-------
timestamp=3407962048690018
iterations=1749
sample_ns=100000000
window_ns=1000000000
rapl_core_sum_uj=9208963982
rapl_psys_sum_uj=0
pid=0 energy=34470588930339490 alive=1 kernel=1 cpu_ns=6890745059000000 mem=550727680 instructions=3372727067898 wakeups=270705 diski=7602176 disko=26382336 rx=72211993 tx=30562796 comm=*system*
psu_energy_ac_mcp_machine=19946927734
-------
timestamp=3407962178898350
iterations=1750
sample_ns=100000000
window_ns=1000000000
rapl_core_sum_uj=9211902336
rapl_psys_sum_uj=0
pid=0 energy=34470592393772270 alive=1 kernel=1 cpu_ns=6890745179000000 mem=550727680 instructions=3373299754454 wakeups=270910 diski=7602176 disko=26382336 rx=72211993 tx=30562796 comm=*system*
psu_energy_ac_mcp_machine=19957585815
-------
timestamp=3407962309353123
iterations=1752
sample_ns=100000000
window_ns=1000000000
rapl_core_sum_uj=9217870048
rapl_psys_sum_uj=0
pid=0 energy=34470599082519175 alive=1 kernel=1 cpu_ns=6890745400000000 mem=550731776 instructions=3374416503835 wakeups=271129 diski=7602176 disko=26382336 rx=72211993 tx=30562796 comm=*system*
psu_energy_ac_mcp_machine=19971364380
-------
timestamp=3407962442840665
iterations=1753
sample_ns=100000000
window_ns=1000000000
rapl_core_sum_uj=9220797904
rapl_psys_sum_uj=0
pid=0 energy=34470602522559920 alive=1 kernel=1 cpu_ns=6890745515000000 mem=550735872 instructions=3374989511984 wakeups=271345 diski=7602176 disko=26382336 rx=72211993 tx=30562796 comm=*system*
psu_energy_ac_mcp_machine=19981286621
-------
timestamp=3407962572729825
iterations=1754
sample_ns=100000000
window_ns=1000000000
rapl_core_sum_uj=9223769400
rapl_psys_sum_uj=0
pid=0 energy=34470605951331205 alive=1 kernel=1 cpu_ns=6890745631000000 mem=550731776 instructions=3375559266241 wakeups=271557 diski=7602176 disko=26382336 rx=72211993 tx=30562796 comm=*system*
psu_energy_ac_mcp_machine=19991878784
-------
timestamp=3407962702840417
iterations=1756
sample_ns=100000000
window_ns=1000000000
rapl_core_sum_uj=9229753408
rapl_psys_sum_uj=0
pid=0 energy=34470612762178150 alive=1 kernel=1 cpu_ns=6890745862000000 mem=551411712 instructions=3376690435630 wakeups=271800 diski=7602176 disko=26382336 rx=72211993 tx=30562796 comm=*system*
psu_energy_ac_mcp_machine=20006182495
-------
timestamp=3407962835797843
iterations=1757
sample_ns=100000000
window_ns=1000000000
rapl_core_sum_uj=9232595387
rapl_psys_sum_uj=0
pid=0 energy=34470615964736530 alive=1 kernel=1 cpu_ns=6890745972000000 mem=550739968 instructions=3377220947306 wakeups=272003 diski=7602176 disko=26382336 rx=72211993 tx=30562796 comm=*system*
psu_energy_ac_mcp_machine=20016350586
-------
timestamp=3407962969257840
iterations=1758
sample_ns=100000000
window_ns=1000000000
rapl_core_sum_uj=9235622425
rapl_psys_sum_uj=0
pid=0 energy=34470619414974320 alive=1 kernel=1 cpu_ns=6890746088000000 mem=550739968 instructions=3377794994864 wakeups=272222 diski=7602176 disko=26382336 rx=72211993 tx=30562796 comm=*system*
psu_energy_ac_mcp_machine=20026797974
-------
timestamp=3407963099337203
iterations=1759
sample_ns=100000000
window_ns=1000000000
rapl_core_sum_uj=9238770740
rapl_psys_sum_uj=0
pid=0 energy=34470622865158925 alive=1 kernel=1 cpu_ns=6890746206000000 mem=550645760 instructions=3378367031785 wakeups=272437 diski=7602176 disko=26382336 rx=72211993 tx=30562796 comm=*system*
psu_energy_ac_mcp_machine=20037470581
-------
timestamp=3407963229691327
iterations=1761
sample_ns=100000000
window_ns=1000000000
rapl_core_sum_uj=9244456285
rapl_psys_sum_uj=0
pid=0 energy=34470629562467760 alive=1 kernel=1 cpu_ns=6890746425000000 mem=550739968 instructions=3379487493552 wakeups=272655 diski=7602176 disko=26382336 rx=72211995 tx=30562796 comm=*system*
psu_energy_ac_mcp_machine=20051070801
-------
timestamp=3407963363260046
iterations=1762
sample_ns=100000000
window_ns=1000000000
rapl_core_sum_uj=9247529527
rapl_psys_sum_uj=0
pid=0 energy=34470633024414230 alive=1 kernel=1 cpu_ns=6890746543000000 mem=550748160 instructions=3380061882846 wakeups=272863 diski=7602176 disko=26382336 rx=72211995 tx=30562796 comm=*system*
psu_energy_ac_mcp_machine=20061496460
-------
timestamp=3407963493243024
iterations=1763
sample_ns=100000000
window_ns=1000000000
rapl_core_sum_uj=9250664414
rapl_psys_sum_uj=0
pid=0 energy=34470636453379910 alive=1 kernel=1 cpu_ns=6890746658000000 mem=550744064 instructions=3380632675982 wakeups=273076 diski=7602176 disko=26382336 rx=72211995 tx=30562796 comm=*system*
psu_energy_ac_mcp_machine=20072220703
-------
timestamp=3407963623717218
iterations=1764
sample_ns=100000000
window_ns=1000000000
rapl_core_sum_uj=9253603256
rapl_psys_sum_uj=0
pid=0 energy=34470639902881125 alive=1 kernel=1 cpu_ns=6890746772000000 mem=550621184 instructions=3381208576225 wakeups=273288 diski=7602176 disko=26382336 rx=72211995 tx=30562796 comm=*system*
psu_energy_ac_mcp_machine=20085716553
-------
timestamp=3407963756993520
iterations=1766
sample_ns=100000000
window_ns=1000000000
rapl_core_sum_uj=9259154830
rapl_psys_sum_uj=0
pid=0 energy=34470646474516245 alive=1 kernel=1 cpu_ns=6890746995000000 mem=550748160 instructions=3382299903249 wakeups=273520 diski=7602176 disko=26382336 rx=72211995 tx=30562796 comm=*system*
psu_energy_ac_mcp_machine=20095847046
-------
timestamp=3407963891202842
iterations=1767
sample_ns=100000000
window_ns=1000000000
rapl_core_sum_uj=9262260359
rapl_psys_sum_uj=0
pid=0 energy=34470649902006340 alive=1 kernel=1 cpu_ns=6890747111000000 mem=550748160 instructions=3382869401268 wakeups=273734 diski=7602176 disko=26382336 rx=72211995 tx=30562796 comm=*system*
psu_energy_ac_mcp_machine=20106496948
-------
timestamp=3407964021352006
iterations=1768
sample_ns=100000000
window_ns=1000000000
rapl_core_sum_uj=9265182905
rapl_psys_sum_uj=0
pid=0 energy=34470653365440005 alive=1 kernel=1 cpu_ns=6890747228000000 mem=550752256 instructions=3383445088001 wakeups=273947 diski=7602176 disko=26382336 rx=72211995 tx=30562796 comm=*system*
psu_energy_ac_mcp_machine=20120176880
-------
timestamp=3407964155120060
iterations=1769
sample_ns=100000000
window_ns=1000000000
rapl_core_sum_uj=9268068586
rapl_psys_sum_uj=0
pid=0 energy=34470656810694425 alive=1 kernel=1 cpu_ns=6890747342000000 mem=550682624 instructions=3384020138885 wakeups=274152 diski=7602176 disko=26382336 rx=72211995 tx=30562796 comm=*system*
psu_energy_ac_mcp_machine=20130185059
-------
timestamp=3407964287963536
iterations=1771
sample_ns=100000000
window_ns=1000000000
rapl_core_sum_uj=9274008038
rapl_psys_sum_uj=0
pid=0 energy=34470663479432440 alive=1 kernel=1 cpu_ns=6890747564000000 mem=550756352 instructions=3385131886488 wakeups=274383 diski=7602176 disko=26415104 rx=72211995 tx=30562796 comm=*system*
psu_energy_ac_mcp_machine=20140795776
-------
timestamp=3407964418665047
iterations=1772
sample_ns=100000000
window_ns=1000000000
rapl_core_sum_uj=9276938091
rapl_psys_sum_uj=0
pid=0 energy=34470666933414630 alive=1 kernel=1 cpu_ns=6890747680000000 mem=550760448 instructions=3385706682926 wakeups=274595 diski=7602176 disko=26415104 rx=72211995 tx=30562796 comm=*system*
psu_energy_ac_mcp_machine=20151248413
-------
timestamp=3407964549229458
iterations=1773
sample_ns=100000000
window_ns=1000000000
rapl_core_sum_uj=9279822490
rapl_psys_sum_uj=0
pid=0 energy=34470670363207620 alive=1 kernel=1 cpu_ns=6890747798000000 mem=550764544 instructions=3386274641524 wakeups=274806 diski=7602176 disko=26415104 rx=72211995 tx=30562796 comm=*system*
psu_energy_ac_mcp_machine=20164854126
-------
timestamp=3407964683139734
iterations=1775
sample_ns=100000000
window_ns=1000000000
rapl_core_sum_uj=9285657756
rapl_psys_sum_uj=0
pid=0 energy=34470677006558185 alive=1 kernel=1 cpu_ns=6890748020000000 mem=550760448 instructions=3387381311637 wakeups=275041 diski=7602176 disko=26415104 rx=72211995 tx=30562796 comm=*system*
psu_energy_ac_mcp_machine=20175303711
-------
timestamp=3407964814062192
iterations=1776
sample_ns=100000000
window_ns=1000000000
rapl_core_sum_uj=9288710002
rapl_psys_sum_uj=0
pid=0 energy=34470680393829525 alive=1 kernel=1 cpu_ns=6890748135000000 mem=550764544 instructions=3387943765905 wakeups=275249 diski=7602176 disko=26415104 rx=72211995 tx=30562796 comm=*system*
psu_energy_ac_mcp_machine=20185832520
-------
timestamp=3407964944442706
iterations=1777
sample_ns=100000000
window_ns=1000000000
rapl_core_sum_uj=9291632060
rapl_psys_sum_uj=0
pid=0 energy=34470683843679045 alive=1 kernel=1 cpu_ns=6890748251000000 mem=550764544 instructions=3388517735809 wakeups=275465 diski=7602176 disko=26415104 rx=72211995 tx=30562796 comm=*system*
psu_energy_ac_mcp_machine=20199546875
-------
timestamp=3407965077914534
iterations=1778
sample_ns=100000000
window_ns=1000000000
rapl_core_sum_uj=9294614848
rapl_psys_sum_uj=0
pid=0 energy=34470687272961550 alive=1 kernel=1 cpu_ns=6890748366000000 mem=550764544 instructions=3389088592310 wakeups=275676 diski=7602176 disko=26415104 rx=72211995 tx=30562796 comm=*system*
psu_energy_ac_mcp_machine=20209829224
-------
timestamp=3407965211743696
iterations=1780
sample_ns=100000000
window_ns=1000000000
rapl_core_sum_uj=9300537454
rapl_psys_sum_uj=0
pid=0 energy=34470693947856500 alive=1 kernel=1 cpu_ns=6890748585000000 mem=550768640 instructions=3390204571300 wakeups=275895 diski=7602176 disko=26415104 rx=72211997 tx=30562796 comm=*system*
psu_energy_ac_mcp_machine=20220543213
-------
timestamp=3407965342197869
iterations=1781
sample_ns=100000000
window_ns=1000000000
rapl_core_sum_uj=9303383645
rapl_psys_sum_uj=0
pid=0 energy=34470697400843300 alive=1 kernel=1 cpu_ns=6890748702000000 mem=550768640 instructions=3390778168660 wakeups=276105 diski=7602176 disko=26415104 rx=72211997 tx=30562796 comm=*system*
psu_energy_ac_mcp_machine=20234376587
-------
timestamp=3407965476191050
iterations=1782
sample_ns=100000000
window_ns=1000000000
rapl_core_sum_uj=9306385903
rapl_psys_sum_uj=0
pid=0 energy=34470700703618485 alive=1 kernel=1 cpu_ns=6890748816000000 mem=550768640 instructions=3391324723697 wakeups=276319 diski=7602176 disko=26415104 rx=72211997 tx=30562796 comm=*system*
psu_energy_ac_mcp_machine=20244586914
-------
timestamp=3407965608777677
iterations=1783
sample_ns=100000000
window_ns=1000000000
rapl_core_sum_uj=9309528236
rapl_psys_sum_uj=0
pid=0 energy=34470704134603810 alive=1 kernel=1 cpu_ns=6890748931000000 mem=550928384 instructions=3391895920762 wakeups=276532 diski=7602176 disko=26415104 rx=72211997 tx=30562796 comm=*system*
psu_energy_ac_mcp_machine=20254963257
-------
timestamp=3407965739624860
iterations=1785
sample_ns=100000000
window_ns=1000000000
rapl_core_sum_uj=9315182898
rapl_psys_sum_uj=0
pid=0 energy=34470710837158600 alive=1 kernel=1 cpu_ns=6890749154000000 mem=550768640 instructions=3393013431720 wakeups=276771 diski=7602176 disko=26415104 rx=72211998 tx=30562797 comm=*system*
psu_energy_ac_mcp_machine=20265325928
-------
timestamp=3407965869944049
iterations=1786
sample_ns=100000000
window_ns=1000000000
rapl_core_sum_uj=9318257299
rapl_psys_sum_uj=0
pid=0 energy=34470714296329710 alive=1 kernel=1 cpu_ns=6890749273000000 mem=550772736 instructions=3393586265942 wakeups=276981 diski=7602176 disko=26415104 rx=72211998 tx=30562797 comm=*system*
psu_energy_ac_mcp_machine=20279270386
-------
timestamp=3407966003663445
iterations=1787
sample_ns=100000000
window_ns=1000000000
rapl_core_sum_uj=9321400548
rapl_psys_sum_uj=0
pid=0 energy=34470717713114505 alive=1 kernel=1 cpu_ns=6890749388000000 mem=550780928 instructions=3394154622901 wakeups=277200 diski=7602176 disko=26415104 rx=72211998 tx=30562797 comm=*system*
psu_energy_ac_mcp_machine=20289497192
-------
timestamp=3407966133507592
iterations=1789
sample_ns=100000000
window_ns=1000000000
rapl_core_sum_uj=9327089817
rapl_psys_sum_uj=0
pid=0 energy=34470724593190735 alive=1 kernel=1 cpu_ns=6890749621000000 mem=551907328 instructions=3395297638147 wakeups=277441 diski=7602176 disko=26415104 rx=72211998 tx=30562797 comm=*system*
psu_energy_ac_mcp_machine=20299858032
-------
timestamp=3407966264447925
iterations=1790
sample_ns=100000000
window_ns=1000000000
rapl_core_sum_uj=9330085239
rapl_psys_sum_uj=0
pid=0 energy=34470727771514410 alive=1 kernel=1 cpu_ns=6890749729000000 mem=550776832 instructions=3395825302882 wakeups=277624 diski=7602176 disko=26415104 rx=72211998 tx=30562797 comm=*system*
psu_energy_ac_mcp_machine=20313925903
-------
timestamp=3407966398686255
iterations=1791
sample_ns=100000000
window_ns=1000000000
rapl_core_sum_uj=9333219089
rapl_psys_sum_uj=0
pid=0 energy=34470731201119200 alive=1 kernel=1 cpu_ns=6890749844000000 mem=550780928 instructions=3396396223840 wakeups=277840 diski=7602176 disko=26415104 rx=72211998 tx=30562797 comm=*system*
psu_energy_ac_mcp_machine=20324229614
-------
timestamp=3407966532240925
iterations=1792
sample_ns=100000000
window_ns=1000000000
rapl_core_sum_uj=9336126071
rapl_psys_sum_uj=0
pid=0 energy=34470734660463615 alive=1 kernel=1 cpu_ns=6890749962000000 mem=550780928 instructions=3396970092723 wakeups=278053 diski=7602176 disko=26415104 rx=72211998 tx=30562797 comm=*system*
psu_energy_ac_mcp_machine=20334442139
-------
timestamp=3407966662617163
iterations=1794
sample_ns=100000000
window_ns=1000000000
rapl_core_sum_uj=9341906282
rapl_psys_sum_uj=0
pid=0 energy=34470741353546280 alive=1 kernel=1 cpu_ns=6890750182000000 mem=550780928 instructions=3398088709256 wakeups=278284 diski=7602176 disko=26415104 rx=72211998 tx=30562797 comm=*system*
psu_energy_ac_mcp_machine=20344959351
-------
timestamp=3407966792401767
iterations=1795
sample_ns=100000000
window_ns=1000000000
rapl_core_sum_uj=9345012116
rapl_psys_sum_uj=0
pid=0 energy=34470744786263785 alive=1 kernel=1 cpu_ns=6890750301000000 mem=550780928 instructions=3398656252757 wakeups=278497 diski=7602176 disko=26415104 rx=72211998 tx=30562797 comm=*system*
psu_energy_ac_mcp_machine=20358742554
-------
timestamp=3407966925487827
iterations=1796
sample_ns=100000000
window_ns=1000000000
rapl_core_sum_uj=9347905426
rapl_psys_sum_uj=0
pid=0 energy=34470748235812510 alive=1 kernel=1 cpu_ns=6890750416000000 mem=550785024 instructions=3399231162502 wakeups=278710 diski=7602176 disko=26435584 rx=72211998 tx=30562797 comm=*system*
psu_energy_ac_mcp_machine=20368946411
-------
timestamp=3407967055605534
iterations=1797
sample_ns=100000000
window_ns=1000000000
rapl_core_sum_uj=9350802764
rapl_psys_sum_uj=0
pid=0 energy=34470751680669865 alive=1 kernel=1 cpu_ns=6890750532000000 mem=550674432 instructions=3399804133973 wakeups=278924 diski=7602176 disko=26435584 rx=72211998 tx=30562797 comm=*system*
psu_energy_ac_mcp_machine=20379323730
-------
timestamp=3407967186055842
iterations=1799
sample_ns=100000000
window_ns=1000000000
rapl_core_sum_uj=9356766935
rapl_psys_sum_uj=0
pid=0 energy=34470758283017515 alive=1 kernel=1 cpu_ns=6890750757000000 mem=550785024 instructions=3400899603503 wakeups=279149 diski=7602176 disko=26435584 rx=72212000 tx=30562797 comm=*system*
psu_energy_ac_mcp_machine=20393648926
-------
timestamp=3407967318826024
iterations=1800
sample_ns=100000000
window_ns=1000000000
rapl_core_sum_uj=9359659879
rapl_psys_sum_uj=0
pid=0 energy=34470761746273360 alive=1 kernel=1 cpu_ns=6890750874000000 mem=550789120 instructions=3401475254672 wakeups=279357 diski=7602176 disko=26435584 rx=72212000 tx=30562797 comm=*system*
psu_energy_ac_mcp_machine=20403802368
-------
timestamp=3407967451910450
iterations=1801
sample_ns=100000000
window_ns=1000000000
rapl_core_sum_uj=9362561734
rapl_psys_sum_uj=0
pid=0 energy=34470765195430395 alive=1 kernel=1 cpu_ns=6890750990000000 mem=550797312 instructions=3402049086079 wakeups=279582 diski=7602176 disko=26435584 rx=72212000 tx=30562797 comm=*system*
psu_energy_ac_mcp_machine=20413755005
-------
timestamp=3407967582349616
iterations=1802
sample_ns=100000000
window_ns=1000000000
rapl_core_sum_uj=9365502713
rapl_psys_sum_uj=0
pid=0 energy=34470768618388545 alive=1 kernel=1 cpu_ns=6890751104000000 mem=550637568 instructions=3402619677709 wakeups=279784 diski=7602176 disko=26435584 rx=72212000 tx=30562797 comm=*system*
psu_energy_ac_mcp_machine=20424549194
-------
timestamp=3407967712589184
iterations=1804
sample_ns=100000000
window_ns=1000000000
rapl_core_sum_uj=9371212795
rapl_psys_sum_uj=0
pid=0 energy=34470775307299115 alive=1 kernel=1 cpu_ns=6890751323000000 mem=550797312 instructions=3403738459823 wakeups=280017 diski=7602176 disko=26435584 rx=72212000 tx=30562797 comm=*system*
psu_energy_ac_mcp_machine=20438133423
-------
timestamp=3407967846385142
iterations=1805
sample_ns=100000000
window_ns=1000000000
rapl_core_sum_uj=9374102565
rapl_psys_sum_uj=0
pid=0 energy=34470778774727505 alive=1 kernel=1 cpu_ns=6890751442000000 mem=550797312 instructions=3404312945501 wakeups=280225 diski=7602176 disko=26435584 rx=72212000 tx=30562797 comm=*system*
psu_energy_ac_mcp_machine=20448201294
-------
timestamp=3407967976649101
iterations=1806
sample_ns=100000000
window_ns=1000000000
rapl_core_sum_uj=9377095851
rapl_psys_sum_uj=0
pid=0 energy=34470782080704475 alive=1 kernel=1 cpu_ns=6890751559000000 mem=550801408 instructions=3404857140895 wakeups=280441 diski=7602176 disko=26435584 rx=72212000 tx=30562797 comm=*system*
psu_energy_ac_mcp_machine=20458903687
-------
timestamp=3407968106520654
iterations=1807
sample_ns=100000000
window_ns=1000000000
rapl_core_sum_uj=9380074793
rapl_psys_sum_uj=0
pid=0 energy=34470785555649355 alive=1 kernel=1 cpu_ns=6890751678000000 mem=550625280 instructions=3405433129871 wakeups=280642 diski=7602176 disko=26435584 rx=72212000 tx=30562797 comm=*system*
psu_energy_ac_mcp_machine=20472587402
-------
timestamp=3407968239262160
iterations=1809
sample_ns=100000000
window_ns=1000000000
rapl_core_sum_uj=9385763573
rapl_psys_sum_uj=0
pid=0 energy=34470792285726410 alive=1 kernel=1 cpu_ns=6890751900000000 mem=550801408 instructions=3406557145282 wakeups=280877 diski=7602176 disko=26435584 rx=72212000 tx=30562797 comm=*system*
psu_energy_ac_mcp_machine=20482856689
-------
timestamp=3407968373363414
iterations=1810
sample_ns=100000000
window_ns=1000000000
rapl_core_sum_uj=9388887230
rapl_psys_sum_uj=0
pid=0 energy=34470795713950905 alive=1 kernel=1 cpu_ns=6890752013000000 mem=550805504 instructions=3407129790181 wakeups=281090 diski=7602176 disko=26435584 rx=72212000 tx=30562797 comm=*system*
psu_energy_ac_mcp_machine=20493212158
-------
timestamp=3407968503220408
iterations=1811
sample_ns=100000000
window_ns=1000000000
rapl_core_sum_uj=9392004417
rapl_psys_sum_uj=0
pid=0 energy=34470799131745255 alive=1 kernel=1 cpu_ns=6890752128000000 mem=550809600 instructions=3407698349051 wakeups=281305 diski=7602176 disko=26435584 rx=72212000 tx=30562797 comm=*system*
psu_energy_ac_mcp_machine=20504034058
-------
timestamp=3407968633352159
iterations=1813
sample_ns=100000000
window_ns=1000000000
rapl_core_sum_uj=9397630454
rapl_psys_sum_uj=0
pid=0 energy=34470805884089365 alive=1 kernel=1 cpu_ns=6890752350000000 mem=551034880 instructions=3408826817873 wakeups=281543 diski=7602176 disko=26435584 rx=72212000 tx=30562797 comm=*system*
psu_energy_ac_mcp_machine=20517513794
-------
timestamp=3407968766540013
iterations=1814
sample_ns=100000000
window_ns=1000000000
rapl_core_sum_uj=9400685629
rapl_psys_sum_uj=0
pid=0 energy=34470809148944215 alive=1 kernel=1 cpu_ns=6890752461000000 mem=550809600 instructions=3409368788843 wakeups=281752 diski=7602176 disko=26435584 rx=72212000 tx=30562797 comm=*system*
psu_energy_ac_mcp_machine=20528084595
-------
timestamp=3407968896375623
iterations=1815
sample_ns=100000000
window_ns=1000000000
rapl_core_sum_uj=9403792379
rapl_psys_sum_uj=0
pid=0 energy=34470812594640750 alive=1 kernel=1 cpu_ns=6890752578000000 mem=550817792 instructions=3409940928150 wakeups=281960 diski=7602176 disko=26435584 rx=72212000 tx=30562797 comm=*system*
psu_energy_ac_mcp_machine=20538689453
-------
timestamp=3407969026174347
iterations=1816
sample_ns=100000000
window_ns=1000000000
rapl_core_sum_uj=9406709981
rapl_psys_sum_uj=0
pid=0 energy=34470816040376550 alive=1 kernel=1 cpu_ns=6890752692000000 mem=550817792 instructions=3410516075310 wakeups=282174 diski=7602176 disko=26435584 rx=72212000 tx=30562797 comm=*system*
psu_energy_ac_mcp_machine=20552272705
-------
timestamp=3407969159964176
iterations=1818
sample_ns=100000000
window_ns=1000000000
rapl_core_sum_uj=9412478291
rapl_psys_sum_uj=0
pid=0 energy=34470822753911960 alive=1 kernel=1 cpu_ns=6890752914000000 mem=550821888 instructions=3411636782392 wakeups=282394 diski=7602176 disko=26435584 rx=72212002 tx=30562797 comm=*system*
psu_energy_ac_mcp_machine=20562549438
-------
timestamp=3407969294199359
iterations=1819
sample_ns=100000000
window_ns=1000000000
rapl_core_sum_uj=9415598103
rapl_psys_sum_uj=0
pid=0 energy=34470826163015470 alive=1 kernel=1 cpu_ns=6890753029000000 mem=550817792 instructions=3412203603094 wakeups=282612 diski=7602176 disko=26468352 rx=72212002 tx=30562797 comm=*system*
psu_energy_ac_mcp_machine=20572870850
-------
timestamp=3407969424042492
iterations=1820
sample_ns=100000000
window_ns=1000000000
rapl_core_sum_uj=9418470539
rapl_psys_sum_uj=0
pid=0 energy=34470829591617675 alive=1 kernel=1 cpu_ns=6890753143000000 mem=550821888 instructions=3412775323535 wakeups=282833 diski=7602176 disko=26468352 rx=72212002 tx=30562797 comm=*system*
psu_energy_ac_mcp_machine=20586869263
-------
timestamp=3407969558033847
iterations=1821
sample_ns=100000000
window_ns=1000000000
rapl_core_sum_uj=9421334735
rapl_psys_sum_uj=0
pid=0 energy=34470833047271175 alive=1 kernel=1 cpu_ns=6890753259000000 mem=550838272 instructions=3413350454235 wakeups=283044 diski=7602176 disko=26468352 rx=72212002 tx=30562797 comm=*system*
psu_energy_ac_mcp_machine=20596949585
-------
timestamp=3407969690517249
iterations=1823
sample_ns=100000000
window_ns=1000000000
rapl_core_sum_uj=9427209551
rapl_psys_sum_uj=0
pid=0 energy=34470839599238890 alive=1 kernel=1 cpu_ns=6890753479000000 mem=550830080 instructions=3414440847778 wakeups=283283 diski=7602176 disko=26468352 rx=72212002 tx=30562797 comm=*system*
psu_energy_ac_mcp_machine=20607627563
-------
timestamp=3407969820627628
iterations=1824
sample_ns=100000000
window_ns=1000000000
rapl_core_sum_uj=9430073320
rapl_psys_sum_uj=0
pid=0 energy=34470843040444470 alive=1 kernel=1 cpu_ns=6890753595000000 mem=550830080 instructions=3415013088894 wakeups=283493 diski=7602176 disko=26468352 rx=72212002 tx=30562797 comm=*system*
psu_energy_ac_mcp_machine=20617969360
-------
timestamp=3407969951104565
iterations=1825
sample_ns=100000000
window_ns=1000000000
rapl_core_sum_uj=9432971696
rapl_psys_sum_uj=0
pid=0 energy=34470846509619345 alive=1 kernel=1 cpu_ns=6890753714000000 mem=550830080 instructions=3415587923869 wakeups=283712 diski=7602176 disko=26468352 rx=72212002 tx=30562797 comm=*system*
psu_energy_ac_mcp_machine=20631573242
-------
timestamp=3407970083515593
iterations=1826
sample_ns=100000000
window_ns=1000000000
rapl_core_sum_uj=9435911210
rapl_psys_sum_uj=0
pid=0 energy=34470849943993575 alive=1 kernel=1 cpu_ns=6890753832000000 mem=550801408 instructions=3416156798715 wakeups=283920 diski=7602176 disko=26468352 rx=72212002 tx=30562797 comm=*system*
psu_energy_ac_mcp_machine=20642194458
-------
timestamp=3407970214477787
iterations=1828
sample_ns=100000000
window_ns=1000000000
rapl_core_sum_uj=9441759415
rapl_psys_sum_uj=0
pid=0 energy=34470856641361755 alive=1 kernel=1 cpu_ns=6890754055000000 mem=550830080 instructions=3417273272351 wakeups=284139 diski=7602176 disko=26468352 rx=72212002 tx=30562797 comm=*system*
psu_energy_ac_mcp_machine=20652244751
-------
timestamp=3407970344595850
iterations=1829
sample_ns=100000000
window_ns=1000000000
rapl_core_sum_uj=9444638016
rapl_psys_sum_uj=0
pid=0 energy=34470860081524260 alive=1 kernel=1 cpu_ns=6890754169000000 mem=550834176 instructions=3417847304852 wakeups=284349 diski=7602176 disko=26468352 rx=72212002 tx=30562797 comm=*system*
psu_energy_ac_mcp_machine=20666106689
-------
timestamp=3407970478831077
iterations=1830
sample_ns=100000000
window_ns=1000000000
rapl_core_sum_uj=9447607254
rapl_psys_sum_uj=0
pid=0 energy=34470863409203120 alive=1 kernel=1 cpu_ns=6890754287000000 mem=550846464 instructions=3418394840624 wakeups=284560 diski=7602176 disko=26468352 rx=72212002 tx=30562797 comm=*system*
psu_energy_ac_mcp_machine=20676389404
-------
timestamp=3407970613085784
iterations=1832
sample_ns=100000000
window_ns=1000000000
rapl_core_sum_uj=9453513991
rapl_psys_sum_uj=0
pid=0 energy=34470870113052085 alive=1 kernel=1 cpu_ns=6890754509000000 mem=550842368 instructions=3419513610417 wakeups=284787 diski=7602176 disko=26468352 rx=72212002 tx=30562797 comm=*system*
psu_energy_ac_mcp_machine=20686542114
-------
timestamp=3407970743172572
iterations=1833
sample_ns=100000000
window_ns=1000000000
rapl_core_sum_uj=9456396559
rapl_psys_sum_uj=0
pid=0 energy=34470873563596950 alive=1 kernel=1 cpu_ns=6890754626000000 mem=550842368 instructions=3420086719390 wakeups=284998 diski=7602176 disko=26468352 rx=72212002 tx=30562797 comm=*system*
psu_energy_ac_mcp_machine=20696993896
-------
timestamp=3407970873324779
iterations=1834
sample_ns=100000000
window_ns=1000000000
rapl_core_sum_uj=9459399427
rapl_psys_sum_uj=0
pid=0 energy=34470876985840480 alive=1 kernel=1 cpu_ns=6890754741000000 mem=550842368 instructions=3420656168096 wakeups=285207 diski=7602176 disko=26468352 rx=72212002 tx=30562797 comm=*system*
psu_energy_ac_mcp_machine=20711073730
-------
timestamp=3407971007615183
iterations=1835
sample_ns=100000000
window_ns=1000000000
rapl_core_sum_uj=9462378308
rapl_psys_sum_uj=0
pid=0 energy=34470880452268035 alive=1 kernel=1 cpu_ns=6890754857000000 mem=550645760 instructions=3421233453607 wakeups=285429 diski=7602176 disko=26468352 rx=72212002 tx=30562797 comm=*system*
psu_energy_ac_mcp_machine=20721129028
-------
timestamp=3407971138062195
iterations=1837
sample_ns=100000000
window_ns=1000000000
rapl_core_sum_uj=9467911510
rapl_psys_sum_uj=0
pid=0 energy=34470887160815185 alive=1 kernel=1 cpu_ns=6890755081000000 mem=550846464 instructions=3422351163037 wakeups=285649 diski=7602176 disko=26468352 rx=72212002 tx=30562797 comm=*system*
psu_energy_ac_mcp_machine=20731432861
-------
timestamp=3407971268465415
iterations=1838
sample_ns=100000000
window_ns=1000000000
rapl_core_sum_uj=9470984874
rapl_psys_sum_uj=0
pid=0 energy=34470890471903190 alive=1 kernel=1 cpu_ns=6890755198000000 mem=550850560 instructions=3422896380638 wakeups=285856 diski=7602176 disko=26468352 rx=72212004 tx=30562797 comm=*system*
psu_energy_ac_mcp_machine=20745405640
-------
timestamp=3407971401010985
iterations=1839
sample_ns=100000000
window_ns=1000000000
rapl_core_sum_uj=9474123545
rapl_psys_sum_uj=0
pid=0 energy=34470893888428705 alive=1 kernel=1 cpu_ns=6890755313000000 mem=550846464 instructions=3423464685741 wakeups=286068 diski=7602176 disko=26468352 rx=72212004 tx=30562797 comm=*system*
psu_energy_ac_mcp_machine=20755692383
-------
timestamp=3407971534840407
iterations=1840
sample_ns=100000000
window_ns=1000000000
rapl_core_sum_uj=9477075022
rapl_psys_sum_uj=0
pid=0 energy=34470897327878850 alive=1 kernel=1 cpu_ns=6890755428000000 mem=551084032 instructions=3424037575770 wakeups=286273 diski=7602176 disko=26468352 rx=72212004 tx=30562797 comm=*system*
psu_energy_ac_mcp_machine=20766041626
-------
timestamp=3407971664787992
iterations=1842
sample_ns=100000000
window_ns=1000000000
rapl_core_sum_uj=9482831064
rapl_psys_sum_uj=0
pid=0 energy=34470904030083045 alive=1 kernel=1 cpu_ns=6890755650000000 mem=550850560 instructions=3425156016609 wakeups=286504 diski=7602176 disko=26468352 rx=72212004 tx=30562797 comm=*system*
psu_energy_ac_mcp_machine=20776596924
-------
timestamp=3407971794782797
iterations=1843
sample_ns=100000000
window_ns=1000000000
rapl_core_sum_uj=9485962716
rapl_psys_sum_uj=0
pid=0 energy=34470907487948495 alive=1 kernel=1 cpu_ns=6890755768000000 mem=550854656 instructions=3425729589699 wakeups=286720 diski=7602176 disko=26468352 rx=72212004 tx=30562797 comm=*system*
psu_energy_ac_mcp_machine=20790364746
-------
timestamp=3407971927871731
iterations=1844
sample_ns=100000000
window_ns=1000000000
rapl_core_sum_uj=9488873726
rapl_psys_sum_uj=0
pid=0 energy=34470910926803210 alive=1 kernel=1 cpu_ns=6890755885000000 mem=550862848 instructions=3426300360642 wakeups=286930 diski=7602176 disko=26468352 rx=72212004 tx=30562797 comm=*system*
psu_energy_ac_mcp_machine=20800540405
-------
timestamp=3407972058458642
iterations=1845
sample_ns=100000000
window_ns=1000000000
rapl_core_sum_uj=9491747139
rapl_psys_sum_uj=0
pid=0 energy=34470914366176540 alive=1 kernel=1 cpu_ns=6890756000000000 mem=550617088 instructions=3426873235308 wakeups=287142 diski=7602176 disko=26488832 rx=72212004 tx=30562797 comm=*system*
psu_energy_ac_mcp_machine=20811175537
-------
timestamp=3407972188580762
iterations=1847
sample_ns=100000000
window_ns=1000000000
rapl_core_sum_uj=9497876838
rapl_psys_sum_uj=0
pid=0 energy=34470920919112245 alive=1 kernel=1 cpu_ns=6890756220000000 mem=550858752 instructions=3427963822449 wakeups=287366 diski=7602176 disko=26488832 rx=72212004 tx=30562797 comm=*system*
psu_energy_ac_mcp_machine=20825304688
-------
timestamp=3407972321487829
iterations=1848
sample_ns=100000000
window_ns=1000000000
rapl_core_sum_uj=9500811408
rapl_psys_sum_uj=0
pid=0 energy=34470924372034005 alive=1 kernel=1 cpu_ns=6890756337000000 mem=550862848 instructions=3428537406801 wakeups=287580 diski=7602176 disko=26488832 rx=72212004 tx=30562797 comm=*system*
psu_energy_ac_mcp_machine=20835501587
-------
timestamp=3407972455388759
iterations=1849
sample_ns=100000000
window_ns=1000000000
rapl_core_sum_uj=9503697516
rapl_psys_sum_uj=0
pid=0 energy=34470927815326360 alive=1 kernel=1 cpu_ns=6890756452000000 mem=550764544 instructions=3429111065272 wakeups=287785 diski=7602176 disko=26488832 rx=72212004 tx=30562797 comm=*system*
psu_energy_ac_mcp_machine=20845605835
-------
timestamp=3407972585549244
iterations=1851
sample_ns=100000000
window_ns=1000000000
rapl_core_sum_uj=9509651800
rapl_psys_sum_uj=0
pid=0 energy=34470934558413940 alive=1 kernel=1 cpu_ns=6890756675000000 mem=551313408 instructions=3430236682788 wakeups=288017 diski=7602176 disko=26488832 rx=72212004 tx=30562797 comm=*system*
psu_energy_ac_mcp_machine=20859876221
-------
timestamp=3407972719605832
iterations=1852
sample_ns=100000000
window_ns=1000000000
rapl_core_sum_uj=9512537847
rapl_psys_sum_uj=0
pid=0 energy=34470937948308505 alive=1 kernel=1 cpu_ns=6890756789000000 mem=550862848 instructions=3430800661701 wakeups=288226 diski=7602176 disko=26488832 rx=72212004 tx=30562797 comm=*system*
psu_energy_ac_mcp_machine=20869920288
-------
timestamp=3407972852420001
iterations=1853
sample_ns=100000000
window_ns=1000000000
rapl_core_sum_uj=9515459599
rapl_psys_sum_uj=0
pid=0 energy=34470941405614025 alive=1 kernel=1 cpu_ns=6890756907000000 mem=550871040 instructions=3431374122805 wakeups=288446 diski=7602176 disko=26488832 rx=72212004 tx=30562797 comm=*system*
psu_energy_ac_mcp_machine=20880204956
-------
timestamp=3407972982797747
iterations=1854
sample_ns=100000000
window_ns=1000000000
rapl_core_sum_uj=9518441410
rapl_psys_sum_uj=0
pid=0 energy=34470944837336320 alive=1 kernel=1 cpu_ns=6890757023000000 mem=550871040 instructions=3431944467264 wakeups=288660 diski=7602176 disko=26488832 rx=72212004 tx=30562797 comm=*system*
psu_energy_ac_mcp_machine=20890847046
-------
timestamp=3407973112686144
iterations=1856
sample_ns=100000000
window_ns=1000000000
rapl_core_sum_uj=9524099002
rapl_psys_sum_uj=0
pid=0 energy=34470951446358275 alive=1 kernel=1 cpu_ns=6890757245000000 mem=550871040 instructions=3433044271655 wakeups=288877 diski=7602176 disko=26488832 rx=72212004 tx=30562797 comm=*system*
psu_energy_ac_mcp_machine=20904460938
-------
timestamp=3407973244665830
iterations=1857
sample_ns=100000000
window_ns=1000000000
rapl_core_sum_uj=9527004214
rapl_psys_sum_uj=0
pid=0 energy=34470954920137815 alive=1 kernel=1 cpu_ns=6890757364000000 mem=550875136 instructions=3433620027563 wakeups=289084 diski=7602176 disko=26488832 rx=72212006 tx=30562797 comm=*system*
psu_energy_ac_mcp_machine=20914564697
-------
timestamp=3407973376578140
iterations=1858
sample_ns=100000000
window_ns=1000000000
rapl_core_sum_uj=9530049929
rapl_psys_sum_uj=0
pid=0 energy=34470958359025500 alive=1 kernel=1 cpu_ns=6890757483000000 mem=550875136 instructions=3434188805100 wakeups=289299 diski=7602176 disko=26488832 rx=72212006 tx=30562797 comm=*system*
psu_energy_ac_mcp_machine=20924983276
-------
timestamp=3407973506231850
iterations=1859
sample_ns=100000000
window_ns=1000000000
rapl_core_sum_uj=9533018190
rapl_psys_sum_uj=0
pid=0 energy=34470961818782025 alive=1 kernel=1 cpu_ns=6890757600000000 mem=550858752 instructions=3434763756405 wakeups=289508 diski=7602176 disko=26488832 rx=72212006 tx=30562797 comm=*system*
psu_energy_ac_mcp_machine=20938938599
-------
timestamp=3407973640164678
iterations=1861
sample_ns=100000000
window_ns=1000000000
rapl_core_sum_uj=9538561341
rapl_psys_sum_uj=0
pid=0 energy=34470968507569130 alive=1 kernel=1 cpu_ns=6890757820000000 mem=550879232 instructions=3435881513826 wakeups=289734 diski=7602176 disko=26488832 rx=72212006 tx=30562797 comm=*system*
psu_energy_ac_mcp_machine=20948971069
-------
timestamp=3407973772794478
iterations=1862
sample_ns=100000000
window_ns=1000000000
rapl_core_sum_uj=9541634094
rapl_psys_sum_uj=0
pid=0 energy=34470971934343960 alive=1 kernel=1 cpu_ns=6890757937000000 mem=550883328 instructions=3436449868792 wakeups=289948 diski=7602176 disko=26488832 rx=72212006 tx=30562797 comm=*system*
psu_energy_ac_mcp_machine=20959258301
-------
timestamp=3407973902795754
iterations=1863
sample_ns=100000000
window_ns=1000000000
rapl_core_sum_uj=9544568053
rapl_psys_sum_uj=0
pid=0 energy=34470975277445065 alive=1 kernel=1 cpu_ns=6890758054000000 mem=550883328 instructions=3437001489013 wakeups=290160 diski=7602176 disko=26488832 rx=72212006 tx=30562797 comm=*system*
psu_energy_ac_mcp_machine=20969611084
-------
timestamp=3407974032765961
iterations=1864
sample_ns=100000000
window_ns=1000000000
rapl_core_sum_uj=9547408446
rapl_psys_sum_uj=0
pid=0 energy=34470978739687335 alive=1 kernel=1 cpu_ns=6890758171000000 mem=550666240 instructions=3437576937467 wakeups=290369 diski=7602176 disko=26488832 rx=72212006 tx=30562797 comm=*system*
psu_energy_ac_mcp_machine=20983419922
-------
timestamp=3407974165486569
iterations=1866
sample_ns=100000000
window_ns=1000000000
rapl_core_sum_uj=9552960996
rapl_psys_sum_uj=0
pid=0 energy=34470985455001555 alive=1 kernel=1 cpu_ns=6890758393000000 mem=550891520 instructions=3438698000311 wakeups=290588 diski=7602176 disko=26488832 rx=72212006 tx=30562797 comm=*system*
psu_energy_ac_mcp_machine=20993581177
-------
timestamp=3407974296387235
iterations=1867
sample_ns=100000000
window_ns=1000000000
rapl_core_sum_uj=9556053220
rapl_psys_sum_uj=0
pid=0 energy=34470988882953135 alive=1 kernel=1 cpu_ns=6890758509000000 mem=550887424 instructions=3439267590627 wakeups=290806 diski=7602176 disko=26521600 rx=72212006 tx=30562797 comm=*system*
psu_energy_ac_mcp_machine=21003936401
-------
timestamp=3407974426158821
iterations=1868
sample_ns=100000000
window_ns=1000000000
rapl_core_sum_uj=9558930661
rapl_psys_sum_uj=0
pid=0 energy=34470992307701935 alive=1 kernel=1 cpu_ns=6890758623000000 mem=550887424 instructions=3439838540387 wakeups=291015 diski=7602176 disko=26521600 rx=72212006 tx=30562797 comm=*system*
psu_energy_ac_mcp_machine=21017845703
-------
timestamp=3407974560995363
iterations=1870
sample_ns=100000000
window_ns=1000000000
rapl_core_sum_uj=9564550594
rapl_psys_sum_uj=0
pid=0 energy=34470999078260675 alive=1 kernel=1 cpu_ns=6890758849000000 mem=551342080 instructions=3440966652135 wakeups=291249 diski=7602176 disko=26521600 rx=72212006 tx=30562797 comm=*system*
psu_energy_ac_mcp_machine=21027886963
-------
timestamp=3407974694851838
iterations=1871
sample_ns=100000000
window_ns=1000000000
rapl_core_sum_uj=9567600703
rapl_psys_sum_uj=0
pid=0 energy=34471002313861495 alive=1 kernel=1 cpu_ns=6890758961000000 mem=550895616 instructions=3441501772299 wakeups=291463 diski=7602176 disko=26521600 rx=72212006 tx=30562797 comm=*system*
psu_energy_ac_mcp_machine=21038128906
-------
timestamp=3407974824934122
iterations=1872
sample_ns=100000000
window_ns=1000000000
rapl_core_sum_uj=9570487665
rapl_psys_sum_uj=0
pid=0 energy=34471005769890450 alive=1 kernel=1 cpu_ns=6890759078000000 mem=550899712 instructions=3442075978090 wakeups=291682 diski=7602176 disko=26521600 rx=72212006 tx=30562797 comm=*system*
psu_energy_ac_mcp_machine=21048458740
-------
timestamp=3407974955440018
iterations=1873
sample_ns=100000000
window_ns=1000000000
rapl_core_sum_uj=9573369378
rapl_psys_sum_uj=0
pid=0 energy=34471009205339315 alive=1 kernel=1 cpu_ns=6890759192000000 mem=550887424 instructions=3442649067863 wakeups=291885 diski=7602176 disko=26521600 rx=72212006 tx=30562797 comm=*system*
psu_energy_ac_mcp_machine=21062366699
-------
timestamp=3407975089711840
iterations=1875
sample_ns=100000000
window_ns=1000000000
rapl_core_sum_uj=9579106132
rapl_psys_sum_uj=0
pid=0 energy=34471015885931440 alive=1 kernel=1 cpu_ns=6890759413000000 mem=550899712 instructions=3443764186288 wakeups=292112 diski=7602176 disko=26521600 rx=72212006 tx=30562797 comm=*system*
psu_energy_ac_mcp_machine=21072489746
-------
timestamp=3407975220225818
iterations=1876
sample_ns=100000000
window_ns=1000000000
rapl_core_sum_uj=9581993094
rapl_psys_sum_uj=0
pid=0 energy=34471019326385390 alive=1 kernel=1 cpu_ns=6890759531000000 mem=550899712 instructions=3444334277078 wakeups=292319 diski=7602176 disko=26521600 rx=72212008 tx=30562797 comm=*system*
psu_energy_ac_mcp_machine=21082494141
-------
timestamp=3407975350730106
iterations=1877
sample_ns=100000000
window_ns=1000000000
rapl_core_sum_uj=9584901846
rapl_psys_sum_uj=0
pid=0 energy=34471022764399880 alive=1 kernel=1 cpu_ns=6890759645000000 mem=550899712 instructions=3444907879976 wakeups=292533 diski=7602176 disko=26521600 rx=72212008 tx=30562797 comm=*system*
psu_energy_ac_mcp_machine=21096753906
-------
timestamp=3407975484577553
iterations=1878
sample_ns=100000000
window_ns=1000000000
rapl_core_sum_uj=9587912344
rapl_psys_sum_uj=0
pid=0 energy=34471026190711440 alive=1 kernel=1 cpu_ns=6890759763000000 mem=550842368 instructions=3445475142288 wakeups=292737 diski=7602176 disko=26521600 rx=72212008 tx=30562797 comm=*system*
psu_energy_ac_mcp_machine=21107003784
-------
timestamp=3407975617419999
iterations=1880
sample_ns=100000000
window_ns=1000000000
rapl_core_sum_uj=9593728628
rapl_psys_sum_uj=0
pid=0 energy=34471032775925705 alive=1 kernel=1 cpu_ns=6890759987000000 mem=550907904 instructions=3446568185141 wakeups=292975 diski=7602176 disko=26521600 rx=72212008 tx=30562797 comm=*system*
psu_energy_ac_mcp_machine=21117393066
-------
timestamp=3407975747408069
iterations=1881
sample_ns=100000000
window_ns=1000000000
rapl_core_sum_uj=9596628835
rapl_psys_sum_uj=0
pid=0 energy=34471036214514070 alive=1 kernel=1 cpu_ns=6890760102000000 mem=550903808 instructions=3447140902814 wakeups=293197 diski=7602176 disko=26521600 rx=72212009 tx=30562798 comm=*system*
psu_energy_ac_mcp_machine=21131269653
-------
timestamp=3407975881477330
iterations=1882
sample_ns=100000000
window_ns=1000000000
rapl_core_sum_uj=9599663747
rapl_psys_sum_uj=0
pid=0 energy=34471039642846195 alive=1 kernel=1 cpu_ns=6890760216000000 mem=550903808 instructions=3447712569239 wakeups=293406 diski=7602176 disko=26521600 rx=72212009 tx=30562798 comm=*system*
psu_energy_ac_mcp_machine=21141451782
-------
timestamp=3407976014201974
iterations=1884
sample_ns=100000000
window_ns=1000000000
rapl_core_sum_uj=9605445302
rapl_psys_sum_uj=0
pid=0 energy=34471043667952490 alive=1 kernel=1 cpu_ns=6890760446000000 mem=550690816 instructions=3448287590498 wakeups=293620 diski=7602176 disko=26521600 rx=72212010 tx=30562798 comm=*system*
psu_energy_ac_mcp_machine=21151859253
-------
timestamp=3407976144510979
iterations=1885
sample_ns=100000000
window_ns=1000000000
rapl_core_sum_uj=9608198658
rapl_psys_sum_uj=0
pid=0 energy=34471049779551915 alive=1 kernel=1 cpu_ns=6890760553000000 mem=550907904 instructions=3449402910383 wakeups=293846 diski=7602176 disko=26521600 rx=72212010 tx=30562798 comm=*system*
psu_energy_ac_mcp_machine=21162200073
-------
timestamp=3407976274743346
iterations=1886
sample_ns=100000000
window_ns=1000000000
rapl_core_sum_uj=9611290454
rapl_psys_sum_uj=0
pid=0 energy=34471053225144425 alive=1 kernel=1 cpu_ns=6890760670000000 mem=550907904 instructions=3449975028885 wakeups=294064 diski=7602176 disko=26521600 rx=72212010 tx=30562798 comm=*system*
psu_energy_ac_mcp_machine=21176023071
-------
timestamp=3407976408877998
iterations=1887
sample_ns=100000000
window_ns=1000000000
rapl_core_sum_uj=9614248522
rapl_psys_sum_uj=0
pid=0 energy=34471056570308110 alive=1 kernel=1 cpu_ns=6890760793000000 mem=550907904 instructions=3450521061622 wakeups=294279 diski=7602176 disko=26521600 rx=72212010 tx=30562798 comm=*system*
psu_energy_ac_mcp_machine=21186173706
-------
timestamp=3407976538948207
iterations=1889
sample_ns=100000000
window_ns=1000000000
rapl_core_sum_uj=9619761400
rapl_psys_sum_uj=0
pid=0 energy=34471063298082770 alive=1 kernel=1 cpu_ns=6890761017000000 mem=550977536 instructions=3451642616554 wakeups=294504 diski=7602176 disko=26521600 rx=72212010 tx=30562798 comm=*system*
psu_energy_ac_mcp_machine=21196230835
-------
timestamp=3407976669712852
iterations=1890
sample_ns=100000000
window_ns=1000000000
rapl_core_sum_uj=9622817796
rapl_psys_sum_uj=0
pid=0 energy=34471066726660255 alive=1 kernel=1 cpu_ns=6890761132000000 mem=551014400 instructions=3452213332051 wakeups=294712 diski=7602176 disko=26521600 rx=72212010 tx=30562798 comm=*system*
psu_energy_ac_mcp_machine=21210493408
-------
timestamp=3407976801904267
iterations=1891
sample_ns=100000000
window_ns=1000000000
rapl_core_sum_uj=9625960557
rapl_psys_sum_uj=0
pid=0 energy=34471070177893210 alive=1 kernel=1 cpu_ns=6890761250000000 mem=551051264 instructions=3452785578642 wakeups=294936 diski=7602176 disko=26521600 rx=72212010 tx=30562798 comm=*system*
psu_energy_ac_mcp_machine=21220781372
-------
timestamp=3407976954857656
iterations=1893
sample_ns=100000000
window_ns=1000000000
rapl_core_sum_uj=9633236862
rapl_psys_sum_uj=0
pid=0 energy=34471079323139695 alive=1 kernel=1 cpu_ns=6890761823000000 mem=551849984 instructions=3454041627939 wakeups=295233 diski=7602176 disko=26521600 rx=72212015 tx=30562804 comm=*system*
psu_energy_ac_mcp_machine=21237311157
-------
timestamp=3407977115371146
iterations=1894
sample_ns=100000000
window_ns=1000000000
rapl_core_sum_uj=9638127731
rapl_psys_sum_uj=0
pid=0 energy=34471085608355580 alive=1 kernel=1 cpu_ns=6890762446000000 mem=551399424 instructions=3454675671116 wakeups=295435 diski=7602176 disko=26521600 rx=72212015 tx=30562804 comm=*system*
psu_energy_ac_mcp_machine=21255543823
-------
timestamp=3407977274748002
iterations=1896
sample_ns=100000000
window_ns=1000000000
rapl_core_sum_uj=9648004256
rapl_psys_sum_uj=0
pid=0 energy=34471098335746085 alive=1 kernel=1 cpu_ns=6890763700000000 mem=552525824 instructions=3455967149217 wakeups=295684 diski=7602176 disko=26521600 rx=72212017 tx=30562804 comm=*system*
psu_energy_ac_mcp_machine=21273902222
-------
timestamp=3407977435459906
iterations=1897
sample_ns=100000000
window_ns=1000000000
rapl_core_sum_uj=9652916792
rapl_psys_sum_uj=0
pid=0 energy=34471104644921620 alive=1 kernel=1 cpu_ns=6890764324000000 mem=551849984 instructions=3456604984324 wakeups=295893 diski=7602176 disko=26521600 rx=72212017 tx=30562804 comm=*system*
psu_energy_ac_mcp_machine=21292247314
-------
timestamp=3407977595402085
iterations=1899
sample_ns=100000000
window_ns=1000000000
rapl_core_sum_uj=9662683210
rapl_psys_sum_uj=0
pid=0 energy=34471117167649740 alive=1 kernel=1 cpu_ns=6890765566000000 mem=552075264 instructions=3457867529948 wakeups=296133 diski=7602176 disko=26546176 rx=72212017 tx=30562804 comm=*system*
psu_energy_ac_mcp_machine=21310621704
-------
timestamp=3407977752404250
iterations=1900
sample_ns=100000000
window_ns=1000000000
rapl_core_sum_uj=9667662335
rapl_psys_sum_uj=0
pid=0 energy=34471123361019170 alive=1 kernel=1 cpu_ns=6890766190000000 mem=552075264 instructions=3458482203834 wakeups=296357 diski=7602176 disko=26546176 rx=72212017 tx=30562804 comm=*system*
psu_energy_ac_mcp_machine=21329078857
-------
timestamp=3407977915450813
iterations=1902
sample_ns=100000000
window_ns=1000000000
rapl_core_sum_uj=9677536052
rapl_psys_sum_uj=0
pid=0 energy=34471136003114760 alive=1 kernel=1 cpu_ns=6890767443000000 mem=551653376 instructions=3459757622952 wakeups=296591 diski=7602176 disko=26546176 rx=72212017 tx=30562804 comm=*system*
psu_energy_ac_mcp_machine=21347484009
-------
timestamp=3407978076341738
iterations=1903
sample_ns=100000000
window_ns=1000000000
rapl_core_sum_uj=9682464640
rapl_psys_sum_uj=0
pid=0 energy=34471142329026465 alive=1 kernel=1 cpu_ns=6890768061000000 mem=551653376 instructions=3460404805293 wakeups=296810 diski=7602176 disko=26546176 rx=72212017 tx=30562804 comm=*system*
psu_energy_ac_mcp_machine=21365896362
-------
timestamp=3407978239384764
iterations=1905
sample_ns=100000000
window_ns=1000000000
rapl_core_sum_uj=9692303018
rapl_psys_sum_uj=0
pid=0 energy=34471154929770480 alive=1 kernel=1 cpu_ns=6890769308000000 mem=551878656 instructions=3461677954096 wakeups=297040 diski=7602176 disko=26546176 rx=72212017 tx=30562804 comm=*system*
psu_energy_ac_mcp_machine=21384308838
-------
timestamp=3407978398365163
iterations=1906
sample_ns=100000000
window_ns=1000000000
rapl_core_sum_uj=9697314614
rapl_psys_sum_uj=0
pid=0 energy=34471161363986870 alive=1 kernel=1 cpu_ns=6890769938000000 mem=551878656 instructions=3462334797374 wakeups=297249 diski=7602176 disko=26546176 rx=72212017 tx=30562804 comm=*system*
psu_energy_ac_mcp_machine=21402762207
-------
timestamp=3407978563398097
iterations=1908
sample_ns=100000000
window_ns=1000000000
rapl_core_sum_uj=9707113197
rapl_psys_sum_uj=0
pid=0 energy=34471173748605475 alive=1 kernel=1 cpu_ns=6890771180000000 mem=551653376 instructions=3463569721095 wakeups=297469 diski=7602176 disko=26546176 rx=72212017 tx=30562804 comm=*system*
psu_energy_ac_mcp_machine=21421170410
-------
timestamp=3407978722373425
iterations=1910
sample_ns=100000000
window_ns=1000000000
rapl_core_sum_uj=9716974951
rapl_psys_sum_uj=0
pid=0 energy=34471186429326675 alive=1 kernel=1 cpu_ns=6890772428000000 mem=553005056 instructions=3464857865335 wakeups=297729 diski=7602176 disko=26546176 rx=72212017 tx=30562804 comm=*system*
psu_energy_ac_mcp_machine=21439603882
-------
timestamp=3407978880405134
iterations=1911
sample_ns=100000000
window_ns=1000000000
rapl_core_sum_uj=9721881750
rapl_psys_sum_uj=0
pid=0 energy=34471192719241480 alive=1 kernel=1 cpu_ns=6890773051000000 mem=551878656 instructions=3465492848296 wakeups=297922 diski=7602176 disko=26546176 rx=72212017 tx=30562804 comm=*system*
psu_energy_ac_mcp_machine=21458057251
-------
timestamp=3407979034814213
iterations=1913
sample_ns=100000000
window_ns=1000000000
rapl_core_sum_uj=9731815282
rapl_psys_sum_uj=0
pid=0 energy=34471205459236940 alive=1 kernel=1 cpu_ns=6890774304000000 mem=552558592 instructions=3466787847388 wakeups=298171 diski=7602176 disko=26546176 rx=72212017 tx=30562804 comm=*system*
psu_energy_ac_mcp_machine=21476503296
-------
timestamp=3407979193362872
iterations=1914
sample_ns=100000000
window_ns=1000000000
rapl_core_sum_uj=9736746434
rapl_psys_sum_uj=0
pid=0 energy=34471211564140645 alive=1 kernel=1 cpu_ns=6890774922000000 mem=551882752 instructions=3467390828129 wakeups=298369 diski=7602176 disko=26546176 rx=72212017 tx=30562804 comm=*system*
psu_energy_ac_mcp_machine=21494988525
-------
timestamp=3407979354423852
iterations=1916
sample_ns=100000000
window_ns=1000000000
rapl_core_sum_uj=9746629001
rapl_psys_sum_uj=0
pid=0 energy=34471224229992385 alive=1 kernel=1 cpu_ns=6890776169000000 mem=552333312 instructions=3468676998477 wakeups=298608 diski=7602176 disko=26587136 rx=72212019 tx=30562804 comm=*system*
psu_energy_ac_mcp_machine=21513435913
-------
timestamp=3407979516749280
iterations=1917
sample_ns=100000000
window_ns=1000000000
rapl_core_sum_uj=9751622836
rapl_psys_sum_uj=0
pid=0 energy=34471230616694115 alive=1 kernel=1 cpu_ns=6890776799000000 mem=551882752 instructions=3469324338823 wakeups=298822 diski=7602176 disko=26587136 rx=72212019 tx=30562804 comm=*system*
psu_energy_ac_mcp_machine=21531862427
-------
timestamp=3407979675409499
iterations=1919
sample_ns=100000000
window_ns=1000000000
rapl_core_sum_uj=9761434236
rapl_psys_sum_uj=0
pid=0 energy=34471243171171625 alive=1 kernel=1 cpu_ns=6890778040000000 mem=551882752 instructions=3470594234325 wakeups=299069 diski=7602176 disko=26587136 rx=72212019 tx=30562804 comm=*system*
psu_energy_ac_mcp_machine=21550309692
-------
timestamp=3407979833545713
iterations=1920
sample_ns=100000000
window_ns=1000000000
rapl_core_sum_uj=9766447358
rapl_psys_sum_uj=0
pid=0 energy=34471249592863985 alive=1 kernel=1 cpu_ns=6890778670000000 mem=551882752 instructions=3471248572797 wakeups=299272 diski=7602176 disko=26587136 rx=72212019 tx=30562804 comm=*system*
psu_energy_ac_mcp_machine=21568744507
-------
timestamp=3407979995341430
iterations=1922
sample_ns=100000000
window_ns=1000000000
rapl_core_sum_uj=9776289032
rapl_psys_sum_uj=0
pid=0 energy=34471261985501430 alive=1 kernel=1 cpu_ns=6890779912000000 mem=551665664 instructions=3472485100286 wakeups=299475 diski=7602176 disko=26587136 rx=72212019 tx=30562804 comm=*system*
psu_energy_ac_mcp_machine=21587186035
-------
timestamp=3407980156391697
iterations=1923
sample_ns=100000000
window_ns=1000000000
rapl_core_sum_uj=9781269073
rapl_psys_sum_uj=0
pid=0 energy=34471268365843845 alive=1 kernel=1 cpu_ns=6890780536000000 mem=551665664 instructions=3473137168769 wakeups=299682 diski=7602176 disko=26587136 rx=72212019 tx=30562804 comm=*system*
psu_energy_ac_mcp_machine=21605608154
-------
timestamp=3407980320736051
iterations=1925
sample_ns=100000000
window_ns=1000000000
rapl_core_sum_uj=9791111968
rapl_psys_sum_uj=0
pid=0 energy=34471280907863060 alive=1 kernel=1 cpu_ns=6890781784000000 mem=551665664 instructions=3474397572612 wakeups=299902 diski=7602176 disko=26587136 rx=72212019 tx=30562804 comm=*system*
psu_energy_ac_mcp_machine=21623971436
-------
timestamp=3407980479389371
iterations=1926
sample_ns=100000000
window_ns=1000000000
rapl_core_sum_uj=9796069914
rapl_psys_sum_uj=0
pid=0 energy=34471287216627505 alive=1 kernel=1 cpu_ns=6890782407000000 mem=551440384 instructions=3475036325501 wakeups=300126 diski=7602176 disko=26587136 rx=72212019 tx=30562804 comm=*system*
psu_energy_ac_mcp_machine=21642357178
-------
timestamp=3407980641425708
iterations=1928
sample_ns=100000000
window_ns=1000000000
rapl_core_sum_uj=9805928434
rapl_psys_sum_uj=0
pid=0 energy=34471299671312170 alive=1 kernel=1 cpu_ns=6890783655000000 mem=551890944 instructions=3476279262434 wakeups=300357 diski=7602176 disko=26587136 rx=72212019 tx=30562804 comm=*system*
psu_energy_ac_mcp_machine=21660828613
-------
timestamp=3407980799268956
iterations=1930
sample_ns=100000000
window_ns=1000000000
rapl_core_sum_uj=9815830716
rapl_psys_sum_uj=0
pid=0 energy=34471312298538345 alive=1 kernel=1 cpu_ns=6890784901000000 mem=552792064 instructions=3477558707669 wakeups=300616 diski=7602176 disko=26587136 rx=72212019 tx=30562804 comm=*system*
psu_energy_ac_mcp_machine=21679246216
-------
timestamp=3407980959385324
iterations=1931
sample_ns=100000000
window_ns=1000000000
rapl_core_sum_uj=9820725003
rapl_psys_sum_uj=0
pid=0 energy=34471318593321635 alive=1 kernel=1 cpu_ns=6890785525000000 mem=551649280 instructions=3478193664327 wakeups=300808 diski=7602176 disko=26587136 rx=72212019 tx=30562804 comm=*system*
psu_energy_ac_mcp_machine=21697686523
-------
timestamp=3407981118884568
iterations=1933
sample_ns=100000000
window_ns=1000000000
rapl_core_sum_uj=9830636868
rapl_psys_sum_uj=0
pid=0 energy=34471331331276730 alive=1 kernel=1 cpu_ns=6890786779000000 mem=552325120 instructions=3479487255346 wakeups=301044 diski=7602176 disko=26587136 rx=72212019 tx=30562804 comm=*system*
psu_energy_ac_mcp_machine=21716122192
-------
timestamp=3407981278374672
iterations=1934
sample_ns=100000000
window_ns=1000000000
rapl_core_sum_uj=9835569180
rapl_psys_sum_uj=0
pid=0 energy=34471337640595720 alive=1 kernel=1 cpu_ns=6890787403000000 mem=551874560 instructions=3480125119144 wakeups=301250 diski=7602176 disko=26587136 rx=72212021 tx=30562804 comm=*system*
psu_energy_ac_mcp_machine=21734539917
-------
timestamp=3407981439372695
iterations=1936
sample_ns=100000000
window_ns=1000000000
rapl_core_sum_uj=9845425197
rapl_psys_sum_uj=0
pid=0 energy=34471350084469690 alive=1 kernel=1 cpu_ns=6890788644000000 mem=552099840 instructions=3481372893938 wakeups=301486 diski=7602176 disko=26587136 rx=72212021 tx=30562804 comm=*system*
psu_energy_ac_mcp_machine=21753002441
-------
timestamp=3407981605418150
iterations=1937
sample_ns=100000000
window_ns=1000000000
rapl_core_sum_uj=9850357692
rapl_psys_sum_uj=0
pid=0 energy=34471356429745700 alive=1 kernel=1 cpu_ns=6890789268000000 mem=551874560 instructions=3482017949140 wakeups=301692 diski=7602176 disko=26587136 rx=72212021 tx=30562804 comm=*system*
psu_energy_ac_mcp_machine=21771391724
-------
timestamp=3407981759348213
iterations=1939
sample_ns=100000000
window_ns=1000000000
rapl_core_sum_uj=9860183069
rapl_psys_sum_uj=0
pid=0 energy=34471369033541255 alive=1 kernel=1 cpu_ns=6890790516000000 mem=551649280 instructions=3483290708251 wakeups=301929 diski=7602176 disko=26587136 rx=72212021 tx=30562804 comm=*system*
psu_energy_ac_mcp_machine=21789820557
-------
timestamp=3407981919795810
iterations=1940
sample_ns=100000000
window_ns=1000000000
rapl_core_sum_uj=9865143029
rapl_psys_sum_uj=0
pid=0 energy=34471375378285820 alive=1 kernel=1 cpu_ns=6890791137000000 mem=551424000 instructions=3483938657164 wakeups=302148 diski=7602176 disko=26587136 rx=72212021 tx=30562804 comm=*system*
psu_energy_ac_mcp_machine=21808246582
-------
timestamp=3407982080412083
iterations=1942
sample_ns=100000000
window_ns=1000000000
rapl_core_sum_uj=9875036277
rapl_psys_sum_uj=0
pid=0 energy=34471387993187500 alive=1 kernel=1 cpu_ns=6890792391000000 mem=551682048 instructions=3485207637500 wakeups=302360 diski=7602176 disko=26587136 rx=72212021 tx=30562804 comm=*system*
psu_energy_ac_mcp_machine=21826713745
-------
timestamp=3407982239762420
iterations=1943
sample_ns=100000000
window_ns=1000000000
rapl_core_sum_uj=9880006674
rapl_psys_sum_uj=0
pid=0 energy=34471394257028495 alive=1 kernel=1 cpu_ns=6890793015000000 mem=551907328 instructions=3485836405699 wakeups=302584 diski=7602176 disko=26587136 rx=72212021 tx=30562804 comm=*system*
psu_energy_ac_mcp_machine=21845140625
-------
timestamp=3407982403390002
iterations=1945
sample_ns=100000000
window_ns=1000000000
rapl_core_sum_uj=9889791829
rapl_psys_sum_uj=0
pid=0 energy=34471406786729005 alive=1 kernel=1 cpu_ns=6890794257000000 mem=551907328 instructions=3487100345801 wakeups=302811 diski=7602176 disko=26587136 rx=72212021 tx=30562804 comm=*system*
psu_energy_ac_mcp_machine=21863522095
-------
timestamp=3407982561866939
iterations=1946
sample_ns=100000000
window_ns=1000000000
rapl_core_sum_uj=9894813557
rapl_psys_sum_uj=0
pid=0 energy=34471413219280460 alive=1 kernel=1 cpu_ns=6890794886000000 mem=551907328 instructions=3487757856092 wakeups=303030 diski=7602176 disko=26587136 rx=72212021 tx=30562804 comm=*system*
psu_energy_ac_mcp_machine=21881918213
-------
timestamp=3407982719853255
iterations=1948
sample_ns=100000000
window_ns=1000000000
rapl_core_sum_uj=9904641437
rapl_psys_sum_uj=0
pid=0 energy=34471425814086580 alive=1 kernel=1 cpu_ns=6890796134000000 mem=552132608 instructions=3489028817316 wakeups=303266 diski=7602176 disko=26587136 rx=72212021 tx=30562804 comm=*system*
psu_energy_ac_mcp_machine=21900317871
-------
timestamp=3407982878543661
iterations=1950
sample_ns=100000000
window_ns=1000000000
rapl_core_sum_uj=9914607867
rapl_psys_sum_uj=0
pid=0 energy=34471438388474980 alive=1 kernel=1 cpu_ns=6890797382000000 mem=553037824 instructions=3490295694996 wakeups=303535 diski=7602176 disko=26603520 rx=72212021 tx=30562804 comm=*system*
psu_energy_ac_mcp_machine=21918806641
-------
timestamp=3407983037374996
iterations=1951
sample_ns=100000000
window_ns=1000000000
rapl_core_sum_uj=9919452532
rapl_psys_sum_uj=0
pid=0 energy=34471444593971315 alive=1 kernel=1 cpu_ns=6890798000000000 mem=551911424 instructions=3490918794263 wakeups=303716 diski=7602176 disko=26603520 rx=72212021 tx=30562804 comm=*system*
psu_energy_ac_mcp_machine=21937237549
-------
timestamp=3407983195466563
iterations=1953
sample_ns=100000000
window_ns=1000000000
rapl_core_sum_uj=9929347428
rapl_psys_sum_uj=0
pid=0 energy=34471457294733665 alive=1 kernel=1 cpu_ns=6890799247000000 mem=553037824 instructions=3492211946733 wakeups=303971 diski=7602176 disko=26603520 rx=72212023 tx=30562804 comm=*system*
psu_energy_ac_mcp_machine=21955685547
-------
timestamp=3407983355385064
iterations=1954
sample_ns=100000000
window_ns=1000000000
rapl_core_sum_uj=9934269913
rapl_psys_sum_uj=0
pid=0 energy=34471463588230720 alive=1 kernel=1 cpu_ns=6890799871000000 mem=551911424 instructions=3492846646144 wakeups=304165 diski=7602176 disko=26603520 rx=72212023 tx=30562804 comm=*system*
psu_energy_ac_mcp_machine=21974112549
-------
timestamp=3407983518484074
iterations=1956
sample_ns=100000000
window_ns=1000000000
rapl_core_sum_uj=9944189163
rapl_psys_sum_uj=0
pid=0 energy=34471476269028835 alive=1 kernel=1 cpu_ns=6890801125000000 mem=552812544 instructions=3494128805767 wakeups=304396 diski=7602176 disko=26603520 rx=72212023 tx=30562804 comm=*system*
psu_energy_ac_mcp_machine=21992550537
-------
timestamp=3407983678336998
iterations=1957
sample_ns=100000000
window_ns=1000000000
rapl_core_sum_uj=9949120620
rapl_psys_sum_uj=0
pid=0 energy=34471482421018865 alive=1 kernel=1 cpu_ns=6890801743000000 mem=552136704 instructions=3494741203773 wakeups=304617 diski=7602176 disko=26603520 rx=72212023 tx=30562804 comm=*system*
psu_energy_ac_mcp_machine=22010989746
-------
timestamp=3407983837591576
iterations=1959
sample_ns=100000000
window_ns=1000000000
rapl_core_sum_uj=9959029555
rapl_psys_sum_uj=0
pid=0 energy=34471495074095565 alive=1 kernel=1 cpu_ns=6890802997000000 mem=552136704 instructions=3496017819113 wakeups=304849 diski=7602176 disko=26603520 rx=72212023 tx=30562804 comm=*system*
psu_energy_ac_mcp_machine=22029404663
-------
timestamp=3407983995382779
iterations=1960
sample_ns=100000000
window_ns=1000000000
rapl_core_sum_uj=9963960951
rapl_psys_sum_uj=0
pid=0 energy=34471501378337840 alive=1 kernel=1 cpu_ns=6890803614000000 mem=551800832 instructions=3496661667568 wakeups=305067 diski=7602176 disko=26603520 rx=72212023 tx=30562804 comm=*system*
psu_energy_ac_mcp_machine=22047827637
-------
timestamp=3407984153847002
iterations=1962
sample_ns=100000000
window_ns=1000000000
rapl_core_sum_uj=9973817212
rapl_psys_sum_uj=0
pid=0 energy=34471513985329110 alive=1 kernel=1 cpu_ns=6890804862000000 mem=552026112 instructions=3497935065822 wakeups=305265 diski=7602176 disko=26603520 rx=72212023 tx=30562804 comm=*system*
psu_energy_ac_mcp_machine=22066250488
-------
timestamp=3407984316864374
iterations=1963
sample_ns=100000000
window_ns=1000000000
rapl_core_sum_uj=9978839672
rapl_psys_sum_uj=0
pid=0 energy=34471520406896645 alive=1 kernel=1 cpu_ns=6890805492000000 mem=552026112 instructions=3498589379329 wakeups=305497 diski=7602176 disko=26947584 rx=72212023 tx=30562804 comm=*system*
psu_energy_ac_mcp_machine=22084751099
-------
timestamp=3407984478882128
iterations=1965
sample_ns=100000000
window_ns=1000000000
rapl_core_sum_uj=9988682140
rapl_psys_sum_uj=0
pid=0 energy=34471532810411630 alive=1 kernel=1 cpu_ns=6890806733000000 mem=551800832 instructions=3499829082326 wakeups=305804 diski=7602176 disko=29597696 rx=72212023 tx=30562804 comm=*system*
psu_energy_ac_mcp_machine=22103149292
-------
timestamp=3407984637421000
iterations=1966
sample_ns=100000000
window_ns=1000000000
rapl_core_sum_uj=9993667613
rapl_psys_sum_uj=0
pid=0 energy=34471539183850615 alive=1 kernel=1 cpu_ns=6890807356000000 mem=551800832 instructions=3500480770123 wakeups=306026 diski=7602176 disko=29597696 rx=72212023 tx=30562804 comm=*system*
psu_energy_ac_mcp_machine=22121579956
-------
timestamp=3407984798436580
iterations=1968
sample_ns=100000000
window_ns=1000000000
rapl_core_sum_uj=10003541574
rapl_psys_sum_uj=0
pid=0 energy=34471551804082760 alive=1 kernel=1 cpu_ns=6890808604000000 mem=551800832 instructions=3501756816552 wakeups=306261 diski=7602176 disko=29597696 rx=72212023 tx=30562804 comm=*system*
psu_energy_ac_mcp_machine=22140001831
-------
timestamp=3407984961745723
iterations=1970
sample_ns=100000000
window_ns=1000000000
rapl_core_sum_uj=10013459298
rapl_psys_sum_uj=0
pid=0 energy=34471564462093030 alive=1 kernel=1 cpu_ns=6890809852000000 mem=552837120 instructions=3503040418606 wakeups=306513 diski=7602176 disko=29597696 rx=72212023 tx=30562804 comm=*system*
psu_energy_ac_mcp_machine=22158445313
-------
timestamp=3407985117840406
iterations=1971
sample_ns=100000000
window_ns=1000000000
rapl_core_sum_uj=10018419136
rapl_psys_sum_uj=0
pid=0 energy=34471570634264030 alive=1 kernel=1 cpu_ns=6890810475000000 mem=551710720 instructions=3503651852806 wakeups=306708 diski=7602176 disko=29597696 rx=72212023 tx=30562804 comm=*system*
psu_energy_ac_mcp_machine=22176909424
-------
timestamp=3407985280020069
iterations=1973
sample_ns=100000000
window_ns=1000000000
rapl_core_sum_uj=10028330390
rapl_psys_sum_uj=0
pid=0 energy=34471583261957300 alive=1 kernel=1 cpu_ns=6890811722000000 mem=552611840 instructions=3504930391460 wakeups=306948 diski=7602176 disko=29597696 rx=72212025 tx=30562804 comm=*system*
psu_energy_ac_mcp_machine=22195299683
-------
timestamp=3407985443384185
iterations=1974
sample_ns=100000000
window_ns=1000000000
rapl_core_sum_uj=10033272406
rapl_psys_sum_uj=0
pid=0 energy=34471589543720755 alive=1 kernel=1 cpu_ns=6890812346000000 mem=551936000 instructions=3505562744151 wakeups=307157 diski=7602176 disko=29597696 rx=72212025 tx=30562804 comm=*system*
psu_energy_ac_mcp_machine=22213694092
-------
timestamp=3407985601390710
iterations=1976
sample_ns=100000000
window_ns=1000000000
rapl_core_sum_uj=10043182440
rapl_psys_sum_uj=0
pid=0 energy=34471602214363680 alive=1 kernel=1 cpu_ns=6890813599000000 mem=551936000 instructions=3506843872736 wakeups=307407 diski=7602176 disko=29597696 rx=72212025 tx=30562804 comm=*system*
psu_energy_ac_mcp_machine=22232122314
-------
timestamp=3407985761186320
iterations=1977
sample_ns=100000000
window_ns=1000000000
rapl_core_sum_uj=10048115301
rapl_psys_sum_uj=0
pid=0 energy=34471608498665770 alive=1 kernel=1 cpu_ns=6890814217000000 mem=551936000 instructions=3507482733154 wakeups=307621 diski=7602176 disko=29597696 rx=72212026 tx=30562805 comm=*system*
psu_energy_ac_mcp_machine=22250571899
-------
timestamp=3407985925386607
iterations=1979
sample_ns=100000000
window_ns=1000000000
rapl_core_sum_uj=10057990727
rapl_psys_sum_uj=0
pid=0 energy=34471620910574610 alive=1 kernel=1 cpu_ns=6890815464000000 mem=551723008 instructions=3508718114922 wakeups=307829 diski=7602176 disko=29597696 rx=72212026 tx=30562805 comm=*system*
psu_energy_ac_mcp_machine=22269012573
-------
timestamp=3407986083380933
iterations=1980
sample_ns=100000000
window_ns=1000000000
rapl_core_sum_uj=10062987247
rapl_psys_sum_uj=0
pid=0 energy=34471627264846580 alive=1 kernel=1 cpu_ns=6890816088000000 mem=551723008 instructions=3509364969316 wakeups=308048 diski=7602176 disko=29597696 rx=72212026 tx=30562805 comm=*system*
psu_energy_ac_mcp_machine=22287445923
-------
timestamp=3407986240991442
iterations=1982
sample_ns=100000000
window_ns=1000000000
rapl_core_sum_uj=10072853335
rapl_psys_sum_uj=0
pid=0 energy=34471639871027200 alive=1 kernel=1 cpu_ns=6890817336000000 mem=551948288 instructions=3510638205440 wakeups=308276 diski=7602176 disko=29597696 rx=72212026 tx=30562805 comm=*system*
psu_energy_ac_mcp_machine=22305873291
-------
timestamp=3407986400781663
iterations=1983
sample_ns=100000000
window_ns=1000000000
rapl_core_sum_uj=10077887453
rapl_psys_sum_uj=0
pid=0 energy=34471646305216345 alive=1 kernel=1 cpu_ns=6890817965000000 mem=551723008 instructions=3511296043269 wakeups=308504 diski=7602176 disko=29597696 rx=72212026 tx=30562805 comm=*system*
psu_energy_ac_mcp_machine=22324308960
-------
timestamp=3407986562442032
iterations=1985
sample_ns=100000000
window_ns=1000000000
rapl_core_sum_uj=10087738893
rapl_psys_sum_uj=0
pid=0 energy=34471658723759130 alive=1 kernel=1 cpu_ns=6890819206000000 mem=551948288 instructions=3512538751826 wakeups=308713 diski=7602176 disko=29597696 rx=72212026 tx=30562805 comm=*system*
psu_energy_ac_mcp_machine=22342779541
-------
timestamp=3407986725382480
iterations=1987
sample_ns=100000000
window_ns=1000000000
rapl_core_sum_uj=10097680909
rapl_psys_sum_uj=0
pid=0 energy=34471671397355405 alive=1 kernel=1 cpu_ns=6890820454000000 mem=552849408 instructions=3513825471081 wakeups=308978 diski=7602176 disko=29597696 rx=72212026 tx=30562805 comm=*system*
psu_energy_ac_mcp_machine=22361176758
-------
timestamp=3407986882404181
iterations=1988
sample_ns=100000000
window_ns=1000000000
rapl_core_sum_uj=10102602784
rapl_psys_sum_uj=0
pid=0 energy=34471677668491230 alive=1 kernel=1 cpu_ns=6890821077000000 mem=551723008 instructions=3514456698246 wakeups=309164 diski=7602176 disko=29597696 rx=72212026 tx=30562805 comm=*system*
psu_energy_ac_mcp_machine=22379579590
-------
timestamp=3407987047423182
iterations=1990
sample_ns=100000000
window_ns=1000000000
rapl_core_sum_uj=10112511414
rapl_psys_sum_uj=0
pid=0 energy=34471690334050120 alive=1 kernel=1 cpu_ns=6890822324000000 mem=552407040 instructions=3515742810024 wakeups=309420 diski=7602176 disko=29597696 rx=72212026 tx=30562805 comm=*system*
psu_energy_ac_mcp_machine=22397985962
-------
timestamp=3407987204405176
iterations=1991
sample_ns=100000000
window_ns=1000000000
rapl_core_sum_uj=10117457947
rapl_psys_sum_uj=0
pid=0 energy=34471696641238340 alive=1 kernel=1 cpu_ns=6890822947000000 mem=551731200 instructions=3516381247668 wakeups=309615 diski=7602176 disko=29597696 rx=72212026 tx=30562805 comm=*system*
psu_energy_ac_mcp_machine=22416454956
-------
timestamp=3407987368374666
iterations=1993
sample_ns=100000000
window_ns=1000000000
rapl_core_sum_uj=10127429931
rapl_psys_sum_uj=0
pid=0 energy=34471709180621715 alive=1 kernel=1 cpu_ns=6890824200000000 mem=551731200 instructions=3517636124343 wakeups=309862 diski=7602176 disko=29597696 rx=72212028 tx=30562805 comm=*system*
psu_energy_ac_mcp_machine=22434899170
-------
timestamp=3407987526412137
iterations=1994
sample_ns=100000000
window_ns=1000000000
rapl_core_sum_uj=10132339354
rapl_psys_sum_uj=0
pid=0 energy=34471715464606835 alive=1 kernel=1 cpu_ns=6890824816000000 mem=551956480 instructions=3518276921367 wakeups=310069 diski=7602176 disko=29597696 rx=72212028 tx=30562805 comm=*system*
psu_energy_ac_mcp_machine=22453320557
-------
timestamp=3407987684428646
iterations=1996
sample_ns=100000000
window_ns=1000000000
rapl_core_sum_uj=10142213986
rapl_psys_sum_uj=0
pid=0 energy=34471728082781150 alive=1 kernel=1 cpu_ns=6890826062000000 mem=551731200 instructions=3519554556230 wakeups=310313 diski=7602176 disko=29597696 rx=72212028 tx=30562805 comm=*system*
psu_energy_ac_mcp_machine=22471721802
-------
timestamp=3407987843351428
iterations=1997
sample_ns=100000000
window_ns=1000000000
rapl_core_sum_uj=10147198116
rapl_psys_sum_uj=0
pid=0 energy=34471734449508660 alive=1 kernel=1 cpu_ns=6890826686000000 mem=551956480 instructions=3520203901732 wakeups=310539 diski=7602176 disko=29597696 rx=72212028 tx=30562805 comm=*system*
psu_energy_ac_mcp_machine=22490128784
-------
timestamp=3407988000893999
iterations=1999
sample_ns=100000000
window_ns=1000000000
rapl_core_sum_uj=10157095820
rapl_psys_sum_uj=0
pid=0 energy=34471746950447760 alive=1 kernel=1 cpu_ns=6890827932000000 mem=551714816 instructions=3521458089552 wakeups=310768 diski=7602176 disko=29614080 rx=72212028 tx=30562805 comm=*system*
psu_energy_ac_mcp_machine=22508607788
-------
timestamp=3407988157849450
iterations=2000
sample_ns=100000000
window_ns=1000000000
rapl_core_sum_uj=10162115778
rapl_psys_sum_uj=0
pid=0 energy=34471753266886875 alive=1 kernel=1 cpu_ns=6890828556000000 mem=551940096 instructions=3522097377375 wakeups=310990 diski=7602176 disko=29614080 rx=72212028 tx=30562805 comm=*system*
psu_energy_ac_mcp_machine=22527048706
-------
timestamp=3407988315715345
iterations=2002
sample_ns=100000000
window_ns=1000000000
rapl_core_sum_uj=10172050225
rapl_psys_sum_uj=0
pid=0 energy=34471765930056675 alive=1 kernel=1 cpu_ns=6890829809000000 mem=551714816 instructions=3523377011335 wakeups=311211 diski=7602176 disko=29614080 rx=72212028 tx=30562805 comm=*system*
psu_energy_ac_mcp_machine=22545466431
-------
timestamp=3407988476366475
iterations=2003
sample_ns=100000000
window_ns=1000000000
rapl_core_sum_uj=10176984062
rapl_psys_sum_uj=0
pid=0 energy=34471772237298120 alive=1 kernel=1 cpu_ns=6890830425000000 mem=551940096 instructions=3524022459624 wakeups=311428 diski=7602176 disko=29614080 rx=72212028 tx=30562805 comm=*system*
psu_energy_ac_mcp_machine=22563894043
-------
timestamp=3407988637384634
iterations=2005
sample_ns=100000000
window_ns=1000000000
rapl_core_sum_uj=10186903860
rapl_psys_sum_uj=0
pid=0 energy=34471784906874715 alive=1 kernel=1 cpu_ns=6890831678000000 mem=552165376 instructions=3525303374943 wakeups=311638 diski=7602176 disko=29614080 rx=72212028 tx=30562805 comm=*system*
psu_energy_ac_mcp_machine=22582302856
-------
timestamp=3407988800392623
iterations=2006
sample_ns=100000000
window_ns=1000000000
rapl_core_sum_uj=10191909231
rapl_psys_sum_uj=0
pid=0 energy=34471791193711560 alive=1 kernel=1 cpu_ns=6890832300000000 mem=551940096 instructions=3525938742312 wakeups=311864 diski=7602176 disko=29614080 rx=72212028 tx=30562805 comm=*system*
psu_energy_ac_mcp_machine=22600771240
-------
timestamp=3407988960843863
iterations=2008
sample_ns=100000000
window_ns=1000000000
rapl_core_sum_uj=10202129384
rapl_psys_sum_uj=0
pid=0 energy=34471804132343960 alive=1 kernel=1 cpu_ns=6890833589000000 mem=551727104 instructions=3527237468792 wakeups=312091 diski=7602176 disko=29614080 rx=72212028 tx=30562805 comm=*system*
psu_energy_ac_mcp_machine=22619191284
-------
timestamp=3407989118383696
iterations=2009
sample_ns=100000000
window_ns=1000000000
rapl_core_sum_uj=10207114430
rapl_psys_sum_uj=0
pid=0 energy=34471810506413790 alive=1 kernel=1 cpu_ns=6890834211000000 mem=551952384 instructions=3527890282758 wakeups=312316 diski=7602176 disko=29614080 rx=72212028 tx=30562805 comm=*system*
psu_energy_ac_mcp_machine=22637634644
-------
timestamp=3407989277406152
iterations=2011
sample_ns=100000000
window_ns=1000000000
rapl_core_sum_uj=10216952380
rapl_psys_sum_uj=0
pid=0 energy=34471823066026405 alive=1 kernel=1 cpu_ns=6890835457000000 mem=551952384 instructions=3529156205281 wakeups=312534 diski=7602176 disko=29614080 rx=72212030 tx=30562805 comm=*system*
psu_energy_ac_mcp_machine=22656052368
-------
timestamp=3407989441410510
iterations=2013
sample_ns=100000000
window_ns=1000000000
rapl_core_sum_uj=10226902819
rapl_psys_sum_uj=0
pid=0 energy=34471835685455440 alive=1 kernel=1 cpu_ns=6890836705000000 mem=553078784 instructions=3530432091088 wakeups=312801 diski=7602176 disko=29851648 rx=72212030 tx=30562805 comm=*system*
psu_energy_ac_mcp_machine=22674498535
-------
timestamp=3407989601433440
iterations=2014
sample_ns=100000000
window_ns=1000000000
rapl_core_sum_uj=10231895067
rapl_psys_sum_uj=0
pid=0 energy=34471841981898650 alive=1 kernel=1 cpu_ns=6890837335000000 mem=551952384 instructions=3531061379730 wakeups=312998 diski=7602176 disko=29851648 rx=72212030 tx=30562805 comm=*system*
psu_energy_ac_mcp_machine=22692962891
-------
timestamp=3407989761990802
iterations=2016
sample_ns=100000000
window_ns=1000000000
rapl_core_sum_uj=10241839890
rapl_psys_sum_uj=0
pid=0 energy=34471854686216190 alive=1 kernel=1 cpu_ns=6890838589000000 mem=552628224 instructions=3532348243238 wakeups=313247 diski=7602176 disko=29851648 rx=72212030 tx=30562805 comm=*system*
psu_energy_ac_mcp_machine=22711392090
-------
timestamp=3407989924851298
iterations=2017
sample_ns=100000000
window_ns=1000000000
rapl_core_sum_uj=10247069138
rapl_psys_sum_uj=0
pid=0 energy=34471861366792545 alive=1 kernel=1 cpu_ns=6890839248000000 mem=551763968 instructions=3533025358509 wakeups=313454 diski=7602176 disko=29851648 rx=72212030 tx=30562805 comm=*system*
psu_energy_ac_mcp_machine=22729800293
-------
timestamp=3407990083976148
iterations=2019
sample_ns=100000000
window_ns=1000000000
rapl_core_sum_uj=10256938461
rapl_psys_sum_uj=0
pid=0 energy=34471874024032630 alive=1 kernel=1 cpu_ns=6890840496000000 mem=552214528 instructions=3534308806526 wakeups=313692 diski=7602176 disko=29851648 rx=72212030 tx=30562805 comm=*system*
psu_energy_ac_mcp_machine=22748240112
-------
timestamp=3407990241871398
iterations=2020
sample_ns=100000000
window_ns=1000000000
rapl_core_sum_uj=10261906783
rapl_psys_sum_uj=0
pid=0 energy=34471880273559120 alive=1 kernel=1 cpu_ns=6890841119000000 mem=551763968 instructions=3534935711824 wakeups=313895 diski=7602176 disko=29851648 rx=72212030 tx=30562805 comm=*system*
psu_energy_ac_mcp_machine=22766713867
-------
timestamp=3407990405763012
iterations=2022
sample_ns=100000000
window_ns=1000000000
rapl_core_sum_uj=10271823469
rapl_psys_sum_uj=0
pid=0 energy=34471892841844695 alive=1 kernel=1 cpu_ns=6890842372000000 mem=551763968 instructions=3536196368939 wakeups=314127 diski=7602176 disko=29851648 rx=72212030 tx=30562805 comm=*system*
psu_energy_ac_mcp_machine=22785132202
-------
timestamp=3407990565394888
iterations=2023
sample_ns=100000000
window_ns=1000000000
rapl_core_sum_uj=10276800153
rapl_psys_sum_uj=0
pid=0 energy=34471899207458860 alive=1 kernel=1 cpu_ns=6890842995000000 mem=551989248 instructions=3536846491772 wakeups=314351 diski=7602176 disko=29851648 rx=72212030 tx=30562805 comm=*system*
psu_energy_ac_mcp_machine=22803584717
-------
timestamp=3407990723792547
iterations=2025
sample_ns=100000000
window_ns=1000000000
rapl_core_sum_uj=10286608929
rapl_psys_sum_uj=0
pid=0 energy=34471911749290900 alive=1 kernel=1 cpu_ns=6890844236000000 mem=552214528 instructions=3538113858180 wakeups=314582 diski=7602176 disko=29851648 rx=72212030 tx=30562805 comm=*system*
psu_energy_ac_mcp_machine=22822013672
-------
timestamp=3407990881492872
iterations=2026
sample_ns=100000000
window_ns=1000000000
rapl_core_sum_uj=10291598736
rapl_psys_sum_uj=0
pid=0 energy=34471918120986150 alive=1 kernel=1 cpu_ns=6890844859000000 mem=552214528 instructions=3538765197230 wakeups=314786 diski=7602176 disko=29851648 rx=72212030 tx=30562805 comm=*system*
psu_energy_ac_mcp_machine=22840470459
-------
timestamp=3407991042904042
iterations=2028
sample_ns=100000000
window_ns=1000000000
rapl_core_sum_uj=10301552287
rapl_psys_sum_uj=0
pid=0 energy=34471930634824435 alive=1 kernel=1 cpu_ns=6890846113000000 mem=551882752 instructions=3540013964887 wakeups=315018 diski=7602176 disko=29851648 rx=72212030 tx=30562805 comm=*system*
psu_energy_ac_mcp_machine=22858895264
-------
timestamp=3407991202438213
iterations=2029
sample_ns=100000000
window_ns=1000000000
rapl_core_sum_uj=10306484660
rapl_psys_sum_uj=0
pid=0 energy=34471936905583095 alive=1 kernel=1 cpu_ns=6890846731000000 mem=551882752 instructions=3540650116619 wakeups=315238 diski=7602176 disko=29851648 rx=72212030 tx=30562805 comm=*system*
psu_energy_ac_mcp_machine=22877323730
-------
timestamp=3407991357397820
iterations=2031
sample_ns=100000000
window_ns=1000000000
rapl_core_sum_uj=10316339517
rapl_psys_sum_uj=0
pid=0 energy=34471949464857225 alive=1 kernel=1 cpu_ns=6890847978000000 mem=552108032 instructions=3541914971445 wakeups=315468 diski=7602176 disko=29851648 rx=72212032 tx=30562805 comm=*system*
psu_energy_ac_mcp_machine=22895754028
-------
timestamp=3407991515886370
iterations=2032
sample_ns=100000000
window_ns=1000000000
rapl_core_sum_uj=10321361489
rapl_psys_sum_uj=0
pid=0 energy=34471955887172935 alive=1 kernel=1 cpu_ns=6890848606000000 mem=551882752 instructions=3542571434587 wakeups=315684 diski=7602176 disko=29851648 rx=72212032 tx=30562805 comm=*system*
psu_energy_ac_mcp_machine=22914177612
-------
timestamp=3407991677458872
iterations=2034
sample_ns=100000000
window_ns=1000000000
rapl_core_sum_uj=10331201576
rapl_psys_sum_uj=0
pid=0 energy=34471968361030080 alive=1 kernel=1 cpu_ns=6890849846000000 mem=551657472 instructions=3543826206016 wakeups=315911 diski=7602176 disko=29851648 rx=72212032 tx=30562805 comm=*system*
psu_energy_ac_mcp_machine=22932609497
-------
timestamp=3407991839397131
iterations=2035
sample_ns=100000000
window_ns=1000000000
rapl_core_sum_uj=10336245338
rapl_psys_sum_uj=0
pid=0 energy=34471974743927105 alive=1 kernel=1 cpu_ns=6890850475000000 mem=551882752 instructions=3544473785421 wakeups=316138 diski=7602176 disko=29851648 rx=72212032 tx=30562805 comm=*system*
psu_energy_ac_mcp_machine=22951015991
-------
timestamp=3407991997397044
iterations=2037
sample_ns=100000000
window_ns=1000000000
rapl_core_sum_uj=10346464697
rapl_psys_sum_uj=0
pid=0 energy=34471987741822380 alive=1 kernel=1 cpu_ns=6890851763000000 mem=551882752 instructions=3545785364476 wakeups=316363 diski=7602176 disko=29851648 rx=72212032 tx=30562805 comm=*system*
psu_energy_ac_mcp_machine=22969391357
-------
timestamp=3407992160398636
iterations=2039
sample_ns=100000000
window_ns=1000000000
rapl_core_sum_uj=10356392857
rapl_psys_sum_uj=0
pid=0 energy=34472000448877710 alive=1 kernel=1 cpu_ns=6890853011000000 mem=553009152 instructions=3547078775542 wakeups=316614 diski=7602176 disko=29851648 rx=72212032 tx=30562805 comm=*system*
psu_energy_ac_mcp_machine=22987778564
-------
timestamp=3407992322408969
iterations=2040
sample_ns=100000000
window_ns=1000000000
rapl_core_sum_uj=10361316929
rapl_psys_sum_uj=0
pid=0 energy=34472006730911385 alive=1 kernel=1 cpu_ns=6890853635000000 mem=551882752 instructions=3547711182277 wakeups=316805 diski=7602176 disko=29851648 rx=72212032 tx=30562805 comm=*system*
psu_energy_ac_mcp_machine=23006163940
-------
timestamp=3407992485405152
iterations=2042
sample_ns=100000000
window_ns=1000000000
rapl_core_sum_uj=10371244723
rapl_psys_sum_uj=0
pid=0 energy=34472019245567730 alive=1 kernel=1 cpu_ns=6890854882000000 mem=551882752 instructions=3548967113546 wakeups=317043 diski=7602176 disko=29851648 rx=72212032 tx=30562805 comm=*system*
psu_energy_ac_mcp_machine=23024596069
-------
timestamp=3407992641849273
iterations=2043
sample_ns=100000000
window_ns=1000000000
rapl_core_sum_uj=10376216463
rapl_psys_sum_uj=0
pid=0 energy=34472025555991165 alive=1 kernel=1 cpu_ns=6890855505000000 mem=551657472 instructions=3549606198233 wakeups=317243 diski=7602176 disko=29851648 rx=72212032 tx=30562805 comm=*system*
psu_energy_ac_mcp_machine=23043026855
-------
timestamp=3407992802716321
iterations=2045
sample_ns=100000000
window_ns=1000000000
rapl_core_sum_uj=10386159334
rapl_psys_sum_uj=0
pid=0 energy=34472038236363115 alive=1 kernel=1 cpu_ns=6890856759000000 mem=551882752 instructions=3550888272623 wakeups=317485 diski=7602176 disko=29851648 rx=72212032 tx=30562805 comm=*system*
psu_energy_ac_mcp_machine=23061455322
-------
timestamp=3407992963395679
iterations=2046
sample_ns=100000000
window_ns=1000000000
rapl_core_sum_uj=10391089387
rapl_psys_sum_uj=0
pid=0 energy=34472044539700770 alive=1 kernel=1 cpu_ns=6890857377000000 mem=551804928 instructions=3551530940154 wakeups=317698 diski=7602176 disko=29851648 rx=72212032 tx=30562805 comm=*system*
psu_energy_ac_mcp_machine=23079871582
-------
timestamp=3407993123351118
iterations=2048
sample_ns=100000000
window_ns=1000000000
rapl_core_sum_uj=10400981781
rapl_psys_sum_uj=0
pid=0 energy=34472057091224085 alive=1 kernel=1 cpu_ns=6890858625000000 mem=551804928 instructions=3552793244817 wakeups=317923 diski=7602176 disko=29868032 rx=72212032 tx=30562805 comm=*system*
psu_energy_ac_mcp_machine=23098350952
-------
timestamp=3407993281169934
iterations=2049
sample_ns=100000000
window_ns=1000000000
rapl_core_sum_uj=10405990325
rapl_psys_sum_uj=0
pid=0 energy=34472063397163200 alive=1 kernel=1 cpu_ns=6890859248000000 mem=551804928 instructions=3553431432640 wakeups=318148 diski=7602176 disko=29868032 rx=72212034 tx=30562805 comm=*system*
psu_energy_ac_mcp_machine=23116829224
-------
timestamp=3407993440873555
iterations=2051
sample_ns=100000000
window_ns=1000000000
rapl_core_sum_uj=10415878996
rapl_psys_sum_uj=0
pid=0 energy=34472075991659880 alive=1 kernel=1 cpu_ns=6890860496000000 mem=552030208 instructions=3554702331976 wakeups=318383 diski=7602176 disko=29868032 rx=72212034 tx=30562805 comm=*system*
psu_energy_ac_mcp_machine=23135264160
-------
timestamp=3407993600894951
iterations=2052
sample_ns=100000000
window_ns=1000000000
rapl_core_sum_uj=10420920255
rapl_psys_sum_uj=0
pid=0 energy=34472082428174585 alive=1 kernel=1 cpu_ns=6890861125000000 mem=551804928 instructions=3555360634917 wakeups=318597 diski=7602176 disko=29868032 rx=72212034 tx=30562805 comm=*system*
psu_energy_ac_mcp_machine=23153690918
-------
timestamp=3407993762456173
iterations=2054
sample_ns=100000000
window_ns=1000000000
rapl_core_sum_uj=10430794460
rapl_psys_sum_uj=0
pid=0 energy=34472095043882830 alive=1 kernel=1 cpu_ns=6890862373000000 mem=551804928 instructions=3556635776566 wakeups=318833 diski=7602176 disko=29868032 rx=72212034 tx=30562805 comm=*system*
psu_energy_ac_mcp_machine=23172143555
-------
timestamp=3407993924753269
iterations=2055
sample_ns=100000000
window_ns=1000000000
rapl_core_sum_uj=10435743495
rapl_psys_sum_uj=0
pid=0 energy=34472101313019330 alive=1 kernel=1 cpu_ns=6890862991000000 mem=551710720 instructions=3557271603866 wakeups=319047 diski=7602176 disko=29868032 rx=72212034 tx=30562805 comm=*system*
psu_energy_ac_mcp_machine=23190615601
-------
timestamp=3407994085401430
iterations=2057
sample_ns=100000000
window_ns=1000000000
rapl_core_sum_uj=10445700281
rapl_psys_sum_uj=0
pid=0 energy=34472113898368435 alive=1 kernel=1 cpu_ns=6890864245000000 mem=551813120 instructions=3558534673687 wakeups=319283 diski=7602176 disko=29868032 rx=72212034 tx=30562805 comm=*system*
psu_energy_ac_mcp_machine=23209064453
-------
timestamp=3407994246399759
iterations=2059
sample_ns=100000000
window_ns=1000000000
rapl_core_sum_uj=10455604577
rapl_psys_sum_uj=0
pid=0 energy=34472126570739265 alive=1 kernel=1 cpu_ns=6890865493000000 mem=552714240 instructions=3559821147853 wakeups=319522 diski=7602176 disko=29868032 rx=72212034 tx=30562805 comm=*system*
psu_energy_ac_mcp_machine=23227505249
-------
timestamp=3407994403443660
iterations=2060
sample_ns=100000000
window_ns=1000000000
rapl_core_sum_uj=10460549340
rapl_psys_sum_uj=0
pid=0 energy=34472132896054960 alive=1 kernel=1 cpu_ns=6890866117000000 mem=552038400 instructions=3560462210992 wakeups=319719 diski=7602176 disko=29868032 rx=72212034 tx=30562805 comm=*system*
psu_energy_ac_mcp_machine=23245969238
-------
timestamp=3407994559984036
iterations=2062
sample_ns=100000000
window_ns=1000000000
rapl_core_sum_uj=10470433250
rapl_psys_sum_uj=0
pid=0 energy=34472145469587895 alive=1 kernel=1 cpu_ns=6890867358000000 mem=552939520 instructions=3561735917579 wakeups=319953 diski=7602176 disko=29908992 rx=72212034 tx=30562805 comm=*system*
psu_energy_ac_mcp_machine=23264409790
-------
timestamp=3407994729400055
iterations=2063
sample_ns=100000000
window_ns=1000000000
rapl_core_sum_uj=10475404014
rapl_psys_sum_uj=0
pid=0 energy=34472151643948740 alive=1 kernel=1 cpu_ns=6890867981000000 mem=552038400 instructions=3562347789748 wakeups=320170 diski=7602176 disko=29908992 rx=72212034 tx=30562805 comm=*system*
psu_energy_ac_mcp_machine=23282835693
-------
timestamp=3407994885427070
iterations=2065
sample_ns=100000000
window_ns=1000000000
rapl_core_sum_uj=10485270956
rapl_psys_sum_uj=0
pid=0 energy=34472164216570950 alive=1 kernel=1 cpu_ns=6890869229000000 mem=551821312 instructions=3563614314190 wakeups=320405 diski=7602176 disko=29908992 rx=72212034 tx=30562805 comm=*system*
psu_energy_ac_mcp_machine=23301295898
-------
timestamp=3407995049841865
iterations=2066
sample_ns=100000000
window_ns=1000000000
rapl_core_sum_uj=10490299581
rapl_psys_sum_uj=0
pid=0 energy=34472170649775260 alive=1 kernel=1 cpu_ns=6890869859000000 mem=551821312 instructions=3564270955052 wakeups=320623 diski=7602176 disko=29908992 rx=72212034 tx=30562805 comm=*system*
psu_energy_ac_mcp_machine=23319676270
-------
timestamp=3407995208454106
iterations=2068
sample_ns=100000000
window_ns=1000000000
rapl_core_sum_uj=10500123005
rapl_psys_sum_uj=0
pid=0 energy=34472183148693245 alive=1 kernel=1 cpu_ns=6890871099000000 mem=552046592 instructions=3565530738649 wakeups=320837 diski=7602176 disko=29937664 rx=72212036 tx=30562805 comm=*system*
psu_energy_ac_mcp_machine=23338109375
-------
timestamp=3407995368427133
iterations=2069
sample_ns=100000000
window_ns=1000000000
rapl_core_sum_uj=10505123249
rapl_psys_sum_uj=0
pid=0 energy=34472189493310865 alive=1 kernel=1 cpu_ns=6890871722000000 mem=552046592 instructions=3566176662173 wakeups=321059 diski=7602176 disko=29937664 rx=72212036 tx=30562805 comm=*system*
psu_energy_ac_mcp_machine=23356579346
-------
timestamp=3407995529384381
iterations=2071
sample_ns=100000000
window_ns=1000000000
rapl_core_sum_uj=10515026995
rapl_psys_sum_uj=0
pid=0 energy=34472201986031955 alive=1 kernel=1 cpu_ns=6890872969000000 mem=551821312 instructions=3567428206391 wakeups=321290 diski=7602176 disko=29937664 rx=72212036 tx=30562805 comm=*system*
psu_energy_ac_mcp_machine=23375046265
-------
timestamp=3407995691429138
iterations=2072
sample_ns=100000000
window_ns=1000000000
rapl_core_sum_uj=10520013750
rapl_psys_sum_uj=0
pid=0 energy=34472208363431380 alive=1 kernel=1 cpu_ns=6890873593000000 mem=552046592 instructions=3568079686276 wakeups=321505 diski=7602176 disko=29937664 rx=72212036 tx=30562805 comm=*system*
psu_energy_ac_mcp_machine=23393486694
-------
timestamp=3407995850321322
iterations=2074
sample_ns=100000000
window_ns=1000000000
rapl_core_sum_uj=10529887955
rapl_psys_sum_uj=0
pid=0 energy=34472220958995465 alive=1 kernel=1 cpu_ns=6890874840000000 mem=551821312 instructions=3569351799093 wakeups=321745 diski=7602176 disko=29937664 rx=72212037 tx=30562806 comm=*system*
psu_energy_ac_mcp_machine=23411961304
-------
timestamp=3407996011747775
iterations=2076
sample_ns=100000000
window_ns=1000000000
rapl_core_sum_uj=10539815444
rapl_psys_sum_uj=0
pid=0 energy=34472233615722120 alive=1 kernel=1 cpu_ns=6890876087000000 mem=552706048 instructions=3570636144424 wakeups=322000 diski=7602176 disko=29937664 rx=72212037 tx=30562806 comm=*system*
psu_energy_ac_mcp_machine=23430400635
-------
timestamp=3407996166386406
iterations=2077
sample_ns=100000000
window_ns=1000000000
rapl_core_sum_uj=10544773390
rapl_psys_sum_uj=0
pid=0 energy=34472239852779270 alive=1 kernel=1 cpu_ns=6890876711000000 mem=551804928 instructions=3571259555854 wakeups=322197 diski=7602176 disko=29937664 rx=72212037 tx=30562806 comm=*system*
psu_energy_ac_mcp_machine=23448915161
-------
timestamp=3407996327405910
iterations=2079
sample_ns=100000000
window_ns=1000000000
rapl_core_sum_uj=10554684766
rapl_psys_sum_uj=0
pid=0 energy=34472252479981600 alive=1 kernel=1 cpu_ns=6890877958000000 mem=552706048 instructions=3572537996320 wakeups=322433 diski=7602176 disko=29937664 rx=72212037 tx=30562806 comm=*system*
psu_energy_ac_mcp_machine=23467380371
-------
timestamp=3407996483838860
iterations=2080
sample_ns=100000000
window_ns=1000000000
rapl_core_sum_uj=10559639905
rapl_psys_sum_uj=0
pid=0 energy=34472258790017695 alive=1 kernel=1 cpu_ns=6890878582000000 mem=552030208 instructions=3573176003539 wakeups=322638 diski=7602176 disko=29937664 rx=72212037 tx=30562806 comm=*system*
psu_energy_ac_mcp_machine=23485855103
-------
timestamp=3407996648873240
iterations=2082
sample_ns=100000000
window_ns=1000000000
rapl_core_sum_uj=10569564587
rapl_psys_sum_uj=0
pid=0 energy=34472271479403885 alive=1 kernel=1 cpu_ns=6890879835000000 mem=552030208 instructions=3574460880777 wakeups=322879 diski=7602176 disko=29937664 rx=72212037 tx=30562806 comm=*system*
psu_energy_ac_mcp_machine=23504311401
-------
timestamp=3407996805375606
iterations=2083
sample_ns=100000000
window_ns=1000000000
rapl_core_sum_uj=10574495312
rapl_psys_sum_uj=0
pid=0 energy=34472277757678870 alive=1 kernel=1 cpu_ns=6890880453000000 mem=552255488 instructions=3575098535774 wakeups=323091 diski=7602176 disko=29937664 rx=72212037 tx=30562806 comm=*system*
psu_energy_ac_mcp_machine=23522812256
-------
timestamp=3407996946662508
iterations=2085
sample_ns=100000000
window_ns=1000000000
rapl_core_sum_uj=10583566966
rapl_psys_sum_uj=0
pid=0 energy=34472288683286315 alive=1 kernel=1 cpu_ns=6890881422000000 mem=584351744 instructions=3576314657263 wakeups=323362 diski=7716864 disko=29937664 rx=72212039 tx=30562813 comm=*system*
psu_energy_ac_mcp_machine=23535323242
-------
timestamp=3407997076356215
iterations=2086
sample_ns=100000000
window_ns=1000000000
rapl_core_sum_uj=10586688609
rapl_psys_sum_uj=0
pid=0 energy=34472291820912750 alive=1 kernel=1 cpu_ns=6890881540000000 mem=951332864 instructions=3576824182550 wakeups=323558 diski=7716864 disko=29937664 rx=72212039 tx=30562813 comm=*system*
psu_energy_ac_mcp_machine=23548882935
-------
timestamp=3407997209387453
iterations=2087
sample_ns=100000000
window_ns=1000000000
rapl_core_sum_uj=10589572214
rapl_psys_sum_uj=0
pid=0 energy=34472295693151290 alive=1 kernel=1 cpu_ns=6890881657000000 mem=621805568 instructions=3577481630258 wakeups=323791 diski=7716864 disko=29937664 rx=72212039 tx=30562813 comm=*system*
psu_energy_ac_mcp_machine=23558462158
-------
timestamp=3407997342935997
iterations=2088
sample_ns=100000000
window_ns=1000000000
rapl_core_sum_uj=10592416269
rapl_psys_sum_uj=0
pid=0 energy=34472298996598280 alive=1 kernel=1 cpu_ns=6890881773000000 mem=835661824 instructions=3578026319656 wakeups=323994 diski=7716864 disko=29937664 rx=72212041 tx=30562813 comm=*system*
psu_energy_ac_mcp_machine=23568059692
-------
timestamp=3407997473464636
iterations=2090
sample_ns=100000000
window_ns=1000000000
rapl_core_sum_uj=10598120980
rapl_psys_sum_uj=0
pid=0 energy=34472305896792140 alive=1 kernel=1 cpu_ns=6890881994000000 mem=782069760 instructions=3579185358428 wakeups=324251 diski=7716864 disko=29937664 rx=72212041 tx=30562813 comm=*system*
psu_energy_ac_mcp_machine=23578161621
-------
timestamp=3407997603341899
iterations=2091
sample_ns=100000000
window_ns=1000000000
rapl_core_sum_uj=10601012703
rapl_psys_sum_uj=0
pid=0 energy=34472309557875250 alive=1 kernel=1 cpu_ns=6890882110000000 mem=656646144 instructions=3579801575050 wakeups=324474 diski=7716864 disko=29937664 rx=72212041 tx=30562813 comm=*system*
psu_energy_ac_mcp_machine=23590723389
-------
timestamp=3407997736583802
iterations=2092
sample_ns=100000000
window_ns=1000000000
rapl_core_sum_uj=10603899665
rapl_psys_sum_uj=0
pid=0 energy=34472312987353185 alive=1 kernel=1 cpu_ns=6890882224000000 mem=725880832 instructions=3580373470637 wakeups=324709 diski=7716864 disko=29937664 rx=72212041 tx=30562813 comm=*system*
psu_energy_ac_mcp_machine=23600289551
-------
timestamp=3407997866470335
iterations=2093
sample_ns=100000000
window_ns=1000000000
rapl_core_sum_uj=10606812323
rapl_psys_sum_uj=0
pid=0 energy=34472316538404480 alive=1 kernel=1 cpu_ns=6890882340000000 mem=688955392 instructions=3580967680896 wakeups=324935 diski=7716864 disko=29937664 rx=72212041 tx=30562813 comm=*system*
psu_energy_ac_mcp_machine=23610406128
-------
timestamp=3407997996787435
iterations=2095
sample_ns=100000000
window_ns=1000000000
rapl_core_sum_uj=10612371160
rapl_psys_sum_uj=0
pid=0 energy=34472323374747050 alive=1 kernel=1 cpu_ns=6890882562000000 mem=738209792 instructions=3582112949410 wakeups=325171 diski=7716864 disko=29937664 rx=72212041 tx=30562813 comm=*system*
psu_energy_ac_mcp_machine=23623429565
-------
timestamp=3407998129689464
iterations=2096
sample_ns=100000000
window_ns=1000000000
rapl_core_sum_uj=10615267827
rapl_psys_sum_uj=0
pid=0 energy=34472327181910280 alive=1 kernel=1 cpu_ns=6890882682000000 mem=449212416 instructions=3582754382056 wakeups=325408 diski=7716864 disko=29954048 rx=72212041 tx=30562813 comm=*system*
psu_energy_ac_mcp_machine=23633034668
-------
timestamp=3407998262893808
iterations=2097
sample_ns=100000000
window_ns=1000000000
rapl_core_sum_uj=10618220219
rapl_psys_sum_uj=0
pid=0 energy=34472330364347745 alive=1 kernel=1 cpu_ns=6890882800000000 mem=768946176 instructions=3583272869549 wakeups=325623 diski=7716864 disko=29954048 rx=72212041 tx=30562813 comm=*system*
psu_energy_ac_mcp_machine=23642814331
-------
timestamp=3407998392402070
iterations=2098
sample_ns=100000000
window_ns=1000000000
rapl_core_sum_uj=10621129276
rapl_psys_sum_uj=0
pid=0 energy=34472334234103225 alive=1 kernel=1 cpu_ns=6890882913000000 mem=436985856 instructions=3583933820645 wakeups=325839 diski=7716864 disko=29954048 rx=72212041 tx=30562813 comm=*system*
psu_energy_ac_mcp_machine=23652510864
-------
timestamp=3407998522624767
iterations=2100
sample_ns=100000000
window_ns=1000000000
rapl_core_sum_uj=10626619997
rapl_psys_sum_uj=0
pid=0 energy=34472341000397540 alive=1 kernel=1 cpu_ns=6890883135000000 mem=473763840 instructions=3585065079508 wakeups=326078 diski=7716864 disko=29954048 rx=72212041 tx=30562813 comm=*system*
psu_energy_ac_mcp_machine=23665301270
-------
timestamp=3407998655946663
iterations=2101
sample_ns=100000000
window_ns=1000000000
rapl_core_sum_uj=10629613710
rapl_psys_sum_uj=0
pid=0 energy=34472344147452225 alive=1 kernel=1 cpu_ns=6890883254000000 mem=842166272 instructions=3585575490445 wakeups=326310 diski=7716864 disko=29954048 rx=72212041 tx=30562813 comm=*system*
psu_energy_ac_mcp_machine=23675198242
-------
timestamp=3407998785808442
iterations=2102
sample_ns=100000000
window_ns=1000000000
rapl_core_sum_uj=10632533021
rapl_psys_sum_uj=0
pid=0 energy=34472347994147980 alive=1 kernel=1 cpu_ns=6890883370000000 mem=507125760 instructions=3586228829596 wakeups=326539 diski=7716864 disko=29954048 rx=72212041 tx=30562813 comm=*system*
psu_energy_ac_mcp_machine=23684714844
-------
timestamp=3407998916303320
iterations=2103
sample_ns=100000000
window_ns=1000000000
rapl_core_sum_uj=10635350525
rapl_psys_sum_uj=0
pid=0 energy=34472351160220700 alive=1 kernel=1 cpu_ns=6890883487000000 mem=881254400 instructions=3586745044140 wakeups=326757 diski=7716864 disko=29954048 rx=72212041 tx=30562813 comm=*system*
psu_energy_ac_mcp_machine=23697816406
-------
timestamp=3407999049686313
iterations=2105
sample_ns=100000000
window_ns=1000000000
rapl_core_sum_uj=10640791381
rapl_psys_sum_uj=0
pid=0 energy=34472357940780850 alive=1 kernel=1 cpu_ns=6890883707000000 mem=924090368 instructions=3587881156170 wakeups=327003 diski=7716864 disko=29954048 rx=72212041 tx=30562813 comm=*system*
psu_energy_ac_mcp_machine=23707486938
-------
timestamp=3407999184268153
iterations=2106
sample_ns=100000000
window_ns=1000000000
rapl_core_sum_uj=10643798339
rapl_psys_sum_uj=0
pid=0 energy=34472361852403050 alive=1 kernel=1 cpu_ns=6890883827000000 mem=571506688 instructions=3588543480610 wakeups=327230 diski=7716864 disko=29954048 rx=72212041 tx=30562813 comm=*system*
psu_energy_ac_mcp_machine=23717046753
-------
timestamp=3407999314793787
iterations=2107
sample_ns=100000000
window_ns=1000000000
rapl_core_sum_uj=10646614012
rapl_psys_sum_uj=0
pid=0 energy=34472364987445030 alive=1 kernel=1 cpu_ns=6890883942000000 mem=935964672 instructions=3589055489006 wakeups=327435 diski=7716864 disko=29954048 rx=72212043 tx=30562813 comm=*system*
psu_energy_ac_mcp_machine=23730210205
-------
timestamp=3407999447688899
iterations=2109
sample_ns=100000000
window_ns=1000000000
rapl_core_sum_uj=10652097165
rapl_psys_sum_uj=0
pid=0 energy=34472371864376895 alive=1 kernel=1 cpu_ns=6890884165000000 mem=877932544 instructions=3590207875379 wakeups=327689 diski=7716864 disko=29954048 rx=72212043 tx=30562813 comm=*system*
psu_energy_ac_mcp_machine=23739631958
-------
timestamp=3407999580567668
iterations=2110
sample_ns=100000000
window_ns=1000000000
rapl_core_sum_uj=10655147824
rapl_psys_sum_uj=0
pid=0 energy=34472375633696370 alive=1 kernel=1 cpu_ns=6890884282000000 mem=644923392 instructions=3590844739274 wakeups=327920 diski=7716864 disko=29995008 rx=72212043 tx=30562813 comm=*system*
psu_energy_ac_mcp_machine=23749641479
-------
timestamp=3407999710983492
iterations=2111
sample_ns=100000000
window_ns=1000000000
rapl_core_sum_uj=10657998043
rapl_psys_sum_uj=0
pid=0 energy=34472378959992575 alive=1 kernel=1 cpu_ns=6890884399000000 mem=775282688 instructions=3591392998515 wakeups=328151 diski=7716864 disko=29995008 rx=72212043 tx=30562813 comm=*system*
psu_energy_ac_mcp_machine=23759145142
-------
timestamp=3407999840894653
iterations=2112
sample_ns=100000000
window_ns=1000000000
rapl_core_sum_uj=10660858577
rapl_psys_sum_uj=0
pid=0 energy=34472382586213195 alive=1 kernel=1 cpu_ns=6890884514000000 mem=676392960 instructions=3592003242639 wakeups=328378 diski=7716864 disko=29995008 rx=72212043 tx=30562813 comm=*system*
psu_energy_ac_mcp_machine=23772003784
-------
timestamp=3407999972598724
iterations=2114
sample_ns=100000000
window_ns=1000000000
rapl_core_sum_uj=10666488336
rapl_psys_sum_uj=0
pid=0 energy=34472389387883680 alive=1 kernel=1 cpu_ns=6890884733000000 mem=722485248 instructions=3593144576736 wakeups=328622 diski=7716864 disko=29995008 rx=72212043 tx=30562813 comm=*system*
psu_energy_ac_mcp_machine=23781901001
-------
timestamp=3408000103867565
iterations=2115
sample_ns=100000000
window_ns=1000000000
rapl_core_sum_uj=10669367181
rapl_psys_sum_uj=0
pid=0 energy=34472393056598925 alive=1 kernel=1 cpu_ns=6890884850000000 mem=551931904 instructions=3593761319785 wakeups=328852 diski=7716864 disko=29995008 rx=72212043 tx=30562813 comm=*system*
psu_energy_ac_mcp_machine=23791599365
-------
timestamp=3408000234295682
iterations=2116
sample_ns=100000000
window_ns=1000000000
rapl_core_sum_uj=10672207024
rapl_psys_sum_uj=0
pid=0 energy=34472396364610240 alive=1 kernel=1 cpu_ns=6890884966000000 mem=726978560 instructions=3594306922048 wakeups=329065 diski=7716864 disko=29995008 rx=72212043 tx=30562813 comm=*system*
psu_energy_ac_mcp_machine=23804713867
-------
timestamp=3408000367486902
iterations=2117
sample_ns=100000000
window_ns=1000000000
rapl_core_sum_uj=10675053459
rapl_psys_sum_uj=0
pid=0 energy=34472400123526070 alive=1 kernel=1 cpu_ns=6890885083000000 mem=490590208 instructions=3594941705214 wakeups=329289 diski=7716864 disko=29995008 rx=72212043 tx=30562813 comm=*system*
psu_energy_ac_mcp_machine=23813896606
-------
timestamp=3408000500823954
iterations=2119
sample_ns=100000000
window_ns=1000000000
rapl_core_sum_uj=10680643790
rapl_psys_sum_uj=0
pid=0 energy=34472407016445745 alive=1 kernel=1 cpu_ns=6890885304000000 mem=424656896 instructions=3596099289149 wakeups=329548 diski=7716864 disko=29995008 rx=72212043 tx=30562813 comm=*system*
psu_energy_ac_mcp_machine=23823809204
-------
timestamp=3408000630769617
iterations=2120
sample_ns=100000000
window_ns=1000000000
rapl_core_sum_uj=10683490408
rapl_psys_sum_uj=0
pid=0 energy=34472410143148615 alive=1 kernel=1 cpu_ns=6890885421000000 mem=792313856 instructions=3596607629723 wakeups=329771 diski=7716864 disko=29995008 rx=72212043 tx=30562813 comm=*system*
psu_energy_ac_mcp_machine=23833747925
-------
timestamp=3408000760646959
iterations=2121
sample_ns=100000000
window_ns=1000000000
rapl_core_sum_uj=10686433645
rapl_psys_sum_uj=0
pid=0 energy=34472414012996715 alive=1 kernel=1 cpu_ns=6890885538000000 mem=454733824 instructions=3597264599343 wakeups=330002 diski=7716864 disko=29995008 rx=72212043 tx=30562813 comm=*system*
psu_energy_ac_mcp_machine=23846783569
-------
timestamp=3408000893352996
iterations=2123
sample_ns=100000000
window_ns=1000000000
rapl_core_sum_uj=10692320729
rapl_psys_sum_uj=0
pid=0 energy=34472420974299135 alive=1 kernel=1 cpu_ns=6890885773000000 mem=492949504 instructions=3598421859827 wakeups=330285 diski=7716864 disko=29995008 rx=72212043 tx=30562813 comm=*system*
psu_energy_ac_mcp_machine=23856544067
-------
timestamp=3408001023626800
iterations=2124
sample_ns=100000000
window_ns=1000000000
rapl_core_sum_uj=10695045521
rapl_psys_sum_uj=0
pid=0 energy=34472423974173920 alive=1 kernel=1 cpu_ns=6890885882000000 mem=865067008 instructions=3598912834784 wakeups=330464 diski=7716864 disko=29995008 rx=72212043 tx=30562813 comm=*system*
psu_energy_ac_mcp_machine=23866191650
-------
timestamp=3408001153552302
iterations=2125
sample_ns=100000000
window_ns=1000000000
rapl_core_sum_uj=10698049732
rapl_psys_sum_uj=0
pid=0 energy=34472427819499840 alive=1 kernel=1 cpu_ns=6890885996000000 mem=527417344 instructions=3599567899968 wakeups=330695 diski=7716864 disko=29995008 rx=72212043 tx=30562813 comm=*system*
psu_energy_ac_mcp_machine=23879579224
-------
timestamp=3408001288255707
iterations=2126
sample_ns=100000000
window_ns=1000000000
rapl_core_sum_uj=10701089282
rapl_psys_sum_uj=0
pid=0 energy=34472430940044015 alive=1 kernel=1 cpu_ns=6890886111000000 mem=894853120 instructions=3600077008803 wakeups=330897 diski=7716864 disko=29995008 rx=72212045 tx=30562813 comm=*system*
psu_energy_ac_mcp_machine=23889381470
-------
timestamp=3408001420818899
iterations=2128
sample_ns=100000000
window_ns=1000000000
rapl_core_sum_uj=10706568712
rapl_psys_sum_uj=0
pid=0 energy=34472437748675015 alive=1 kernel=1 cpu_ns=6890886331000000 mem=910368768 instructions=3601218735003 wakeups=331153 diski=7716864 disko=29995008 rx=72212045 tx=30562813 comm=*system*
psu_energy_ac_mcp_machine=23898530884
-------
timestamp=3408001551272987
iterations=2129
sample_ns=100000000
window_ns=1000000000
rapl_core_sum_uj=10709616197
rapl_psys_sum_uj=0
pid=0 energy=34472441583704755 alive=1 kernel=1 cpu_ns=6890886447000000 mem=574758912 instructions=3601869740951 wakeups=331389 diski=7716864 disko=29995008 rx=72212045 tx=30562813 comm=*system*
psu_energy_ac_mcp_machine=23908696777
-------
timestamp=3408001681782020
iterations=2130
sample_ns=100000000
window_ns=1000000000
rapl_core_sum_uj=10712651780
rapl_psys_sum_uj=0
pid=0 energy=34472444701223190 alive=1 kernel=1 cpu_ns=6890886563000000 mem=941518848 instructions=3602377244638 wakeups=331603 diski=7716864 disko=29995008 rx=72212045 tx=30562813 comm=*system*
psu_energy_ac_mcp_machine=23921778809
-------
timestamp=3408001815378803
iterations=2131
sample_ns=100000000
window_ns=1000000000
rapl_core_sum_uj=10715512619
rapl_psys_sum_uj=0
pid=0 energy=34472448524975120 alive=1 kernel=1 cpu_ns=6890886682000000 mem=600727552 instructions=3603022995024 wakeups=331843 diski=7716864 disko=29995008 rx=72212045 tx=30562813 comm=*system*
psu_energy_ac_mcp_machine=23931373169
-------
timestamp=3408001945150319
iterations=2133
sample_ns=100000000
window_ns=1000000000
rapl_core_sum_uj=10721069747
rapl_psys_sum_uj=0
pid=0 energy=34472455345324415 alive=1 kernel=1 cpu_ns=6890886901000000 mem=649281536 instructions=3604168064883 wakeups=332087 diski=7716864 disko=29995008 rx=72212045 tx=30562813 comm=*system*
psu_energy_ac_mcp_machine=23941282593
-------
timestamp=3408002075622409
iterations=2134
sample_ns=100000000
window_ns=1000000000
rapl_core_sum_uj=10724118758
rapl_psys_sum_uj=0
pid=0 energy=34472458690747765 alive=1 kernel=1 cpu_ns=6890887015000000 mem=757862400 instructions=3604723149553 wakeups=332317 diski=7716864 disko=29995008 rx=72212045 tx=30562813 comm=*system*
psu_energy_ac_mcp_machine=23954647705
-------
timestamp=3408002210329870
iterations=2135
sample_ns=100000000
window_ns=1000000000
rapl_core_sum_uj=10726920515
rapl_psys_sum_uj=0
pid=0 energy=34472462274686105 alive=1 kernel=1 cpu_ns=6890887132000000 mem=673832960 instructions=3605322937221 wakeups=332543 diski=7716864 disko=29995008 rx=72212045 tx=30562813 comm=*system*
psu_energy_ac_mcp_machine=23964202881
-------
timestamp=3408002343918095
iterations=2136
sample_ns=100000000
window_ns=1000000000
rapl_core_sum_uj=10729710309
rapl_psys_sum_uj=0
pid=0 energy=34472465794679225 alive=1 kernel=1 cpu_ns=6890887248000000 mem=658706432 instructions=3605910935845 wakeups=332759 diski=7716864 disko=29995008 rx=72212045 tx=30562813 comm=*system*
psu_energy_ac_mcp_machine=23973223267
-------
timestamp=3408002474302333
iterations=2138
sample_ns=100000000
window_ns=1000000000
rapl_core_sum_uj=10735299785
rapl_psys_sum_uj=0
pid=0 energy=34472472691268655 alive=1 kernel=1 cpu_ns=6890887467000000 mem=532815872 instructions=3607071253731 wakeups=333001 diski=7716864 disko=29995008 rx=72212045 tx=30562813 comm=*system*
psu_energy_ac_mcp_machine=23986560181
-------
timestamp=3408002608244097
iterations=2139
sample_ns=100000000
window_ns=1000000000
rapl_core_sum_uj=10738100688
rapl_psys_sum_uj=0
pid=0 energy=34472475991259600 alive=1 kernel=1 cpu_ns=6890887584000000 mem=740524032 instructions=3607614251920 wakeups=333228 diski=7716864 disko=29995008 rx=72212045 tx=30562813 comm=*system*
psu_energy_ac_mcp_machine=23996191772
-------
timestamp=3408002742908821
iterations=2140
sample_ns=100000000
window_ns=1000000000
rapl_core_sum_uj=10740923686
rapl_psys_sum_uj=0
pid=0 energy=34472479782459305 alive=1 kernel=1 cpu_ns=6890887701000000 mem=454131712 instructions=3608255491861 wakeups=333458 diski=7716864 disko=29995008 rx=72212045 tx=30562813 comm=*system*
psu_energy_ac_mcp_machine=24005884155
-------
timestamp=3408002873805185
iterations=2142
sample_ns=100000000
window_ns=1000000000
rapl_core_sum_uj=10746567606
rapl_psys_sum_uj=0
pid=0 energy=34472486658533440 alive=1 kernel=1 cpu_ns=6890887925000000 mem=433594368 instructions=3609406706688 wakeups=333730 diski=7716864 disko=29995008 rx=72212045 tx=30562813 comm=*system*
psu_energy_ac_mcp_machine=24018755005
-------
timestamp=3408003008207329
iterations=2143
sample_ns=100000000
window_ns=1000000000
rapl_core_sum_uj=10749333231
rapl_psys_sum_uj=0
pid=0 energy=34472489757901290 alive=1 kernel=1 cpu_ns=6890888038000000 mem=806023168 instructions=3609913580258 wakeups=333937 diski=7716864 disko=29995008 rx=72212045 tx=30562813 comm=*system*
psu_energy_ac_mcp_machine=24028585938
-------
timestamp=3408003140597398
iterations=2144
sample_ns=100000000
window_ns=1000000000
rapl_core_sum_uj=10752176370
rapl_psys_sum_uj=0
pid=0 energy=34472493586814845 alive=1 kernel=1 cpu_ns=6890888153000000 mem=465186816 instructions=3610564362969 wakeups=334167 diski=7716864 disko=29995008 rx=72212045 tx=30562813 comm=*system*
psu_energy_ac_mcp_machine=24038229980
-------
timestamp=3408003270912107
iterations=2145
sample_ns=100000000
window_ns=1000000000
rapl_core_sum_uj=10755093301
rapl_psys_sum_uj=0
pid=0 energy=34472496727769335 alive=1 kernel=1 cpu_ns=6890888272000000 mem=833572864 instructions=3611073553867 wakeups=334378 diski=7716864 disko=30015488 rx=72212047 tx=30562813 comm=*system*
psu_energy_ac_mcp_machine=24047702271
-------
timestamp=3408003401271063
iterations=2147
sample_ns=100000000
window_ns=1000000000
rapl_core_sum_uj=10760613808
rapl_psys_sum_uj=0
pid=0 energy=34472503530371495 alive=1 kernel=1 cpu_ns=6890888493000000 mem=874577920 instructions=3612213074299 wakeups=334631 diski=7716864 disko=30015488 rx=72212047 tx=30562813 comm=*system*
psu_energy_ac_mcp_machine=24060532593
-------
timestamp=3408003535502558
iterations=2148
sample_ns=100000000
window_ns=1000000000
rapl_core_sum_uj=10763460182
rapl_psys_sum_uj=0
pid=0 energy=34472507358594570 alive=1 kernel=1 cpu_ns=6890888607000000 mem=538730496 instructions=3612864718914 wakeups=334866 diski=7716864 disko=30015488 rx=72212047 tx=30562813 comm=*system*
psu_energy_ac_mcp_machine=24070223267
-------
timestamp=3408003665542890
iterations=2149
sample_ns=100000000
window_ns=1000000000
rapl_core_sum_uj=10766406715
rapl_psys_sum_uj=0
pid=0 energy=34472510496161840 alive=1 kernel=1 cpu_ns=6890888722000000 mem=909987840 instructions=3613377232368 wakeups=335082 diski=7716864 disko=30015488 rx=72212047 tx=30562813 comm=*system*
psu_energy_ac_mcp_machine=24080214478
-------
timestamp=3408003795725224
iterations=2150
sample_ns=100000000
window_ns=1000000000
rapl_core_sum_uj=10769306312
rapl_psys_sum_uj=0
pid=0 energy=34472514342659560 alive=1 kernel=1 cpu_ns=6890888839000000 mem=575430656 instructions=3614029531912 wakeups=335314 diski=7716864 disko=30015488 rx=72212047 tx=30562813 comm=*system*
psu_energy_ac_mcp_machine=24093106201
-------
timestamp=3408003928282265
iterations=2152
sample_ns=100000000
window_ns=1000000000
rapl_core_sum_uj=10774666235
rapl_psys_sum_uj=0
pid=0 energy=34472521141261250 alive=1 kernel=1 cpu_ns=6890889060000000 mem=621895680 instructions=3615168252250 wakeups=335556 diski=7716864 disko=30015488 rx=72212047 tx=30562813 comm=*system*
psu_energy_ac_mcp_machine=24102786255
-------
timestamp=3408004061332763
iterations=2153
sample_ns=100000000
window_ns=1000000000
rapl_core_sum_uj=10777644079
rapl_psys_sum_uj=0
pid=0 energy=34472524431734900 alive=1 kernel=1 cpu_ns=6890889176000000 mem=832147456 instructions=3615710346980 wakeups=335782 diski=7716864 disko=30015488 rx=72212047 tx=30562813 comm=*system*
psu_energy_ac_mcp_machine=24112670654
-------
timestamp=3408004191804251
iterations=2154
sample_ns=100000000
window_ns=1000000000
rapl_core_sum_uj=10780554662
rapl_psys_sum_uj=0
pid=0 energy=34472528105675205 alive=1 kernel=1 cpu_ns=6890889293000000 mem=650657792 instructions=3616328135041 wakeups=336004 diski=7716864 disko=30015488 rx=72212047 tx=30562813 comm=*system*
psu_energy_ac_mcp_machine=24122301270
-------
timestamp=3408004321704414
iterations=2155
sample_ns=100000000
window_ns=1000000000
rapl_core_sum_uj=10783432591
rapl_psys_sum_uj=0
pid=0 energy=34472531540016205 alive=1 kernel=1 cpu_ns=6890889409000000 mem=731164672 instructions=3616899003241 wakeups=336233 diski=7716864 disko=30015488 rx=72212047 tx=30562813 comm=*system*
psu_energy_ac_mcp_machine=24135135010
-------
timestamp=3408004456127675
iterations=2157
sample_ns=100000000
window_ns=1000000000
rapl_core_sum_uj=10789057041
rapl_psys_sum_uj=0
pid=0 energy=34472538519282050 alive=1 kernel=1 cpu_ns=6890889632000000 mem=597893120 instructions=3618071856410 wakeups=336481 diski=7716864 disko=30015488 rx=72212047 tx=30562813 comm=*system*
psu_energy_ac_mcp_machine=24145128906
-------
timestamp=3408004586637034
iterations=2158
sample_ns=100000000
window_ns=1000000000
rapl_core_sum_uj=10792094760
rapl_psys_sum_uj=0
pid=0 energy=34472541894799635 alive=1 kernel=1 cpu_ns=6890889748000000 mem=726138880 instructions=3618630959927 wakeups=336715 diski=7716864 disko=30048256 rx=72212047 tx=30562813 comm=*system*
psu_energy_ac_mcp_machine=24155108521
-------
timestamp=3408004716920734
iterations=2159
sample_ns=100000000
window_ns=1000000000
rapl_core_sum_uj=10794921176
rapl_psys_sum_uj=0
pid=0 energy=34472545659901590 alive=1 kernel=1 cpu_ns=6890889867000000 mem=481144832 instructions=3619264980318 wakeups=336930 diski=7716864 disko=30048256 rx=72212047 tx=30562813 comm=*system*
psu_energy_ac_mcp_machine=24168201538
-------
timestamp=3408004850453894
iterations=2161
sample_ns=100000000
window_ns=1000000000
rapl_core_sum_uj=10800590425
rapl_psys_sum_uj=0
pid=0 energy=34472552598373495 alive=1 kernel=1 cpu_ns=6890890089000000 mem=433528832 instructions=3620430674699 wakeups=337201 diski=7716864 disko=30048256 rx=72212047 tx=30562813 comm=*system*
psu_energy_ac_mcp_machine=24177724487
-------
timestamp=3408004984176516
iterations=2162
sample_ns=100000000
window_ns=1000000000
rapl_core_sum_uj=10803570161
rapl_psys_sum_uj=0
pid=0 energy=34472555703429405 alive=1 kernel=1 cpu_ns=6890890202000000 mem=805871616 instructions=3620938685881 wakeups=337411 diski=7716864 disko=30048256 rx=72212047 tx=30562813 comm=*system*
psu_energy_ac_mcp_machine=24187631958
-------
timestamp=3408005114332110
iterations=2163
sample_ns=100000000
window_ns=1000000000
rapl_core_sum_uj=10806409943
rapl_psys_sum_uj=0
pid=0 energy=34472559519790415 alive=1 kernel=1 cpu_ns=6890890317000000 mem=465977344 instructions=3621586958083 wakeups=337636 diski=7716864 disko=30048256 rx=72212047 tx=30562813 comm=*system*
psu_energy_ac_mcp_machine=24200677246
-------
timestamp=3408005248687139
iterations=2164
sample_ns=100000000
window_ns=1000000000
rapl_core_sum_uj=10809246612
rapl_psys_sum_uj=0
pid=0 energy=34472562647722640 alive=1 kernel=1 cpu_ns=6890890432000000 mem=835682304 instructions=3622097544528 wakeups=337845 diski=7716864 disko=30048256 rx=72212049 tx=30562813 comm=*system*
psu_energy_ac_mcp_machine=24210271606
-------
timestamp=3408005383111027
iterations=2166
sample_ns=100000000
window_ns=1000000000
rapl_core_sum_uj=10815039641
rapl_psys_sum_uj=0
pid=0 energy=34472569491562415 alive=1 kernel=1 cpu_ns=6890890657000000 mem=882040832 instructions=3623241312483 wakeups=338106 diski=7716864 disko=30048256 rx=72212049 tx=30562813 comm=*system*
psu_energy_ac_mcp_machine=24220215820
-------
timestamp=3408005512962137
iterations=2167
sample_ns=100000000
window_ns=1000000000
rapl_core_sum_uj=10817856840
rapl_psys_sum_uj=0
pid=0 energy=34472573342996510 alive=1 kernel=1 cpu_ns=6890890775000000 mem=537858048 instructions=3623893599302 wakeups=338343 diski=7716864 disko=30048256 rx=72212049 tx=30562813 comm=*system*
psu_energy_ac_mcp_machine=24229918823
-------
timestamp=3408005643981336
iterations=2168
sample_ns=100000000
window_ns=1000000000
rapl_core_sum_uj=10820758268
rapl_psys_sum_uj=0
pid=0 energy=34472576460407965 alive=1 kernel=1 cpu_ns=6890890890000000 mem=903712768 instructions=3624402081593 wakeups=338556 diski=7716864 disko=30048256 rx=72212049 tx=30562813 comm=*system*
psu_energy_ac_mcp_machine=24243036499
-------
timestamp=3408005777583252
iterations=2169
sample_ns=100000000
window_ns=1000000000
rapl_core_sum_uj=10823833707
rapl_psys_sum_uj=0
pid=0 energy=34472580275197035 alive=1 kernel=1 cpu_ns=6890891005000000 mem=560824320 instructions=3625050039407 wakeups=338805 diski=7716864 disko=30048256 rx=72212050 tx=30562814 comm=*system*
psu_energy_ac_mcp_machine=24252934082
-------
timestamp=3408005907935126
iterations=2171
sample_ns=100000000
window_ns=1000000000
rapl_core_sum_uj=10829365627
rapl_psys_sum_uj=0
pid=0 energy=34472587083286960 alive=1 kernel=1 cpu_ns=6890891227000000 mem=606781440 instructions=3626189657392 wakeups=339044 diski=7716864 disko=30048256 rx=72212050 tx=30562814 comm=*system*
psu_energy_ac_mcp_machine=24262466431
-------
timestamp=3408006037932849
iterations=2172
sample_ns=100000000
window_ns=1000000000
rapl_core_sum_uj=10832228786
rapl_psys_sum_uj=0
pid=0 energy=34472590289867295 alive=1 kernel=1 cpu_ns=6890891344000000 mem=887930880 instructions=3626713973459 wakeups=339270 diski=7716864 disko=30048256 rx=72212051 tx=30562814 comm=*system*
psu_energy_ac_mcp_machine=24275656250
-------
timestamp=3408006172342986
iterations=2173
sample_ns=100000000
window_ns=1000000000
rapl_core_sum_uj=10835207667
rapl_psys_sum_uj=0
pid=0 energy=34472594032217910 alive=1 kernel=1 cpu_ns=6890891459000000 mem=631762944 instructions=3627347443582 wakeups=339502 diski=7716864 disko=30048256 rx=72212051 tx=30562814 comm=*system*
psu_energy_ac_mcp_machine=24285307861
-------
timestamp=3408006304764922
iterations=2175
sample_ns=100000000
window_ns=1000000000
rapl_core_sum_uj=10840707666
rapl_psys_sum_uj=0
pid=0 energy=34472600916976885 alive=1 kernel=1 cpu_ns=6890891683000000 mem=675766272 instructions=3628500395377 wakeups=339750 diski=7716864 disko=30048256 rx=72212051 tx=30562814 comm=*system*
psu_energy_ac_mcp_machine=24294997192
-------
timestamp=3408006434992842
iterations=2176
sample_ns=100000000
window_ns=1000000000
rapl_core_sum_uj=10843546472
rapl_psys_sum_uj=0
pid=0 energy=34472604326814320 alive=1 kernel=1 cpu_ns=6890891796000000 mem=666685440 instructions=3629069362864 wakeups=339964 diski=7716864 disko=30048256 rx=72212051 tx=30562814 comm=*system*
psu_energy_ac_mcp_machine=24308012817
-------
timestamp=3408006568774777
iterations=2177
sample_ns=100000000
window_ns=1000000000
rapl_core_sum_uj=10846593591
rapl_psys_sum_uj=0
pid=0 energy=34472607799485665 alive=1 kernel=1 cpu_ns=6890891914000000 mem=701382656 instructions=3629645897133 wakeups=340187 diski=7716864 disko=30048256 rx=72212051 tx=30562814 comm=*system*
psu_energy_ac_mcp_machine=24317638184
-------
timestamp=3408006701060920
iterations=2178
sample_ns=100000000
window_ns=1000000000
rapl_core_sum_uj=10849471886
rapl_psys_sum_uj=0
pid=0 energy=34472611442561220 alive=1 kernel=1 cpu_ns=6890892032000000 mem=571912192 instructions=3630256512244 wakeups=340406 diski=7716864 disko=30048256 rx=72212051 tx=30562814 comm=*system*
psu_energy_ac_mcp_machine=24327422119
-------
timestamp=3408006831691548
iterations=2180
sample_ns=100000000
window_ns=1000000000
rapl_core_sum_uj=10854903038
rapl_psys_sum_uj=0
pid=0 energy=34472618394018265 alive=1 kernel=1 cpu_ns=6890892254000000 mem=436002816 instructions=3631424803653 wakeups=340679 diski=7716864 disko=30048256 rx=72212051 tx=30562814 comm=*system*
psu_energy_ac_mcp_machine=24337192993
-------
timestamp=3408006962372333
iterations=2181
sample_ns=100000000
window_ns=1000000000
rapl_core_sum_uj=10857902854
rapl_psys_sum_uj=0
pid=0 energy=34472621596873180 alive=1 kernel=1 cpu_ns=6890892375000000 mem=777199616 instructions=3631944374636 wakeups=340906 diski=7716864 disko=30048256 rx=72212051 tx=30562814 comm=*system*
psu_energy_ac_mcp_machine=24350277100
-------
timestamp=3408007095741054
iterations=2182
sample_ns=100000000
window_ns=1000000000
rapl_core_sum_uj=10860741232
rapl_psys_sum_uj=0
pid=0 energy=34472625422429345 alive=1 kernel=1 cpu_ns=6890892489000000 mem=438960128 instructions=3632595485869 wakeups=341127 diski=7716864 disko=30048256 rx=72212051 tx=30562814 comm=*system*
psu_energy_ac_mcp_machine=24359631348
-------
timestamp=3408007226184451
iterations=2183
sample_ns=100000000
window_ns=1000000000
rapl_core_sum_uj=10863540853
rapl_psys_sum_uj=0
pid=0 energy=34472628574982900 alive=1 kernel=1 cpu_ns=6890892606000000 mem=810455040 instructions=3633108996580 wakeups=341338 diski=7716864 disko=30048256 rx=72212051 tx=30562814 comm=*system*
psu_energy_ac_mcp_machine=24369208740
-------
timestamp=3408007356797537
iterations=2185
sample_ns=100000000
window_ns=1000000000
rapl_core_sum_uj=10869155598
rapl_psys_sum_uj=0
pid=0 energy=34472635368119635 alive=1 kernel=1 cpu_ns=6890892826000000 mem=852561920 instructions=3634247623927 wakeups=341600 diski=7716864 disko=30048256 rx=72212053 tx=30562814 comm=*system*
psu_energy_ac_mcp_machine=24382714600
-------
timestamp=3408007488993750
iterations=2186
sample_ns=100000000
window_ns=1000000000
rapl_core_sum_uj=10871977497
rapl_psys_sum_uj=0
pid=0 energy=34472639189667600 alive=1 kernel=1 cpu_ns=6890892941000000 mem=514482176 instructions=3634896933520 wakeups=341835 diski=7716864 disko=30048256 rx=72212053 tx=30562814 comm=*system*
psu_energy_ac_mcp_machine=24392047363
-------
timestamp=3408007623796311
iterations=2187
sample_ns=100000000
window_ns=1000000000
rapl_core_sum_uj=10874828876
rapl_psys_sum_uj=0
pid=0 energy=34472642328964945 alive=1 kernel=1 cpu_ns=6890893057000000 mem=884621312 instructions=3635408792989 wakeups=342045 diski=7716864 disko=30048256 rx=72212053 tx=30562814 comm=*system*
psu_energy_ac_mcp_machine=24401804199
-------
timestamp=3408007754710347
iterations=2188
sample_ns=100000000
window_ns=1000000000
rapl_core_sum_uj=10877676166
rapl_psys_sum_uj=0
pid=0 energy=34472646134786705 alive=1 kernel=1 cpu_ns=6890893172000000 mem=545071104 instructions=3636054957341 wakeups=342287 diski=7716864 disko=30048256 rx=72212053 tx=30562814 comm=*system*
psu_energy_ac_mcp_machine=24414974731
-------
timestamp=3408007888801869
iterations=2190
sample_ns=100000000
window_ns=1000000000
rapl_core_sum_uj=10883278460
rapl_psys_sum_uj=0
pid=0 energy=34472652953050555 alive=1 kernel=1 cpu_ns=6890893395000000 mem=586559488 instructions=3637195610111 wakeups=342544 diski=7716864 disko=30048256 rx=72212053 tx=30562814 comm=*system*
psu_energy_ac_mcp_machine=24424292480
-------
timestamp=3408008021882868
iterations=2191
sample_ns=100000000
window_ns=1000000000
rapl_core_sum_uj=10886102800
rapl_psys_sum_uj=0
pid=0 energy=34472656085402050 alive=1 kernel=1 cpu_ns=6890893513000000 mem=951746560 instructions=3637704080410 wakeups=342771 diski=7716864 disko=30048256 rx=72212053 tx=30562814 comm=*system*
psu_energy_ac_mcp_machine=24433801270
-------
timestamp=3408008152296376
iterations=2192
sample_ns=100000000
window_ns=1000000000
rapl_core_sum_uj=10889014787
rapl_psys_sum_uj=0
pid=0 energy=34472659904568700 alive=1 kernel=1 cpu_ns=6890893629000000 mem=610844672 instructions=3638351913740 wakeups=343002 diski=7716864 disko=30048256 rx=72212053 tx=30562814 comm=*system*
psu_energy_ac_mcp_machine=24443621216
-------
timestamp=3408008282396076
iterations=2194
sample_ns=100000000
window_ns=1000000000
rapl_core_sum_uj=10894830704
rapl_psys_sum_uj=0
pid=0 energy=34472666778412680 alive=1 kernel=1 cpu_ns=6890893853000000 mem=657002496 instructions=3639502682536 wakeups=343263 diski=7716864 disko=30048256 rx=72212053 tx=30562814 comm=*system*
psu_energy_ac_mcp_machine=24456990967
-------
timestamp=3408008416258276
iterations=2195
sample_ns=100000000
window_ns=1000000000
rapl_core_sum_uj=10897718582
rapl_psys_sum_uj=0
pid=0 energy=34472670272419730 alive=1 kernel=1 cpu_ns=6890893971000000 mem=723525632 instructions=3640083483946 wakeups=343488 diski=7716864 disko=30064640 rx=72212053 tx=30562814 comm=*system*
psu_energy_ac_mcp_machine=24466623535
-------
timestamp=3408008546995082
iterations=2196
sample_ns=100000000
window_ns=1000000000
rapl_core_sum_uj=10900566116
rapl_psys_sum_uj=0
pid=0 energy=34472673800937180 alive=1 kernel=1 cpu_ns=6890894088000000 mem=685232128 instructions=3640672187436 wakeups=343715 diski=7716864 disko=30064640 rx=72212053 tx=30562814 comm=*system*
psu_energy_ac_mcp_machine=24476004517
-------
timestamp=3408008677244281
iterations=2197
sample_ns=100000000
window_ns=1000000000
rapl_core_sum_uj=10903514236
rapl_psys_sum_uj=0
pid=0 energy=34472677342575460 alive=1 kernel=1 cpu_ns=6890894205000000 mem=638554112 instructions=3641263515092 wakeups=343932 diski=7716864 disko=30064640 rx=72212053 tx=30562814 comm=*system*
psu_energy_ac_mcp_machine=24489416504
-------
timestamp=3408008810563604
iterations=2199
sample_ns=100000000
window_ns=1000000000
rapl_core_sum_uj=10909051893
rapl_psys_sum_uj=0
pid=0 energy=34472684210740180 alive=1 kernel=1 cpu_ns=6890894425000000 mem=554180608 instructions=3642417148036 wakeups=344195 diski=7716864 disko=30064640 rx=72212053 tx=30562814 comm=*system*
psu_energy_ac_mcp_machine=24498897949
-------
timestamp=3408008944225184
iterations=2200
sample_ns=100000000
window_ns=1000000000
rapl_core_sum_uj=10911885816
rapl_psys_sum_uj=0
pid=0 energy=34472687528893420 alive=1 kernel=1 cpu_ns=6890894541000000 mem=739643392 instructions=3642964778684 wakeups=344428 diski=7716864 disko=30064640 rx=72212053 tx=30562814 comm=*system*
psu_energy_ac_mcp_machine=24508585815
-------
timestamp=3408009074610241
iterations=2201
sample_ns=100000000
window_ns=1000000000
rapl_core_sum_uj=10914855481
rapl_psys_sum_uj=0
pid=0 energy=34472691295615485 alive=1 kernel=1 cpu_ns=6890894656000000 mem=452759552 instructions=3643603123097 wakeups=344649 diski=7716864 disko=30064640 rx=72212053 tx=30562814 comm=*system*
psu_energy_ac_mcp_machine=24518285645
-------
timestamp=3408009204388542
iterations=2202
sample_ns=100000000
window_ns=1000000000
rapl_core_sum_uj=10917712109
rapl_psys_sum_uj=0
pid=0 energy=34472694519092385 alive=1 kernel=1 cpu_ns=6890894777000000 mem=770342912 instructions=3644126818477 wakeups=344864 diski=7716864 disko=30064640 rx=72212053 tx=30562814 comm=*system*
psu_energy_ac_mcp_machine=24531187744
-------
timestamp=3408009338221558
iterations=2204
sample_ns=100000000
window_ns=1000000000
rapl_core_sum_uj=10923091807
rapl_psys_sum_uj=0
pid=0 energy=34472701311006040 alive=1 kernel=1 cpu_ns=6890894998000000 mem=810463232 instructions=3645264201208 wakeups=345112 diski=7716864 disko=30064640 rx=72212055 tx=30562814 comm=*system*
psu_energy_ac_mcp_machine=24540899292
-------
timestamp=3408009468430344
iterations=2205
sample_ns=100000000
window_ns=1000000000
rapl_core_sum_uj=10926105661
rapl_psys_sum_uj=0
pid=0 energy=34472705141600645 alive=1 kernel=1 cpu_ns=6890895112000000 mem=466800640 instructions=3645916320129 wakeups=345349 diski=7716864 disko=30064640 rx=72212055 tx=30562814 comm=*system*
psu_energy_ac_mcp_machine=24550796265
-------
timestamp=3408009598278045
iterations=2206
sample_ns=100000000
window_ns=1000000000
rapl_core_sum_uj=10928947885
rapl_psys_sum_uj=0
pid=0 energy=34472708270811360 alive=1 kernel=1 cpu_ns=6890895227000000 mem=835584000 instructions=3646427162272 wakeups=345564 diski=7716864 disko=30097408 rx=72212055 tx=30562814 comm=*system*
psu_energy_ac_mcp_machine=24563684326
-------
timestamp=3408009731445925
iterations=2207
sample_ns=100000000
window_ns=1000000000
rapl_core_sum_uj=10931762948
rapl_psys_sum_uj=0
pid=0 energy=34472712101801860 alive=1 kernel=1 cpu_ns=6890895342000000 mem=497807360 instructions=3647078360372 wakeups=345805 diski=7716864 disko=30097408 rx=72212055 tx=30562814 comm=*system*
psu_energy_ac_mcp_machine=24573134521
-------
timestamp=3408009865105443
iterations=2209
sample_ns=100000000
window_ns=1000000000
rapl_core_sum_uj=10937345711
rapl_psys_sum_uj=0
pid=0 energy=34472718883783195 alive=1 kernel=1 cpu_ns=6890895562000000 mem=542158848 instructions=3648214756639 wakeups=346056 diski=7716864 disko=30097408 rx=72212055 tx=30562814 comm=*system*
psu_energy_ac_mcp_machine=24583239624
-------
timestamp=3408009994226472
iterations=2210
sample_ns=100000000
window_ns=1000000000
rapl_core_sum_uj=10940141487
rapl_psys_sum_uj=0
pid=0 energy=34472722022453150 alive=1 kernel=1 cpu_ns=6890895680000000 mem=911450112 instructions=3648724490630 wakeups=346278 diski=7716864 disko=30097408 rx=72212055 tx=30562814 comm=*system*
psu_energy_ac_mcp_machine=24593023071
-------
timestamp=3408010124353739
iterations=2211
sample_ns=100000000
window_ns=1000000000
rapl_core_sum_uj=10942966316
rapl_psys_sum_uj=0
pid=0 energy=34472725868258280 alive=1 kernel=1 cpu_ns=6890895796000000 mem=572575744 instructions=3649377651656 wakeups=346505 diski=7716864 disko=30097408 rx=72212055 tx=30562814 comm=*system*
psu_energy_ac_mcp_machine=24605901978
-------
timestamp=3408010258613321
iterations=2213
sample_ns=100000000
window_ns=1000000000
rapl_core_sum_uj=10948699042
rapl_psys_sum_uj=0
pid=0 energy=34472732753650650 alive=1 kernel=1 cpu_ns=6890896019000000 mem=613974016 instructions=3650531730130 wakeups=346760 diski=7716864 disko=30097408 rx=72212055 tx=30562814 comm=*system*
psu_energy_ac_mcp_machine=24615573486
-------
timestamp=3408010388461442
iterations=2214
sample_ns=100000000
window_ns=1000000000
rapl_core_sum_uj=10951620489
rapl_psys_sum_uj=0
pid=0 energy=34472735854405045 alive=1 kernel=1 cpu_ns=6890896136000000 mem=897601536 instructions=3651034881009 wakeups=346966 diski=7716864 disko=30097408 rx=72212055 tx=30562814 comm=*system*
psu_energy_ac_mcp_machine=24625486206
-------
timestamp=3408010518651668
iterations=2215
sample_ns=100000000
window_ns=1000000000
rapl_core_sum_uj=10954412969
rapl_psys_sum_uj=0
pid=0 energy=34472739655354890 alive=1 kernel=1 cpu_ns=6890896253000000 mem=638148608 instructions=3651678070978 wakeups=347195 diski=7716864 disko=30097408 rx=72212055 tx=30562814 comm=*system*
psu_energy_ac_mcp_machine=24638512207
-------
timestamp=3408010651386358
iterations=2216
sample_ns=100000000
window_ns=1000000000
rapl_core_sum_uj=10957292180
rapl_psys_sum_uj=0
pid=0 energy=34472742999105305 alive=1 kernel=1 cpu_ns=6890896372000000 mem=788930560 instructions=3652227821061 wakeups=347407 diski=7716864 disko=30097408 rx=72212055 tx=30562814 comm=*system*
psu_energy_ac_mcp_machine=24648425903
-------
timestamp=3408010784965977
iterations=2218
sample_ns=100000000
window_ns=1000000000
rapl_core_sum_uj=10962851200
rapl_psys_sum_uj=0
pid=0 energy=34472749982792230 alive=1 kernel=1 cpu_ns=6890896593000000 mem=640626688 instructions=3653403558446 wakeups=347666 diski=7716864 disko=30097408 rx=72212055 tx=30562814 comm=*system*
psu_energy_ac_mcp_machine=24658025635
-------
timestamp=3408010914795614
iterations=2219
sample_ns=100000000
window_ns=1000000000
rapl_core_sum_uj=10965671268
rapl_psys_sum_uj=0
pid=0 energy=34472753436091805 alive=1 kernel=1 cpu_ns=6890896707000000 mem=714629120 instructions=3653980218361 wakeups=347892 diski=7716864 disko=30097408 rx=72212055 tx=30562814 comm=*system*
psu_energy_ac_mcp_machine=24667439331
-------
timestamp=3408011045255000
iterations=2220
sample_ns=100000000
window_ns=1000000000
rapl_core_sum_uj=10968596560
rapl_psys_sum_uj=0
pid=0 energy=34472757123601745 alive=1 kernel=1 cpu_ns=6890896825000000 mem=529121280 instructions=3654599720349 wakeups=348110 diski=7716864 disko=30097408 rx=72212055 tx=30562814 comm=*system*
psu_energy_ac_mcp_machine=24680919189
-------
timestamp=3408011177487130
iterations=2221
sample_ns=100000000
window_ns=1000000000
rapl_core_sum_uj=10971588930
rapl_psys_sum_uj=0
pid=0 energy=34472760429017030 alive=1 kernel=1 cpu_ns=6890896940000000 mem=747499520 instructions=3655145803406 wakeups=348331 diski=7716864 disko=30097408 rx=72212055 tx=30562814 comm=*system*
psu_energy_ac_mcp_machine=24690625977
-------
timestamp=3408011307820478
iterations=2223
sample_ns=100000000
window_ns=1000000000
rapl_core_sum_uj=10977024232
rapl_psys_sum_uj=0
pid=0 energy=34472767239822380 alive=1 kernel=1 cpu_ns=6890897161000000 mem=792240128 instructions=3656286964476 wakeups=348565 diski=7716864 disko=30097408 rx=72212057 tx=30562814 comm=*system*
psu_energy_ac_mcp_machine=24699885376
-------
timestamp=3408011438544596
iterations=2224
sample_ns=100000000
window_ns=1000000000
rapl_core_sum_uj=10980003663
rapl_psys_sum_uj=0
pid=0 energy=34472771085209150 alive=1 kernel=1 cpu_ns=6890897279000000 mem=455503872 instructions=3656938041830 wakeups=348806 diski=7716864 disko=30097408 rx=72212057 tx=30562814 comm=*system*
psu_energy_ac_mcp_machine=24713555176
-------
timestamp=3408011571009435
iterations=2225
sample_ns=100000000
window_ns=1000000000
rapl_core_sum_uj=10983029969
rapl_psys_sum_uj=0
pid=0 energy=34472774235186550 alive=1 kernel=1 cpu_ns=6890897395000000 mem=827731968 instructions=3657452037310 wakeups=349011 diski=7716864 disko=30097408 rx=72212057 tx=30562814 comm=*system*
psu_energy_ac_mcp_machine=24722997681
-------
timestamp=3408011704792482
iterations=2226
sample_ns=100000000
window_ns=1000000000
rapl_core_sum_uj=10985917176
rapl_psys_sum_uj=0
pid=0 energy=34472778098776345 alive=1 kernel=1 cpu_ns=6890897510000000 mem=494100480 instructions=3658109755269 wakeups=349245 diski=7716864 disko=30097408 rx=72212057 tx=30562814 comm=*system*
psu_energy_ac_mcp_machine=24732872070
-------
timestamp=3408011835545083
iterations=2228
sample_ns=100000000
window_ns=1000000000
rapl_core_sum_uj=10991304382
rapl_psys_sum_uj=0
pid=0 energy=34472784870654195 alive=1 kernel=1 cpu_ns=6890897732000000 mem=525352960 instructions=3659242130839 wakeups=349493 diski=7716864 disko=30097408 rx=72212057 tx=30562814 comm=*system*
psu_energy_ac_mcp_machine=24745902222
-------
timestamp=3408011968712014
iterations=2229
sample_ns=100000000
window_ns=1000000000
rapl_core_sum_uj=10994304687
rapl_psys_sum_uj=0
pid=0 energy=34472787989423200 alive=1 kernel=1 cpu_ns=6890897849000000 mem=890380288 instructions=3659748884640 wakeups=349709 diski=7716864 disko=30097408 rx=72212057 tx=30562814 comm=*system*
psu_energy_ac_mcp_machine=24755348999
-------
timestamp=3408012101885307
iterations=2230
sample_ns=100000000
window_ns=1000000000
rapl_core_sum_uj=10997176757
rapl_psys_sum_uj=0
pid=0 energy=34472791853747650 alive=1 kernel=1 cpu_ns=6890897968000000 mem=552599552 instructions=3660402749530 wakeups=349939 diski=7716864 disko=30097408 rx=72212057 tx=30562814 comm=*system*
psu_energy_ac_mcp_machine=24765413940
-------
timestamp=3408012232717552
iterations=2232
sample_ns=100000000
window_ns=1000000000
rapl_core_sum_uj=11002593015
rapl_psys_sum_uj=0
pid=0 energy=34472798704492960 alive=1 kernel=1 cpu_ns=6890898192000000 mem=595464192 instructions=3661548898592 wakeups=350192 diski=7716864 disko=30097408 rx=72212057 tx=30562814 comm=*system*
psu_energy_ac_mcp_machine=24774400269
-------
timestamp=3408012362296137
iterations=2233
sample_ns=100000000
window_ns=1000000000
rapl_core_sum_uj=11005586850
rapl_psys_sum_uj=0
pid=0 energy=34472801815884080 alive=1 kernel=1 cpu_ns=6890898307000000 mem=920543232 instructions=3662056176816 wakeups=350404 diski=7716864 disko=30097408 rx=72212057 tx=30562814 comm=*system*
psu_energy_ac_mcp_machine=24787939087
-------
timestamp=3408012494752512
iterations=2234
sample_ns=100000000
window_ns=1000000000
rapl_core_sum_uj=11008456295
rapl_psys_sum_uj=0
pid=0 energy=34472805621313430 alive=1 kernel=1 cpu_ns=6890898421000000 mem=629383168 instructions=3662703262686 wakeups=350626 diski=7716864 disko=30097408 rx=72212057 tx=30562814 comm=*system*
psu_energy_ac_mcp_machine=24797520264
-------
timestamp=3408012626651386
iterations=2235
sample_ns=100000000
window_ns=1000000000
rapl_core_sum_uj=11011279170
rapl_psys_sum_uj=0
pid=0 energy=34472808935047850 alive=1 kernel=1 cpu_ns=6890898538000000 mem=812756992 instructions=3663249009570 wakeups=350839 diski=7716864 disko=30097408 rx=72212057 tx=30562814 comm=*system*
psu_energy_ac_mcp_machine=24806979858
-------
timestamp=3408012757728476
iterations=2237
sample_ns=100000000
window_ns=1000000000
rapl_core_sum_uj=11016923029
rapl_psys_sum_uj=0
pid=0 energy=34472815873455225 alive=1 kernel=1 cpu_ns=6890898759000000 mem=681644032 instructions=3664415691045 wakeups=351085 diski=7716864 disko=30097408 rx=72212057 tx=30562814 comm=*system*
psu_energy_ac_mcp_machine=24820420898
-------
timestamp=3408012891718466
iterations=2238
sample_ns=100000000
window_ns=1000000000
rapl_core_sum_uj=11019964349
rapl_psys_sum_uj=0
pid=0 energy=34472819393619800 alive=1 kernel=1 cpu_ns=6890898879000000 mem=701079552 instructions=3664999723960 wakeups=351306 diski=7716864 disko=30097408 rx=72212057 tx=30562814 comm=*system*
psu_energy_ac_mcp_machine=24830279785
-------
timestamp=3408013026215583
iterations=2239
sample_ns=100000000
window_ns=1000000000
rapl_core_sum_uj=11022850884
rapl_psys_sum_uj=0
pid=0 energy=34472823018915025 alive=1 kernel=1 cpu_ns=6890898998000000 mem=578678784 instructions=3665605783005 wakeups=351539 diski=7716864 disko=30097408 rx=72212057 tx=30562814 comm=*system*
psu_energy_ac_mcp_machine=24839588501
-------
timestamp=3408013156134860
iterations=2240
sample_ns=100000000
window_ns=1000000000
rapl_core_sum_uj=11025716728
rapl_psys_sum_uj=0
pid=0 energy=34472826359344650 alive=1 kernel=1 cpu_ns=6890899115000000 mem=726818816 instructions=3666156868930 wakeups=351761 diski=7716864 disko=30097408 rx=72212057 tx=30562814 comm=*system*
psu_energy_ac_mcp_machine=24853107422
-------
timestamp=3408013289776877
iterations=2242
sample_ns=100000000
window_ns=1000000000
rapl_core_sum_uj=11031443412
rapl_psys_sum_uj=0
pid=0 energy=34472833154842020 alive=1 kernel=1 cpu_ns=6890899334000000 mem=768618496 instructions=3667296968404 wakeups=351997 diski=7716864 disko=30097408 rx=72212059 tx=30562814 comm=*system*
psu_energy_ac_mcp_machine=24862887207
-------
timestamp=3408013422727869
iterations=2243
sample_ns=100000000
window_ns=1000000000
rapl_core_sum_uj=11034331961
rapl_psys_sum_uj=0
pid=0 energy=34472836982493835 alive=1 kernel=1 cpu_ns=6890899450000000 mem=430600192 instructions=3667946498767 wakeups=352243 diski=7716864 disko=30097408 rx=72212059 tx=30562814 comm=*system*
psu_energy_ac_mcp_machine=24872263306
-------
timestamp=3408013552823859
iterations=2244
sample_ns=100000000
window_ns=1000000000
rapl_core_sum_uj=11037247000
rapl_psys_sum_uj=0
pid=0 energy=34472840117671545 alive=1 kernel=1 cpu_ns=6890899567000000 mem=799096832 instructions=3668456534309 wakeups=352452 diski=7716864 disko=30097408 rx=72212059 tx=30562814 comm=*system*
psu_energy_ac_mcp_machine=24882035034
-------
timestamp=3408013683168074
iterations=2245
sample_ns=100000000
window_ns=1000000000
rapl_core_sum_uj=11040311575
rapl_psys_sum_uj=0
pid=0 energy=34472843939545450 alive=1 kernel=1 cpu_ns=6890899679000000 mem=465846272 instructions=3669108909090 wakeups=352692 diski=7716864 disko=30097408 rx=72212059 tx=30562814 comm=*system*
psu_energy_ac_mcp_machine=24895545044
-------
timestamp=3408013817247684
iterations=2247
sample_ns=100000000
window_ns=1000000000
rapl_core_sum_uj=11045839040
rapl_psys_sum_uj=0
pid=0 energy=34472850685399955 alive=1 kernel=1 cpu_ns=6890899900000000 mem=499412992 instructions=3670237079991 wakeups=352946 diski=7716864 disko=30097408 rx=72212059 tx=30562814 comm=*system*
psu_energy_ac_mcp_machine=24904669556
-------
timestamp=3408013947298195
iterations=2248
sample_ns=100000000
window_ns=1000000000
rapl_core_sum_uj=11048790272
rapl_psys_sum_uj=0
pid=0 energy=34472853807737590 alive=1 kernel=1 cpu_ns=6890900014000000 mem=868245504 instructions=3670747547518 wakeups=353165 diski=7716864 disko=30097408 rx=72212059 tx=30562814 comm=*system*
psu_energy_ac_mcp_machine=24914681396
-------
timestamp=3408014076978556
iterations=2249
sample_ns=100000000
window_ns=1000000000
rapl_core_sum_uj=11051687488
rapl_psys_sum_uj=0
pid=0 energy=34472857659854120 alive=1 kernel=1 cpu_ns=6890900127000000 mem=514506752 instructions=3671404970824 wakeups=353397 diski=7716864 disko=30117888 rx=72212059 tx=30562814 comm=*system*
psu_energy_ac_mcp_machine=24927454224
-------
timestamp=3408014210445798
iterations=2251
sample_ns=100000000
window_ns=1000000000
rapl_core_sum_uj=11057084337
rapl_psys_sum_uj=0
pid=0 energy=34472864467661585 alive=1 kernel=1 cpu_ns=6890900350000000 mem=546492416 instructions=3672543532317 wakeups=353651 diski=7716864 disko=30117888 rx=72212059 tx=30562814 comm=*system*
psu_energy_ac_mcp_machine=24937075562
-------
timestamp=3408014344206986
iterations=2252
sample_ns=100000000
window_ns=1000000000
rapl_core_sum_uj=11060050767
rapl_psys_sum_uj=0
pid=0 energy=34472867582808280 alive=1 kernel=1 cpu_ns=6890900464000000 mem=918437888 instructions=3673052561656 wakeups=353866 diski=7716864 disko=30117888 rx=72212059 tx=30562814 comm=*system*
psu_energy_ac_mcp_machine=24947170898
-------
timestamp=3408014474259749
iterations=2253
sample_ns=100000000
window_ns=1000000000
rapl_core_sum_uj=11063109604
rapl_psys_sum_uj=0
pid=0 energy=34472871414805855 alive=1 kernel=1 cpu_ns=6890900579000000 mem=580067328 instructions=3673703961171 wakeups=354085 diski=7716864 disko=30117888 rx=72212059 tx=30562814 comm=*system*
psu_energy_ac_mcp_machine=24956787476
-------
timestamp=3408014604751240
iterations=2254
sample_ns=100000000
window_ns=1000000000
rapl_core_sum_uj=11065946884
rapl_psys_sum_uj=0
pid=0 energy=34472874541721735 alive=1 kernel=1 cpu_ns=6890900696000000 mem=946946048 instructions=3674212344347 wakeups=354302 diski=7716864 disko=30150656 rx=72212059 tx=30562814 comm=*system*
psu_energy_ac_mcp_machine=24969766968
-------
timestamp=3408014738229757
iterations=2256
sample_ns=100000000
window_ns=1000000000
rapl_core_sum_uj=11071320968
rapl_psys_sum_uj=0
pid=0 energy=34472881444766905 alive=1 kernel=1 cpu_ns=6890900919000000 mem=860807168 instructions=3675369953381 wakeups=354570 diski=7716864 disko=30150656 rx=72212059 tx=30562814 comm=*system*
psu_energy_ac_mcp_machine=24979426147
-------
timestamp=3408014867806640
iterations=2257
sample_ns=100000000
window_ns=1000000000
rapl_core_sum_uj=11074337264
rapl_psys_sum_uj=0
pid=0 energy=34472885209873070 alive=1 kernel=1 cpu_ns=6890901036000000 mem=653066240 instructions=3676005974614 wakeups=354803 diski=7716864 disko=30150656 rx=72212059 tx=30562814 comm=*system*
psu_energy_ac_mcp_machine=24989429199
-------
timestamp=3408014997659705
iterations=2258
sample_ns=100000000
window_ns=1000000000
rapl_core_sum_uj=11077142378
rapl_psys_sum_uj=0
pid=0 energy=34472888660016730 alive=1 kernel=1 cpu_ns=6890901154000000 mem=722329600 instructions=3676578003346 wakeups=355026 diski=7716864 disko=30150656 rx=72212059 tx=30562814 comm=*system*
psu_energy_ac_mcp_machine=25002485107
-------
timestamp=3408015130209656
iterations=2259
sample_ns=100000000
window_ns=1000000000
rapl_core_sum_uj=11080004804
rapl_psys_sum_uj=0
pid=0 energy=34472892225027755 alive=1 kernel=1 cpu_ns=6890901271000000 mem=680890368 instructions=3677174005551 wakeups=355341 diski=7716864 disko=33087488 rx=72212059 tx=30562814 comm=*system*
psu_energy_ac_mcp_machine=25011403809
-------
timestamp=3408015262901868
iterations=2261
sample_ns=100000000
window_ns=1000000000
rapl_core_sum_uj=11085544720
rapl_psys_sum_uj=0
pid=0 energy=34472899023582500 alive=1 kernel=1 cpu_ns=6890901492000000 mem=723132416 instructions=3678312716500 wakeups=355576 diski=7716864 disko=33087488 rx=72212061 tx=30562814 comm=*system*
psu_energy_ac_mcp_machine=25021617065
-------
timestamp=3408015392920087
iterations=2262
sample_ns=100000000
window_ns=1000000000
rapl_core_sum_uj=11088378094
rapl_psys_sum_uj=0
pid=0 energy=34472902714818765 alive=1 kernel=1 cpu_ns=6890901605000000 mem=511823872 instructions=3678937963753 wakeups=355812 diski=7716864 disko=33087488 rx=72212061 tx=30562814 comm=*system*
psu_energy_ac_mcp_machine=25031173584
-------
timestamp=3408015523290410
iterations=2263
sample_ns=100000000
window_ns=1000000000
rapl_core_sum_uj=11091178936
rapl_psys_sum_uj=0
pid=0 energy=34472905967235485 alive=1 kernel=1 cpu_ns=6890901721000000 mem=746565632 instructions=3679472447097 wakeups=356027 diski=7716864 disko=33087488 rx=72212061 tx=30562814 comm=*system*
psu_energy_ac_mcp_machine=25044077881
-------
timestamp=3408015655859771
iterations=2264
sample_ns=100000000
window_ns=1000000000
rapl_core_sum_uj=11094000469
rapl_psys_sum_uj=0
pid=0 energy=34472909774641990 alive=1 kernel=1 cpu_ns=6890901834000000 mem=428236800 instructions=3680120928398 wakeups=356259 diski=7716864 disko=33087488 rx=72212061 tx=30562814 comm=*system*
psu_energy_ac_mcp_machine=25054025513
-------
timestamp=3408015786878870
iterations=2266
sample_ns=100000000
window_ns=1000000000
rapl_core_sum_uj=11099545207
rapl_psys_sum_uj=0
pid=0 energy=34472916624026085 alive=1 kernel=1 cpu_ns=6890902057000000 mem=454832128 instructions=3681267805217 wakeups=356524 diski=7716864 disko=33087488 rx=72212063 tx=30562816 comm=*system*
psu_energy_ac_mcp_machine=25063586914
-------
timestamp=3408015916292187
iterations=2267
sample_ns=100000000
window_ns=1000000000
rapl_core_sum_uj=11102320414
rapl_psys_sum_uj=0
pid=0 energy=34472919747909425 alive=1 kernel=1 cpu_ns=6890902172000000 mem=823595008 instructions=3681777581885 wakeups=356740 diski=7716864 disko=33087488 rx=72212063 tx=30562816 comm=*system*
psu_energy_ac_mcp_machine=25073027100
-------
timestamp=3408016046293115
iterations=2268
sample_ns=100000000
window_ns=1000000000
rapl_core_sum_uj=11105207743
rapl_psys_sum_uj=0
pid=0 energy=34472923587277715 alive=1 kernel=1 cpu_ns=6890902286000000 mem=487731200 instructions=3682431455543 wakeups=356966 diski=7716864 disko=33087488 rx=72212063 tx=30562816 comm=*system*
psu_energy_ac_mcp_machine=25086190430
-------
timestamp=3408016179596610
iterations=2269
sample_ns=100000000
window_ns=1000000000
rapl_core_sum_uj=11108248514
rapl_psys_sum_uj=0
pid=0 energy=34472926756825280 alive=1 kernel=1 cpu_ns=6890902401000000 mem=863039488 instructions=3682950365056 wakeups=357181 diski=7716864 disko=33087488 rx=72212063 tx=30562816 comm=*system*
psu_energy_ac_mcp_machine=25096194580
-------
timestamp=3408016308943939
iterations=2271
sample_ns=100000000
window_ns=1000000000
rapl_core_sum_uj=11113742104
rapl_psys_sum_uj=0
pid=0 energy=34472933560240755 alive=1 kernel=1 cpu_ns=6890902624000000 mem=907268096 instructions=3684088048151 wakeups=357440 diski=7716864 disko=33087488 rx=72212063 tx=30562816 comm=*system*
psu_energy_ac_mcp_machine=25105494019
-------
timestamp=3408016440335692
iterations=2272
sample_ns=100000000
window_ns=1000000000
rapl_core_sum_uj=11116643349
rapl_psys_sum_uj=0
pid=0 energy=34472937398382140 alive=1 kernel=1 cpu_ns=6890902739000000 mem=570408960 instructions=3684740676428 wakeups=357653 diski=7716864 disko=33087488 rx=72212063 tx=30562816 comm=*system*
psu_energy_ac_mcp_machine=25118815674
-------
timestamp=3408016574532601
iterations=2273
sample_ns=100000000
window_ns=1000000000
rapl_core_sum_uj=11119690101
rapl_psys_sum_uj=0
pid=0 energy=34472940525370430 alive=1 kernel=1 cpu_ns=6890902854000000 mem=938074112 instructions=3685251074086 wakeups=357869 diski=7716864 disko=33087488 rx=72212063 tx=30562816 comm=*system*
psu_energy_ac_mcp_machine=25128632935
-------
timestamp=3408016706443495
iterations=2275
sample_ns=100000000
window_ns=1000000000
rapl_core_sum_uj=11125194372
rapl_psys_sum_uj=0
pid=0 energy=34472947420422220 alive=1 kernel=1 cpu_ns=6890903078000000 mem=886030336 instructions=3686406084444 wakeups=358132 diski=7716864 disko=33087488 rx=72212063 tx=30562816 comm=*system*
psu_energy_ac_mcp_machine=25138472656
-------
timestamp=3408016836342656
iterations=2276
sample_ns=100000000
window_ns=1000000000
rapl_core_sum_uj=11128002721
rapl_psys_sum_uj=0
pid=0 energy=34472951153404840 alive=1 kernel=1 cpu_ns=6890903192000000 mem=642281472 instructions=3687038680968 wakeups=358355 diski=7716864 disko=33087488 rx=72212063 tx=30562816 comm=*system*
psu_energy_ac_mcp_machine=25147357300
-------
timestamp=3408016966943313
iterations=2277
sample_ns=100000000
window_ns=1000000000
rapl_core_sum_uj=11131036229
rapl_psys_sum_uj=0
pid=0 energy=34472954065430915 alive=1 kernel=1 cpu_ns=6890903309000000 mem=944168960 instructions=3687504086183 wakeups=358576 diski=7716864 disko=33087488 rx=72212064 tx=30562817 comm=*system*
psu_energy_ac_mcp_machine=25161065674
-------
timestamp=3408017101739379
iterations=2278
sample_ns=100000000
window_ns=1000000000
rapl_core_sum_uj=11134020359
rapl_psys_sum_uj=0
pid=0 energy=34472955805417905 alive=1 kernel=1 cpu_ns=6890903424000000 mem=944070656 instructions=3687737083581 wakeups=358802 diski=7716864 disko=33087488 rx=72212064 tx=30562817 comm=*system*
psu_energy_ac_mcp_machine=25171030518
-------
timestamp=3408017232475637
iterations=2280
sample_ns=100000000
window_ns=1000000000
rapl_core_sum_uj=11139650363
rapl_psys_sum_uj=0
pid=0 energy=34472959100244335 alive=1 kernel=1 cpu_ns=6890903648000000 mem=944136192 instructions=3688172048867 wakeups=359036 diski=7716864 disko=33087488 rx=72212066 tx=30562817 comm=*system*
psu_energy_ac_mcp_machine=25180776489
-------
timestamp=3408017362962217
iterations=2281
sample_ns=100000000
window_ns=1000000000
rapl_core_sum_uj=11142809054
rapl_psys_sum_uj=0
pid=0 energy=34472960847331345 alive=1 kernel=1 cpu_ns=6890903763000000 mem=944136192 instructions=3688406466269 wakeups=359271 diski=7716864 disko=33087488 rx=72212066 tx=30562817 comm=*system*
psu_energy_ac_mcp_machine=25194555664
-------
timestamp=3408017496419470
iterations=2282
sample_ns=100000000
window_ns=1000000000
rapl_core_sum_uj=11145731356
rapl_psys_sum_uj=0
pid=0 energy=34472962614144540 alive=1 kernel=1 cpu_ns=6890903878000000 mem=942391296 instructions=3688644828908 wakeups=359490 diski=7716864 disko=33087488 rx=72212066 tx=30562817 comm=*system*
psu_energy_ac_mcp_machine=25204315063
-------
timestamp=3408017627655378
iterations=2283
sample_ns=100000000
window_ns=1000000000
rapl_core_sum_uj=11148664156
rapl_psys_sum_uj=0
pid=0 energy=34472964381388140 alive=1 kernel=1 cpu_ns=6890903996000000 mem=943890432 instructions=3688880277628 wakeups=359729 diski=7716864 disko=33087488 rx=72212066 tx=30562817 comm=*system*
psu_energy_ac_mcp_machine=25214309204
-------
timestamp=3408017758081310
iterations=2285
sample_ns=100000000
window_ns=1000000000
rapl_core_sum_uj=11154527192
rapl_psys_sum_uj=0
pid=0 energy=34472967667739330 alive=1 kernel=1 cpu_ns=6890904219000000 mem=944136192 instructions=3689314547866 wakeups=359986 diski=7716864 disko=33087488 rx=72212066 tx=30562817 comm=*system*
psu_energy_ac_mcp_machine=25227918701
-------
timestamp=3408017891741167
iterations=2286
sample_ns=100000000
window_ns=1000000000
rapl_core_sum_uj=11157508454
rapl_psys_sum_uj=0
pid=0 energy=34472969415460790 alive=1 kernel=1 cpu_ns=6890904335000000 mem=944136192 instructions=3689548092158 wakeups=360210 diski=7716864 disko=33087488 rx=72212066 tx=30562817 comm=*system*
psu_energy_ac_mcp_machine=25237701416
-------
timestamp=3408018025685979
iterations=2287
sample_ns=100000000
window_ns=1000000000
rapl_core_sum_uj=11160463287
rapl_psys_sum_uj=0
pid=0 energy=34472971173710445 alive=1 kernel=1 cpu_ns=6890904453000000 mem=944168960 instructions=3689781742089 wakeups=360441 diski=7716864 disko=33087488 rx=72212066 tx=30562817 comm=*system*
psu_energy_ac_mcp_machine=25247385620
-------
timestamp=3408018156407074
iterations=2288
sample_ns=100000000
window_ns=1000000000
rapl_core_sum_uj=11163361724
rapl_psys_sum_uj=0
pid=0 energy=34472972951356675 alive=1 kernel=1 cpu_ns=6890904573000000 mem=944214016 instructions=3690017271335 wakeups=360659 diski=7716864 disko=33087488 rx=72212066 tx=30562817 comm=*system*
psu_energy_ac_mcp_machine=25257567749
-------
timestamp=3408018286808863
iterations=2290
sample_ns=100000000
window_ns=1000000000
rapl_core_sum_uj=11169183927
rapl_psys_sum_uj=0
pid=0 energy=34472976255034145 alive=1 kernel=1 cpu_ns=6890904792000000 mem=944087040 instructions=3690459006829 wakeups=360912 diski=7716864 disko=33087488 rx=72212066 tx=30562817 comm=*system*
psu_energy_ac_mcp_machine=25270678223
-------
timestamp=3408018419949513
iterations=2291
sample_ns=100000000
window_ns=1000000000
rapl_core_sum_uj=11172138333
rapl_psys_sum_uj=0
pid=0 energy=34472978018354425 alive=1 kernel=1 cpu_ns=6890904911000000 mem=944087040 instructions=3690692670885 wakeups=361134 diski=7716864 disko=33087488 rx=72212066 tx=30562817 comm=*system*
psu_energy_ac_mcp_machine=25280254395
-------
timestamp=3408018550622176
iterations=2292
sample_ns=100000000
window_ns=1000000000
rapl_core_sum_uj=11175147122
rapl_psys_sum_uj=0
pid=0 energy=34472979757617560 alive=1 kernel=1 cpu_ns=6890905026000000 mem=944386048 instructions=3690925523512 wakeups=361356 diski=7716864 disko=33087488 rx=72212066 tx=30562817 comm=*system*
psu_energy_ac_mcp_machine=25290229492
-------
timestamp=3408018682266040
iterations=2294
sample_ns=100000000
window_ns=1000000000
rapl_core_sum_uj=11180933254
rapl_psys_sum_uj=0
pid=0 energy=34472983113218570 alive=1 kernel=1 cpu_ns=6890905254000000 mem=944439296 instructions=3691368643714 wakeups=361608 diski=7716864 disko=33087488 rx=72212066 tx=30562817 comm=*system*
psu_energy_ac_mcp_machine=25303790283
-------
timestamp=3408018816827364
iterations=2295
sample_ns=100000000
window_ns=1000000000
rapl_core_sum_uj=11183896083
rapl_psys_sum_uj=0
pid=0 energy=34472984822537905 alive=1 kernel=1 cpu_ns=6890905367000000 mem=944164864 instructions=3691597507581 wakeups=361829 diski=7716864 disko=33087488 rx=72212066 tx=30562817 comm=*system*
psu_energy_ac_mcp_machine=25313465942
-------
timestamp=3408018947675675
iterations=2296
sample_ns=100000000
window_ns=1000000000
rapl_core_sum_uj=11186973597
rapl_psys_sum_uj=0
pid=0 energy=34472986602219875 alive=1 kernel=1 cpu_ns=6890905484000000 mem=944201728 instructions=3691836443975 wakeups=362053 diski=7716864 disko=33087488 rx=72212066 tx=30562817 comm=*system*
psu_energy_ac_mcp_machine=25323517578
-------
timestamp=3408019078251073
iterations=2297
sample_ns=100000000
window_ns=1000000000
rapl_core_sum_uj=11190037622
rapl_psys_sum_uj=0
pid=0 energy=34472988377412890 alive=1 kernel=1 cpu_ns=6890905604000000 mem=944476160 instructions=3692071482578 wakeups=362285 diski=7716864 disko=33087488 rx=72212066 tx=30562817 comm=*system*
psu_energy_ac_mcp_machine=25336886597
-------
timestamp=3408019211831971
iterations=2299
sample_ns=100000000
window_ns=1000000000
rapl_core_sum_uj=11195716088
rapl_psys_sum_uj=0
pid=0 energy=34472991661826685 alive=1 kernel=1 cpu_ns=6890905825000000 mem=944173056 instructions=3692507365337 wakeups=362535 diski=7716864 disko=33107968 rx=72212068 tx=30562817 comm=*system*
psu_energy_ac_mcp_machine=25346861694
-------
timestamp=3408019346226788
iterations=2300
sample_ns=100000000
window_ns=1000000000
rapl_core_sum_uj=11198828636
rapl_psys_sum_uj=0
pid=0 energy=34472993424617620 alive=1 kernel=1 cpu_ns=6890905944000000 mem=944168960 instructions=3692740923524 wakeups=362762 diski=7716864 disko=33107968 rx=72212068 tx=30562817 comm=*system*
psu_energy_ac_mcp_machine=25357093872
-------
timestamp=3408019477120579
iterations=2301
sample_ns=100000000
window_ns=1000000000
rapl_core_sum_uj=11201790061
rapl_psys_sum_uj=0
pid=0 energy=34472995175081105 alive=1 kernel=1 cpu_ns=6890906059000000 mem=944168960 instructions=3692976016221 wakeups=362972 diski=7716864 disko=33107968 rx=72212068 tx=30562817 comm=*system*
psu_energy_ac_mcp_machine=25367013794
-------
timestamp=3408019607851468
iterations=2302
sample_ns=100000000
window_ns=1000000000
rapl_core_sum_uj=11204718710
rapl_psys_sum_uj=0
pid=0 energy=34472996937845255 alive=1 kernel=1 cpu_ns=6890906176000000 mem=944025600 instructions=3693211569051 wakeups=363200 diski=7716864 disko=33144832 rx=72212068 tx=30562817 comm=*system*
psu_energy_ac_mcp_machine=25380296265
-------
timestamp=3408019740889764
iterations=2304
sample_ns=100000000
window_ns=1000000000
rapl_core_sum_uj=11210386189
rapl_psys_sum_uj=0
pid=0 energy=34473000249415860 alive=1 kernel=1 cpu_ns=6890906398000000 mem=944173056 instructions=3693651883172 wakeups=363460 diski=7716864 disko=33144832 rx=72212068 tx=30562817 comm=*system*
psu_energy_ac_mcp_machine=25390187744
-------
timestamp=3408019871833707
iterations=2305
sample_ns=100000000
window_ns=1000000000
rapl_core_sum_uj=11213360004
rapl_psys_sum_uj=0
pid=0 energy=34473001984900535 alive=1 kernel=1 cpu_ns=6890906512000000 mem=944115712 instructions=3693884980107 wakeups=363678 diski=7716864 disko=33144832 rx=72212068 tx=30562817 comm=*system*
psu_energy_ac_mcp_machine=25400157837
-------
timestamp=3408020001951663
iterations=2306
sample_ns=100000000
window_ns=1000000000
rapl_core_sum_uj=11216310626
rapl_psys_sum_uj=0
pid=0 energy=34473003739160460 alive=1 kernel=1 cpu_ns=6890906628000000 mem=944230400 instructions=3694119832092 wakeups=363909 diski=7716864 disko=33144832 rx=72212068 tx=30562817 comm=*system*
psu_energy_ac_mcp_machine=25413323486
-------
timestamp=3408020136176599
iterations=2308
sample_ns=100000000
window_ns=1000000000
rapl_core_sum_uj=11222199296
rapl_psys_sum_uj=0
pid=0 energy=34473007119467190 alive=1 kernel=1 cpu_ns=6890906855000000 mem=944857088 instructions=3694568893438 wakeups=364162 diski=7716864 disko=33144832 rx=72212068 tx=30562817 comm=*system*
psu_energy_ac_mcp_machine=25423330811
-------
timestamp=3408020268446620
iterations=2309
sample_ns=100000000
window_ns=1000000000
rapl_core_sum_uj=11225252457
rapl_psys_sum_uj=0
pid=0 energy=34473008766913075 alive=1 kernel=1 cpu_ns=6890906965000000 mem=944181248 instructions=3694788382615 wakeups=364392 diski=7716864 disko=33144832 rx=72212068 tx=30562817 comm=*system*
psu_energy_ac_mcp_machine=25433374146
-------
timestamp=3408020398925954
iterations=2310
sample_ns=100000000
window_ns=1000000000
rapl_core_sum_uj=11228200516
rapl_psys_sum_uj=0
pid=0 energy=34473010551910525 alive=1 kernel=1 cpu_ns=6890907081000000 mem=944181248 instructions=3695029382105 wakeups=364614 diski=7716864 disko=33144832 rx=72212068 tx=30562817 comm=*system*
psu_energy_ac_mcp_machine=25446889893
-------
timestamp=3408020532288248
iterations=2311
sample_ns=100000000
window_ns=1000000000
rapl_core_sum_uj=11231104263
rapl_psys_sum_uj=0
pid=0 energy=34473012284626205 alive=1 kernel=1 cpu_ns=6890907195000000 mem=944386048 instructions=3695261925241 wakeups=364841 diski=7716864 disko=33144832 rx=72212068 tx=30562817 comm=*system*
psu_energy_ac_mcp_machine=25456750610
-------
timestamp=3408020664751849
iterations=2313
sample_ns=100000000
window_ns=1000000000
rapl_core_sum_uj=11236915785
rapl_psys_sum_uj=0
pid=0 energy=34473015557657805 alive=1 kernel=1 cpu_ns=6890907417000000 mem=944246784 instructions=3695694531561 wakeups=365106 diski=7716864 disko=33144832 rx=72212068 tx=30562817 comm=*system*
psu_energy_ac_mcp_machine=25466688110
-------
timestamp=3408020795348952
iterations=2314
sample_ns=100000000
window_ns=1000000000
rapl_core_sum_uj=11239846388
rapl_psys_sum_uj=0
pid=0 energy=34473017313669945 alive=1 kernel=1 cpu_ns=6890907535000000 mem=944189440 instructions=3695927733989 wakeups=365330 diski=7716864 disko=33144832 rx=72212068 tx=30562817 comm=*system*
psu_energy_ac_mcp_machine=25476629761
-------
timestamp=3408020925254875
iterations=2315
sample_ns=100000000
window_ns=1000000000
rapl_core_sum_uj=11242781507
rapl_psys_sum_uj=0
pid=0 energy=34473019053959875 alive=1 kernel=1 cpu_ns=6890907650000000 mem=944242688 instructions=3696160791975 wakeups=365553 diski=7716864 disko=33144832 rx=72212068 tx=30562817 comm=*system*
psu_energy_ac_mcp_machine=25490044800
-------
timestamp=3408021059872283
iterations=2316
sample_ns=100000000
window_ns=1000000000
rapl_core_sum_uj=11245781629
rapl_psys_sum_uj=0
pid=0 energy=34473020800855045 alive=1 kernel=1 cpu_ns=6890907766000000 mem=944242688 instructions=3696394171009 wakeups=365780 diski=7716864 disko=33144832 rx=72212068 tx=30562817 comm=*system*
psu_energy_ac_mcp_machine=25500080688
-------
timestamp=3408021190947128
iterations=2318
sample_ns=100000000
window_ns=1000000000
rapl_core_sum_uj=11251520946
rapl_psys_sum_uj=0
pid=0 energy=34473024091046425 alive=1 kernel=1 cpu_ns=6890907985000000 mem=944132096 instructions=3696833209285 wakeups=366024 diski=7716864 disko=33144832 rx=72212070 tx=30562817 comm=*system*
psu_energy_ac_mcp_machine=25509871216
-------
timestamp=3408021321347005
iterations=2319
sample_ns=100000000
window_ns=1000000000
rapl_core_sum_uj=11254439952
rapl_psys_sum_uj=0
pid=0 energy=34473025841416370 alive=1 kernel=1 cpu_ns=6890908102000000 mem=944132096 instructions=3697066283274 wakeups=366253 diski=7716864 disko=33144832 rx=72212070 tx=30562817 comm=*system*
psu_energy_ac_mcp_machine=25523335938
-------
timestamp=3408021454588429
iterations=2320
sample_ns=100000000
window_ns=1000000000
rapl_core_sum_uj=11257445201
rapl_psys_sum_uj=0
pid=0 energy=34473027582596970 alive=1 kernel=1 cpu_ns=6890908218000000 mem=944128000 instructions=3697298519394 wakeups=366474 diski=7716864 disko=33144832 rx=72212070 tx=30562817 comm=*system*
psu_energy_ac_mcp_machine=25533347778
-------
timestamp=3408021588196549
iterations=2321
sample_ns=100000000
window_ns=1000000000
rapl_core_sum_uj=11260579966
rapl_psys_sum_uj=0
pid=0 energy=34473029339762985 alive=1 kernel=1 cpu_ns=6890908335000000 mem=944377856 instructions=3697532952597 wakeups=366692 diski=7716864 disko=33144832 rx=72212070 tx=30562817 comm=*system*
psu_energy_ac_mcp_machine=25543157471
-------
timestamp=3408021718541482
iterations=2323
sample_ns=100000000
window_ns=1000000000
rapl_core_sum_uj=11266294015
rapl_psys_sum_uj=0
pid=0 energy=34473032617313300 alive=1 kernel=1 cpu_ns=6890908555000000 mem=944377856 instructions=3697968462660 wakeups=366958 diski=7716864 disko=33144832 rx=72212070 tx=30562817 comm=*system*
psu_energy_ac_mcp_machine=25556823853
-------
timestamp=3408021852603000
iterations=2324
sample_ns=100000000
window_ns=1000000000
rapl_core_sum_uj=11269358956
rapl_psys_sum_uj=0
pid=0 energy=34473034355094905 alive=1 kernel=1 cpu_ns=6890908670000000 mem=944259072 instructions=3698201018981 wakeups=367175 diski=7716864 disko=33144832 rx=72212070 tx=30562817 comm=*system*
psu_energy_ac_mcp_machine=25566773315
-------
timestamp=3408021986967215
iterations=2325
sample_ns=100000000
window_ns=1000000000
rapl_core_sum_uj=11272501717
rapl_psys_sum_uj=0
pid=0 energy=34473036123301770 alive=1 kernel=1 cpu_ns=6890908786000000 mem=944177152 instructions=3698438660354 wakeups=367405 diski=7716864 disko=33144832 rx=72212070 tx=30562817 comm=*system*
psu_energy_ac_mcp_machine=25576808228
-------
timestamp=3408022116940348
iterations=2327
sample_ns=100000000
window_ns=1000000000
rapl_core_sum_uj=11278145881
rapl_psys_sum_uj=0
pid=0 energy=34473039381696585 alive=1 kernel=1 cpu_ns=6890909007000000 mem=944136192 instructions=3698869339317 wakeups=367646 diski=7716864 disko=33144832 rx=72212070 tx=30562817 comm=*system*
psu_energy_ac_mcp_machine=25586779907
-------
timestamp=3408022247400489
iterations=2328
sample_ns=100000000
window_ns=1000000000
rapl_core_sum_uj=11281256110
rapl_psys_sum_uj=0
pid=0 energy=34473041113404125 alive=1 kernel=1 cpu_ns=6890909121000000 mem=944205824 instructions=3699101680825 wakeups=367869 diski=7716864 disko=33144832 rx=72212070 tx=30562817 comm=*system*
psu_energy_ac_mcp_machine=25600317749
-------
timestamp=3408022381840695
iterations=2329
sample_ns=100000000
window_ns=1000000000
rapl_core_sum_uj=11284435309
rapl_psys_sum_uj=0
pid=0 energy=34473042861032160 alive=1 kernel=1 cpu_ns=6890909238000000 mem=944205824 instructions=3699334206432 wakeups=368091 diski=7716864 disko=33144832 rx=72212070 tx=30562817 comm=*system*
psu_energy_ac_mcp_machine=25610320068
-------
timestamp=3408022512259317
iterations=2330
sample_ns=100000000
window_ns=1000000000
rapl_core_sum_uj=11287343145
rapl_psys_sum_uj=0
pid=0 energy=34473044613036730 alive=1 kernel=1 cpu_ns=6890909354000000 mem=944263168 instructions=3699568607346 wakeups=368308 diski=7716864 disko=33144832 rx=72212070 tx=30562817 comm=*system*
psu_energy_ac_mcp_machine=25619837769
-------
timestamp=3408022643344393
iterations=2332
sample_ns=100000000
window_ns=1000000000
rapl_core_sum_uj=11292998478
rapl_psys_sum_uj=0
pid=0 energy=34473047911112235 alive=1 kernel=1 cpu_ns=6890909574000000 mem=944205824 instructions=3700008222447 wakeups=368568 diski=7716864 disko=33144832 rx=72212070 tx=30562817 comm=*system*
psu_energy_ac_mcp_machine=25633494385
-------
timestamp=3408022777053076
iterations=2333
sample_ns=100000000
window_ns=1000000000
rapl_core_sum_uj=11296079593
rapl_psys_sum_uj=0
pid=0 energy=34473049645626905 alive=1 kernel=1 cpu_ns=6890909689000000 mem=944312320 instructions=3700240125381 wakeups=368793 diski=7716864 disko=33144832 rx=72212070 tx=30562817 comm=*system*
psu_energy_ac_mcp_machine=25643500977
-------
timestamp=3408022909308495
iterations=2334
sample_ns=100000000
window_ns=1000000000
rapl_core_sum_uj=11299007998
rapl_psys_sum_uj=0
pid=0 energy=34473051404739605 alive=1 kernel=1 cpu_ns=6890909806000000 mem=944152576 instructions=3700474947921 wakeups=369009 diski=7716864 disko=33144832 rx=72212070 tx=30562817 comm=*system*
psu_energy_ac_mcp_machine=25652880981
-------
timestamp=3408023039634215
iterations=2335
sample_ns=100000000
window_ns=1000000000
rapl_core_sum_uj=11301932619
rapl_psys_sum_uj=0
pid=0 energy=34473053162432175 alive=1 kernel=1 cpu_ns=6890909924000000 mem=944218112 instructions=3700708486435 wakeups=369237 diski=7716864 disko=33144832 rx=72212070 tx=30562817 comm=*system*
psu_energy_ac_mcp_machine=25666791870
-------
timestamp=3408023173343361
iterations=2337
sample_ns=100000000
window_ns=1000000000
rapl_core_sum_uj=11307796448
rapl_psys_sum_uj=0
pid=0 energy=34473056445364850 alive=1 kernel=1 cpu_ns=6890910146000000 mem=944214016 instructions=3701143072970 wakeups=369482 diski=7716864 disko=33144832 rx=72212070 tx=30562817 comm=*system*
psu_energy_ac_mcp_machine=25676344849
-------
timestamp=3408023307833696
iterations=2338
sample_ns=100000000
window_ns=1000000000
rapl_core_sum_uj=11310730041
rapl_psys_sum_uj=0
pid=0 energy=34473058205817270 alive=1 kernel=1 cpu_ns=6890910261000000 mem=944283648 instructions=3701380163454 wakeups=369709 diski=7716864 disko=33144832 rx=72212072 tx=30562817 comm=*system*
psu_energy_ac_mcp_machine=25686191284
-------
timestamp=3408023438380535
iterations=2339
sample_ns=100000000
window_ns=1000000000
rapl_core_sum_uj=11313653136
rapl_psys_sum_uj=0
pid=0 energy=34473059992606980 alive=1 kernel=1 cpu_ns=6890910379000000 mem=944119808 instructions=3701619521396 wakeups=369938 diski=7716864 disko=33144832 rx=72212072 tx=30562817 comm=*system*
psu_energy_ac_mcp_machine=25696432129
-------
timestamp=3408023568948932
iterations=2341
sample_ns=100000000
window_ns=1000000000
rapl_core_sum_uj=11319482419
rapl_psys_sum_uj=0
pid=0 energy=34473063332570365 alive=1 kernel=1 cpu_ns=6890910604000000 mem=944611328 instructions=3702062514073 wakeups=370191 diski=7716864 disko=33144832 rx=72212072 tx=30562817 comm=*system*
psu_energy_ac_mcp_machine=25709788818
-------
timestamp=3408023701948612
iterations=2342
sample_ns=100000000
window_ns=1000000000
rapl_core_sum_uj=11322416928
rapl_psys_sum_uj=0
pid=0 energy=34473065007483005 alive=1 kernel=1 cpu_ns=6890910714000000 mem=944230400 instructions=3702287496601 wakeups=370423 diski=7716864 disko=33144832 rx=72212072 tx=30562817 comm=*system*
psu_energy_ac_mcp_machine=25719648682
-------
timestamp=3408023832708132
iterations=2343
sample_ns=100000000
window_ns=1000000000
rapl_core_sum_uj=11325350704
rapl_psys_sum_uj=0
pid=0 energy=34473066756384605 alive=1 kernel=1 cpu_ns=6890910829000000 mem=944226304 instructions=3702522276921 wakeups=370637 diski=7716864 disko=33144832 rx=72212072 tx=30562817 comm=*system*
psu_energy_ac_mcp_machine=25729588867
-------
timestamp=3408023963884334
iterations=2344
sample_ns=100000000
window_ns=1000000000
rapl_core_sum_uj=11328329036
rapl_psys_sum_uj=0
pid=0 energy=34473068512819920 alive=1 kernel=1 cpu_ns=6890910948000000 mem=944222208 instructions=3702754563984 wakeups=370864 diski=7716864 disko=33144832 rx=72212072 tx=30562817 comm=*system*
psu_energy_ac_mcp_machine=25743051270
-------
timestamp=3408024098524260
iterations=2346
sample_ns=100000000
window_ns=1000000000
rapl_core_sum_uj=11334016597
rapl_psys_sum_uj=0
pid=0 energy=34473071791034835 alive=1 kernel=1 cpu_ns=6890911168000000 mem=940171264 instructions=3703190206967 wakeups=371112 diski=7716864 disko=33144832 rx=72212072 tx=30562817 comm=*system*
psu_energy_ac_mcp_machine=25752537109
-------
timestamp=3408024229833569
iterations=2347
sample_ns=100000000
window_ns=1000000000
rapl_core_sum_uj=11336936885
rapl_psys_sum_uj=0
pid=0 energy=34473073560172540 alive=1 kernel=1 cpu_ns=6890911283000000 mem=944291840 instructions=3703429034508 wakeups=371346 diski=7716864 disko=33165312 rx=72212072 tx=30562817 comm=*system*
psu_energy_ac_mcp_machine=25762804077
-------
timestamp=3408024360430376
iterations=2348
sample_ns=100000000
window_ns=1000000000
rapl_core_sum_uj=11340001277
rapl_psys_sum_uj=0
pid=0 energy=34473075324242545 alive=1 kernel=1 cpu_ns=6890911401000000 mem=944287744 instructions=3703663848509 wakeups=371563 diski=7716864 disko=33165312 rx=72212072 tx=30562817 comm=*system*
psu_energy_ac_mcp_machine=25776394409
-------
timestamp=3408024493906593
iterations=2349
sample_ns=100000000
window_ns=1000000000
rapl_core_sum_uj=11342976740
rapl_psys_sum_uj=0
pid=0 energy=34473077077476460 alive=1 kernel=1 cpu_ns=6890911517000000 mem=944340992 instructions=3703898495292 wakeups=371786 diski=7716864 disko=33165312 rx=72212072 tx=30562817 comm=*system*
psu_energy_ac_mcp_machine=25786179565
-------
timestamp=3408024628488293
iterations=2351
sample_ns=100000000
window_ns=1000000000
rapl_core_sum_uj=11348611688
rapl_psys_sum_uj=0
pid=0 energy=34473080366779745 alive=1 kernel=1 cpu_ns=6890911738000000 mem=944357376 instructions=3704335355949 wakeups=372036 diski=7716864 disko=33198080 rx=72212072 tx=30562817 comm=*system*
psu_energy_ac_mcp_machine=25795561035
-------
timestamp=3408024758981573
iterations=2352
sample_ns=100000000
window_ns=1000000000
rapl_core_sum_uj=11351722405
rapl_psys_sum_uj=0
pid=0 energy=34473082113234465 alive=1 kernel=1 cpu_ns=6890911855000000 mem=944238592 instructions=3704567646893 wakeups=372259 diski=7716864 disko=33198080 rx=72212072 tx=30562817 comm=*system*
psu_energy_ac_mcp_machine=25806112305
-------
timestamp=3408024889382279
iterations=2353
sample_ns=100000000
window_ns=1000000000
rapl_core_sum_uj=11354695793
rapl_psys_sum_uj=0
pid=0 energy=34473083856510365 alive=1 kernel=1 cpu_ns=6890911970000000 mem=940314624 instructions=3704801302073 wakeups=372479 diski=7716864 disko=33198080 rx=72212072 tx=30562817 comm=*system*
psu_energy_ac_mcp_machine=25819369873
-------
timestamp=3408025022218512
iterations=2355
sample_ns=100000000
window_ns=1000000000
rapl_core_sum_uj=11360431571
rapl_psys_sum_uj=0
pid=0 energy=34473086201542030 alive=1 kernel=1 cpu_ns=6890912203000000 mem=944128000 instructions=3705037308406 wakeups=372707 diski=7716864 disko=33198080 rx=72212072 tx=30562817 comm=*system*
psu_energy_ac_mcp_machine=25828764282
-------
timestamp=3408025152931688
iterations=2356
sample_ns=100000000
window_ns=1000000000
rapl_core_sum_uj=11363432059
rapl_psys_sum_uj=0
pid=0 energy=34473088872637130 alive=1 kernel=1 cpu_ns=6890912309000000 mem=944177152 instructions=3705465527426 wakeups=372956 diski=7716864 disko=33198080 rx=72212072 tx=30562817 comm=*system*
psu_energy_ac_mcp_machine=25839106689
-------
timestamp=3408025282944172
iterations=2357
sample_ns=100000000
window_ns=1000000000
rapl_core_sum_uj=11366387198
rapl_psys_sum_uj=0
pid=0 energy=34473090621937710 alive=1 kernel=1 cpu_ns=6890912425000000 mem=944181248 instructions=3705699387542 wakeups=373182 diski=7716864 disko=33198080 rx=72212074 tx=30562817 comm=*system*
psu_energy_ac_mcp_machine=25852548584
-------
timestamp=3408025416057334
iterations=2358
sample_ns=100000000
window_ns=1000000000
rapl_core_sum_uj=11369298513
rapl_psys_sum_uj=0
pid=0 energy=34473092367928760 alive=1 kernel=1 cpu_ns=6890912541000000 mem=944365568 instructions=3705932585752 wakeups=373408 diski=7716864 disko=33198080 rx=72212074 tx=30562817 comm=*system*
psu_energy_ac_mcp_machine=25862372681
-------
timestamp=3408025550328814
iterations=2360
sample_ns=100000000
window_ns=1000000000
rapl_core_sum_uj=11375086110
rapl_psys_sum_uj=0
pid=0 energy=34473095625165755 alive=1 kernel=1 cpu_ns=6890912761000000 mem=944250880 instructions=3706364033151 wakeups=373651 diski=7716864 disko=33198080 rx=72212074 tx=30562817 comm=*system*
psu_energy_ac_mcp_machine=25872421143
-------
timestamp=3408025680891008
iterations=2361
sample_ns=100000000
window_ns=1000000000
rapl_core_sum_uj=11378036671
rapl_psys_sum_uj=0
pid=0 energy=34473097368027350 alive=1 kernel=1 cpu_ns=6890912876000000 mem=944250880 instructions=3706597605470 wakeups=373891 diski=7716864 disko=33198080 rx=72212075 tx=30562818 comm=*system*
psu_energy_ac_mcp_machine=25885916504
-------
timestamp=3408025814291753
iterations=2362
sample_ns=100000000
window_ns=1000000000
rapl_core_sum_uj=11380945850
rapl_psys_sum_uj=0
pid=0 energy=34473099134319620 alive=1 kernel=1 cpu_ns=6890912993000000 mem=944324608 instructions=3706833863924 wakeups=374110 diski=7716864 disko=33198080 rx=72212075 tx=30562818 comm=*system*
psu_energy_ac_mcp_machine=25895645386
-------
timestamp=3408025948349058
iterations=2363
sample_ns=100000000
window_ns=1000000000
rapl_core_sum_uj=11383918750
rapl_psys_sum_uj=0
pid=0 energy=34473100891045345 alive=1 kernel=1 cpu_ns=6890913112000000 mem=944267264 instructions=3707066209069 wakeups=374334 diski=7716864 disko=33198080 rx=72212075 tx=30562818 comm=*system*
psu_energy_ac_mcp_machine=25905830811
-------
timestamp=3408026079289386
iterations=2365
sample_ns=100000000
window_ns=1000000000
rapl_core_sum_uj=11389697802
rapl_psys_sum_uj=0
pid=0 energy=34473104154812550 alive=1 kernel=1 cpu_ns=6890913332000000 mem=944259072 instructions=3707498962510 wakeups=374574 diski=7716864 disko=33198080 rx=72212075 tx=30562818 comm=*system*
psu_energy_ac_mcp_machine=25915389160
-------
timestamp=3408026209650718
iterations=2366
sample_ns=100000000
window_ns=1000000000
rapl_core_sum_uj=11392599657
rapl_psys_sum_uj=0
pid=0 energy=34473105903305375 alive=1 kernel=1 cpu_ns=6890913448000000 mem=944431104 instructions=3707732661075 wakeups=374795 diski=7716864 disko=33198080 rx=72212075 tx=30562818 comm=*system*
psu_energy_ac_mcp_machine=25928905029
-------
timestamp=3408026344891788
iterations=2367
sample_ns=100000000
window_ns=1000000000
rapl_core_sum_uj=11395640916
rapl_psys_sum_uj=0
pid=0 energy=34473107658540070 alive=1 kernel=1 cpu_ns=6890913567000000 mem=944418816 instructions=3707964708014 wakeups=375007 diski=7716864 disko=33198080 rx=72212075 tx=30562818 comm=*system*
psu_energy_ac_mcp_machine=25938915405
-------
timestamp=3408026475458571
iterations=2368
sample_ns=100000000
window_ns=1000000000
rapl_core_sum_uj=11398731675
rapl_psys_sum_uj=0
pid=0 energy=34473109589625555 alive=1 kernel=1 cpu_ns=6890913691000000 mem=944361472 instructions=3708226925111 wakeups=375248 diski=7716864 disko=33198080 rx=72212075 tx=30562818 comm=*system*
psu_energy_ac_mcp_machine=25948687866
-------
timestamp=3408026605891033
iterations=2370
sample_ns=100000000
window_ns=1000000000
rapl_core_sum_uj=11404332016
rapl_psys_sum_uj=0
pid=0 energy=34473112907465255 alive=1 kernel=1 cpu_ns=6890913914000000 mem=944263168 instructions=3708667493051 wakeups=375495 diski=7716864 disko=33198080 rx=72212075 tx=30562818 comm=*system*
psu_energy_ac_mcp_machine=25962298340
-------
timestamp=3408026739633922
iterations=2371
sample_ns=100000000
window_ns=1000000000
rapl_core_sum_uj=11407300338
rapl_psys_sum_uj=0
pid=0 energy=34473114652590365 alive=1 kernel=1 cpu_ns=6890914029000000 mem=944336896 instructions=3708901518073 wakeups=375718 diski=7716864 disko=33198080 rx=72212075 tx=30562818 comm=*system*
psu_energy_ac_mcp_machine=25972169800
-------
timestamp=3408026871382616
iterations=2372
sample_ns=100000000
window_ns=1000000000
rapl_core_sum_uj=11410375899
rapl_psys_sum_uj=0
pid=0 energy=34473116395621255 alive=1 kernel=1 cpu_ns=6890914146000000 mem=944156672 instructions=3709133124251 wakeups=375934 diski=7716864 disko=33198080 rx=72212075 tx=30562818 comm=*system*
psu_energy_ac_mcp_machine=25982083496
-------
timestamp=3408027001766850
iterations=2374
sample_ns=100000000
window_ns=1000000000
rapl_core_sum_uj=11416137251
rapl_psys_sum_uj=0
pid=0 energy=34473119732768510 alive=1 kernel=1 cpu_ns=6890914372000000 mem=944492544 instructions=3709574553702 wakeups=376182 diski=7716864 disko=33198080 rx=72212075 tx=30562818 comm=*system*
psu_energy_ac_mcp_machine=25995665283
-------
timestamp=3408027134933568
iterations=2375
sample_ns=100000000
window_ns=1000000000
rapl_core_sum_uj=11419030561
rapl_psys_sum_uj=0
pid=0 energy=34473121439387755 alive=1 kernel=1 cpu_ns=6890914487000000 mem=944398336 instructions=3709800877551 wakeups=376402 diski=7716864 disko=33198080 rx=72212075 tx=30562818 comm=*system*
psu_energy_ac_mcp_machine=26005506470
-------
timestamp=3408027269581842
iterations=2376
sample_ns=100000000
window_ns=1000000000
rapl_core_sum_uj=11422167584
rapl_psys_sum_uj=0
pid=0 energy=34473123202024320 alive=1 kernel=1 cpu_ns=6890914604000000 mem=944336896 instructions=3710036404864 wakeups=376618 diski=7716864 disko=33198080 rx=72212077 tx=30562818 comm=*system*
psu_energy_ac_mcp_machine=26015275391
-------
timestamp=3408027400332305
iterations=2377
sample_ns=100000000
window_ns=1000000000
rapl_core_sum_uj=11425168438
rapl_psys_sum_uj=0
pid=0 energy=34473124998342620 alive=1 kernel=1 cpu_ns=6890914722000000 mem=944345088 instructions=3710277668524 wakeups=376859 diski=7716864 disko=33198080 rx=72212077 tx=30562818 comm=*system*
psu_energy_ac_mcp_machine=26025097412
-------
timestamp=3408027531221128
iterations=2379
sample_ns=100000000
window_ns=1000000000
rapl_core_sum_uj=11430745830
rapl_psys_sum_uj=0
pid=0 energy=34473128267406140 alive=1 kernel=1 cpu_ns=6890914943000000 mem=944275456 instructions=3710710481228 wakeups=377095 diski=7716864 disko=33198080 rx=72212077 tx=30562818 comm=*system*
psu_energy_ac_mcp_machine=26038690186
-------
timestamp=3408027665448015
iterations=2380
sample_ns=100000000
window_ns=1000000000
rapl_core_sum_uj=11433883647
rapl_psys_sum_uj=0
pid=0 energy=34473130008436710 alive=1 kernel=1 cpu_ns=6890915057000000 mem=944271360 instructions=3710944687342 wakeups=377325 diski=7716864 disko=33198080 rx=72212077 tx=30562818 comm=*system*
psu_energy_ac_mcp_machine=26048421265
-------
timestamp=3408027795969891
iterations=2381
sample_ns=100000000
window_ns=1000000000
rapl_core_sum_uj=11436839823
rapl_psys_sum_uj=0
pid=0 energy=34473131753865200 alive=1 kernel=1 cpu_ns=6890915173000000 mem=944373760 instructions=3711177773040 wakeups=377548 diski=7716864 disko=33198080 rx=72212077 tx=30562818 comm=*system*
psu_energy_ac_mcp_machine=26058478271
-------
timestamp=3408027927101839
iterations=2382
sample_ns=100000000
window_ns=1000000000
rapl_core_sum_uj=11439752664
rapl_psys_sum_uj=0
pid=0 energy=34473133510798700 alive=1 kernel=1 cpu_ns=6890915289000000 mem=944373760 instructions=3711413159740 wakeups=377763 diski=7716864 disko=33198080 rx=72212077 tx=30562818 comm=*system*
psu_energy_ac_mcp_machine=26071802124
-------
timestamp=3408028060049997
iterations=2384
sample_ns=100000000
window_ns=1000000000
rapl_core_sum_uj=11445599038
rapl_psys_sum_uj=0
pid=0 energy=34473136823178865 alive=1 kernel=1 cpu_ns=6890915510000000 mem=944279552 instructions=3711854635773 wakeups=378028 diski=7716864 disko=33198080 rx=72212077 tx=30562818 comm=*system*
psu_energy_ac_mcp_machine=26081828979
-------
timestamp=3408028191406193
iterations=2385
sample_ns=100000000
window_ns=1000000000
rapl_core_sum_uj=11448488442
rapl_psys_sum_uj=0
pid=0 energy=34473138560508060 alive=1 kernel=1 cpu_ns=6890915625000000 mem=944459776 instructions=3712087101612 wakeups=378259 diski=7716864 disko=33198080 rx=72212077 tx=30562818 comm=*system*
psu_energy_ac_mcp_machine=26091703369
-------
timestamp=3408028321943879
iterations=2386
sample_ns=100000000
window_ns=1000000000
rapl_core_sum_uj=11451422218
rapl_psys_sum_uj=0
pid=0 energy=34473140304897910 alive=1 kernel=1 cpu_ns=6890915741000000 mem=944369664 instructions=3712319979582 wakeups=378484 diski=7716864 disko=33198080 rx=72212077 tx=30562818 comm=*system*
psu_energy_ac_mcp_machine=26104947266
-------
timestamp=3408028455134897
iterations=2388
sample_ns=100000000
window_ns=1000000000
rapl_core_sum_uj=11457317420
rapl_psys_sum_uj=0
pid=0 energy=34473143684381105 alive=1 kernel=1 cpu_ns=6890915969000000 mem=945184768 instructions=3712767876221 wakeups=378741 diski=7716864 disko=33198080 rx=72212077 tx=30562818 comm=*system*
psu_energy_ac_mcp_machine=26115032837
-------
timestamp=3408028588284388
iterations=2389
sample_ns=100000000
window_ns=1000000000
rapl_core_sum_uj=11460163855
rapl_psys_sum_uj=0
pid=0 energy=34473145300355530 alive=1 kernel=1 cpu_ns=6890916077000000 mem=944406528 instructions=3712983071106 wakeups=378957 diski=7716864 disko=33198080 rx=72212077 tx=30562818 comm=*system*
psu_energy_ac_mcp_machine=26124907715
-------
timestamp=3408028718635241
iterations=2390
sample_ns=100000000
window_ns=1000000000
rapl_core_sum_uj=11463097387
rapl_psys_sum_uj=0
pid=0 energy=34473147038406815 alive=1 kernel=1 cpu_ns=6890916191000000 mem=944340992 instructions=3713216681363 wakeups=379191 diski=7716864 disko=33198080 rx=72212077 tx=30562818 comm=*system*
psu_energy_ac_mcp_machine=26134859741
-------
timestamp=3408028850318150
iterations=2391
sample_ns=100000000
window_ns=1000000000
rapl_core_sum_uj=11466115453
rapl_psys_sum_uj=0
pid=0 energy=34473148788334395 alive=1 kernel=1 cpu_ns=6890916309000000 mem=944209920 instructions=3713448666879 wakeups=379407 diski=7716864 disko=33198080 rx=72212077 tx=30562818 comm=*system*
psu_energy_ac_mcp_machine=26148270142
-------
timestamp=3408028985952119
iterations=2393
sample_ns=100000000
window_ns=1000000000
rapl_core_sum_uj=11471890050
rapl_psys_sum_uj=0
pid=0 energy=34473152082924120 alive=1 kernel=1 cpu_ns=6890916530000000 mem=944234496 instructions=3713886584824 wakeups=379660 diski=7716864 disko=33198080 rx=72212077 tx=30562818 comm=*system*
psu_energy_ac_mcp_machine=26158111694
-------
timestamp=3408029116403953
iterations=2394
sample_ns=100000000
window_ns=1000000000
rapl_core_sum_uj=11474836705
rapl_psys_sum_uj=0
pid=0 energy=34473153821020635 alive=1 kernel=1 cpu_ns=6890916645000000 mem=944230400 instructions=3714119204127 wakeups=379889 diski=7716864 disko=33198080 rx=72212077 tx=30562818 comm=*system*
psu_energy_ac_mcp_machine=26168085815
-------
timestamp=3408029246444944
iterations=2395
sample_ns=100000000
window_ns=1000000000
rapl_core_sum_uj=11477874058
rapl_psys_sum_uj=0
pid=0 energy=34473155563149115 alive=1 kernel=1 cpu_ns=6890916761000000 mem=944291840 instructions=3714351629823 wakeups=380109 diski=7716864 disko=33198080 rx=72212079 tx=30562818 comm=*system*
psu_energy_ac_mcp_machine=26181538208
-------
timestamp=3408029380840262
iterations=2396
sample_ns=100000000
window_ns=1000000000
rapl_core_sum_uj=11480899997
rapl_psys_sum_uj=0
pid=0 energy=34473157304645745 alive=1 kernel=1 cpu_ns=6890916876000000 mem=944173056 instructions=3714584929149 wakeups=380340 diski=7716864 disko=33214464 rx=72212079 tx=30562818 comm=*system*
psu_energy_ac_mcp_machine=26191316040
-------
timestamp=3408029511779137
iterations=2398
sample_ns=100000000
window_ns=1000000000
rapl_core_sum_uj=11486496615
rapl_psys_sum_uj=0
pid=0 energy=34473160589281620 alive=1 kernel=1 cpu_ns=6890917097000000 mem=944295936 instructions=3715020856324 wakeups=380591 diski=7716864 disko=33214464 rx=72212079 tx=30562818 comm=*system*
psu_energy_ac_mcp_machine=26200890137
-------
timestamp=3408029642261239
iterations=2399
sample_ns=100000000
window_ns=1000000000
rapl_core_sum_uj=11489564364
rapl_psys_sum_uj=0
pid=0 energy=34473162370144325 alive=1 kernel=1 cpu_ns=6890917215000000 mem=944300032 instructions=3715259028865 wakeups=380834 diski=7716864 disko=33247232 rx=72212079 tx=30562818 comm=*system*
psu_energy_ac_mcp_machine=26214763672
-------
timestamp=3408029775728300
iterations=2400
sample_ns=100000000
window_ns=1000000000
rapl_core_sum_uj=11492741854
rapl_psys_sum_uj=0
pid=0 energy=34473164113440500 alive=1 kernel=1 cpu_ns=6890917331000000 mem=944295936 instructions=3715491688100 wakeups=381055 diski=7716864 disko=33247232 rx=72212079 tx=30562818 comm=*system*
psu_energy_ac_mcp_machine=26224736938
-------
timestamp=3408029910733994
iterations=2402
sample_ns=100000000
window_ns=1000000000
rapl_core_sum_uj=11498453462
rapl_psys_sum_uj=0
pid=0 energy=34473167513539300 alive=1 kernel=1 cpu_ns=6890917562000000 mem=945487872 instructions=3715940707860 wakeups=381322 diski=7716864 disko=33247232 rx=72212079 tx=30562818 comm=*system*
psu_energy_ac_mcp_machine=26234605957
-------
timestamp=3408030040844544
iterations=2403
sample_ns=100000000
window_ns=1000000000
rapl_core_sum_uj=11501439240
rapl_psys_sum_uj=0
pid=0 energy=34473169145760310 alive=1 kernel=1 cpu_ns=6890917673000000 mem=944300032 instructions=3716156152062 wakeups=381528 diski=7716864 disko=33247232 rx=72212079 tx=30562818 comm=*system*
psu_energy_ac_mcp_machine=26244576660
-------
timestamp=3408030171145810
iterations=2404
sample_ns=100000000
window_ns=1000000000
rapl_core_sum_uj=11504363861
rapl_psys_sum_uj=0
pid=0 energy=34473170896436505 alive=1 kernel=1 cpu_ns=6890917789000000 mem=944300032 instructions=3716390287301 wakeups=381754 diski=7716864 disko=33247232 rx=72212079 tx=30562818 comm=*system*
psu_energy_ac_mcp_machine=26258097534
-------
timestamp=3408030304603469
iterations=2405
sample_ns=100000000
window_ns=1000000000
rapl_core_sum_uj=11507280670
rapl_psys_sum_uj=0
pid=0 energy=34473172627652245 alive=1 kernel=1 cpu_ns=6890917902000000 mem=944295936 instructions=3716623530449 wakeups=381980 diski=7716864 disko=33247232 rx=72212079 tx=30562818 comm=*system*
psu_energy_ac_mcp_machine=26267761719
-------
timestamp=3408030435709601
iterations=2407
sample_ns=100000000
window_ns=1000000000
rapl_core_sum_uj=11513121429
rapl_psys_sum_uj=0
pid=0 energy=34473175965200650 alive=1 kernel=1 cpu_ns=6890918127000000 mem=944308224 instructions=3717066040130 wakeups=382236 diski=7716864 disko=33247232 rx=72212079 tx=30562818 comm=*system*
psu_energy_ac_mcp_machine=26277955200
-------
timestamp=3408030566109140
iterations=2408
sample_ns=100000000
window_ns=1000000000
rapl_core_sum_uj=11516205474
rapl_psys_sum_uj=0
pid=0 energy=34473177715966365 alive=1 kernel=1 cpu_ns=6890918246000000 mem=944467968 instructions=3717297193273 wakeups=382457 diski=7716864 disko=33247232 rx=72212079 tx=30562818 comm=*system*
psu_energy_ac_mcp_machine=26291711304
-------
timestamp=3408030699847557
iterations=2409
sample_ns=100000000
window_ns=1000000000
rapl_core_sum_uj=11519133025
rapl_psys_sum_uj=0
pid=0 energy=34473179471752415 alive=1 kernel=1 cpu_ns=6890918364000000 mem=944312320 instructions=3717530350483 wakeups=382686 diski=7716864 disko=33247232 rx=72212079 tx=30562818 comm=*system*
psu_energy_ac_mcp_machine=26301546387
-------
timestamp=3408030832365415
iterations=2410
sample_ns=100000000
window_ns=1000000000
rapl_core_sum_uj=11522056425
rapl_psys_sum_uj=0
pid=0 energy=34473181224593510 alive=1 kernel=1 cpu_ns=6890918482000000 mem=944377856 instructions=3717762918702 wakeups=382915 diski=7716864 disko=33247232 rx=72212079 tx=30562818 comm=*system*
psu_energy_ac_mcp_machine=26311477173
-------
timestamp=3408030962787437
iterations=2412
sample_ns=100000000
window_ns=1000000000
rapl_core_sum_uj=11527864041
rapl_psys_sum_uj=0
pid=0 energy=34473184488585535 alive=1 kernel=1 cpu_ns=6890918703000000 mem=944312320 instructions=3718194717107 wakeups=383162 diski=7716864 disko=33247232 rx=72212079 tx=30562818 comm=*system*
psu_energy_ac_mcp_machine=26324937744
-------
timestamp=3408031096409538
iterations=2413
sample_ns=100000000
window_ns=1000000000
rapl_core_sum_uj=11530804531
rapl_psys_sum_uj=0
pid=0 energy=34473186250821635 alive=1 kernel=1 cpu_ns=6890918820000000 mem=944308224 instructions=3718430164327 wakeups=383388 diski=7716864 disko=33247232 rx=72212079 tx=30562818 comm=*system*
psu_energy_ac_mcp_machine=26334836426
-------
timestamp=3408031229395281
iterations=2414
sample_ns=100000000
window_ns=1000000000
rapl_core_sum_uj=11533740260
rapl_psys_sum_uj=0
pid=0 energy=34473188024107700 alive=1 kernel=1 cpu_ns=6890918936000000 mem=944279552 instructions=3718668821540 wakeups=383602 diski=7716864 disko=33247232 rx=72212079 tx=30562818 comm=*system*
psu_energy_ac_mcp_machine=26344887817
-------
timestamp=3408031360415886
iterations=2415
sample_ns=100000000
window_ns=1000000000
rapl_core_sum_uj=11536910914
rapl_psys_sum_uj=0
pid=0 energy=34473189796729555 alive=1 kernel=1 cpu_ns=6890919056000000 mem=944136192 instructions=3718903345911 wakeups=383833 diski=7716864 disko=33247232 rx=72212081 tx=30562818 comm=*system*
psu_energy_ac_mcp_machine=26355170166
-------
timestamp=3408031490862391
iterations=2417
sample_ns=100000000
window_ns=1000000000
rapl_core_sum_uj=11542665674
rapl_psys_sum_uj=0
pid=0 energy=34473193052188660 alive=1 kernel=1 cpu_ns=6890919277000000 mem=944316416 instructions=3719333437732 wakeups=384090 diski=7716864 disko=33247232 rx=72212081 tx=30562818 comm=*system*
psu_energy_ac_mcp_machine=26368062134
-------
timestamp=3408031625029453
iterations=2418
sample_ns=100000000
window_ns=1000000000
rapl_core_sum_uj=11545636987
rapl_psys_sum_uj=0
pid=0 energy=34473194802267870 alive=1 kernel=1 cpu_ns=6890919392000000 mem=944254976 instructions=3719568453574 wakeups=384315 diski=7716864 disko=33247232 rx=72212081 tx=30562818 comm=*system*
psu_energy_ac_mcp_machine=26378182495
-------
timestamp=3408031755974006
iterations=2419
sample_ns=100000000
window_ns=1000000000
rapl_core_sum_uj=11548678796
rapl_psys_sum_uj=0
pid=0 energy=34473196551019795 alive=1 kernel=1 cpu_ns=6890919509000000 mem=944357376 instructions=3719801203959 wakeups=384544 diski=7716864 disko=33247232 rx=72212081 tx=30562818 comm=*system*
psu_energy_ac_mcp_machine=26388184204
-------
timestamp=3408031886627460
iterations=2421
sample_ns=100000000
window_ns=1000000000
rapl_core_sum_uj=11554532249
rapl_psys_sum_uj=0
pid=0 energy=34473199947346890 alive=1 kernel=1 cpu_ns=6890919735000000 mem=945573888 instructions=3720254469378 wakeups=384816 diski=7716864 disko=33247232 rx=72212081 tx=30562818 comm=*system*
psu_energy_ac_mcp_machine=26401581543
-------
timestamp=3408032020340008
iterations=2422
sample_ns=100000000
window_ns=1000000000
rapl_core_sum_uj=11557412375
rapl_psys_sum_uj=0
pid=0 energy=34473201607729210 alive=1 kernel=1 cpu_ns=6890919846000000 mem=944328704 instructions=3720475545842 wakeups=385025 diski=7716864 disko=33247232 rx=72212081 tx=30562818 comm=*system*
psu_energy_ac_mcp_machine=26411480103
-------
timestamp=3408032153529303
iterations=2423
sample_ns=100000000
window_ns=1000000000
rapl_core_sum_uj=11560441793
rapl_psys_sum_uj=0
pid=0 energy=34473203367659375 alive=1 kernel=1 cpu_ns=6890919964000000 mem=944435200 instructions=3720709531875 wakeups=385250 diski=7716864 disko=33247232 rx=72212081 tx=30562818 comm=*system*
psu_energy_ac_mcp_machine=26421668579
-------
timestamp=3408032283900376
iterations=2424
sample_ns=100000000
window_ns=1000000000
rapl_core_sum_uj=11563444478
rapl_psys_sum_uj=0
pid=0 energy=34473205116706190 alive=1 kernel=1 cpu_ns=6890920079000000 mem=944398336 instructions=3720944341238 wakeups=385478 diski=7716864 disko=33247232 rx=72212081 tx=30562818 comm=*system*
psu_energy_ac_mcp_machine=26434941040
-------
timestamp=3408032417144437
iterations=2426
sample_ns=100000000
window_ns=1000000000
rapl_core_sum_uj=11569079121
rapl_psys_sum_uj=0
pid=0 energy=34473208409408910 alive=1 kernel=1 cpu_ns=6890920299000000 mem=944451584 instructions=3721382881782 wakeups=385721 diski=7716864 disko=33247232 rx=72212081 tx=30562818 comm=*system*
psu_energy_ac_mcp_machine=26444452881
-------
timestamp=3408032551447986
iterations=2427
sample_ns=100000000
window_ns=1000000000
rapl_core_sum_uj=11572206196
rapl_psys_sum_uj=0
pid=0 energy=34473210160197680 alive=1 kernel=1 cpu_ns=6890920415000000 mem=944422912 instructions=3721617039536 wakeups=385943 diski=7716864 disko=33247232 rx=72212081 tx=30562818 comm=*system*
psu_energy_ac_mcp_machine=26454671143
-------
timestamp=3408032682275974
iterations=2428
sample_ns=100000000
window_ns=1000000000
rapl_core_sum_uj=11575159443
rapl_psys_sum_uj=0
pid=0 energy=34473211897528120 alive=1 kernel=1 cpu_ns=6890920530000000 mem=944439296 instructions=3721849505624 wakeups=386166 diski=7716864 disko=33247232 rx=72212081 tx=30562818 comm=*system*
psu_energy_ac_mcp_machine=26468133545
-------
timestamp=3408032816893635
iterations=2429
sample_ns=100000000
window_ns=1000000000
rapl_core_sum_uj=11578101886
rapl_psys_sum_uj=0
pid=0 energy=34473213669896730 alive=1 kernel=1 cpu_ns=6890920645000000 mem=944140288 instructions=3722088979346 wakeups=386391 diski=7716864 disko=33247232 rx=72212081 tx=30562818 comm=*system*
psu_energy_ac_mcp_machine=26477901733
-------
timestamp=3408032949930266
iterations=2431
sample_ns=100000000
window_ns=1000000000
rapl_core_sum_uj=11583933245
rapl_psys_sum_uj=0
pid=0 energy=34473216916604555 alive=1 kernel=1 cpu_ns=6890920865000000 mem=944271360 instructions=3722518320911 wakeups=386648 diski=7716864 disko=33271808 rx=72212081 tx=30562818 comm=*system*
psu_energy_ac_mcp_machine=26488054077
-------
timestamp=3408033080566158
iterations=2432
sample_ns=100000000
window_ns=1000000000
rapl_core_sum_uj=11586828813
rapl_psys_sum_uj=0
pid=0 energy=34473218669667995 alive=1 kernel=1 cpu_ns=6890920983000000 mem=944336896 instructions=3722750933599 wakeups=386864 diski=7716864 disko=33271808 rx=72212081 tx=30562818 comm=*system*
psu_energy_ac_mcp_machine=26497631226
-------
timestamp=3408033211054193
iterations=2433
sample_ns=100000000
window_ns=1000000000
rapl_core_sum_uj=11589718278
rapl_psys_sum_uj=0
pid=0 energy=34473220418947530 alive=1 kernel=1 cpu_ns=6890921100000000 mem=944398336 instructions=3722983789506 wakeups=387084 diski=7716864 disko=33271808 rx=72212081 tx=30562818 comm=*system*
psu_energy_ac_mcp_machine=26511244263
-------
timestamp=3408033345889240
iterations=2435
sample_ns=100000000
window_ns=1000000000
rapl_core_sum_uj=11595548905
rapl_psys_sum_uj=0
pid=0 energy=34473223749866110 alive=1 kernel=1 cpu_ns=6890921326000000 mem=944562176 instructions=3723423973222 wakeups=387332 diski=7716864 disko=33271808 rx=72212083 tx=30562818 comm=*system*
psu_energy_ac_mcp_machine=26521318481
-------
timestamp=3408033476055403
iterations=2436
sample_ns=100000000
window_ns=1000000000
rapl_core_sum_uj=11598421707
rapl_psys_sum_uj=0
pid=0 energy=34473225432959570 alive=1 kernel=1 cpu_ns=6890921438000000 mem=944336896 instructions=3723648591914 wakeups=387543 diski=7716864 disko=33271808 rx=72212083 tx=30562818 comm=*system*
psu_energy_ac_mcp_machine=26530951538
-------
timestamp=3408033606235993
iterations=2437
sample_ns=100000000
window_ns=1000000000
rapl_core_sum_uj=11601360732
rapl_psys_sum_uj=0
pid=0 energy=34473227211877765 alive=1 kernel=1 cpu_ns=6890921555000000 mem=944398336 instructions=3723887375553 wakeups=387767 diski=7716864 disko=33271808 rx=72212083 tx=30562818 comm=*system*
psu_energy_ac_mcp_machine=26544429443
-------
timestamp=3408033739296498
iterations=2438
sample_ns=100000000
window_ns=1000000000
rapl_core_sum_uj=11604271193
rapl_psys_sum_uj=0
pid=0 energy=34473228937045525 alive=1 kernel=1 cpu_ns=6890921670000000 mem=944410624 instructions=3724117409105 wakeups=387992 diski=7716864 disko=33271808 rx=72212083 tx=30562818 comm=*system*
psu_energy_ac_mcp_machine=26554036621
-------
timestamp=3408033873789479
iterations=2440
sample_ns=100000000
window_ns=1000000000
rapl_core_sum_uj=11609863294
rapl_psys_sum_uj=0
pid=0 energy=34473232181892285 alive=1 kernel=1 cpu_ns=6890921890000000 mem=944431104 instructions=3724546378457 wakeups=388235 diski=7716864 disko=33271808 rx=72212083 tx=30562818 comm=*system*
psu_energy_ac_mcp_machine=26564072998
-------
timestamp=3408034003980228
iterations=2441
sample_ns=100000000
window_ns=1000000000
rapl_core_sum_uj=11612801953
rapl_psys_sum_uj=0
pid=0 energy=34473233954327950 alive=1 kernel=1 cpu_ns=6890922009000000 mem=944353280 instructions=3724781865590 wakeups=388461 diski=7716864 disko=33271808 rx=72212083 tx=30562818 comm=*system*
psu_energy_ac_mcp_machine=26577370239
-------
timestamp=3408034137480582
iterations=2442
sample_ns=100000000
window_ns=1000000000
rapl_core_sum_uj=11615767712
rapl_psys_sum_uj=0
pid=0 energy=34473235708885970 alive=1 kernel=1 cpu_ns=6890922125000000 mem=944394240 instructions=3725016777194 wakeups=388683 diski=7716864 disko=33271808 rx=72212083 tx=30562818 comm=*system*
psu_energy_ac_mcp_machine=26587179810
-------
timestamp=3408034270839104
iterations=2443
sample_ns=100000000
window_ns=1000000000
rapl_core_sum_uj=11618693920
rapl_psys_sum_uj=0
pid=0 energy=34473237455747530 alive=1 kernel=1 cpu_ns=6890922240000000 mem=944427008 instructions=3725251149506 wakeups=388902 diski=7716864 disko=33271808 rx=72212083 tx=30562818 comm=*system*
psu_energy_ac_mcp_machine=26596905518
-------
timestamp=3408034401736533
iterations=2445
sample_ns=100000000
window_ns=1000000000
rapl_core_sum_uj=11624325267
rapl_psys_sum_uj=0
pid=0 energy=34473240763417360 alive=1 kernel=1 cpu_ns=6890922462000000 mem=944357376 instructions=3725690683472 wakeups=389149 diski=7716864 disko=33271808 rx=72212083 tx=30562818 comm=*system*
psu_energy_ac_mcp_machine=26607046143
-------
timestamp=3408034532846336
iterations=2446
sample_ns=100000000
window_ns=1000000000
rapl_core_sum_uj=11627423899
rapl_psys_sum_uj=0
pid=0 energy=34473242524002655 alive=1 kernel=1 cpu_ns=6890922580000000 mem=944300032 instructions=3725924800531 wakeups=389377 diski=7716864 disko=33292288 rx=72212083 tx=30562818 comm=*system*
psu_energy_ac_mcp_machine=26620341309
-------
timestamp=3408034666184737
iterations=2447
sample_ns=100000000
window_ns=1000000000
rapl_core_sum_uj=11630581186
rapl_psys_sum_uj=0
pid=0 energy=34473244266868205 alive=1 kernel=1 cpu_ns=6890922698000000 mem=944463872 instructions=3726155373641 wakeups=389610 diski=7716864 disko=33325056 rx=72212083 tx=30562818 comm=*system*
psu_energy_ac_mcp_machine=26630606689
-------
timestamp=3408034796340889
iterations=2448
sample_ns=100000000
window_ns=1000000000
rapl_core_sum_uj=11633575204
rapl_psys_sum_uj=0
pid=0 energy=34473246019885565 alive=1 kernel=1 cpu_ns=6890922813000000 mem=944640000 instructions=3726390977113 wakeups=389830 diski=7716864 disko=33325056 rx=72212083 tx=30562818 comm=*system*
psu_energy_ac_mcp_machine=26640536133
-------
timestamp=3408034926648990
iterations=2450
sample_ns=100000000
window_ns=1000000000
rapl_core_sum_uj=11639221383
rapl_psys_sum_uj=0
pid=0 energy=34473249287369230 alive=1 kernel=1 cpu_ns=6890923034000000 mem=944365568 instructions=3726823473846 wakeups=390088 diski=7716864 disko=33325056 rx=72212083 tx=30562818 comm=*system*
psu_energy_ac_mcp_machine=26653910767
-------
timestamp=3408035059885431
iterations=2451
sample_ns=100000000
window_ns=1000000000
rapl_core_sum_uj=11642361031
rapl_psys_sum_uj=0
pid=0 energy=34473251043604420 alive=1 kernel=1 cpu_ns=6890923153000000 mem=944492544 instructions=3727055720884 wakeups=390317 diski=7716864 disko=33325056 rx=72212083 tx=30562818 comm=*system*
psu_energy_ac_mcp_machine=26663898804
-------
timestamp=3408035194339227
iterations=2452
sample_ns=100000000
window_ns=1000000000
rapl_core_sum_uj=11645341865
rapl_psys_sum_uj=0
pid=0 energy=34473252827919980 alive=1 kernel=1 cpu_ns=6890923269000000 mem=944635904 instructions=3727296583996 wakeups=390536 diski=7716864 disko=33325056 rx=72212083 tx=30562818 comm=*system*
psu_energy_ac_mcp_machine=26673818604
-------
timestamp=3408035324750236
iterations=2454
sample_ns=100000000
window_ns=1000000000
rapl_core_sum_uj=11650954108
rapl_psys_sum_uj=0
pid=0 energy=34473256082134565 alive=1 kernel=1 cpu_ns=6890923490000000 mem=944304128 instructions=3727726426913 wakeups=390787 diski=7716864 disko=33325056 rx=72212085 tx=30562818 comm=*system*
psu_energy_ac_mcp_machine=26687212891
-------
timestamp=3408035458331342
iterations=2455
sample_ns=100000000
window_ns=1000000000
rapl_core_sum_uj=11654068609
rapl_psys_sum_uj=0
pid=0 energy=34473257837342620 alive=1 kernel=1 cpu_ns=6890923607000000 mem=944312320 instructions=3727960468524 wakeups=391009 diski=7716864 disko=33325056 rx=72212085 tx=30562818 comm=*system*
psu_energy_ac_mcp_machine=26697115234
-------
timestamp=3408035591119700
iterations=2456
sample_ns=100000000
window_ns=1000000000
rapl_core_sum_uj=11657040166
rapl_psys_sum_uj=0
pid=0 energy=34473259594352515 alive=1 kernel=1 cpu_ns=6890923724000000 mem=944373760 instructions=3728194870503 wakeups=391235 diski=7716864 disko=33325056 rx=72212085 tx=30562818 comm=*system*
psu_energy_ac_mcp_machine=26707190674
-------
timestamp=3408035721921191
iterations=2457
sample_ns=100000000
window_ns=1000000000
rapl_core_sum_uj=11660033024
rapl_psys_sum_uj=0
pid=0 energy=34473261370080270 alive=1 kernel=1 cpu_ns=6890923841000000 mem=944607232 instructions=3728433016054 wakeups=391471 diski=7716864 disko=33325056 rx=72212086 tx=30562819 comm=*system*
psu_energy_ac_mcp_machine=26716944336
-------
timestamp=3408035852772139
iterations=2459
sample_ns=100000000
window_ns=1000000000
rapl_core_sum_uj=11665872866
rapl_psys_sum_uj=0
pid=0 energy=34473264666901640 alive=1 kernel=1 cpu_ns=6890924063000000 mem=944369664 instructions=3728870380328 wakeups=391724 diski=7716864 disko=33325056 rx=72212086 tx=30562819 comm=*system*
psu_energy_ac_mcp_machine=26730506592
-------
timestamp=3408035987143169
iterations=2460
sample_ns=100000000
window_ns=1000000000
rapl_core_sum_uj=11668805666
rapl_psys_sum_uj=0
pid=0 energy=34473266416599980 alive=1 kernel=1 cpu_ns=6890924180000000 mem=944377856 instructions=3729103319996 wakeups=391962 diski=7716864 disko=33325056 rx=72212087 tx=30562819 comm=*system*
psu_energy_ac_mcp_machine=26740492920
-------
timestamp=3408036117993077
iterations=2461
sample_ns=100000000
window_ns=1000000000
rapl_core_sum_uj=11671769838
rapl_psys_sum_uj=0
pid=0 energy=34473268187810620 alive=1 kernel=1 cpu_ns=6890924299000000 mem=944250880 instructions=3729338562124 wakeups=392186 diski=7716864 disko=33325056 rx=72212087 tx=30562819 comm=*system*
psu_energy_ac_mcp_machine=26750406982
-------
timestamp=3408036248951215
iterations=2462
sample_ns=100000000
window_ns=1000000000
rapl_core_sum_uj=11674802003
rapl_psys_sum_uj=0
pid=0 energy=34473269941617095 alive=1 kernel=1 cpu_ns=6890924416000000 mem=944607232 instructions=3729572323419 wakeups=392402 diski=7716864 disko=33325056 rx=72212087 tx=30562819 comm=*system*
psu_energy_ac_mcp_machine=26763916748
-------
timestamp=3408036382450534
iterations=2464
sample_ns=100000000
window_ns=1000000000
rapl_core_sum_uj=11680566223
rapl_psys_sum_uj=0
pid=0 energy=34473273217951230 alive=1 kernel=1 cpu_ns=6890924636000000 mem=944390144 instructions=3730007590246 wakeups=392658 diski=7716864 disko=33325056 rx=72212087 tx=30562819 comm=*system*
psu_energy_ac_mcp_machine=26773737427
-------
timestamp=3408036515774116
iterations=2465
sample_ns=100000000
window_ns=1000000000
rapl_core_sum_uj=11683539733
rapl_psys_sum_uj=0
pid=0 energy=34473274969472350 alive=1 kernel=1 cpu_ns=6890924752000000 mem=944496640 instructions=3730241894470 wakeups=392881 diski=7716864 disko=33325056 rx=72212087 tx=30562819 comm=*system*
psu_energy_ac_mcp_machine=26783536743
-------
timestamp=3408036646648770
iterations=2466
sample_ns=100000000
window_ns=1000000000
rapl_core_sum_uj=11686611388
rapl_psys_sum_uj=0
pid=0 energy=34473276753174715 alive=1 kernel=1 cpu_ns=6890924875000000 mem=944517120 instructions=3730475634943 wakeups=393094 diski=7716864 disko=33325056 rx=72212087 tx=30562819 comm=*system*
psu_energy_ac_mcp_machine=26797236328
-------
timestamp=3408036780741165
iterations=2468
sample_ns=100000000
window_ns=1000000000
rapl_core_sum_uj=11692403868
rapl_psys_sum_uj=0
pid=0 energy=34473280079557310 alive=1 kernel=1 cpu_ns=6890925100000000 mem=944394240 instructions=3730915911462 wakeups=393362 diski=7716864 disko=33325056 rx=72212087 tx=30562819 comm=*system*
psu_energy_ac_mcp_machine=26807101807
-------
timestamp=3408036914124869
iterations=2469
sample_ns=100000000
window_ns=1000000000
rapl_core_sum_uj=11695352415
rapl_psys_sum_uj=0
pid=0 energy=34473281809206660 alive=1 kernel=1 cpu_ns=6890925217000000 mem=944431104 instructions=3731144841332 wakeups=393589 diski=7716864 disko=33325056 rx=72212087 tx=30562819 comm=*system*
psu_energy_ac_mcp_machine=26816921143
-------
timestamp=3408037043301606
iterations=2470
sample_ns=100000000
window_ns=1000000000
rapl_core_sum_uj=11697172056
rapl_psys_sum_uj=0
pid=0 energy=34473283707768455 alive=1 kernel=1 cpu_ns=6890925272000000 mem=946704384 instructions=3731469553691 wakeups=393836 diski=8323072 disko=33325056 rx=72212106 tx=30562836 comm=*system*
psu_energy_ac_mcp_machine=26823984985
-------
timestamp=3408037198444128
iterations=2472
sample_ns=100000000
window_ns=1000000000
rapl_core_sum_uj=11698668149
rapl_psys_sum_uj=0
pid=0 energy=34473284651503400 alive=1 kernel=1 cpu_ns=6890925348000000 mem=947294208 instructions=3731582300680 wakeups=394955 diski=8323072 disko=33325056 rx=72213373 tx=30563447 comm=*system*
psu_energy_ac_mcp_machine=26832604858
-------
timestamp=3408037366251050
iterations=2473
sample_ns=100000000
window_ns=1000000000
rapl_core_sum_uj=11699230282
rapl_psys_sum_uj=0
pid=0 energy=34473285271977805 alive=1 kernel=1 cpu_ns=6890925413000000 mem=946675712 instructions=3731641395561 wakeups=395688 diski=8323072 disko=33325056 rx=72214185 tx=30563840 comm=*system*
psu_energy_ac_mcp_machine=26842411743
-------
timestamp=3408037511040228
iterations=2475
sample_ns=100000000
window_ns=1000000000
rapl_core_sum_uj=11700439143
rapl_psys_sum_uj=0
pid=0 energy=34473286416881880 alive=1 kernel=1 cpu_ns=6890925520000000 mem=946851840 instructions=3731763376376 wakeups=397105 diski=8323072 disko=33325056 rx=72215812 tx=30564635 comm=*system*
psu_energy_ac_mcp_machine=26848046143
-------
timestamp=3408037640238420
iterations=2476
sample_ns=100000000
window_ns=1000000000
rapl_core_sum_uj=11702230891
rapl_psys_sum_uj=0
pid=0 energy=34473286909708445 alive=1 kernel=1 cpu_ns=6890925539000000 mem=946892800 instructions=3731842941689 wakeups=398060 diski=8323072 disko=33325056 rx=72216626 tx=30565031 comm=*system*
psu_energy_ac_mcp_machine=26855872192
-------
timestamp=3408037799377363
iterations=2477
sample_ns=100000000
window_ns=1000000000
rapl_core_sum_uj=11703580195
rapl_psys_sum_uj=0
pid=0 energy=34473287455816025 alive=1 kernel=1 cpu_ns=6890925566000000 mem=946925568 instructions=3731925163205 wakeups=398988 diski=8323072 disko=33325056 rx=72217437 tx=30565428 comm=*system*
psu_energy_ac_mcp_machine=26864826172
-------
timestamp=3408037935973747
iterations=2479
sample_ns=100000000
window_ns=1000000000
rapl_core_sum_uj=11704832391
rapl_psys_sum_uj=0
pid=0 energy=34473288541835475 alive=1 kernel=1 cpu_ns=6890925667000000 mem=946733056 instructions=3732041367095 wakeups=400467 diski=8323072 disko=33325056 rx=72219066 tx=30566219 comm=*system*
psu_energy_ac_mcp_machine=26872886230
-------
timestamp=3408038078204434
iterations=2480
sample_ns=100000000
window_ns=1000000000
rapl_core_sum_uj=11705882073
rapl_psys_sum_uj=0
pid=0 energy=34473289100000225 alive=1 kernel=1 cpu_ns=6890925700000000 mem=946728960 instructions=3732120000045 wakeups=401387 diski=8323072 disko=33325056 rx=72219881 tx=30566616 comm=*system*
psu_energy_ac_mcp_machine=26879146851
-------
timestamp=3408038216411946
iterations=2481
sample_ns=100000000
window_ns=1000000000
rapl_core_sum_uj=11706699455
rapl_psys_sum_uj=0
pid=0 energy=34473289494498325 alive=1 kernel=1 cpu_ns=6890925724000000 mem=946733056 instructions=3732174899665 wakeups=401664 diski=8323072 disko=33325056 rx=72220695 tx=30566751 comm=*system*
psu_energy_ac_mcp_machine=26886647217
-------
timestamp=3408038374919825
iterations=2483
sample_ns=100000000
window_ns=1000000000
rapl_core_sum_uj=11708051322
rapl_psys_sum_uj=0
pid=0 energy=34473290242797330 alive=1 kernel=1 cpu_ns=6890925779000000 mem=946737152 instructions=3732269559466 wakeups=402521 diski=8323072 disko=33325056 rx=72222325 tx=30567367 comm=*system*
psu_energy_ac_mcp_machine=26895135498
-------
timestamp=3408038540867972
iterations=2484
sample_ns=100000000
window_ns=1000000000
rapl_core_sum_uj=11708612479
rapl_psys_sum_uj=0
pid=0 energy=34473290954296990 alive=1 kernel=1 cpu_ns=6890925856000000 mem=946737152 instructions=3732334859398 wakeups=403103 diski=8323072 disko=33325056 rx=72223031 tx=30567710 comm=*system*
psu_energy_ac_mcp_machine=26903153442
-------
timestamp=3408038688877338
iterations=2486
sample_ns=100000000
window_ns=1000000000
rapl_core_sum_uj=11709694082
rapl_psys_sum_uj=0
pid=0 energy=34473292189885925 alive=1 kernel=1 cpu_ns=6890925992000000 mem=946610176 instructions=3732445977185 wakeups=404344 diski=8323072 disko=33325056 rx=72224653 tx=30568500 comm=*system*
psu_energy_ac_mcp_machine=26911497681
-------
timestamp=3408038820730099
iterations=2487
sample_ns=100000000
window_ns=1000000000
rapl_core_sum_uj=11711179860
rapl_psys_sum_uj=0
pid=0 energy=34473292807516350 alive=1 kernel=1 cpu_ns=6890926034000000 mem=946601984 instructions=3732527503270 wakeups=405246 diski=8323072 disko=33325056 rx=72225466 tx=30568894 comm=*system*
psu_energy_ac_mcp_machine=26919436523
-------
timestamp=3408038953663001
iterations=2488
sample_ns=100000000
window_ns=1000000000
rapl_core_sum_uj=11713205006
rapl_psys_sum_uj=0
pid=0 energy=34473293354355560 alive=1 kernel=1 cpu_ns=6890926060000000 mem=946827264 instructions=3732610871112 wakeups=406207 diski=8323072 disko=33325056 rx=72226281 tx=30569289 comm=*system*
psu_energy_ac_mcp_machine=26927401489
-------
timestamp=3408039082590588
iterations=2490
sample_ns=100000000
window_ns=1000000000
rapl_core_sum_uj=11717070057
rapl_psys_sum_uj=0
pid=0 energy=34473294164488990 alive=1 kernel=1 cpu_ns=6890926089000000 mem=946733056 instructions=3732743897798 wakeups=408062 diski=8323072 disko=33325056 rx=72227906 tx=30570101 comm=*system*
psu_energy_ac_mcp_machine=26935135498
-------
timestamp=3408039211224213
iterations=2491
sample_ns=100000000
window_ns=1000000000
rapl_core_sum_uj=11719058033
rapl_psys_sum_uj=0
pid=0 energy=34473294664582605 alive=1 kernel=1 cpu_ns=6890926104000000 mem=946540544 instructions=3732828916521 wakeups=409080 diski=8323072 disko=33325056 rx=72228721 tx=30570508 comm=*system*
psu_energy_ac_mcp_machine=26945983521
-------
timestamp=3408039344043637
iterations=2492
sample_ns=100000000
window_ns=1000000000
rapl_core_sum_uj=11721090137
rapl_psys_sum_uj=0
pid=0 energy=34473295189358860 alive=1 kernel=1 cpu_ns=6890926124000000 mem=946610176 instructions=3732913871772 wakeups=410089 diski=8323072 disko=33325056 rx=72229537 tx=30570915 comm=*system*
psu_energy_ac_mcp_machine=26954615356
-------
timestamp=3408039475298272
iterations=2493
sample_ns=100000000
window_ns=1000000000
rapl_core_sum_uj=11723134875
rapl_psys_sum_uj=0
pid=0 energy=34473295699470645 alive=1 kernel=1 cpu_ns=6890926141000000 mem=946835456 instructions=3732998894129 wakeups=411108 diski=8323072 disko=33325056 rx=72230350 tx=30571319 comm=*system*
psu_energy_ac_mcp_machine=26961862671
-------
timestamp=3408039604611335
iterations=2495
sample_ns=100000000
window_ns=1000000000
rapl_core_sum_uj=11726875841
rapl_psys_sum_uj=0
pid=0 energy=34473296457628410 alive=1 kernel=1 cpu_ns=6890926160000000 mem=946610176 instructions=3733131525682 wakeups=412952 diski=8323072 disko=33325056 rx=72231975 tx=30572130 comm=*system*
psu_energy_ac_mcp_machine=26970677246
-------
timestamp=3408039733774718
iterations=2496
sample_ns=100000000
window_ns=1000000000
rapl_core_sum_uj=11728962083
rapl_psys_sum_uj=0
pid=0 energy=34473296964450555 alive=1 kernel=1 cpu_ns=6890926176000000 mem=946724864 instructions=3733216890111 wakeups=413984 diski=8323072 disko=33349632 rx=72232790 tx=30572537 comm=*system*
psu_energy_ac_mcp_machine=26980872681
-------
timestamp=3408039866303889
iterations=2497
sample_ns=100000000
window_ns=1000000000
rapl_core_sum_uj=11731099290
rapl_psys_sum_uj=0
pid=0 energy=34473297493244865 alive=1 kernel=1 cpu_ns=6890926197000000 mem=946606080 instructions=3733301648973 wakeups=414996 diski=8323072 disko=33349632 rx=72233605 tx=30572942 comm=*system*
psu_energy_ac_mcp_machine=26988987915
-------
timestamp=3408039994975336
iterations=2498
sample_ns=100000000
window_ns=1000000000
rapl_core_sum_uj=11733007981
rapl_psys_sum_uj=0
pid=0 energy=34473298006367525 alive=1 kernel=1 cpu_ns=6890926218000000 mem=946876416 instructions=3733383273505 wakeups=415994 diski=8323072 disko=33349632 rx=72234418 tx=30573348 comm=*system*
psu_energy_ac_mcp_machine=26997434326
-------
timestamp=3408040124553772
iterations=2500
sample_ns=100000000
window_ns=1000000000
rapl_core_sum_uj=11736754318
rapl_psys_sum_uj=0
pid=0 energy=34473298784149435 alive=1 kernel=1 cpu_ns=6890926241000000 mem=946733056 instructions=3733515829887 wakeups=417832 diski=8323072 disko=33349632 rx=72236045 tx=30574160 comm=*system*
psu_energy_ac_mcp_machine=27005059082
-------
timestamp=3408040254051693
iterations=2501
sample_ns=100000000
window_ns=1000000000
rapl_core_sum_uj=11738864242
rapl_psys_sum_uj=0
pid=0 energy=34473299331082015 alive=1 kernel=1 cpu_ns=6890926265000000 mem=946712576 instructions=3733601216403 wakeups=418852 diski=8323072 disko=33349632 rx=72236859 tx=30574566 comm=*system*
psu_energy_ac_mcp_machine=27016372681
-------
timestamp=3408040387135522
iterations=2502
sample_ns=100000000
window_ns=1000000000
rapl_core_sum_uj=11740823897
rapl_psys_sum_uj=0
pid=0 energy=34473299851549415 alive=1 kernel=1 cpu_ns=6890926285000000 mem=946749440 instructions=3733685309883 wakeups=419865 diski=8323072 disko=33349632 rx=72237675 tx=30574972 comm=*system*
psu_energy_ac_mcp_machine=27024136597
-------
timestamp=3408040516170757
iterations=2503
sample_ns=100000000
window_ns=1000000000
rapl_core_sum_uj=11742685530
rapl_psys_sum_uj=0
pid=0 energy=34473300357097585 alive=1 kernel=1 cpu_ns=6890926305000000 mem=946569216 instructions=3733766419517 wakeups=420862 diski=8323072 disko=33349632 rx=72238488 tx=30575379 comm=*system*
psu_energy_ac_mcp_machine=27031613892
-------
timestamp=3408040644900309
iterations=2505
sample_ns=100000000
window_ns=1000000000
rapl_core_sum_uj=11746434491
rapl_psys_sum_uj=0
pid=0 energy=34473301130051045 alive=1 kernel=1 cpu_ns=6890926335000000 mem=946749440 instructions=3733891010209 wakeups=422661 diski=8323072 disko=33349632 rx=72240115 tx=30576190 comm=*system*
psu_energy_ac_mcp_machine=27040077881
-------
timestamp=3408040773909715
iterations=2506
sample_ns=100000000
window_ns=1000000000
rapl_core_sum_uj=11748282025
rapl_psys_sum_uj=0
pid=0 energy=34473301640576055 alive=1 kernel=1 cpu_ns=6890926355000000 mem=946749440 instructions=3733973115211 wakeups=423669 diski=8323072 disko=33349632 rx=72240929 tx=30576596 comm=*system*
psu_energy_ac_mcp_machine=27050891846
-------
timestamp=3408040913834367
iterations=2507
sample_ns=100000000
window_ns=1000000000
rapl_core_sum_uj=11749838848
rapl_psys_sum_uj=0
pid=0 energy=34473302104680575 alive=1 kernel=1 cpu_ns=6890926376000000 mem=946761728 instructions=3734044936115 wakeups=424463 diski=8323072 disko=33349632 rx=72241570 tx=30576912 comm=*system*
psu_energy_ac_mcp_machine=27057143188
-------
timestamp=3408041042931953
iterations=2509
sample_ns=100000000
window_ns=1000000000
rapl_core_sum_uj=11752671488
rapl_psys_sum_uj=0
pid=0 energy=34473302986718155 alive=1 kernel=1 cpu_ns=6890926433000000 mem=946827264 instructions=3734164343631 wakeups=425954 diski=8323072 disko=33349632 rx=72243190 tx=30577699 comm=*system*
psu_energy_ac_mcp_machine=27064382446
-------
timestamp=3408041172041175
iterations=2510
sample_ns=100000000
window_ns=1000000000
rapl_core_sum_uj=11754623697
rapl_psys_sum_uj=0
pid=0 energy=34473303467105355 alive=1 kernel=1 cpu_ns=6890926448000000 mem=947003392 instructions=3734245421071 wakeups=426911 diski=8323072 disko=33349632 rx=72244005 tx=30578096 comm=*system*
psu_energy_ac_mcp_machine=27075241943
-------
timestamp=3408041303979771
iterations=2511
sample_ns=100000000
window_ns=1000000000
rapl_core_sum_uj=11756566018
rapl_psys_sum_uj=0
pid=0 energy=34473303983552420 alive=1 kernel=1 cpu_ns=6890926468000000 mem=946814976 instructions=3734328710484 wakeups=427866 diski=8323072 disko=33349632 rx=72244819 tx=30578490 comm=*system*
psu_energy_ac_mcp_machine=27083153564
-------
timestamp=3408041436261744
iterations=2512
sample_ns=100000000
window_ns=1000000000
rapl_core_sum_uj=11758530617
rapl_psys_sum_uj=0
pid=0 energy=34473304491536160 alive=1 kernel=1 cpu_ns=6890926486000000 mem=946827264 instructions=3734412307232 wakeups=428833 diski=8323072 disko=33349632 rx=72245633 tx=30578888 comm=*system*
psu_energy_ac_mcp_machine=27091546997
-------
timestamp=3408041565213605
iterations=2514
sample_ns=100000000
window_ns=1000000000
rapl_core_sum_uj=11762235205
rapl_psys_sum_uj=0
pid=0 energy=34473305269597225 alive=1 kernel=1 cpu_ns=6890926513000000 mem=946827264 instructions=3734540919445 wakeups=430553 diski=8323072 disko=33349632 rx=72247259 tx=30579680 comm=*system*
psu_energy_ac_mcp_machine=27099439819
-------
timestamp=3408041694301087
iterations=2515
sample_ns=100000000
window_ns=1000000000
rapl_core_sum_uj=11764219518
rapl_psys_sum_uj=0
pid=0 energy=34473305808301550 alive=1 kernel=1 cpu_ns=6890926537000000 mem=946851840 instructions=3734624660310 wakeups=431528 diski=8323072 disko=33349632 rx=72248072 tx=30580077 comm=*system*
psu_energy_ac_mcp_machine=27110451782
-------
timestamp=3408041825738996
iterations=2516
sample_ns=100000000
window_ns=1000000000
rapl_core_sum_uj=11766202916
rapl_psys_sum_uj=0
pid=0 energy=34473306324737550 alive=1 kernel=1 cpu_ns=6890926557000000 mem=946950144 instructions=3734707947510 wakeups=432483 diski=8323072 disko=33349632 rx=72248887 tx=30580473 comm=*system*
psu_energy_ac_mcp_machine=27118172241
-------
timestamp=3408041956194470
iterations=2517
sample_ns=100000000
window_ns=1000000000
rapl_core_sum_uj=11768225254
rapl_psys_sum_uj=0
pid=0 energy=34473306847138380 alive=1 kernel=1 cpu_ns=6890926578000000 mem=946647040 instructions=3734791427676 wakeups=433452 diski=8323072 disko=33349632 rx=72249701 tx=30580869 comm=*system*
psu_energy_ac_mcp_machine=27126837524
-------
timestamp=3408042085263232
iterations=2519
sample_ns=100000000
window_ns=1000000000
rapl_core_sum_uj=11772025546
rapl_psys_sum_uj=0
pid=0 energy=34473307661889630 alive=1 kernel=1 cpu_ns=6890926611000000 mem=946667520 instructions=3734921377926 wakeups=435209 diski=8323072 disko=33349632 rx=72251329 tx=30581665 comm=*system*
psu_energy_ac_mcp_machine=27134383911
-------
timestamp=3408042214151308
iterations=2520
sample_ns=100000000
window_ns=1000000000
rapl_core_sum_uj=11774006686
rapl_psys_sum_uj=0
pid=0 energy=34473308197451135 alive=1 kernel=1 cpu_ns=6890926633000000 mem=946733056 instructions=3735006490227 wakeups=436226 diski=8323072 disko=33349632 rx=72252146 tx=30582070 comm=*system*
psu_energy_ac_mcp_machine=27145367188
-------
timestamp=3408042345639165
iterations=2521
sample_ns=100000000
window_ns=1000000000
rapl_core_sum_uj=11776089754
rapl_psys_sum_uj=0
pid=0 energy=34473308721379405 alive=1 kernel=1 cpu_ns=6890926652000000 mem=946733056 instructions=3735092275881 wakeups=437246 diski=8323072 disko=33349632 rx=72252959 tx=30582477 comm=*system*
psu_energy_ac_mcp_machine=27153260498
-------
timestamp=3408042476867201
iterations=2522
sample_ns=100000000
window_ns=1000000000
rapl_core_sum_uj=11778117158
rapl_psys_sum_uj=0
pid=0 energy=34473309229094275 alive=1 kernel=1 cpu_ns=6890926668000000 mem=946790400 instructions=3735177818855 wakeups=438265 diski=8323072 disko=33349632 rx=72253773 tx=30582883 comm=*system*
psu_energy_ac_mcp_machine=27160790527
-------
timestamp=3408042605789177
iterations=2524
sample_ns=100000000
window_ns=1000000000
rapl_core_sum_uj=11781607269
rapl_psys_sum_uj=0
pid=0 energy=34473310005447300 alive=1 kernel=1 cpu_ns=6890926704000000 mem=946782208 instructions=3735297089460 wakeups=439851 diski=8323072 disko=33349632 rx=72255167 tx=30583578 comm=*system*
psu_energy_ac_mcp_machine=27169034424
-------
timestamp=3408042734822031
iterations=2525
sample_ns=100000000
window_ns=1000000000
rapl_core_sum_uj=11783683868
rapl_psys_sum_uj=0
pid=0 energy=34473310531295245 alive=1 kernel=1 cpu_ns=6890926724000000 mem=946806784 instructions=3735382259049 wakeups=440870 diski=8323072 disko=33349632 rx=72255974 tx=30583980 comm=*system*
psu_energy_ac_mcp_machine=27180176025
-------
timestamp=3408042866184869
iterations=2526
sample_ns=100000000
window_ns=1000000000
rapl_core_sum_uj=11785692351
rapl_psys_sum_uj=0
pid=0 energy=34473311047890000 alive=1 kernel=1 cpu_ns=6890926741000000 mem=946806784 instructions=3735468578000 wakeups=441897 diski=8323072 disko=33349632 rx=72256796 tx=30584391 comm=*system*
psu_energy_ac_mcp_machine=27187685547
-------
timestamp=3408042997278490
iterations=2527
sample_ns=100000000
window_ns=1000000000
rapl_core_sum_uj=11787665617
rapl_psys_sum_uj=0
pid=0 energy=34473311571496925 alive=1 kernel=1 cpu_ns=6890926760000000 mem=946827264 instructions=3735554299385 wakeups=442925 diski=8323072 disko=33349632 rx=72257609 tx=30584795 comm=*system*
psu_energy_ac_mcp_machine=27195973145
-------
timestamp=3408043126529663
iterations=2529
sample_ns=100000000
window_ns=1000000000
rapl_core_sum_uj=11791505765
rapl_psys_sum_uj=0
pid=0 energy=34473312400023930 alive=1 kernel=1 cpu_ns=6890926794000000 mem=946823168 instructions=3735686004786 wakeups=444745 diski=8323072 disko=33349632 rx=72259230 tx=30585604 comm=*system*
psu_energy_ac_mcp_machine=27204000610
-------
timestamp=3408043255643322
iterations=2530
sample_ns=100000000
window_ns=1000000000
rapl_core_sum_uj=11793618496
rapl_psys_sum_uj=0
pid=0 energy=34473312924154085 alive=1 kernel=1 cpu_ns=6890926814000000 mem=946802688 instructions=3735770830817 wakeups=445757 diski=8323072 disko=33349632 rx=72260045 tx=30586010 comm=*system*
psu_energy_ac_mcp_machine=27214686401
-------
timestamp=3408043388640344
iterations=2531
sample_ns=100000000
window_ns=1000000000
rapl_core_sum_uj=11795651699
rapl_psys_sum_uj=0
pid=0 energy=34473313425707035 alive=1 kernel=1 cpu_ns=6890926832000000 mem=946634752 instructions=3735853141407 wakeups=446717 diski=8323072 disko=33349632 rx=72260804 tx=30586388 comm=*system*
psu_energy_ac_mcp_machine=27223247681
-------
timestamp=3408043518483672
iterations=2532
sample_ns=100000000
window_ns=1000000000
rapl_core_sum_uj=11797569179
rapl_psys_sum_uj=0
pid=0 energy=34473313932943695 alive=1 kernel=1 cpu_ns=6890926850000000 mem=946683904 instructions=3735936588739 wakeups=447722 diski=8323072 disko=33349632 rx=72261616 tx=30586793 comm=*system*
psu_energy_ac_mcp_machine=27231176880
-------
timestamp=3408043647441518
iterations=2534
sample_ns=100000000
window_ns=1000000000
rapl_core_sum_uj=11801332240
rapl_psys_sum_uj=0
pid=0 energy=34473314695717520 alive=1 kernel=1 cpu_ns=6890926875000000 mem=946778112 instructions=3736064143504 wakeups=449538 diski=8323072 disko=33349632 rx=72263246 tx=30587606 comm=*system*
psu_energy_ac_mcp_machine=27238899170
-------
timestamp=3408043776146858
iterations=2535
sample_ns=100000000
window_ns=1000000000
rapl_core_sum_uj=11803370692
rapl_psys_sum_uj=0
pid=0 energy=34473315201196655 alive=1 kernel=1 cpu_ns=6890926892000000 mem=946876416 instructions=3736148239331 wakeups=450549 diski=8323072 disko=33349632 rx=72264059 tx=30588011 comm=*system*
psu_energy_ac_mcp_machine=27249487183
-------
timestamp=3408043908577062
iterations=2536
sample_ns=100000000
window_ns=1000000000
rapl_core_sum_uj=11805317530
rapl_psys_sum_uj=0
pid=0 energy=34473315716595235 alive=1 kernel=1 cpu_ns=6890926910000000 mem=946860032 instructions=3736233319047 wakeups=451563 diski=8323072 disko=33349632 rx=72264873 tx=30588418 comm=*system*
psu_energy_ac_mcp_machine=27257693848
-------
timestamp=3408044037703550
iterations=2537
sample_ns=100000000
window_ns=1000000000
rapl_core_sum_uj=11807288965
rapl_psys_sum_uj=0
pid=0 energy=34473316208844060 alive=1 kernel=1 cpu_ns=6890926924000000 mem=946810880 instructions=3736317768812 wakeups=452576 diski=8323072 disko=33349632 rx=72265686 tx=30588823 comm=*system*
psu_energy_ac_mcp_machine=27265862671
-------
timestamp=3408044167102379
iterations=2539
sample_ns=100000000
window_ns=1000000000
rapl_core_sum_uj=11811101403
rapl_psys_sum_uj=0
pid=0 energy=34473317035549165 alive=1 kernel=1 cpu_ns=6890926957000000 mem=946835456 instructions=3736450109833 wakeups=454404 diski=8323072 disko=33349632 rx=72267314 tx=30589635 comm=*system*
psu_energy_ac_mcp_machine=27274250366
-------
timestamp=3408044295743561
iterations=2540
sample_ns=100000000
window_ns=1000000000
rapl_core_sum_uj=11813098046
rapl_psys_sum_uj=0
pid=0 energy=34473317552316685 alive=1 kernel=1 cpu_ns=6890926975000000 mem=946876416 instructions=3736535463337 wakeups=455432 diski=8323072 disko=33349632 rx=72268128 tx=30590041 comm=*system*
psu_energy_ac_mcp_machine=27285015869
-------
timestamp=3408044427176623
iterations=2541
sample_ns=100000000
window_ns=1000000000
rapl_core_sum_uj=11815089073
rapl_psys_sum_uj=0
pid=0 energy=34473318095644030 alive=1 kernel=1 cpu_ns=6890926998000000 mem=947105792 instructions=3736621128806 wakeups=456453 diski=8323072 disko=33349632 rx=72268941 tx=30590446 comm=*system*
psu_energy_ac_mcp_machine=27292855957
-------
timestamp=3408044558089699
iterations=2542
sample_ns=100000000
window_ns=1000000000
rapl_core_sum_uj=11817120872
rapl_psys_sum_uj=0
pid=0 energy=34473318605040820 alive=1 kernel=1 cpu_ns=6890927015000000 mem=947142656 instructions=3736706008164 wakeups=457473 diski=8323072 disko=33349632 rx=72269756 tx=30590852 comm=*system*
psu_energy_ac_mcp_machine=27301064453
-------
timestamp=3408044687296554
iterations=2544
sample_ns=100000000
window_ns=1000000000
rapl_core_sum_uj=11820908529
rapl_psys_sum_uj=0
pid=0 energy=34473319412515465 alive=1 kernel=1 cpu_ns=6890927044000000 mem=946921472 instructions=3736838503093 wakeups=459321 diski=8323072 disko=33349632 rx=72271383 tx=30591666 comm=*system*
psu_energy_ac_mcp_machine=27308278198
-------
timestamp=3408044816527867
iterations=2545
sample_ns=100000000
window_ns=1000000000
rapl_core_sum_uj=11822893331
rapl_psys_sum_uj=0
pid=0 energy=34473319920167225 alive=1 kernel=1 cpu_ns=6890927060000000 mem=947019776 instructions=3736924033445 wakeups=460352 diski=8323072 disko=33370112 rx=72272196 tx=30592072 comm=*system*
psu_energy_ac_mcp_machine=27319382202
-------
timestamp=3408044950080792
iterations=2546
sample_ns=100000000
window_ns=1000000000
rapl_core_sum_uj=11824900655
rapl_psys_sum_uj=0
pid=0 energy=34473320432763890 alive=1 kernel=1 cpu_ns=6890927079000000 mem=946827264 instructions=3737007552778 wakeups=461358 diski=8323072 disko=33370112 rx=72273011 tx=30592478 comm=*system*
psu_energy_ac_mcp_machine=27327454956
-------
timestamp=3408045079050522
iterations=2547
sample_ns=100000000
window_ns=1000000000
rapl_core_sum_uj=11826847188
rapl_psys_sum_uj=0
pid=0 energy=34473320949632880 alive=1 kernel=1 cpu_ns=6890927099000000 mem=946827264 instructions=3737090926576 wakeups=462370 diski=8323072 disko=33370112 rx=72273825 tx=30592884 comm=*system*
psu_energy_ac_mcp_machine=27335171265
-------
timestamp=3408045207969880
iterations=2549
sample_ns=100000000
window_ns=1000000000
rapl_core_sum_uj=11830576619
rapl_psys_sum_uj=0
pid=0 energy=34473321717468690 alive=1 kernel=1 cpu_ns=6890927121000000 mem=946946048 instructions=3737222493738 wakeups=464200 diski=8323072 disko=33370112 rx=72275453 tx=30593696 comm=*system*
psu_energy_ac_mcp_machine=27343170532
-------
timestamp=3408045337196649
iterations=2550
sample_ns=100000000
window_ns=1000000000
rapl_core_sum_uj=11832608479
rapl_psys_sum_uj=0
pid=0 energy=34473322230028070 alive=1 kernel=1 cpu_ns=6890927141000000 mem=946905088 instructions=3737305005614 wakeups=465199 diski=8323072 disko=33370112 rx=72276266 tx=30594101 comm=*system*
psu_energy_ac_mcp_machine=27354592896
-------
timestamp=3408045469602490
iterations=2551
sample_ns=100000000
window_ns=1000000000
rapl_core_sum_uj=11834533649
rapl_psys_sum_uj=0
pid=0 energy=34473322751257235 alive=1 kernel=1 cpu_ns=6890927162000000 mem=946774016 instructions=3737388251447 wakeups=466211 diski=8323072 disko=33370112 rx=72277081 tx=30594509 comm=*system*
psu_energy_ac_mcp_machine=27362529175
-------
timestamp=3408045598810122
iterations=2552
sample_ns=100000000
window_ns=1000000000
rapl_core_sum_uj=11836427203
rapl_psys_sum_uj=0
pid=0 energy=34473323259340470 alive=1 kernel=1 cpu_ns=6890927181000000 mem=946712576 instructions=3737470868094 wakeups=467217 diski=8323072 disko=33370112 rx=72277894 tx=30594913 comm=*system*
psu_energy_ac_mcp_machine=27369839600
-------
timestamp=3408045727942835
iterations=2554
sample_ns=100000000
window_ns=1000000000
rapl_core_sum_uj=11840241899
rapl_psys_sum_uj=0
pid=0 energy=34473324099890455 alive=1 kernel=1 cpu_ns=6890927212000000 mem=947052544 instructions=3737607978091 wakeups=469134 diski=8323072 disko=36360192 rx=72279524 tx=30595727 comm=*system*
psu_energy_ac_mcp_machine=27378713623
-------
timestamp=3408045857050596
iterations=2555
sample_ns=100000000
window_ns=1000000000
rapl_core_sum_uj=11842326005
rapl_psys_sum_uj=0
pid=0 energy=34473324600186215 alive=1 kernel=1 cpu_ns=6890927227000000 mem=947085312 instructions=3737693037243 wakeups=470143 diski=8323072 disko=36360192 rx=72280336 tx=30596131 comm=*system*
psu_energy_ac_mcp_machine=27388865601
-------
timestamp=3408045987662857
iterations=2556
sample_ns=100000000
window_ns=1000000000
rapl_core_sum_uj=11844279801
rapl_psys_sum_uj=0
pid=0 energy=34473325105581810 alive=1 kernel=1 cpu_ns=6890927243000000 mem=946831360 instructions=3737778116362 wakeups=471162 diski=8323072 disko=36360192 rx=72281149 tx=30596537 comm=*system*
psu_energy_ac_mcp_machine=27396950439
-------
timestamp=3408046118720787
iterations=2557
sample_ns=100000000
window_ns=1000000000
rapl_core_sum_uj=11846263992
rapl_psys_sum_uj=0
pid=0 energy=34473325651098445 alive=1 kernel=1 cpu_ns=6890927266000000 mem=946917376 instructions=3737864219689 wakeups=472176 diski=8323072 disko=36360192 rx=72281964 tx=30596945 comm=*system*
psu_energy_ac_mcp_machine=27405359497
-------
timestamp=3408046247656621
iterations=2559
sample_ns=100000000
window_ns=1000000000
rapl_core_sum_uj=11850158095
rapl_psys_sum_uj=0
pid=0 energy=34473326468137340 alive=1 kernel=1 cpu_ns=6890927297000000 mem=946860032 instructions=3737996627468 wakeups=474006 diski=8323072 disko=36360192 rx=72283593 tx=30597756 comm=*system*
psu_energy_ac_mcp_machine=27413103271
-------
timestamp=3408046376551095
iterations=2560
sample_ns=100000000
window_ns=1000000000
rapl_core_sum_uj=11852102675
rapl_psys_sum_uj=0
pid=0 energy=34473326981134870 alive=1 kernel=1 cpu_ns=6890927316000000 mem=946823168 instructions=3738080226974 wakeups=475017 diski=8323072 disko=36360192 rx=72284406 tx=30598162 comm=*system*
psu_energy_ac_mcp_machine=27423890991
-------
timestamp=3408046508049865
iterations=2561
sample_ns=100000000
window_ns=1000000000
rapl_core_sum_uj=11854047621
rapl_psys_sum_uj=0
pid=0 energy=34473327500729610 alive=1 kernel=1 cpu_ns=6890927336000000 mem=947175424 instructions=3738164145922 wakeups=476024 diski=8323072 disko=36360192 rx=72285219 tx=30598568 comm=*system*
psu_energy_ac_mcp_machine=27432292603
-------
timestamp=3408046640789924
iterations=2562
sample_ns=100000000
window_ns=1000000000
rapl_core_sum_uj=11856089735
rapl_psys_sum_uj=0
pid=0 energy=34473328053609625 alive=1 kernel=1 cpu_ns=6890927361000000 mem=947208192 instructions=3738249721925 wakeups=477047 diski=8323072 disko=36360192 rx=72286033 tx=30598975 comm=*system*
psu_energy_ac_mcp_machine=27439737061
-------
timestamp=3408046771438322
iterations=2564
sample_ns=100000000
window_ns=1000000000
rapl_core_sum_uj=11858770887
rapl_psys_sum_uj=0
pid=0 energy=34473330067191900 alive=1 kernel=1 cpu_ns=6890927424000000 mem=946421760 instructions=3738589438380 wakeups=477995 diski=8323072 disko=36360192 rx=72286800 tx=30599359 comm=*system*
psu_energy_ac_mcp_machine=27449834473
-------
timestamp=3408046903488906
iterations=2565
sample_ns=100000000
window_ns=1000000000
rapl_core_sum_uj=11860772962
rapl_psys_sum_uj=0
pid=0 energy=34473330604941700 alive=1 kernel=1 cpu_ns=6890927446000000 mem=946458624 instructions=3738674988340 wakeups=479015 diski=8323072 disko=36360192 rx=72287613 tx=30599764 comm=*system*
psu_energy_ac_mcp_machine=27457657471
-------
timestamp=3408047036237809
iterations=2566
sample_ns=100000000
window_ns=1000000000
rapl_core_sum_uj=11862792432
rapl_psys_sum_uj=0
pid=0 energy=34473331131942710 alive=1 kernel=1 cpu_ns=6890927466000000 mem=946786304 instructions=3738760388542 wakeups=480035 diski=8323072 disko=36360192 rx=72288426 tx=30600169 comm=*system*
psu_energy_ac_mcp_machine=27465177490
-------
timestamp=3408047165346888
iterations=2567
sample_ns=100000000
window_ns=1000000000
rapl_core_sum_uj=11864779431
rapl_psys_sum_uj=0
pid=0 energy=34473331632164760 alive=1 kernel=1 cpu_ns=6890927482000000 mem=947011584 instructions=3738844432952 wakeups=481052 diski=8323072 disko=36360192 rx=72289240 tx=30600575 comm=*system*
psu_energy_ac_mcp_machine=27473575195
-------
timestamp=3408047295241952
iterations=2569
sample_ns=100000000
window_ns=1000000000
rapl_core_sum_uj=11868330028
rapl_psys_sum_uj=0
pid=0 energy=34473332420441450 alive=1 kernel=1 cpu_ns=6890927515000000 mem=947064832 instructions=3738969088290 wakeups=482853 diski=8323072 disko=36360192 rx=72290870 tx=30601388 comm=*system*
psu_energy_ac_mcp_machine=27483508667
-------
timestamp=3408047428793988
iterations=2570
sample_ns=100000000
window_ns=1000000000
rapl_core_sum_uj=11870326854
rapl_psys_sum_uj=0
pid=0 energy=34473332921202200 alive=1 kernel=1 cpu_ns=6890927530000000 mem=947081216 instructions=3739054240440 wakeups=483846 diski=8323072 disko=36360192 rx=72291693 tx=30601791 comm=*system*
psu_energy_ac_mcp_machine=27491822876
-------
timestamp=3408047587784108
iterations=2571
sample_ns=100000000
window_ns=1000000000
rapl_core_sum_uj=11871808299
rapl_psys_sum_uj=0
pid=0 energy=34473333466154170 alive=1 kernel=1 cpu_ns=6890927556000000 mem=947126272 instructions=3739137230834 wakeups=484795 diski=8323072 disko=36360192 rx=72292500 tx=30602183 comm=*system*
psu_energy_ac_mcp_machine=27500580688
-------
timestamp=3408047730362631
iterations=2573
sample_ns=100000000
window_ns=1000000000
rapl_core_sum_uj=11872961496
rapl_psys_sum_uj=0
pid=0 energy=34473334351387045 alive=1 kernel=1 cpu_ns=6890927636000000 mem=946974720 instructions=3739234277409 wakeups=485762 diski=8323072 disko=36360192 rx=72294127 tx=30602779 comm=*system*
psu_energy_ac_mcp_machine=27506148926
-------
timestamp=3408047884909925
iterations=2574
sample_ns=100000000
window_ns=1000000000
rapl_core_sum_uj=11873759530
rapl_psys_sum_uj=0
pid=0 energy=34473334756781395 alive=1 kernel=1 cpu_ns=6890927660000000 mem=947265536 instructions=3739291356279 wakeups=486012 diski=8323072 disko=36360192 rx=72294942 tx=30602963 comm=*system*
psu_energy_ac_mcp_machine=27516631592
-------
timestamp=3408048029130373
iterations=2576
sample_ns=100000000
window_ns=1000000000
rapl_core_sum_uj=11875394905
rapl_psys_sum_uj=0
pid=0 energy=34473335852751800 alive=1 kernel=1 cpu_ns=6890927770000000 mem=946954240 instructions=3739400550360 wakeups=487309 diski=8323072 disko=36360192 rx=72296568 tx=30603754 comm=*system*
psu_energy_ac_mcp_machine=27522820313
-------
timestamp=3408048169415055
iterations=2577
sample_ns=100000000
window_ns=1000000000
rapl_core_sum_uj=11876477180
rapl_psys_sum_uj=0
pid=0 energy=34473336410801800 alive=1 kernel=1 cpu_ns=6890927804000000 mem=946954240 instructions=3739478160360 wakeups=488199 diski=8323072 disko=36360192 rx=72297381 tx=30604150 comm=*system*
psu_energy_ac_mcp_machine=27531156860
-------
timestamp=3408048308969067
iterations=2578
sample_ns=100000000
window_ns=1000000000
rapl_core_sum_uj=11877368842
rapl_psys_sum_uj=0
pid=0 energy=34473337036835840 alive=1 kernel=1 cpu_ns=6890927851000000 mem=946991104 instructions=3739556367168 wakeups=489107 diski=8323072 disko=36360192 rx=72298196 tx=30604548 comm=*system*
psu_energy_ac_mcp_machine=27537809814
-------
timestamp=3408048440267926
iterations=2580
sample_ns=100000000
window_ns=1000000000
rapl_core_sum_uj=11880363226
rapl_psys_sum_uj=0
pid=0 energy=34473337896317325 alive=1 kernel=1 cpu_ns=6890927899000000 mem=947032064 instructions=3739680263465 wakeups=490771 diski=8323072 disko=36360192 rx=72299823 tx=30605345 comm=*system*
psu_energy_ac_mcp_machine=27545552979
-------
timestamp=3408048569087577
iterations=2581
sample_ns=100000000
window_ns=1000000000
rapl_core_sum_uj=11882343755
rapl_psys_sum_uj=0
pid=0 energy=34473338425426960 alive=1 kernel=1 cpu_ns=6890927921000000 mem=946974720 instructions=3739764085392 wakeups=491737 diski=8323072 disko=36360192 rx=72300636 tx=30605740 comm=*system*
psu_energy_ac_mcp_machine=27554002075
-------
timestamp=3408048704669611
iterations=2582
sample_ns=100000000
window_ns=1000000000
rapl_core_sum_uj=11883814458
rapl_psys_sum_uj=0
pid=0 energy=34473338921258595 alive=1 kernel=1 cpu_ns=6890927939000000 mem=947154944 instructions=3739845251719 wakeups=492688 diski=8323072 disko=36360192 rx=72301450 tx=30606138 comm=*system*
psu_energy_ac_mcp_machine=27562352173
-------
timestamp=3408048846049838
iterations=2584
sample_ns=100000000
window_ns=1000000000
rapl_core_sum_uj=11885447147
rapl_psys_sum_uj=0
pid=0 energy=34473339903482470 alive=1 kernel=1 cpu_ns=6890928026000000 mem=946958336 instructions=3739954696494 wakeups=493922 diski=8323072 disko=36360192 rx=72303078 tx=30606930 comm=*system*
psu_energy_ac_mcp_machine=27569013306
-------
timestamp=3408049000614537
iterations=2585
sample_ns=100000000
window_ns=1000000000
rapl_core_sum_uj=11886795352
rapl_psys_sum_uj=0
pid=0 energy=34473340402550660 alive=1 kernel=1 cpu_ns=6890928051000000 mem=946966528 instructions=3740029510132 wakeups=494820 diski=8323072 disko=36360192 rx=72303892 tx=30607327 comm=*system*
psu_energy_ac_mcp_machine=27578144165
-------
timestamp=3408049145249822
iterations=2586
sample_ns=100000000
window_ns=1000000000
rapl_core_sum_uj=11887400820
rapl_psys_sum_uj=0
pid=0 energy=34473341188179460 alive=1 kernel=1 cpu_ns=6890928135000000 mem=946741248 instructions=3740102635892 wakeups=495510 diski=8323072 disko=36360192 rx=72304767 tx=30607755 comm=*system*
psu_energy_ac_mcp_machine=27586072754
-------
timestamp=3408049286348792
iterations=2588
sample_ns=100000000
window_ns=1000000000
rapl_core_sum_uj=11889121034
rapl_psys_sum_uj=0
pid=0 energy=34473342058720505 alive=1 kernel=1 cpu_ns=6890928198000000 mem=947077120 instructions=3740213744101 wakeups=496932 diski=8323072 disko=36360192 rx=72306398 tx=30608549 comm=*system*
psu_energy_ac_mcp_machine=27591921509
-------
timestamp=3408049448976097
iterations=2589
sample_ns=100000000
window_ns=1000000000
rapl_core_sum_uj=11889769227
rapl_psys_sum_uj=0
pid=0 energy=34473342713501665 alive=1 kernel=1 cpu_ns=6890928251000000 mem=947175424 instructions=3740291700333 wakeups=497749 diski=8323072 disko=36360192 rx=72307213 tx=30608948 comm=*system*
psu_energy_ac_mcp_machine=27600589600
-------
timestamp=3408049604341656
iterations=2591
sample_ns=100000000
window_ns=1000000000
rapl_core_sum_uj=11890958435
rapl_psys_sum_uj=0
pid=0 energy=34473343749111885 alive=1 kernel=1 cpu_ns=6890928340000000 mem=947179520 instructions=3740409822377 wakeups=499158 diski=8323072 disko=36360192 rx=72308841 tx=30609744 comm=*system*
psu_energy_ac_mcp_machine=27607787109
-------
timestamp=3408049747234607
iterations=2592
sample_ns=100000000
window_ns=1000000000
rapl_core_sum_uj=11891556945
rapl_psys_sum_uj=0
pid=0 energy=34473344481423025 alive=1 kernel=1 cpu_ns=6890928414000000 mem=947130368 instructions=3740482284605 wakeups=499859 diski=8323072 disko=36360192 rx=72309656 tx=30610141 comm=*system*
psu_energy_ac_mcp_machine=27615494019
-------
timestamp=3408049885578419
iterations=2594
sample_ns=100000000
window_ns=1000000000
rapl_core_sum_uj=11893424986
rapl_psys_sum_uj=0
pid=0 energy=34473345580383240 alive=1 kernel=1 cpu_ns=6890928498000000 mem=948264960 instructions=3740618076648 wakeups=501331 diski=8323072 disko=36384768 rx=72311281 tx=30610932 comm=*system*
psu_energy_ac_mcp_machine=27623205078
-------
timestamp=3408050024167493
iterations=2595
sample_ns=100000000
window_ns=1000000000
rapl_core_sum_uj=11894508726
rapl_psys_sum_uj=0
pid=0 energy=34473345940346690 alive=1 kernel=1 cpu_ns=6890928515000000 mem=946982912 instructions=3740673069338 wakeups=502211 diski=8323072 disko=36384768 rx=72312096 tx=30611330 comm=*system*
psu_energy_ac_mcp_machine=27631228516
-------
timestamp=3408050169361649
iterations=2596
sample_ns=100000000
window_ns=1000000000
rapl_core_sum_uj=11895193540
rapl_psys_sum_uj=0
pid=0 energy=34473346600152215 alive=1 kernel=1 cpu_ns=6890928569000000 mem=947044352 instructions=3740751030443 wakeups=503034 diski=8323072 disko=36384768 rx=72312909 tx=30611728 comm=*system*
psu_energy_ac_mcp_machine=27636964844
-------
timestamp=3408050298655239
iterations=2597
sample_ns=100000000
window_ns=1000000000
rapl_core_sum_uj=11896279172
rapl_psys_sum_uj=0
pid=0 energy=34473347249965130 alive=1 kernel=1 cpu_ns=6890928620000000 mem=946929664 instructions=3740829993026 wakeups=503857 diski=8323072 disko=36384768 rx=72313722 tx=30612125 comm=*system*
psu_energy_ac_mcp_machine=27647917725
-------
timestamp=3408050430310337
iterations=2599
sample_ns=100000000
window_ns=1000000000
rapl_core_sum_uj=11900178890
rapl_psys_sum_uj=0
pid=0 energy=34473348043790600 alive=1 kernel=1 cpu_ns=6890928650000000 mem=946884608 instructions=3740958758120 wakeups=505574 diski=8323072 disko=36384768 rx=72315348 tx=30612916 comm=*system*
psu_energy_ac_mcp_machine=27655900391
-------
timestamp=3408050561712730
iterations=2600
sample_ns=100000000
window_ns=1000000000
rapl_core_sum_uj=11902182979
rapl_psys_sum_uj=0
pid=0 energy=34473348538648940 alive=1 kernel=1 cpu_ns=6890928665000000 mem=947105792 instructions=3741042729788 wakeups=506547 diski=8323072 disko=36384768 rx=72316159 tx=30613313 comm=*system*
psu_energy_ac_mcp_machine=27664231323
-------
timestamp=3408050703095990
iterations=2601
sample_ns=100000000
window_ns=1000000000
rapl_core_sum_uj=11903606379
rapl_psys_sum_uj=0
pid=0 energy=34473349121875025 alive=1 kernel=1 cpu_ns=6890928701000000 mem=947105792 instructions=3741123375005 wakeups=507423 diski=8323072 disko=36384768 rx=72316974 tx=30613711 comm=*system*
psu_energy_ac_mcp_machine=27672162354
-------
timestamp=3408050845143189
iterations=2603
sample_ns=100000000
window_ns=1000000000
rapl_core_sum_uj=11905178034
rapl_psys_sum_uj=0
pid=0 energy=34473350099893500 alive=1 kernel=1 cpu_ns=6890928782000000 mem=947052544 instructions=3741237978700 wakeups=508813 diski=8323072 disko=36384768 rx=72318665 tx=30614536 comm=*system*
psu_energy_ac_mcp_machine=27678547607
-------
timestamp=3408050982868603
iterations=2604
sample_ns=100000000
window_ns=1000000000
rapl_core_sum_uj=11906540949
rapl_psys_sum_uj=0
pid=0 energy=34473350675164010 alive=1 kernel=1 cpu_ns=6890928819000000 mem=946987008 instructions=3741316032802 wakeups=509701 diski=8323072 disko=36384768 rx=72319479 tx=30614934 comm=*system*
psu_energy_ac_mcp_machine=27687285156
-------
timestamp=3408051118856258
iterations=2605
sample_ns=100000000
window_ns=1000000000
rapl_core_sum_uj=11907761346
rapl_psys_sum_uj=0
pid=0 energy=34473351242258545 alive=1 kernel=1 cpu_ns=6890928857000000 mem=946991104 instructions=3741391451709 wakeups=510521 diski=8323072 disko=36384768 rx=72320292 tx=30615328 comm=*system*
psu_energy_ac_mcp_machine=27694394287
-------
timestamp=3408051277358343
iterations=2607
sample_ns=100000000
window_ns=1000000000
rapl_core_sum_uj=11909132012
rapl_psys_sum_uj=0
pid=0 energy=34473352236631120 alive=1 kernel=1 cpu_ns=6890928949000000 mem=946995200 instructions=3741498326224 wakeups=511815 diski=8323072 disko=36384768 rx=72321920 tx=30616121 comm=*system*
psu_energy_ac_mcp_machine=27702028564
-------
timestamp=3408051441572246
iterations=2608
sample_ns=100000000
window_ns=1000000000
rapl_core_sum_uj=11909719536
rapl_psys_sum_uj=0
pid=0 energy=34473353029854230 alive=1 kernel=1 cpu_ns=6890929033000000 mem=946909184 instructions=3741572970846 wakeups=512526 diski=8323072 disko=36384768 rx=72322736 tx=30616520 comm=*system*
psu_energy_ac_mcp_machine=27710048096
-------
timestamp=3408051596353845
iterations=2610
sample_ns=100000000
window_ns=1000000000
rapl_core_sum_uj=11910779471
rapl_psys_sum_uj=0
pid=0 energy=34473354238881035 alive=1 kernel=1 cpu_ns=6890929168000000 mem=947052544 instructions=3741679776207 wakeups=513699 diski=8323072 disko=36384768 rx=72324362 tx=30617311 comm=*system*
psu_energy_ac_mcp_machine=27717704102
-------
timestamp=3408051746980348
iterations=2611
sample_ns=100000000
window_ns=1000000000
rapl_core_sum_uj=11911408194
rapl_psys_sum_uj=0
pid=0 energy=34473354985671675 alive=1 kernel=1 cpu_ns=6890929241000000 mem=947044352 instructions=3741756134335 wakeups=514462 diski=8323072 disko=36384768 rx=72325176 tx=30617709 comm=*system*
psu_energy_ac_mcp_machine=27725802124
-------
timestamp=3408051890936743
iterations=2613
sample_ns=100000000
window_ns=1000000000
rapl_core_sum_uj=11912504689
rapl_psys_sum_uj=0
pid=0 energy=34473355971264825 alive=1 kernel=1 cpu_ns=6890929329000000 mem=946995200 instructions=3741865252965 wakeups=515714 diski=8323072 disko=36384768 rx=72326799 tx=30618494 comm=*system*
psu_energy_ac_mcp_machine=27731090454
-------
timestamp=3408052024373514
iterations=2614
sample_ns=100000000
window_ns=1000000000
rapl_core_sum_uj=11913657276
rapl_psys_sum_uj=0
pid=0 energy=34473356534648795 alive=1 kernel=1 cpu_ns=6890929364000000 mem=947146752 instructions=3741942929759 wakeups=516592 diski=8323072 disko=36384768 rx=72327612 tx=30618888 comm=*system*
psu_energy_ac_mcp_machine=27740333252
-------
timestamp=3408052189413009
iterations=2616
sample_ns=100000000
window_ns=1000000000
rapl_core_sum_uj=11915116015
rapl_psys_sum_uj=0
pid=0 energy=34473357784594165 alive=1 kernel=1 cpu_ns=6890929482000000 mem=947789824 instructions=3742074918833 wakeups=518007 diski=8323072 disko=36384768 rx=72329239 tx=30619683 comm=*system*
psu_energy_ac_mcp_machine=27748427124
-------
timestamp=3408052349680719
iterations=2617
sample_ns=100000000
window_ns=1000000000
rapl_core_sum_uj=11915727648
rapl_psys_sum_uj=0
pid=0 energy=34473358303293030 alive=1 kernel=1 cpu_ns=6890929529000000 mem=947138560 instructions=3742131658606 wakeups=518745 diski=8323072 disko=36384768 rx=72330054 tx=30620081 comm=*system*
psu_energy_ac_mcp_machine=27756140381
-------
timestamp=3408052493163545
iterations=2619
sample_ns=100000000
window_ns=1000000000
rapl_core_sum_uj=11916896104
rapl_psys_sum_uj=0
pid=0 energy=34473359313045320 alive=1 kernel=1 cpu_ns=6890929660000000 mem=947298304 instructions=3742202609064 wakeups=519428 diski=8323072 disko=36384768 rx=72330868 tx=30620479 comm=*system*
psu_energy_ac_mcp_machine=27762264404
-------
timestamp=3408052622282957
iterations=2620
sample_ns=100000000
window_ns=1000000000
rapl_core_sum_uj=11918773240
rapl_psys_sum_uj=0
pid=0 energy=34473359970408370 alive=1 kernel=1 cpu_ns=6890929676000000 mem=947056640 instructions=3742318081674 wakeups=520864 diski=8323072 disko=36384768 rx=72332492 tx=30621270 comm=*system*
psu_energy_ac_mcp_machine=27772349365
-------
timestamp=3408052755164914
iterations=2621
sample_ns=100000000
window_ns=1000000000
rapl_core_sum_uj=11920713913
rapl_psys_sum_uj=0
pid=0 energy=34473360504375830 alive=1 kernel=1 cpu_ns=6890929699000000 mem=947191808 instructions=3742401875166 wakeups=521831 diski=8323072 disko=36384768 rx=72333308 tx=30621667 comm=*system*
psu_energy_ac_mcp_machine=27780574951
-------
timestamp=3408052884014996
iterations=2622
sample_ns=100000000
window_ns=1000000000
rapl_core_sum_uj=11922657638
rapl_psys_sum_uj=0
pid=0 energy=34473361035903825 alive=1 kernel=1 cpu_ns=6890929722000000 mem=947163136 instructions=3742485180765 wakeups=522785 diski=8323072 disko=36384768 rx=72334119 tx=30622061 comm=*system*
psu_energy_ac_mcp_machine=27787790039
-------
timestamp=3408053012806677
iterations=2623
sample_ns=100000000
window_ns=1000000000
rapl_core_sum_uj=11924586898
rapl_psys_sum_uj=0
pid=0 energy=34473361515992020 alive=1 kernel=1 cpu_ns=6890929735000000 mem=947142656 instructions=3742568198404 wakeups=523750 diski=8323072 disko=36384768 rx=72334934 tx=30622458 comm=*system*
psu_energy_ac_mcp_machine=27795865234
-------
timestamp=3408053150727006
iterations=2625
sample_ns=100000000
window_ns=1000000000
rapl_core_sum_uj=11927243025
rapl_psys_sum_uj=0
pid=0 energy=34473362327960675 alive=1 kernel=1 cpu_ns=6890929776000000 mem=947019776 instructions=3742689592135 wakeups=525302 diski=8323072 disko=36384768 rx=72336497 tx=30623218 comm=*system*
psu_energy_ac_mcp_machine=27804779297
-------
timestamp=3408053311428174
iterations=2626
sample_ns=100000000
window_ns=1000000000
rapl_core_sum_uj=11927939619
rapl_psys_sum_uj=0
pid=0 energy=34473362942305465 alive=1 kernel=1 cpu_ns=6890929831000000 mem=947019776 instructions=3742757461093 wakeups=525927 diski=8323072 disko=36384768 rx=72337118 tx=30623518 comm=*system*
psu_energy_ac_mcp_machine=27813256348
-------
timestamp=3408053474773660
iterations=2628
sample_ns=100000000
window_ns=1000000000
rapl_core_sum_uj=11929081524
rapl_psys_sum_uj=0
pid=0 energy=34473364174796840 alive=1 kernel=1 cpu_ns=6890929964000000 mem=947015680 instructions=3742870959368 wakeups=527203 diski=8323072 disko=36384768 rx=72338863 tx=30624368 comm=*system*
psu_energy_ac_mcp_machine=27820308716
-------
timestamp=3408053621649363
iterations=2629
sample_ns=100000000
window_ns=1000000000
rapl_core_sum_uj=11929663250
rapl_psys_sum_uj=0
pid=0 energy=34473365029747520 alive=1 kernel=1 cpu_ns=6890930061000000 mem=946962432 instructions=3742944949504 wakeups=527921 diski=8323072 disko=36384768 rx=72339679 tx=30624764 comm=*system*
psu_energy_ac_mcp_machine=27828399658
-------
timestamp=3408053754792510
iterations=2630
sample_ns=100000000
window_ns=1000000000
rapl_core_sum_uj=11930824626
rapl_psys_sum_uj=0
pid=0 energy=34473365721216080 alive=1 kernel=1 cpu_ns=6890930117000000 mem=946647040 instructions=3743027243216 wakeups=528796 diski=8323072 disko=36384768 rx=72340552 tx=30625190 comm=*system*
psu_energy_ac_mcp_machine=27836326904
-------
timestamp=3408053891911423
iterations=2632
sample_ns=100000000
window_ns=1000000000
rapl_core_sum_uj=11933324503
rapl_psys_sum_uj=0
pid=0 energy=34473366562899010 alive=1 kernel=1 cpu_ns=6890930168000000 mem=947032064 instructions=3743144579802 wakeups=530297 diski=8323072 disko=36384768 rx=72342182 tx=30625981 comm=*system*
psu_energy_ac_mcp_machine=27842137573
-------
timestamp=3408054029759547
iterations=2633
sample_ns=100000000
window_ns=1000000000
rapl_core_sum_uj=11934596353
rapl_psys_sum_uj=0
pid=0 energy=34473367132679110 alive=1 kernel=1 cpu_ns=6890930204000000 mem=947306496 instructions=3743222535822 wakeups=531191 diski=8323072 disko=36384768 rx=72342995 tx=30626374 comm=*system*
psu_energy_ac_mcp_machine=27851627686
-------
timestamp=3408054190343506
iterations=2635
sample_ns=100000000
window_ns=1000000000
rapl_core_sum_uj=11935788674
rapl_psys_sum_uj=0
pid=0 energy=34473368258562385 alive=1 kernel=1 cpu_ns=6890930306000000 mem=947744768 instructions=3743345712477 wakeups=532488 diski=8323072 disko=36384768 rx=72344622 tx=30627169 comm=*system*
psu_energy_ac_mcp_machine=27859430298
-------
timestamp=3408054339195169
iterations=2636
sample_ns=100000000
window_ns=1000000000
rapl_core_sum_uj=11936315285
rapl_psys_sum_uj=0
pid=0 energy=34473368839100355 alive=1 kernel=1 cpu_ns=6890930369000000 mem=947036160 instructions=3743398820071 wakeups=533135 diski=8323072 disko=36384768 rx=72345437 tx=30627565 comm=*system*
psu_energy_ac_mcp_machine=27867230591
-------
timestamp=3408054497551324
iterations=2638
sample_ns=100000000
window_ns=1000000000
rapl_core_sum_uj=11938146583
rapl_psys_sum_uj=0
pid=0 energy=34473370036300345 alive=1 kernel=1 cpu_ns=6890930477000000 mem=948228096 instructions=3743530260069 wakeups=534534 diski=8323072 disko=36384768 rx=72347062 tx=30628358 comm=*system*
psu_energy_ac_mcp_machine=27874820435
-------
timestamp=3408054648093173
iterations=2639
sample_ns=100000000
window_ns=1000000000
rapl_core_sum_uj=11938693885
rapl_psys_sum_uj=0
pid=0 energy=34473370595315925 alive=1 kernel=1 cpu_ns=6890930533000000 mem=947441664 instructions=3743586063185 wakeups=535262 diski=8323072 disko=36384768 rx=72347937 tx=30628787 comm=*system*
psu_energy_ac_mcp_machine=27880470703
-------
timestamp=3408054786151167
iterations=2640
sample_ns=100000000
window_ns=1000000000
rapl_core_sum_uj=11939926306
rapl_psys_sum_uj=0
pid=0 energy=34473371182300005 alive=1 kernel=1 cpu_ns=6890930574000000 mem=947347456 instructions=3743662460001 wakeups=536111 diski=8323072 disko=36384768 rx=72348751 tx=30629185 comm=*system*
psu_energy_ac_mcp_machine=27889930908
-------
timestamp=3408054950718449
iterations=2642
sample_ns=100000000
window_ns=1000000000
rapl_core_sum_uj=11941136998
rapl_psys_sum_uj=0
pid=0 energy=34473372301428805 alive=1 kernel=1 cpu_ns=6890930674000000 mem=947036160 instructions=3743786285761 wakeups=537576 diski=8323072 disko=36405248 rx=72350442 tx=30630010 comm=*system*
psu_energy_ac_mcp_machine=27898433350
-------
timestamp=3408055096960462
iterations=2643
sample_ns=100000000
window_ns=1000000000
rapl_core_sum_uj=11941736363
rapl_psys_sum_uj=0
pid=0 energy=34473373127205830 alive=1 kernel=1 cpu_ns=6890930764000000 mem=947179520 instructions=3743861441166 wakeups=538367 diski=8323072 disko=36405248 rx=72351319 tx=30630438 comm=*system*
psu_energy_ac_mcp_machine=27906419434
-------
timestamp=3408055229720608
iterations=2644
sample_ns=100000000
window_ns=1000000000
rapl_core_sum_uj=11943153355
rapl_psys_sum_uj=0
pid=0 energy=34473373750102150 alive=1 kernel=1 cpu_ns=6890930805000000 mem=947183616 instructions=3743945020430 wakeups=539276 diski=8323072 disko=36405248 rx=72352194 tx=30630866 comm=*system*
psu_energy_ac_mcp_machine=27913668701
-------
timestamp=3408055374942244
iterations=2646
sample_ns=100000000
window_ns=1000000000
rapl_core_sum_uj=11945813815
rapl_psys_sum_uj=0
pid=0 energy=34473374615823080 alive=1 kernel=1 cpu_ns=6890930855000000 mem=947245056 instructions=3744068164616 wakeups=540916 diski=8323072 disko=36405248 rx=72353825 tx=30631662 comm=*system*
psu_energy_ac_mcp_machine=27922839111
-------
timestamp=3408055537916072
iterations=2647
sample_ns=100000000
window_ns=1000000000
rapl_core_sum_uj=11946445284
rapl_psys_sum_uj=0
pid=0 energy=34473375327981400 alive=1 kernel=1 cpu_ns=6890930919000000 mem=947290112 instructions=3744146596280 wakeups=541712 diski=8323072 disko=36405248 rx=72354640 tx=30632060 comm=*system*
psu_energy_ac_mcp_machine=27930474854
-------
timestamp=3408055688391598
iterations=2649
sample_ns=100000000
window_ns=1000000000
rapl_core_sum_uj=11947560944
rapl_psys_sum_uj=0
pid=0 energy=34473376603479365 alive=1 kernel=1 cpu_ns=6890931052000000 mem=947408896 instructions=3744268695873 wakeups=543026 diski=8323072 disko=36405248 rx=72356327 tx=30632883 comm=*system*
psu_energy_ac_mcp_machine=27936341064
-------
timestamp=3408055822331840
iterations=2650
sample_ns=100000000
window_ns=1000000000
rapl_core_sum_uj=11948543426
rapl_psys_sum_uj=0
pid=0 energy=34473377168134545 alive=1 kernel=1 cpu_ns=6890931090000000 mem=947175424 instructions=3744343626909 wakeups=543922 diski=8323072 disko=36405248 rx=72357142 tx=30633282 comm=*system*
psu_energy_ac_mcp_machine=27945091431
-------
timestamp=3408055960268223
iterations=2651
sample_ns=100000000
window_ns=1000000000
rapl_core_sum_uj=11949662871
rapl_psys_sum_uj=0
pid=0 energy=34473377738870430 alive=1 kernel=1 cpu_ns=6890931125000000 mem=947056640 instructions=3744422774086 wakeups=544842 diski=8323072 disko=36405248 rx=72357956 tx=30633679 comm=*system*
psu_energy_ac_mcp_machine=27951738892
-------
timestamp=3408056094009329
iterations=2653
sample_ns=100000000
window_ns=1000000000
rapl_core_sum_uj=11951442777
rapl_psys_sum_uj=0
pid=0 energy=34473378777886095 alive=1 kernel=1 cpu_ns=6890931193000000 mem=948211712 instructions=3744562577219 wakeups=546461 diski=8323072 disko=36405248 rx=72359584 tx=30634473 comm=*system*
psu_energy_ac_mcp_machine=27957470093
-------
timestamp=3408056239663049
iterations=2654
sample_ns=100000000
window_ns=1000000000
rapl_core_sum_uj=11952093839
rapl_psys_sum_uj=0
pid=0 energy=34473379353329770 alive=1 kernel=1 cpu_ns=6890931243000000 mem=945401856 instructions=3744627665954 wakeups=546950 diski=8323072 disko=36405248 rx=72360099 tx=30634730 comm=*system*
psu_energy_ac_mcp_machine=27966046509
-------
timestamp=3408056369770695
iterations=2655
sample_ns=100000000
window_ns=1000000000
rapl_core_sum_uj=11952941129
rapl_psys_sum_uj=0
pid=0 energy=34473381151473375 alive=1 kernel=1 cpu_ns=6890931331000000 mem=947113984 instructions=3744899294675 wakeups=547177 diski=8323072 disko=36405248 rx=72360114 tx=30634741 comm=*system*
psu_energy_ac_mcp_machine=27971628052
-------
timestamp=3408056498652475
iterations=2656
sample_ns=100000000
window_ns=1000000000
rapl_core_sum_uj=11954171902
rapl_psys_sum_uj=0
pid=0 energy=34473381604496315 alive=1 kernel=1 cpu_ns=6890931357000000 mem=946941952 instructions=3744963899263 wakeups=547796 diski=8323072 disko=36405248 rx=72360600 tx=30634972 comm=*system*
psu_energy_ac_mcp_machine=27982388428
-------
timestamp=3408056631146570
iterations=2658
sample_ns=100000000
window_ns=1000000000
rapl_core_sum_uj=11958013515
rapl_psys_sum_uj=0
pid=0 energy=34473382426085225 alive=1 kernel=1 cpu_ns=6890931388000000 mem=947404800 instructions=3745097217045 wakeups=549620 diski=8323072 disko=36405248 rx=72362228 tx=30635785 comm=*system*
psu_energy_ac_mcp_machine=27991057861
-------
timestamp=3408056775784880
iterations=2659
sample_ns=100000000
window_ns=1000000000
rapl_core_sum_uj=11959596339
rapl_psys_sum_uj=0
pid=0 energy=34473382969053315 alive=1 kernel=1 cpu_ns=6890931414000000 mem=947257344 instructions=3745179810663 wakeups=550601 diski=8323072 disko=36405248 rx=72363041 tx=30636184 comm=*system*
psu_energy_ac_mcp_machine=27999635254
-------
timestamp=3408056918179291
iterations=2660
sample_ns=100000000
window_ns=1000000000
rapl_core_sum_uj=11960245203
rapl_psys_sum_uj=0
pid=0 energy=34473383661846420 alive=1 kernel=1 cpu_ns=6890931478000000 mem=947249152 instructions=3745254369284 wakeups=551415 diski=8323072 disko=36405248 rx=72363856 tx=30636579 comm=*system*
psu_energy_ac_mcp_machine=28005727051
-------
timestamp=3408057073227832
iterations=2662
sample_ns=100000000
window_ns=1000000000
rapl_core_sum_uj=11961615380
rapl_psys_sum_uj=0
pid=0 energy=34473384278187730 alive=1 kernel=1 cpu_ns=6890931518000000 mem=940412928 instructions=3745337637546 wakeups=552090 diski=8323072 disko=36405248 rx=72364850 tx=30637265 comm=*system*
psu_energy_ac_mcp_machine=28013892334
-------
timestamp=3408057219761600
iterations=2663
sample_ns=100000000
window_ns=1000000000
rapl_core_sum_uj=11962100670
rapl_psys_sum_uj=0
pid=0 energy=34473384753391400 alive=1 kernel=1 cpu_ns=6890931571000000 mem=940355584 instructions=3745379678280 wakeups=552301 diski=8323072 disko=36405248 rx=72364850 tx=30637265 comm=*system*
psu_energy_ac_mcp_machine=28021069580
-------
timestamp=3408057376594483
iterations=2665
sample_ns=100000000
window_ns=1000000000
rapl_core_sum_uj=11963189719
rapl_psys_sum_uj=0
pid=0 energy=34473385137870175 alive=1 kernel=1 cpu_ns=6890931600000000 mem=940318720 instructions=3745427574035 wakeups=552536 diski=8323072 disko=36405248 rx=72364852 tx=30637265 comm=*system*
psu_energy_ac_mcp_machine=28028944702
-------
timestamp=3408057542790217
iterations=2666
sample_ns=100000000
window_ns=1000000000
rapl_core_sum_uj=11963665610
rapl_psys_sum_uj=0
pid=0 energy=34473385563483950 alive=1 kernel=1 cpu_ns=6890931646000000 mem=940281856 instructions=3745466696790 wakeups=552745 diski=8323072 disko=36405248 rx=72364852 tx=30637265 comm=*system*
psu_energy_ac_mcp_machine=28036955078
-------
timestamp=3408057692419286
iterations=2668
sample_ns=100000000
window_ns=1000000000
rapl_core_sum_uj=11964601156
rapl_psys_sum_uj=0
pid=0 energy=34473386212091895 alive=1 kernel=1 cpu_ns=6890931708000000 mem=940290048 instructions=3745534418379 wakeups=552991 diski=8323072 disko=36405248 rx=72364852 tx=30637265 comm=*system*
psu_energy_ac_mcp_machine=28042567871
-------
timestamp=3408057847197772
iterations=2669
sample_ns=100000000
window_ns=1000000000
rapl_core_sum_uj=11965296285
rapl_psys_sum_uj=0
pid=0 energy=34473386546959900 alive=1 kernel=1 cpu_ns=6890931733000000 mem=940519424 instructions=3745576391980 wakeups=553207 diski=8323072 disko=36405248 rx=72364852 tx=30637265 comm=*system*
psu_energy_ac_mcp_machine=28049690674
-------
timestamp=3408058010672530
iterations=2671
sample_ns=100000000
window_ns=1000000000
rapl_core_sum_uj=11966202290
rapl_psys_sum_uj=0
pid=0 energy=34473387216050680 alive=1 kernel=1 cpu_ns=6890931808000000 mem=940904448 instructions=3745635210136 wakeups=553440 diski=8323072 disko=36405248 rx=72364852 tx=30637265 comm=*system*
psu_energy_ac_mcp_machine=28057143799
-------
timestamp=3408058157157100
iterations=2672
sample_ns=100000000
window_ns=1000000000
rapl_core_sum_uj=11966652058
rapl_psys_sum_uj=0
pid=0 energy=34473387526701900 alive=1 kernel=1 cpu_ns=6890931842000000 mem=940298240 instructions=3745663340380 wakeups=553634 diski=8323072 disko=36405248 rx=72364852 tx=30637265 comm=*system*
psu_energy_ac_mcp_machine=28064543823
-------
timestamp=3408058314516681
iterations=2673
sample_ns=100000000
window_ns=1000000000
rapl_core_sum_uj=11967265705
rapl_psys_sum_uj=0
pid=0 energy=34473387861799010 alive=1 kernel=1 cpu_ns=6890931867000000 mem=940294144 instructions=3745705359802 wakeups=553851 diski=8323072 disko=36405248 rx=72364852 tx=30637265 comm=*system*
psu_energy_ac_mcp_machine=28072220703
-------
timestamp=3408058477732821
iterations=2675
sample_ns=100000000
window_ns=1000000000
rapl_core_sum_uj=11968166217
rapl_psys_sum_uj=0
pid=0 energy=34473388365832210 alive=1 kernel=1 cpu_ns=6890931923000000 mem=940302336 instructions=3745750166442 wakeups=554073 diski=8323072 disko=36405248 rx=72364852 tx=30637265 comm=*system*
psu_energy_ac_mcp_machine=28080348999
-------
timestamp=3408058640335729
iterations=2676
sample_ns=100000000
window_ns=1000000000
rapl_core_sum_uj=11968639666
rapl_psys_sum_uj=0
pid=0 energy=34473388831180270 alive=1 kernel=1 cpu_ns=6890931974000000 mem=940371968 instructions=3745792236054 wakeups=554287 diski=8323072 disko=36405248 rx=72364852 tx=30637265 comm=*system*
psu_energy_ac_mcp_machine=28087166016
-------
timestamp=3408058786834634
iterations=2678
sample_ns=100000000
window_ns=1000000000
rapl_core_sum_uj=11969531754
rapl_psys_sum_uj=0
pid=0 energy=34473389363890180 alive=1 kernel=1 cpu_ns=6890932035000000 mem=940376064 instructions=3745837778036 wakeups=554519 diski=8323072 disko=36405248 rx=72364852 tx=30637265 comm=*system*
psu_energy_ac_mcp_machine=28094549927
-------
timestamp=3408058949187967
iterations=2679
sample_ns=100000000
window_ns=1000000000
rapl_core_sum_uj=11970166336
rapl_psys_sum_uj=0
pid=0 energy=34473389703408240 alive=1 kernel=1 cpu_ns=6890932061000000 mem=940302336 instructions=3745879681648 wakeups=554730 diski=8323072 disko=36405248 rx=72364852 tx=30637265 comm=*system*
psu_energy_ac_mcp_machine=28102449829
-------
timestamp=3408059098638903
iterations=2681
sample_ns=100000000
window_ns=1000000000
rapl_core_sum_uj=11971037002
rapl_psys_sum_uj=0
pid=0 energy=34473390191568645 alive=1 kernel=1 cpu_ns=6890932114000000 mem=940376064 instructions=3745924313729 wakeups=554939 diski=8323072 disko=36405248 rx=72364852 tx=30637265 comm=*system*
psu_energy_ac_mcp_machine=28109373169
-------
timestamp=3408059255859439
iterations=2682
sample_ns=100000000
window_ns=1000000000
rapl_core_sum_uj=11971663588
rapl_psys_sum_uj=0
pid=0 energy=34473390510198765 alive=1 kernel=1 cpu_ns=6890932136000000 mem=940429312 instructions=3745966039753 wakeups=555156 diski=8323072 disko=36405248 rx=72364854 tx=30637265 comm=*system*
psu_energy_ac_mcp_machine=28117659424
-------
timestamp=3408059405706279
iterations=2684
sample_ns=100000000
window_ns=1000000000
rapl_core_sum_uj=11972523877
rapl_psys_sum_uj=0
pid=0 energy=34473391030851660 alive=1 kernel=1 cpu_ns=6890932195000000 mem=940494848 instructions=3746011170332 wakeups=555375 diski=8323072 disko=36405248 rx=72364854 tx=30637265 comm=*system*
psu_energy_ac_mcp_machine=28122851074
-------
timestamp=3408059564190544
iterations=2685
sample_ns=100000000
window_ns=1000000000
rapl_core_sum_uj=11973140698
rapl_psys_sum_uj=0
pid=0 energy=34473391378193345 alive=1 kernel=1 cpu_ns=6890932223000000 mem=940425216 instructions=3746052638669 wakeups=555575 diski=8323072 disko=36405248 rx=72364854 tx=30637265 comm=*system*
psu_energy_ac_mcp_machine=28130631958
-------
timestamp=3408059727307638
iterations=2687
sample_ns=100000000
window_ns=1000000000
rapl_core_sum_uj=11974076305
rapl_psys_sum_uj=0
pid=0 energy=34473392081439300 alive=1 kernel=1 cpu_ns=6890932301000000 mem=941084672 instructions=3746115287860 wakeups=555825 diski=8323072 disko=36405248 rx=72364854 tx=30637265 comm=*system*
psu_energy_ac_mcp_machine=28137878418
-------
timestamp=3408059874367763
iterations=2688
sample_ns=100000000
window_ns=1000000000
rapl_core_sum_uj=11974525889
rapl_psys_sum_uj=0
pid=0 energy=34473392351864395 alive=1 kernel=1 cpu_ns=6890932330000000 mem=940601344 instructions=3746140372879 wakeups=556019 diski=8323072 disko=36405248 rx=72364854 tx=30637265 comm=*system*
psu_energy_ac_mcp_machine=28146236328
-------
timestamp=3408060015551276
iterations=2689
sample_ns=100000000
window_ns=1000000000
rapl_core_sum_uj=11975146738
rapl_psys_sum_uj=0
pid=0 energy=34473392667197480 alive=1 kernel=1 cpu_ns=6890932351000000 mem=940380160 instructions=3746182439496 wakeups=556247 diski=8323072 disko=36425728 rx=72364854 tx=30637265 comm=*system*
psu_energy_ac_mcp_machine=28151676025
-------
timestamp=3408060157991944
iterations=2691
sample_ns=100000000
window_ns=1000000000
rapl_core_sum_uj=11976106026
rapl_psys_sum_uj=0
pid=0 energy=34473393046565250 alive=1 kernel=1 cpu_ns=6890932383000000 mem=940380160 instructions=3746226313050 wakeups=556452 diski=8323072 disko=36425728 rx=72364854 tx=30637265 comm=*system*
psu_energy_ac_mcp_machine=28159572632
-------
timestamp=3408060315905892
iterations=2692
sample_ns=100000000
window_ns=1000000000
rapl_core_sum_uj=11976711799
rapl_psys_sum_uj=0
pid=0 energy=34473393396447630 alive=1 kernel=1 cpu_ns=6890932411000000 mem=940417024 instructions=3746268289526 wakeups=556668 diski=8323072 disko=36425728 rx=72364854 tx=30637265 comm=*system*
psu_energy_ac_mcp_machine=28166419312
-------
timestamp=3408060462924086
iterations=2694
sample_ns=100000000
window_ns=1000000000
rapl_core_sum_uj=11977573004
rapl_psys_sum_uj=0
pid=0 energy=34473393910046870 alive=1 kernel=1 cpu_ns=6890932469000000 mem=940478464 instructions=3746313009374 wakeups=556887 diski=8323072 disko=36425728 rx=72364854 tx=30637265 comm=*system*
psu_energy_ac_mcp_machine=28174399658
-------
timestamp=3408060624251725
iterations=2695
sample_ns=100000000
window_ns=1000000000
rapl_core_sum_uj=11978188543
rapl_psys_sum_uj=0
pid=0 energy=34473394250280825 alive=1 kernel=1 cpu_ns=6890932495000000 mem=940322816 instructions=3746355056165 wakeups=557101 diski=8323072 disko=36425728 rx=72364854 tx=30637265 comm=*system*
psu_energy_ac_mcp_machine=28181741455
-------
timestamp=3408060790433225
iterations=2697
sample_ns=100000000
window_ns=1000000000
rapl_core_sum_uj=11979074589
rapl_psys_sum_uj=0
pid=0 energy=34473394823088365 alive=1 kernel=1 cpu_ns=6890932559000000 mem=940478464 instructions=3746405617673 wakeups=557342 diski=8323072 disko=36425728 rx=72364854 tx=30637265 comm=*system*
psu_energy_ac_mcp_machine=28190150513
-------
timestamp=3408060939706307
iterations=2698
sample_ns=100000000
window_ns=1000000000
rapl_core_sum_uj=11979559391
rapl_psys_sum_uj=0
pid=0 energy=34473395233901825 alive=1 kernel=1 cpu_ns=6890932604000000 mem=940544000 instructions=3746442780365 wakeups=557557 diski=8323072 disko=36425728 rx=72364854 tx=30637265 comm=*system*
psu_energy_ac_mcp_machine=28197146729
-------
timestamp=3408061101671626
iterations=2700
sample_ns=100000000
window_ns=1000000000
rapl_core_sum_uj=11980669620
rapl_psys_sum_uj=0
pid=0 energy=34473395863440875 alive=1 kernel=1 cpu_ns=6890932667000000 mem=941146112 instructions=3746505688175 wakeups=557799 diski=8323072 disko=36425728 rx=72364854 tx=30637265 comm=*system*
psu_energy_ac_mcp_machine=28204387207
-------
timestamp=3408061269252583
iterations=2701
sample_ns=100000000
window_ns=1000000000
rapl_core_sum_uj=11981142703
rapl_psys_sum_uj=0
pid=0 energy=34473396129894850 alive=1 kernel=1 cpu_ns=6890932696000000 mem=940318720 instructions=3746529978970 wakeups=557988 diski=8323072 disko=36425728 rx=72364856 tx=30637265 comm=*system*
psu_energy_ac_mcp_machine=28211936401
-------
timestamp=3408061436536593
iterations=2703
sample_ns=100000000
window_ns=1000000000
rapl_core_sum_uj=11982086367
rapl_psys_sum_uj=0
pid=0 energy=34473396813653050 alive=1 kernel=1 cpu_ns=6890932774000000 mem=940765184 instructions=3746588730610 wakeups=558233 diski=8323072 disko=36425728 rx=72364856 tx=30637265 comm=*system*
psu_energy_ac_mcp_machine=28219983398
-------
timestamp=3408061599735982
iterations=2704
sample_ns=100000000
window_ns=1000000000
rapl_core_sum_uj=11982547243
rapl_psys_sum_uj=0
pid=0 energy=34473397134778515 alive=1 kernel=1 cpu_ns=6890932809000000 mem=940376064 instructions=3746617955703 wakeups=558426 diski=8323072 disko=36425728 rx=72364856 tx=30637265 comm=*system*
psu_energy_ac_mcp_machine=28227801392
-------
timestamp=3408061746386072
iterations=2705
sample_ns=100000000
window_ns=1000000000
rapl_core_sum_uj=11983056886
rapl_psys_sum_uj=0
pid=0 energy=34473397617884760 alive=1 kernel=1 cpu_ns=6890932863000000 mem=940326912 instructions=3746660576952 wakeups=558649 diski=8323072 disko=36425728 rx=72364856 tx=30637265 comm=*system*
psu_energy_ac_mcp_machine=28234745972
-------
timestamp=3408061905037768
iterations=2707
sample_ns=100000000
window_ns=1000000000
rapl_core_sum_uj=11984148865
rapl_psys_sum_uj=0
pid=0 energy=34473397964858190 alive=1 kernel=1 cpu_ns=6890932887000000 mem=940171264 instructions=3746705971638 wakeups=558878 diski=8323072 disko=36425728 rx=72364856 tx=30637265 comm=*system*
psu_energy_ac_mcp_machine=28242559204
-------
timestamp=3408062055123833
iterations=2708
sample_ns=100000000
window_ns=1000000000
rapl_core_sum_uj=11984638122
rapl_psys_sum_uj=0
pid=0 energy=34473398447803995 alive=1 kernel=1 cpu_ns=6890932941000000 mem=940277760 instructions=3746748560799 wakeups=559093 diski=8323072 disko=36425728 rx=72364856 tx=30637265 comm=*system*
psu_energy_ac_mcp_machine=28248292725
-------
timestamp=3408062213252976
iterations=2710
sample_ns=100000000
window_ns=1000000000
rapl_core_sum_uj=11985704894
rapl_psys_sum_uj=0
pid=0 energy=34473398820579335 alive=1 kernel=1 cpu_ns=6890932971000000 mem=940335104 instructions=3746793115867 wakeups=559311 diski=8323072 disko=36425728 rx=72364856 tx=30637265 comm=*system*
psu_energy_ac_mcp_machine=28257962280
-------
timestamp=3408062363982998
iterations=2711
sample_ns=100000000
window_ns=1000000000
rapl_core_sum_uj=11986186095
rapl_psys_sum_uj=0
pid=0 energy=34473399287203435 alive=1 kernel=1 cpu_ns=6890933022000000 mem=940335104 instructions=3746835440687 wakeups=559514 diski=8323072 disko=36425728 rx=72364856 tx=30637265 comm=*system*
psu_energy_ac_mcp_machine=28263843140
-------
timestamp=3408062522262676
iterations=2713
sample_ns=100000000
window_ns=1000000000
rapl_core_sum_uj=11987179929
rapl_psys_sum_uj=0
pid=0 energy=34473399682669025 alive=1 kernel=1 cpu_ns=6890933055000000 mem=940339200 instructions=3746881533805 wakeups=559730 diski=8323072 disko=36425728 rx=72364856 tx=30637265 comm=*system*
psu_energy_ac_mcp_machine=28271420654
-------
timestamp=3408062668848330
iterations=2714
sample_ns=100000000
window_ns=1000000000
rapl_core_sum_uj=11987671262
rapl_psys_sum_uj=0
pid=0 energy=34473400120629735 alive=1 kernel=1 cpu_ns=6890933102000000 mem=940343296 instructions=3746922125947 wakeups=559943 diski=8323072 disko=36425728 rx=72364856 tx=30637265 comm=*system*
psu_energy_ac_mcp_machine=28278499146
-------
timestamp=3408062826360264
iterations=2716
sample_ns=100000000
window_ns=1000000000
rapl_core_sum_uj=11988784726
rapl_psys_sum_uj=0
pid=0 energy=34473400649482260 alive=1 kernel=1 cpu_ns=6890933148000000 mem=940761088 instructions=3746981896452 wakeups=560186 diski=8323072 disko=36425728 rx=72364856 tx=30637265 comm=*system*
psu_energy_ac_mcp_machine=28286702515
-------
timestamp=3408062991733310
iterations=2717
sample_ns=100000000
window_ns=1000000000
rapl_core_sum_uj=11989242428
rapl_psys_sum_uj=0
pid=0 energy=34473400958302250 alive=1 kernel=1 cpu_ns=6890933182000000 mem=940347392 instructions=3747009660450 wakeups=560390 diski=8323072 disko=36425728 rx=72364856 tx=30637265 comm=*system*
psu_energy_ac_mcp_machine=28294183838
-------
timestamp=3408063157364644
iterations=2719
sample_ns=100000000
window_ns=1000000000
rapl_core_sum_uj=11990194271
rapl_psys_sum_uj=0
pid=0 energy=34473401619086710 alive=1 kernel=1 cpu_ns=6890933257000000 mem=940773376 instructions=3747066817342 wakeups=560621 diski=8323072 disko=36425728 rx=72364856 tx=30637265 comm=*system*
psu_energy_ac_mcp_machine=28301627563
-------
timestamp=3408063303599459
iterations=2720
sample_ns=100000000
window_ns=1000000000
rapl_core_sum_uj=11990677791
rapl_psys_sum_uj=0
pid=0 energy=34473401963017675 alive=1 kernel=1 cpu_ns=6890933296000000 mem=940404736 instructions=3747096603535 wakeups=560809 diski=8323072 disko=36425728 rx=72364858 tx=30637265 comm=*system*
psu_energy_ac_mcp_machine=28309099976
-------
timestamp=3408063464941262
iterations=2721
sample_ns=100000000
window_ns=1000000000
rapl_core_sum_uj=11991353694
rapl_psys_sum_uj=0
pid=0 energy=34473402311621250 alive=1 kernel=1 cpu_ns=6890933323000000 mem=940474368 instructions=3747139324250 wakeups=561031 diski=8323072 disko=36425728 rx=72364858 tx=30637265 comm=*system*
psu_energy_ac_mcp_machine=28316916260
-------
timestamp=3408063615665855
iterations=2723
sample_ns=100000000
window_ns=1000000000
rapl_core_sum_uj=11992285944
rapl_psys_sum_uj=0
pid=0 energy=34473402816059250 alive=1 kernel=1 cpu_ns=6890933379000000 mem=940613632 instructions=3747184211850 wakeups=561243 diski=8323072 disko=36425728 rx=72364858 tx=30637265 comm=*system*
psu_energy_ac_mcp_machine=28321461914
-------
timestamp=3408063753362752
iterations=2724
sample_ns=100000000
window_ns=1000000000
rapl_core_sum_uj=11992984186
rapl_psys_sum_uj=0
pid=0 energy=34473403141478350 alive=1 kernel=1 cpu_ns=6890933402000000 mem=940683264 instructions=3747226295670 wakeups=561459 diski=8323072 disko=36425728 rx=72364858 tx=30637265 comm=*system*
psu_energy_ac_mcp_machine=28329665649
-------
timestamp=3408063911930332
iterations=2726
sample_ns=100000000
window_ns=1000000000
rapl_core_sum_uj=11994070062
rapl_psys_sum_uj=0
pid=0 energy=34473403697722310 alive=1 kernel=1 cpu_ns=6890933452000000 mem=941268992 instructions=3747287544462 wakeups=561700 diski=8323072 disko=36425728 rx=72364858 tx=30637265 comm=*system*
psu_energy_ac_mcp_machine=28337455688
-------
timestamp=3408064077804839
iterations=2727
sample_ns=100000000
window_ns=1000000000
rapl_core_sum_uj=11994522149
rapl_psys_sum_uj=0
pid=0 energy=34473403975733950 alive=1 kernel=1 cpu_ns=6890933482000000 mem=940359680 instructions=3747313146790 wakeups=561891 diski=8323072 disko=36425728 rx=72364858 tx=30637265 comm=*system*
psu_energy_ac_mcp_machine=28344871460
-------
timestamp=3408064224543589
iterations=2729
sample_ns=100000000
window_ns=1000000000
rapl_core_sum_uj=11995390862
rapl_psys_sum_uj=0
pid=0 energy=34473404497343335 alive=1 kernel=1 cpu_ns=6890933539000000 mem=940359680 instructions=3747360468667 wakeups=562111 diski=8323072 disko=36425728 rx=72364858 tx=30637265 comm=*system*
psu_energy_ac_mcp_machine=28352447266
-------
timestamp=3408064382187976
iterations=2730
sample_ns=100000000
window_ns=1000000000
rapl_core_sum_uj=11996077629
rapl_psys_sum_uj=0
pid=0 energy=34473404794101780 alive=1 kernel=1 cpu_ns=6890933559000000 mem=940437504 instructions=3747399820356 wakeups=562323 diski=8323072 disko=36425728 rx=72364858 tx=30637265 comm=*system*
psu_energy_ac_mcp_machine=28359791626
-------
timestamp=3408064532954977
iterations=2731
sample_ns=100000000
window_ns=1000000000
rapl_core_sum_uj=11996571403
rapl_psys_sum_uj=0
pid=0 energy=34473405253024580 alive=1 kernel=1 cpu_ns=6890933609000000 mem=940511232 instructions=3747441604916 wakeups=562522 diski=8323072 disko=36425728 rx=72364858 tx=30637265 comm=*system*
psu_energy_ac_mcp_machine=28365554443
-------
timestamp=3408064690261695
iterations=2733
sample_ns=100000000
window_ns=1000000000
rapl_core_sum_uj=11997602164
rapl_psys_sum_uj=0
pid=0 energy=34473405642194210 alive=1 kernel=1 cpu_ns=6890933642000000 mem=940507136 instructions=3747486438842 wakeups=562750 diski=8323072 disko=36425728 rx=72364858 tx=30637265 comm=*system*
psu_energy_ac_mcp_machine=28373774536
-------
timestamp=3408064836948240
iterations=2734
sample_ns=100000000
window_ns=1000000000
rapl_core_sum_uj=11998077688
rapl_psys_sum_uj=0
pid=0 energy=34473406125875870 alive=1 kernel=1 cpu_ns=6890933696000000 mem=940544000 instructions=3747529175174 wakeups=562969 diski=8323072 disko=36425728 rx=72364858 tx=30637265 comm=*system*
psu_energy_ac_mcp_machine=28381028564
-------
timestamp=3408064978945867
iterations=2736
sample_ns=100000000
window_ns=1000000000
rapl_core_sum_uj=11999137196
rapl_psys_sum_uj=0
pid=0 energy=34473406561840935 alive=1 kernel=1 cpu_ns=6890933731000000 mem=940920832 instructions=3747581368187 wakeups=563212 diski=8323072 disko=36425728 rx=72364858 tx=30637265 comm=*system*
psu_energy_ac_mcp_machine=28386595581
-------
timestamp=3408065134016298
iterations=2737
sample_ns=100000000
window_ns=1000000000
rapl_core_sum_uj=11999787708
rapl_psys_sum_uj=0
pid=0 energy=34473406796518505 alive=1 kernel=1 cpu_ns=6890933743000000 mem=940376064 instructions=3747616303701 wakeups=563425 diski=8323072 disko=36446208 rx=72364858 tx=30637265 comm=*system*
psu_energy_ac_mcp_machine=28394374512
-------
timestamp=3408065281441781
iterations=2738
sample_ns=100000000
window_ns=1000000000
rapl_core_sum_uj=12000294666
rapl_psys_sum_uj=0
pid=0 energy=34473407268648755 alive=1 kernel=1 cpu_ns=6890933795000000 mem=940371968 instructions=3747658729751 wakeups=563635 diski=8323072 disko=36532224 rx=72364860 tx=30637265 comm=*system*
psu_energy_ac_mcp_machine=28402126709
-------
timestamp=3408065422734461
iterations=2740
sample_ns=100000000
window_ns=1000000000
rapl_core_sum_uj=12001313403
rapl_psys_sum_uj=0
pid=0 energy=34473407719429390 alive=1 kernel=1 cpu_ns=6890933836000000 mem=940376064 instructions=3747707885878 wakeups=563870 diski=8323072 disko=36532224 rx=72364860 tx=30637265 comm=*system*
psu_energy_ac_mcp_machine=28409376221
-------
timestamp=3408065581500569
iterations=2741
sample_ns=100000000
window_ns=1000000000
rapl_core_sum_uj=12001999560
rapl_psys_sum_uj=0
pid=0 energy=34473408000411455 alive=1 kernel=1 cpu_ns=6890933855000000 mem=940384256 instructions=3747745082291 wakeups=564078 diski=8323072 disko=36532224 rx=72364860 tx=30637265 comm=*system*
psu_energy_ac_mcp_machine=28417756348
-------
timestamp=3408065731411034
iterations=2742
sample_ns=100000000
window_ns=1000000000
rapl_core_sum_uj=12002504381
rapl_psys_sum_uj=0
pid=0 energy=34473408490440145 alive=1 kernel=1 cpu_ns=6890933910000000 mem=940142592 instructions=3747788088029 wakeups=564305 diski=8323072 disko=36540416 rx=72364861 tx=30637266 comm=*system*
psu_energy_ac_mcp_machine=28423300293
-------
timestamp=3408065869467096
iterations=2744
sample_ns=100000000
window_ns=1000000000
rapl_core_sum_uj=12003550522
rapl_psys_sum_uj=0
pid=0 energy=34473408836324835 alive=1 kernel=1 cpu_ns=6890933934000000 mem=940384256 instructions=3747833264967 wakeups=564531 diski=8323072 disko=36540416 rx=72364861 tx=30637266 comm=*system*
psu_energy_ac_mcp_machine=28431412109
-------
timestamp=3408066010532448
iterations=2745
sample_ns=100000000
window_ns=1000000000
rapl_core_sum_uj=12004189438
rapl_psys_sum_uj=0
pid=0 energy=34473409159045795 alive=1 kernel=1 cpu_ns=6890933957000000 mem=940498944 instructions=3747874809159 wakeups=564737 diski=8323072 disko=36540416 rx=72364861 tx=30637266 comm=*system*
psu_energy_ac_mcp_machine=28436826050
-------
timestamp=3408066168177366
iterations=2747
sample_ns=100000000
window_ns=1000000000
rapl_core_sum_uj=12005217880
rapl_psys_sum_uj=0
pid=0 energy=34473409656846905 alive=1 kernel=1 cpu_ns=6890934001000000 mem=940564480 instructions=3747930369381 wakeups=564971 diski=8323072 disko=36540416 rx=72364862 tx=30637266 comm=*system*
psu_energy_ac_mcp_machine=28444164307
-------
timestamp=3408066315276398
iterations=2748
sample_ns=100000000
window_ns=1000000000
rapl_core_sum_uj=12005674606
rapl_psys_sum_uj=0
pid=0 energy=34473410025223380 alive=1 kernel=1 cpu_ns=6890934042000000 mem=940331008 instructions=3747963044676 wakeups=565172 diski=8323072 disko=36540416 rx=72364862 tx=30637266 comm=*system*
psu_energy_ac_mcp_machine=28452054810
-------
timestamp=3408066456118261
iterations=2749
sample_ns=100000000
window_ns=1000000000
rapl_core_sum_uj=12006374129
rapl_psys_sum_uj=0
pid=0 energy=34473410333114825 alive=1 kernel=1 cpu_ns=6890934062000000 mem=940232704 instructions=3748004622965 wakeups=565381 diski=8323072 disko=36540416 rx=72364862 tx=30637266 comm=*system*
psu_energy_ac_mcp_machine=28458392090
-------
timestamp=3408066596932540
iterations=2751
sample_ns=100000000
window_ns=1000000000
rapl_core_sum_uj=12007440718
rapl_psys_sum_uj=0
pid=0 energy=34473410679319845 alive=1 kernel=1 cpu_ns=6890934087000000 mem=940236800 instructions=3748048863969 wakeups=565591 diski=8323072 disko=36540416 rx=72364862 tx=30637266 comm=*system*
psu_energy_ac_mcp_machine=28466333252
-------
timestamp=3408066740944979
iterations=2752
sample_ns=100000000
window_ns=1000000000
rapl_core_sum_uj=12008054548
rapl_psys_sum_uj=0
pid=0 energy=34473411015660655 alive=1 kernel=1 cpu_ns=6890934112000000 mem=940503040 instructions=3748091132131 wakeups=565812 diski=8323072 disko=36540416 rx=72364862 tx=30637266 comm=*system*
psu_energy_ac_mcp_machine=28470967285
-------
timestamp=3408066898524735
iterations=2753
sample_ns=100000000
window_ns=1000000000
rapl_core_sum_uj=12008690900
rapl_psys_sum_uj=0
pid=0 energy=34473411365260820 alive=1 kernel=1 cpu_ns=6890934140000000 mem=940572672 instructions=3748133052164 wakeups=566030 diski=8323072 disko=36540416 rx=72364862 tx=30637266 comm=*system*
psu_energy_ac_mcp_machine=28481536743
-------
timestamp=3408067064898295
iterations=2755
sample_ns=100000000
window_ns=1000000000
rapl_core_sum_uj=12009570050
rapl_psys_sum_uj=0
pid=0 energy=34473411881730970 alive=1 kernel=1 cpu_ns=6890934198000000 mem=940400640 instructions=3748178346194 wakeups=566254 diski=8323072 disko=36540416 rx=72364862 tx=30637266 comm=*system*
psu_energy_ac_mcp_machine=28488586914
-------
timestamp=3408067215667461
iterations=2756
sample_ns=100000000
window_ns=1000000000
rapl_core_sum_uj=12010051800
rapl_psys_sum_uj=0
pid=0 energy=34473412352658250 alive=1 kernel=1 cpu_ns=6890934250000000 mem=940261376 instructions=3748220531650 wakeups=566458 diski=8323072 disko=36540416 rx=72364862 tx=30637266 comm=*system*
psu_energy_ac_mcp_machine=28494156372
-------
timestamp=3408067356571693
iterations=2758
sample_ns=100000000
window_ns=1000000000
rapl_core_sum_uj=12011050640
rapl_psys_sum_uj=0
pid=0 energy=34473412716521905 alive=1 kernel=1 cpu_ns=6890934278000000 mem=940605440 instructions=3748265304381 wakeups=566687 diski=8323072 disko=36540416 rx=72364864 tx=30637266 comm=*system*
psu_energy_ac_mcp_machine=28501823242
-------
timestamp=3408067517997005
iterations=2759
sample_ns=100000000
window_ns=1000000000
rapl_core_sum_uj=12011624919
rapl_psys_sum_uj=0
pid=0 energy=34473413064993115 alive=1 kernel=1 cpu_ns=6890934306000000 mem=940609536 instructions=3748306998623 wakeups=566889 diski=8323072 disko=36540416 rx=72364864 tx=30637266 comm=*system*
psu_energy_ac_mcp_machine=28510043701
-------
timestamp=3408067681086254
iterations=2761
sample_ns=100000000
window_ns=1000000000
rapl_core_sum_uj=12012463724
rapl_psys_sum_uj=0
pid=0 energy=34473413569976190 alive=1 kernel=1 cpu_ns=6890934362000000 mem=940453888 instructions=3748351995238 wakeups=567115 diski=8323072 disko=36540416 rx=72364864 tx=30637266 comm=*system*
psu_energy_ac_mcp_machine=28517812134
-------
timestamp=3408067828343014
iterations=2762
sample_ns=100000000
window_ns=1000000000
rapl_core_sum_uj=12012968118
rapl_psys_sum_uj=0
pid=0 energy=34473414275606860 alive=1 kernel=1 cpu_ns=6890934432000000 mem=940470272 instructions=3748423121372 wakeups=567359 diski=8323072 disko=36540416 rx=72364864 tx=30637266 comm=*system*
psu_energy_ac_mcp_machine=28524901001
-------
timestamp=3408067985646927
iterations=2764
sample_ns=100000000
window_ns=1000000000
rapl_core_sum_uj=12014039711
rapl_psys_sum_uj=0
pid=0 energy=34473414658356635 alive=1 kernel=1 cpu_ns=6890934461000000 mem=940408832 instructions=3748470671327 wakeups=567595 diski=8323072 disko=36540416 rx=72364864 tx=30637266 comm=*system*
psu_energy_ac_mcp_machine=28531834473
-------
timestamp=3408068136324163
iterations=2765
sample_ns=100000000
window_ns=1000000000
rapl_core_sum_uj=12014512977
rapl_psys_sum_uj=0
pid=0 energy=34473415103130075 alive=1 kernel=1 cpu_ns=6890934510000000 mem=940490752 instructions=3748510626015 wakeups=567804 diski=8323072 disko=36540416 rx=72364864 tx=30637266 comm=*system*
psu_energy_ac_mcp_machine=28537492676
-------
timestamp=3408068278247699
iterations=2766
sample_ns=100000000
window_ns=1000000000
rapl_core_sum_uj=12015134925
rapl_psys_sum_uj=0
pid=0 energy=34473415439998820 alive=1 kernel=1 cpu_ns=6890934536000000 mem=940748800 instructions=3748551999764 wakeups=568010 diski=8323072 disko=36540416 rx=72364864 tx=30637266 comm=*system*
psu_energy_ac_mcp_machine=28545707153
-------
timestamp=3408068421302163
iterations=2768
sample_ns=100000000
window_ns=1000000000
rapl_core_sum_uj=12016217688
rapl_psys_sum_uj=0
pid=0 energy=34473415783672125 alive=1 kernel=1 cpu_ns=6890934560000000 mem=940453888 instructions=3748596734425 wakeups=568233 diski=8323072 disko=36540416 rx=72364864 tx=30637266 comm=*system*
psu_energy_ac_mcp_machine=28551269775
-------
timestamp=3408068562845947
iterations=2769
sample_ns=100000000
window_ns=1000000000
rapl_core_sum_uj=12016859716
rapl_psys_sum_uj=0
pid=0 energy=34473416122987990 alive=1 kernel=1 cpu_ns=6890934586000000 mem=940544000 instructions=3748638597598 wakeups=568440 diski=8323072 disko=36540416 rx=72364864 tx=30637266 comm=*system*
psu_energy_ac_mcp_machine=28559260132
-------
timestamp=3408068720666869
iterations=2771
sample_ns=100000000
window_ns=1000000000
rapl_core_sum_uj=12017916844
rapl_psys_sum_uj=0
pid=0 energy=34473416781243090 alive=1 kernel=1 cpu_ns=6890934650000000 mem=941703168 instructions=3748706248618 wakeups=568691 diski=8323072 disko=36540416 rx=72364864 tx=30637266 comm=*system*
psu_energy_ac_mcp_machine=28567113525
-------
timestamp=3408068884168713
iterations=2772
sample_ns=100000000
window_ns=1000000000
rapl_core_sum_uj=12018367893
rapl_psys_sum_uj=0
pid=0 energy=34473416995889670 alive=1 kernel=1 cpu_ns=6890934674000000 mem=940703744 instructions=3748725177934 wakeups=568862 diski=8323072 disko=36540416 rx=72364864 tx=30637266 comm=*system*
psu_energy_ac_mcp_machine=28574896362
-------
timestamp=3408069047637520
iterations=2774
sample_ns=100000000
window_ns=1000000000
rapl_core_sum_uj=12019254672
rapl_psys_sum_uj=0
pid=0 energy=34473417697564415 alive=1 kernel=1 cpu_ns=6890934752000000 mem=941092864 instructions=3748787512883 wakeups=569113 diski=8323072 disko=36540416 rx=72364864 tx=30637266 comm=*system*
psu_energy_ac_mcp_machine=28582178101
-------
timestamp=3408069194502999
iterations=2775
sample_ns=100000000
window_ns=1000000000
rapl_core_sum_uj=12019691378
rapl_psys_sum_uj=0
pid=0 energy=34473417975345870 alive=1 kernel=1 cpu_ns=6890934782000000 mem=940421120 instructions=3748813069174 wakeups=569307 diski=8323072 disko=36540416 rx=72364864 tx=30637266 comm=*system*
psu_energy_ac_mcp_machine=28589108154
-------
timestamp=3408069338686294
iterations=2776
sample_ns=100000000
window_ns=1000000000
rapl_core_sum_uj=12020322237
rapl_psys_sum_uj=0
pid=0 energy=34473418329541580 alive=1 kernel=1 cpu_ns=6890934811000000 mem=940421120 instructions=3748854908316 wakeups=569514 diski=8323072 disko=36540416 rx=72364866 tx=30637266 comm=*system*
psu_energy_ac_mcp_machine=28595461548
-------
timestamp=3408069476649011
iterations=2778
sample_ns=100000000
window_ns=1000000000
rapl_core_sum_uj=12021397127
rapl_psys_sum_uj=0
pid=0 energy=34473418744936470 alive=1 kernel=1 cpu_ns=6890934844000000 mem=940421120 instructions=3748904987294 wakeups=569744 diski=8323072 disko=36540416 rx=72364866 tx=30637266 comm=*system*
psu_energy_ac_mcp_machine=28602750977
-------
timestamp=3408069618500916
iterations=2779
sample_ns=100000000
window_ns=1000000000
rapl_core_sum_uj=12022083345
rapl_psys_sum_uj=0
pid=0 energy=34473418998106315 alive=1 kernel=1 cpu_ns=6890934858000000 mem=940429312 instructions=3748941621263 wakeups=569952 diski=8323072 disko=36540416 rx=72364866 tx=30637266 comm=*system*
psu_energy_ac_mcp_machine=28609414307
-------
timestamp=3408069749068537
iterations=2780
sample_ns=100000000
window_ns=1000000000
rapl_core_sum_uj=12022762910
rapl_psys_sum_uj=0
pid=0 energy=34473419332693060 alive=1 kernel=1 cpu_ns=6890934883000000 mem=940425216 instructions=3748983538612 wakeups=570171 diski=8323072 disko=36540416 rx=72364866 tx=30637266 comm=*system*
psu_energy_ac_mcp_machine=28616764526
-------
timestamp=3408069907358054
iterations=2781
sample_ns=100000000
window_ns=1000000000
rapl_core_sum_uj=12023398224
rapl_psys_sum_uj=0
pid=0 energy=34473419753149150 alive=1 kernel=1 cpu_ns=6890934908000000 mem=940429312 instructions=3749042629830 wakeups=570385 diski=8323072 disko=36540416 rx=72364866 tx=30637266 comm=*system*
psu_energy_ac_mcp_machine=28624302368
-------
timestamp=3408070073931722
iterations=2783
sample_ns=100000000
window_ns=1000000000
rapl_core_sum_uj=12024284698
rapl_psys_sum_uj=0
pid=0 energy=34473420270849920 alive=1 kernel=1 cpu_ns=6890934966000000 mem=940425216 instructions=3749088169984 wakeups=570613 diski=8323072 disko=36540416 rx=72364866 tx=30637266 comm=*system*
psu_energy_ac_mcp_machine=28631915405
-------
timestamp=3408070224190444
iterations=2784
sample_ns=100000000
window_ns=1000000000
rapl_core_sum_uj=12024737761
rapl_psys_sum_uj=0
pid=0 energy=34473420746453800 alive=1 kernel=1 cpu_ns=6890935019000000 mem=940339200 instructions=3749130290760 wakeups=570820 diski=8323072 disko=36573184 rx=72364866 tx=30637266 comm=*system*
psu_energy_ac_mcp_machine=28639708618
-------
timestamp=3408070368128501
iterations=2786
sample_ns=100000000
window_ns=1000000000
rapl_core_sum_uj=12025725248
rapl_psys_sum_uj=0
pid=0 energy=34473421132335120 alive=1 kernel=1 cpu_ns=6890935052000000 mem=940523520 instructions=3749174467024 wakeups=571024 diski=8323072 disko=36573184 rx=72364866 tx=30637266 comm=*system*
psu_energy_ac_mcp_machine=28645058350
-------
timestamp=3408070509176702
iterations=2787
sample_ns=100000000
window_ns=1000000000
rapl_core_sum_uj=12026310086
rapl_psys_sum_uj=0
pid=0 energy=34473421480314365 alive=1 kernel=1 cpu_ns=6890935080000000 mem=940703744 instructions=3749216062873 wakeups=571232 diski=8323072 disko=36573184 rx=72364866 tx=30637266 comm=*system*
psu_energy_ac_mcp_machine=28653483765
-------
timestamp=3408070654040770
iterations=2788
sample_ns=100000000
window_ns=1000000000
rapl_core_sum_uj=12026967556
rapl_psys_sum_uj=0
pid=0 energy=34473421815426735 alive=1 kernel=1 cpu_ns=6890935105000000 mem=940642304 instructions=3749258085347 wakeups=571441 diski=8323072 disko=36573184 rx=72364866 tx=30637266 comm=*system*
psu_energy_ac_mcp_machine=28658890869
-------
timestamp=3408070794954125
iterations=2790
sample_ns=100000000
window_ns=1000000000
rapl_core_sum_uj=12027955409
rapl_psys_sum_uj=0
pid=0 energy=34473422217016100 alive=1 kernel=1 cpu_ns=6890935139000000 mem=940716032 instructions=3749304403220 wakeups=571682 diski=8323072 disko=36573184 rx=72364866 tx=30637266 comm=*system*
psu_energy_ac_mcp_machine=28666137451
-------
timestamp=3408070956317872
iterations=2791
sample_ns=100000000
window_ns=1000000000
rapl_core_sum_uj=12028541346
rapl_psys_sum_uj=0
pid=0 energy=34473422557324200 alive=1 kernel=1 cpu_ns=6890935166000000 mem=940441600 instructions=3749345464840 wakeups=571890 diski=8323072 disko=36573184 rx=72364866 tx=30637266 comm=*system*
psu_energy_ac_mcp_machine=28673605957
-------
timestamp=3408071122302851
iterations=2793
sample_ns=100000000
window_ns=1000000000
rapl_core_sum_uj=12029468530
rapl_psys_sum_uj=0
pid=0 energy=34473423253885930 alive=1 kernel=1 cpu_ns=6890935245000000 mem=940998656 instructions=3749405777186 wakeups=572130 diski=8323072 disko=36573184 rx=72364866 tx=30637266 comm=*system*
psu_energy_ac_mcp_machine=28682039063
-------
timestamp=3408071284929049
iterations=2794
sample_ns=100000000
window_ns=1000000000
rapl_core_sum_uj=12029933007
rapl_psys_sum_uj=0
pid=0 energy=34473423559141985 alive=1 kernel=1 cpu_ns=6890935278000000 mem=940482560 instructions=3749433828397 wakeups=572334 diski=8323072 disko=36573184 rx=72364868 tx=30637266 comm=*system*
psu_energy_ac_mcp_machine=28688713013
-------
timestamp=3408071448771301
iterations=2796
sample_ns=100000000
window_ns=1000000000
rapl_core_sum_uj=12030854881
rapl_psys_sum_uj=0
pid=0 energy=34473424320343375 alive=1 kernel=1 cpu_ns=6890935362000000 mem=941432832 instructions=3749502068675 wakeups=572589 diski=8323072 disko=36573184 rx=72364868 tx=30637266 comm=*system*
psu_energy_ac_mcp_machine=28696531738
-------
timestamp=3408071595498309
iterations=2797
sample_ns=100000000
window_ns=1000000000
rapl_core_sum_uj=12031294822
rapl_psys_sum_uj=0
pid=0 energy=34473424526628750 alive=1 kernel=1 cpu_ns=6890935384000000 mem=940572672 instructions=3749521325750 wakeups=572762 diski=8323072 disko=36573184 rx=72364868 tx=30637266 comm=*system*
psu_energy_ac_mcp_machine=28703500610
-------
timestamp=3408071736519160
iterations=2798
sample_ns=100000000
window_ns=1000000000
rapl_core_sum_uj=12031958396
rapl_psys_sum_uj=0
pid=0 energy=34473424852080465 alive=1 kernel=1 cpu_ns=6890935407000000 mem=940310528 instructions=3749563416093 wakeups=572987 diski=8323072 disko=36573184 rx=72364868 tx=30637266 comm=*system*
psu_energy_ac_mcp_machine=28709995239
-------
timestamp=3408071874415018
iterations=2799
sample_ns=100000000
window_ns=1000000000
rapl_core_sum_uj=12032697653
rapl_psys_sum_uj=0
pid=0 energy=34473425176089295 alive=1 kernel=1 cpu_ns=6890935430000000 mem=940400640 instructions=3749605217859 wakeups=573199 diski=8323072 disko=36573184 rx=72364868 tx=30637266 comm=*system*
psu_energy_ac_mcp_machine=28717521240
-------
timestamp=3408072031905550
iterations=2801
sample_ns=100000000
window_ns=1000000000
rapl_core_sum_uj=12033771993
rapl_psys_sum_uj=0
pid=0 energy=34473425517489925 alive=1 kernel=1 cpu_ns=6890935453000000 mem=940515328 instructions=3749650497985 wakeups=573433 diski=8323072 disko=36573184 rx=72364868 tx=30637266 comm=*system*
psu_energy_ac_mcp_machine=28725723022
-------
timestamp=3408072197228947
iterations=2802
sample_ns=100000000
window_ns=1000000000
rapl_core_sum_uj=12034257100
rapl_psys_sum_uj=0
pid=0 energy=34473425995022935 alive=1 kernel=1 cpu_ns=6890935506000000 mem=940576768 instructions=3749693004587 wakeups=573642 diski=8323072 disko=36573184 rx=72364868 tx=30637266 comm=*system*
psu_energy_ac_mcp_machine=28733562378
-------
timestamp=3408072363252785
iterations=2804
sample_ns=100000000
window_ns=1000000000
rapl_core_sum_uj=12035167316
rapl_psys_sum_uj=0
pid=0 energy=34473426506689100 alive=1 kernel=1 cpu_ns=6890935563000000 mem=940621824 instructions=3749738337820 wakeups=573871 diski=8323072 disko=36573184 rx=72364868 tx=30637266 comm=*system*
psu_energy_ac_mcp_machine=28740511353
-------
timestamp=3408072526419118
iterations=2805
sample_ns=100000000
window_ns=1000000000
rapl_core_sum_uj=12035637469
rapl_psys_sum_uj=0
pid=0 energy=34473426983172430 alive=1 kernel=1 cpu_ns=6890935616000000 mem=940666880 instructions=3749780634486 wakeups=574079 diski=8323072 disko=36573184 rx=72364868 tx=30637266 comm=*system*
psu_energy_ac_mcp_machine=28747812256
-------
timestamp=3408072690297181
iterations=2807
sample_ns=100000000
window_ns=1000000000
rapl_core_sum_uj=12036538408
rapl_psys_sum_uj=0
pid=0 energy=34473427512889675 alive=1 kernel=1 cpu_ns=6890935677000000 mem=940457984 instructions=3749825577935 wakeups=574295 diski=8323072 disko=36573184 rx=72364868 tx=30637266 comm=*system*
psu_energy_ac_mcp_machine=28755779053
-------
timestamp=3408072836831384
iterations=2808
sample_ns=100000000
window_ns=1000000000
rapl_core_sum_uj=12037001664
rapl_psys_sum_uj=0
pid=0 energy=34473428005789760 alive=1 kernel=1 cpu_ns=6890935733000000 mem=940564480 instructions=3749868157952 wakeups=574510 diski=8323072 disko=36573184 rx=72364868 tx=30637266 comm=*system*
psu_energy_ac_mcp_machine=28763515869
-------
timestamp=3408072977725529
iterations=2810
sample_ns=100000000
window_ns=1000000000
rapl_core_sum_uj=12038074783
rapl_psys_sum_uj=0
pid=0 energy=34473428373371880 alive=1 kernel=1 cpu_ns=6890935760000000 mem=940457984 instructions=3749914674376 wakeups=574745 diski=8323072 disko=36573184 rx=72364868 tx=30637266 comm=*system*
psu_energy_ac_mcp_machine=28768565918
-------
timestamp=3408073135532582
iterations=2811
sample_ns=100000000
window_ns=1000000000
rapl_core_sum_uj=12038678115
rapl_psys_sum_uj=0
pid=0 energy=34473428697792965 alive=1 kernel=1 cpu_ns=6890935785000000 mem=940466176 instructions=3749954558593 wakeups=574951 diski=8323072 disko=36573184 rx=72364868 tx=30637266 comm=*system*
psu_energy_ac_mcp_machine=28777062622
-------
timestamp=3408073298563441
iterations=2813
sample_ns=100000000
window_ns=1000000000
rapl_core_sum_uj=12039617018
rapl_psys_sum_uj=0
pid=0 energy=34473429447855555 alive=1 kernel=1 cpu_ns=6890935869000000 mem=941473792 instructions=3750020571111 wakeups=575202 diski=8323072 disko=36573184 rx=72364870 tx=30637266 comm=*system*
psu_energy_ac_mcp_machine=28784015625
-------
timestamp=3408073462491101
iterations=2814
sample_ns=100000000
window_ns=1000000000
rapl_core_sum_uj=12040065016
rapl_psys_sum_uj=0
pid=0 energy=34473429677564115 alive=1 kernel=1 cpu_ns=6890935894000000 mem=940462080 instructions=3750041512823 wakeups=575376 diski=8323072 disko=36573184 rx=72364870 tx=30637266 comm=*system*
psu_energy_ac_mcp_machine=28793432495
-------
timestamp=3408073612534878
iterations=2815
sample_ns=100000000
window_ns=1000000000
rapl_core_sum_uj=12040513807
rapl_psys_sum_uj=0
pid=0 energy=34473430154480680 alive=1 kernel=1 cpu_ns=6890935947000000 mem=940380160 instructions=3750083896136 wakeups=575587 diski=8323072 disko=36573184 rx=72364870 tx=30637266 comm=*system*
psu_energy_ac_mcp_machine=28798546143
-------
timestamp=3408073750451831
iterations=2817
sample_ns=100000000
window_ns=1000000000
rapl_core_sum_uj=12041518444
rapl_psys_sum_uj=0
pid=0 energy=34473430503854565 alive=1 kernel=1 cpu_ns=6890935972000000 mem=940478464 instructions=3750128770913 wakeups=575814 diski=8323072 disko=36573184 rx=72364870 tx=30637266 comm=*system*
psu_energy_ac_mcp_machine=28806942749
-------
timestamp=3408073892235619
iterations=2818
sample_ns=100000000
window_ns=1000000000
rapl_core_sum_uj=12042155956
rapl_psys_sum_uj=0
pid=0 energy=34473430846928135 alive=1 kernel=1 cpu_ns=6890935999000000 mem=940503040 instructions=3750170385627 wakeups=576019 diski=8323072 disko=36573184 rx=72364870 tx=30637266 comm=*system*
psu_energy_ac_mcp_machine=28812411011
-------
timestamp=3408074047099476
iterations=2820
sample_ns=100000000
window_ns=1000000000
rapl_core_sum_uj=12043253001
rapl_psys_sum_uj=0
pid=0 energy=34473431584492745 alive=1 kernel=1 cpu_ns=6890936066000000 mem=941453312 instructions=3750250898549 wakeups=576384 diski=8323072 disko=39395328 rx=72364870 tx=30637266 comm=*system*
psu_energy_ac_mcp_machine=28820646851
-------
timestamp=3408074210660166
iterations=2821
sample_ns=100000000
window_ns=1000000000
rapl_core_sum_uj=12043677866
rapl_psys_sum_uj=0
pid=0 energy=34473431763699185 alive=1 kernel=1 cpu_ns=6890936085000000 mem=940474368 instructions=3750267739837 wakeups=576568 diski=8323072 disko=39395328 rx=72364870 tx=30637266 comm=*system*
psu_energy_ac_mcp_machine=28828282959
-------
timestamp=3408074357011024
iterations=2822
sample_ns=100000000
window_ns=1000000000
rapl_core_sum_uj=12044176767
rapl_psys_sum_uj=0
pid=0 energy=34473432260824315 alive=1 kernel=1 cpu_ns=6890936142000000 mem=940539904 instructions=3750310164863 wakeups=576776 diski=8323072 disko=39395328 rx=72364870 tx=30637266 comm=*system*
psu_energy_ac_mcp_machine=28835559692
-------
timestamp=3408074518417963
iterations=2824
sample_ns=100000000
window_ns=1000000000
rapl_core_sum_uj=12045205269
rapl_psys_sum_uj=0
pid=0 energy=34473432697002020 alive=1 kernel=1 cpu_ns=6890936180000000 mem=940515328 instructions=3750359400404 wakeups=576996 diski=8323072 disko=39395328 rx=72364870 tx=30637266 comm=*system*
psu_energy_ac_mcp_machine=28843515015
-------
timestamp=3408074684319172
iterations=2825
sample_ns=100000000
window_ns=1000000000
rapl_core_sum_uj=12045669014
rapl_psys_sum_uj=0
pid=0 energy=34473433119324060 alive=1 kernel=1 cpu_ns=6890936227000000 mem=940695552 instructions=3750396864812 wakeups=577204 diski=8323072 disko=39395328 rx=72364870 tx=30637266 comm=*system*
psu_energy_ac_mcp_machine=28850393066
-------
timestamp=3408074830992961
iterations=2827
sample_ns=100000000
window_ns=1000000000
rapl_core_sum_uj=12046527717
rapl_psys_sum_uj=0
pid=0 energy=34473433689734270 alive=1 kernel=1 cpu_ns=6890936292000000 mem=940511232 instructions=3750445946854 wakeups=577430 diski=8323072 disko=39395328 rx=72364870 tx=30637266 comm=*system*
psu_energy_ac_mcp_machine=28858341919
-------
timestamp=3408074988495007
iterations=2828
sample_ns=100000000
window_ns=1000000000
rapl_core_sum_uj=12047226752
rapl_psys_sum_uj=0
pid=0 energy=34473433973178450 alive=1 kernel=1 cpu_ns=6890936310000000 mem=940486656 instructions=3750484635690 wakeups=577644 diski=8323072 disko=39395328 rx=72364870 tx=30637266 comm=*system*
psu_energy_ac_mcp_machine=28865827515
-------
timestamp=3408075155083044
iterations=2830
sample_ns=100000000
window_ns=1000000000
rapl_core_sum_uj=12048180181
rapl_psys_sum_uj=0
pid=0 energy=34473434745352900 alive=1 kernel=1 cpu_ns=6890936398000000 mem=941469696 instructions=3750551070580 wakeups=577885 diski=8323072 disko=39395328 rx=72364870 tx=30637266 comm=*system*
psu_energy_ac_mcp_machine=28873260986
-------
timestamp=3408075321248911
iterations=2831
sample_ns=100000000
window_ns=1000000000
rapl_core_sum_uj=12048607671
rapl_psys_sum_uj=0
pid=0 energy=34473434971738235 alive=1 kernel=1 cpu_ns=6890936422000000 mem=940552192 instructions=3750572347647 wakeups=578066 diski=8323072 disko=39395328 rx=72364872 tx=30637266 comm=*system*
psu_energy_ac_mcp_machine=28880946167
-------
timestamp=3408075468491389
iterations=2832
sample_ns=100000000
window_ns=1000000000
rapl_core_sum_uj=12049105290
rapl_psys_sum_uj=0
pid=0 energy=34473435453663565 alive=1 kernel=1 cpu_ns=6890936476000000 mem=940589056 instructions=3750614732713 wakeups=578282 diski=8323072 disko=39395328 rx=72364872 tx=30637266 comm=*system*
psu_energy_ac_mcp_machine=28888977783
-------
timestamp=3408075609596463
iterations=2834
sample_ns=100000000
window_ns=1000000000
rapl_core_sum_uj=12050205630
rapl_psys_sum_uj=0
pid=0 energy=34473436373948875 alive=1 kernel=1 cpu_ns=6890936535000000 mem=940716032 instructions=3750739789775 wakeups=578534 diski=8323072 disko=39395328 rx=72364872 tx=30637266 comm=*system*
psu_energy_ac_mcp_machine=28893890625
-------
timestamp=3408075747486388
iterations=2835
sample_ns=100000000
window_ns=1000000000
rapl_core_sum_uj=12050898317
rapl_psys_sum_uj=0
pid=0 energy=34473436712287195 alive=1 kernel=1 cpu_ns=6890936560000000 mem=940593152 instructions=3750782457439 wakeups=578757 diski=8323072 disko=39395328 rx=72364873 tx=30637267 comm=*system*
psu_energy_ac_mcp_machine=28902458740
-------
timestamp=3408075888340911
iterations=2836
sample_ns=100000000
window_ns=1000000000
rapl_core_sum_uj=12051593690
rapl_psys_sum_uj=0
pid=0 energy=34473437042577170 alive=1 kernel=1 cpu_ns=6890936584000000 mem=940662784 instructions=3750824515434 wakeups=578969 diski=8323072 disko=39395328 rx=72364873 tx=30637267 comm=*system*
psu_energy_ac_mcp_machine=28907991699
-------
timestamp=3408076043106368
iterations=2838
sample_ns=100000000
window_ns=1000000000
rapl_core_sum_uj=12052643188
rapl_psys_sum_uj=0
pid=0 energy=34473437579262350 alive=1 kernel=1 cpu_ns=6890936632000000 mem=940883968 instructions=3750883852470 wakeups=579202 diski=8323072 disko=39395328 rx=72364873 tx=30637267 comm=*system*
psu_energy_ac_mcp_machine=28916378540
-------
timestamp=3408076189239622
iterations=2839
sample_ns=100000000
window_ns=1000000000
rapl_core_sum_uj=12053080932
rapl_psys_sum_uj=0
pid=0 energy=34473437899263615 alive=1 kernel=1 cpu_ns=6890936667000000 mem=940503040 instructions=3750912852723 wakeups=579402 diski=8323072 disko=39395328 rx=72364873 tx=30637267 comm=*system*
psu_energy_ac_mcp_machine=28923865356
-------
timestamp=3408076333216697
iterations=2840
sample_ns=100000000
window_ns=1000000000
rapl_core_sum_uj=12053665526
rapl_psys_sum_uj=0
pid=0 energy=34473438227296410 alive=1 kernel=1 cpu_ns=6890936691000000 mem=940634112 instructions=3750954459282 wakeups=579611 diski=8323072 disko=39395328 rx=72364873 tx=30637267 comm=*system*
psu_energy_ac_mcp_machine=28929403564
-------
timestamp=3408076473983422
iterations=2842
sample_ns=100000000
window_ns=1000000000
rapl_core_sum_uj=12054728819
rapl_psys_sum_uj=0
pid=0 energy=34473438658746500 alive=1 kernel=1 cpu_ns=6890936729000000 mem=940527616 instructions=3751002749300 wakeups=579860 diski=8323072 disko=39837696 rx=72364873 tx=30637267 comm=*system*
psu_energy_ac_mcp_machine=28937042358
-------
timestamp=3408076633623565
iterations=2843
sample_ns=100000000
window_ns=1000000000
rapl_core_sum_uj=12055291257
rapl_psys_sum_uj=0
pid=0 energy=34473438975347800 alive=1 kernel=1 cpu_ns=6890936752000000 mem=940322816 instructions=3751043069560 wakeups=580068 diski=8323072 disko=39837696 rx=72364873 tx=30637267 comm=*system*
psu_energy_ac_mcp_machine=28944220703
-------
timestamp=3408076799935819
iterations=2845
sample_ns=100000000
window_ns=1000000000
rapl_core_sum_uj=12056193172
rapl_psys_sum_uj=0
pid=0 energy=34473439680317705 alive=1 kernel=1 cpu_ns=6890936831000000 mem=941203456 instructions=3751105063541 wakeups=580317 diski=8323072 disko=39837696 rx=72364873 tx=30637267 comm=*system*
psu_energy_ac_mcp_machine=28951969482
-------
timestamp=3408076946339348
iterations=2846
sample_ns=100000000
window_ns=1000000000
rapl_core_sum_uj=12056670833
rapl_psys_sum_uj=0
pid=0 energy=34473440013347060 alive=1 kernel=1 cpu_ns=6890936868000000 mem=941019136 instructions=3751134669412 wakeups=580530 diski=8323072 disko=39837696 rx=72364875 tx=30637269 comm=*system*
psu_energy_ac_mcp_machine=28957563477
-------
timestamp=3408077081719774
iterations=2847
sample_ns=100000000
window_ns=1000000000
rapl_core_sum_uj=12062334041
rapl_psys_sum_uj=0
pid=0 energy=34473452221402325 alive=1 kernel=1 cpu_ns=6890937350000000 mem=966782976 instructions=3753094280465 wakeups=702314 diski=8323072 disko=39874560 rx=72364877 tx=30637272 comm=*system*
psu_energy_ac_mcp_machine=28979669189
-------
timestamp=3408077220863533
iterations=2848
sample_ns=100000000
window_ns=1000000000
rapl_core_sum_uj=12070278926
rapl_psys_sum_uj=0
pid=0 energy=34473463247754355 alive=1 kernel=1 cpu_ns=6890937974000000 mem=967008256 instructions=3754675550871 wakeups=801335 diski=8323072 disko=39874560 rx=72364877 tx=30637272 comm=*system*
psu_energy_ac_mcp_machine=28997526489
-------
timestamp=3408077356518097
iterations=2850
sample_ns=100000000
window_ns=1000000000
rapl_core_sum_uj=12086255487
rapl_psys_sum_uj=0
pid=0 energy=34473485429976275 alive=1 kernel=1 cpu_ns=6890939228000000 mem=967458816 instructions=3757857995255 wakeups=1004921 diski=8323072 disko=39874560 rx=72364879 tx=30637272 comm=*system*
psu_energy_ac_mcp_machine=29021255981
-------
timestamp=3408077494030845
iterations=2851
sample_ns=100000000
window_ns=1000000000
rapl_core_sum_uj=12094154046
rapl_psys_sum_uj=0
pid=0 energy=34473496389594875 alive=1 kernel=1 cpu_ns=6890939852000000 mem=967458816 instructions=3759425918975 wakeups=1103255 diski=8323072 disko=39874560 rx=72364879 tx=30637272 comm=*system*
psu_energy_ac_mcp_machine=29039022705
-------
timestamp=3408077630787113
iterations=2852
sample_ns=100000000
window_ns=1000000000
rapl_core_sum_uj=12102068840
rapl_psys_sum_uj=0
pid=0 energy=34473507338275650 alive=1 kernel=1 cpu_ns=6890940475000000 mem=967458816 instructions=3760992655130 wakeups=1201087 diski=8323072 disko=39874560 rx=72364879 tx=30637272 comm=*system*
psu_energy_ac_mcp_machine=29062759033
-------
timestamp=3408077769814241
iterations=2854
sample_ns=100000000
window_ns=1000000000
rapl_core_sum_uj=12117945732
rapl_psys_sum_uj=0
pid=0 energy=34473529339610905 alive=1 kernel=1 cpu_ns=6890941723000000 mem=967458816 instructions=3764144922181 wakeups=1401353 diski=8323072 disko=39874560 rx=72364879 tx=30637272 comm=*system*
psu_energy_ac_mcp_machine=29080603882
-------
timestamp=3408077906147743
iterations=2855
sample_ns=100000000
window_ns=1000000000
rapl_core_sum_uj=12125885490
rapl_psys_sum_uj=0
pid=0 energy=34473540366725755 alive=1 kernel=1 cpu_ns=6890942347000000 mem=967458816 instructions=3765726345151 wakeups=1501370 diski=8323072 disko=39874560 rx=72364879 tx=30637272 comm=*system*
psu_energy_ac_mcp_machine=29098443726
-------
timestamp=3408078042413155
iterations=2856
sample_ns=100000000
window_ns=1000000000
rapl_core_sum_uj=12133824393
rapl_psys_sum_uj=0
pid=0 energy=34473551333417445 alive=1 kernel=1 cpu_ns=6890942969000000 mem=967155712 instructions=3767297683489 wakeups=1599986 diski=8323072 disko=39874560 rx=72364879 tx=30637272 comm=*system*
psu_energy_ac_mcp_machine=29122265137
-------
timestamp=3408078182742732
iterations=2858
sample_ns=100000000
window_ns=1000000000
rapl_core_sum_uj=12149744741
rapl_psys_sum_uj=0
pid=0 energy=34473573327872270 alive=1 kernel=1 cpu_ns=6890944217000000 mem=967380992 instructions=3770448574454 wakeups=1799712 diski=8323072 disko=39874560 rx=72364879 tx=30637272 comm=*system*
psu_energy_ac_mcp_machine=29140132446
-------
timestamp=3408078319594957
iterations=2859
sample_ns=100000000
window_ns=1000000000
rapl_core_sum_uj=12157761525
rapl_psys_sum_uj=0
pid=0 energy=34473584301458270 alive=1 kernel=1 cpu_ns=6890944841000000 mem=967155712 instructions=3772019291654 wakeups=1898192 diski=8323072 disko=39874560 rx=72364879 tx=30637272 comm=*system*
psu_energy_ac_mcp_machine=29164041382
-------
timestamp=3408078459978643
iterations=2860
sample_ns=100000000
window_ns=1000000000
rapl_core_sum_uj=12165646290
rapl_psys_sum_uj=0
pid=0 energy=34473595167147005 alive=1 kernel=1 cpu_ns=6890945459000000 mem=967155712 instructions=3773574429401 wakeups=1995693 diski=8323072 disko=39874560 rx=72364879 tx=30637272 comm=*system*
psu_energy_ac_mcp_machine=29181922241
-------
timestamp=3408078596747505
iterations=2862
sample_ns=100000000
window_ns=1000000000
rapl_core_sum_uj=12181665881
rapl_psys_sum_uj=0
pid=0 energy=34473617280283605 alive=1 kernel=1 cpu_ns=6890946712000000 mem=967380992 instructions=3776744056721 wakeups=2197413 diski=8323072 disko=39874560 rx=72364879 tx=30637272 comm=*system*
psu_energy_ac_mcp_machine=29205767578
-------
timestamp=3408078736447291
iterations=2863
sample_ns=100000000
window_ns=1000000000
rapl_core_sum_uj=12189569994
rapl_psys_sum_uj=0
pid=0 energy=34473628184814480 alive=1 kernel=1 cpu_ns=6890947330000000 mem=967606272 instructions=3778306962896 wakeups=2296002 diski=8323072 disko=39874560 rx=72364879 tx=30637272 comm=*system*
psu_energy_ac_mcp_machine=29223663208
-------
timestamp=3408078871764866
iterations=2864
sample_ns=100000000
window_ns=1000000000
rapl_core_sum_uj=12197619615
rapl_psys_sum_uj=0
pid=0 energy=34473639256531325 alive=1 kernel=1 cpu_ns=6890947959000000 mem=967606272 instructions=3779892306265 wakeups=2395519 diski=8323072 disko=39874560 rx=72364879 tx=30637272 comm=*system*
psu_energy_ac_mcp_machine=29247529297
-------
timestamp=3408079012967937
iterations=2866
sample_ns=100000000
window_ns=1000000000
rapl_core_sum_uj=12213512132
rapl_psys_sum_uj=0
pid=0 energy=34473661245371580 alive=1 kernel=1 cpu_ns=6890949200000000 mem=967143424 instructions=3783049074316 wakeups=2597369 diski=8323072 disko=39874560 rx=72364879 tx=30637272 comm=*system*
psu_energy_ac_mcp_machine=29265429565
-------
timestamp=3408079149511572
iterations=2867
sample_ns=100000000
window_ns=1000000000
rapl_core_sum_uj=12221611497
rapl_psys_sum_uj=0
pid=0 energy=34473672317295305 alive=1 kernel=1 cpu_ns=6890949830000000 mem=967143424 instructions=3784633459061 wakeups=2696675 diski=8323072 disko=39874560 rx=72364879 tx=30637272 comm=*system*
psu_energy_ac_mcp_machine=29289356445
-------
timestamp=3408079288477313
iterations=2868
sample_ns=100000000
window_ns=1000000000
rapl_core_sum_uj=12229512192
rapl_psys_sum_uj=0
pid=0 energy=34473683190796120 alive=1 kernel=1 cpu_ns=6890950448000000 mem=967143424 instructions=3786190159224 wakeups=2794267 diski=8323072 disko=39874560 rx=72364881 tx=30637272 comm=*system*
psu_energy_ac_mcp_machine=29307269409
-------
timestamp=3408079425042256
iterations=2870
sample_ns=100000000
window_ns=1000000000
rapl_core_sum_uj=12245559860
rapl_psys_sum_uj=0
pid=0 energy=34473705212035010 alive=1 kernel=1 cpu_ns=6890951696000000 mem=967368704 instructions=3789346407002 wakeups=2994826 diski=8323072 disko=39874560 rx=72364881 tx=30637272 comm=*system*
psu_energy_ac_mcp_machine=29325297729
-------
timestamp=3408079560561650
iterations=2871
sample_ns=100000000
window_ns=1000000000
rapl_core_sum_uj=12253627303
rapl_psys_sum_uj=0
pid=0 energy=34473716295144995 alive=1 kernel=1 cpu_ns=6890952326000000 mem=967143424 instructions=3790933028999 wakeups=3094518 diski=8323072 disko=39874560 rx=72364881 tx=30637272 comm=*system*
psu_energy_ac_mcp_machine=29349177490
-------
timestamp=3408079698408278
iterations=2872
sample_ns=100000000
window_ns=1000000000
rapl_core_sum_uj=12261604109
rapl_psys_sum_uj=0
pid=0 energy=34473727246359425 alive=1 kernel=1 cpu_ns=6890952950000000 mem=967368704 instructions=3792499271885 wakeups=3192682 diski=8323072 disko=39874560 rx=72364881 tx=30637272 comm=*system*
psu_energy_ac_mcp_machine=29367092773
-------
timestamp=3408079835288728
iterations=2874
sample_ns=100000000
window_ns=1000000000
rapl_core_sum_uj=12277493146
rapl_psys_sum_uj=0
pid=0 energy=34473749027908370 alive=1 kernel=1 cpu_ns=6890954192000000 mem=967593984 instructions=3795613581674 wakeups=3388828 diski=8323072 disko=39874560 rx=72364881 tx=30637272 comm=*system*
psu_energy_ac_mcp_machine=29390981934
-------
timestamp=3408079974678923
iterations=2875
sample_ns=100000000
window_ns=1000000000
rapl_core_sum_uj=12285461102
rapl_psys_sum_uj=0
pid=0 energy=34473759980835750 alive=1 kernel=1 cpu_ns=6890954816000000 mem=967106560 instructions=3797180167150 wakeups=3487061 diski=8323072 disko=39874560 rx=72364881 tx=30637272 comm=*system*
psu_energy_ac_mcp_machine=29408881836
-------
timestamp=3408080110964579
iterations=2876
sample_ns=100000000
window_ns=1000000000
rapl_core_sum_uj=12293529522
rapl_psys_sum_uj=0
pid=0 energy=34473771067798750 alive=1 kernel=1 cpu_ns=6890955446000000 mem=967106560 instructions=3798767559750 wakeups=3586880 diski=8323072 disko=39874560 rx=72364881 tx=30637272 comm=*system*
psu_energy_ac_mcp_machine=29432762817
-------
timestamp=3408080250109322
iterations=2878
sample_ns=100000000
window_ns=1000000000
rapl_core_sum_uj=12309437297
rapl_psys_sum_uj=0
pid=0 energy=34473792875801660 alive=1 kernel=1 cpu_ns=6890956688000000 mem=967106560 instructions=3801887160332 wakeups=3783708 diski=8323072 disko=39874560 rx=72364881 tx=30637272 comm=*system*
psu_energy_ac_mcp_machine=29450642700
-------
timestamp=3408080386269045
iterations=2879
sample_ns=100000000
window_ns=1000000000
rapl_core_sum_uj=12317413737
rapl_psys_sum_uj=0
pid=0 energy=34473803846050090 alive=1 kernel=1 cpu_ns=6890957312000000 mem=967331840 instructions=3803457210018 wakeups=3882245 diski=8323072 disko=39874560 rx=72364881 tx=30637272 comm=*system*
psu_energy_ac_mcp_machine=29468545166
-------
timestamp=3408080522297356
iterations=2880
sample_ns=100000000
window_ns=1000000000
rapl_core_sum_uj=12325400614
rapl_psys_sum_uj=0
pid=0 energy=34473814860342625 alive=1 kernel=1 cpu_ns=6890957935000000 mem=967331840 instructions=3805037068525 wakeups=3982062 diski=8323072 disko=39874560 rx=72364881 tx=30637272 comm=*system*
psu_energy_ac_mcp_machine=29492418945
-------
timestamp=3408080661413418
iterations=2882
sample_ns=100000000
window_ns=1000000000
rapl_core_sum_uj=12341476968
rapl_psys_sum_uj=0
pid=0 energy=34473837021497880 alive=1 kernel=1 cpu_ns=6890959189000000 mem=968007680 instructions=3808215299576 wakeups=4183050 diski=8323072 disko=39923712 rx=72364881 tx=30637272 comm=*system*
psu_energy_ac_mcp_machine=29510363281
-------
timestamp=3408080796815663
iterations=2883
sample_ns=100000000
window_ns=1000000000
rapl_core_sum_uj=12349366982
rapl_psys_sum_uj=0
pid=0 energy=34473847853484585 alive=1 kernel=1 cpu_ns=6890959806000000 mem=966881280 instructions=3809764696917 wakeups=4281148 diski=8323072 disko=39923712 rx=72364881 tx=30637272 comm=*system*
psu_energy_ac_mcp_machine=29534289185
-------
timestamp=3408080936432876
iterations=2884
sample_ns=100000000
window_ns=1000000000
rapl_core_sum_uj=12357434364
rapl_psys_sum_uj=0
pid=0 energy=34473858955796365 alive=1 kernel=1 cpu_ns=6890960435000000 mem=967122944 instructions=3811356159273 wakeups=4381334 diski=8323072 disko=39923712 rx=72364881 tx=30637272 comm=*system*
psu_energy_ac_mcp_machine=29552234863
-------
timestamp=3408081072727367
iterations=2886
sample_ns=100000000
window_ns=1000000000
rapl_core_sum_uj=12373424842
rapl_psys_sum_uj=0
pid=0 energy=34473881030911100 alive=1 kernel=1 cpu_ns=6890961682000000 mem=968249344 instructions=3814524182220 wakeups=4581886 diski=8323072 disko=39923712 rx=72364881 tx=30637272 comm=*system*
psu_energy_ac_mcp_machine=29576164673
-------
timestamp=3408081212433598
iterations=2887
sample_ns=100000000
window_ns=1000000000
rapl_core_sum_uj=12381477332
rapl_psys_sum_uj=0
pid=0 energy=34473892041148360 alive=1 kernel=1 cpu_ns=6890962306000000 mem=967348224 instructions=3816102229672 wakeups=4683043 diski=8323072 disko=39923712 rx=72364881 tx=30637272 comm=*system*
psu_energy_ac_mcp_machine=29594200317
-------
timestamp=3408081349291296
iterations=2888
sample_ns=100000000
window_ns=1000000000
rapl_core_sum_uj=12389382605
rapl_psys_sum_uj=0
pid=0 energy=34473902939648710 alive=1 kernel=1 cpu_ns=6890962924000000 mem=967573504 instructions=3817663929742 wakeups=4781420 diski=8323072 disko=39923712 rx=72364883 tx=30637272 comm=*system*
psu_energy_ac_mcp_machine=29618127197
-------
timestamp=3408081489386087
iterations=2890
sample_ns=100000000
window_ns=1000000000
rapl_core_sum_uj=12405452733
rapl_psys_sum_uj=0
pid=0 energy=34473925143975815 alive=1 kernel=1 cpu_ns=6890964177000000 mem=968249344 instructions=3820851795163 wakeups=4983478 diski=8323072 disko=39923712 rx=72364883 tx=30637272 comm=*system*
psu_energy_ac_mcp_machine=29636077759
-------
timestamp=3408081625516751
iterations=2891
sample_ns=100000000
window_ns=1000000000
rapl_core_sum_uj=12413365757
rapl_psys_sum_uj=0
pid=0 energy=34473935965346510 alive=1 kernel=1 cpu_ns=6890964793000000 mem=967573504 instructions=3822400069302 wakeups=5081605 diski=8323072 disko=39923712 rx=72364883 tx=30637272 comm=*system*
psu_energy_ac_mcp_machine=29654032593
-------
timestamp=3408081760838138
iterations=2892
sample_ns=100000000
window_ns=1000000000
rapl_core_sum_uj=12421379001
rapl_psys_sum_uj=0
pid=0 energy=34473946943165355 alive=1 kernel=1 cpu_ns=6890965416000000 mem=967573504 instructions=3823972633071 wakeups=5180345 diski=8323072 disko=39923712 rx=72364883 tx=30637272 comm=*system*
psu_energy_ac_mcp_machine=29677956543
-------
timestamp=3408081899789737
iterations=2893
sample_ns=100000000
window_ns=1000000000
rapl_core_sum_uj=12429466342
rapl_psys_sum_uj=0
pid=0 energy=34473958031913295 alive=1 kernel=1 cpu_ns=6890966046000000 mem=967573504 instructions=3825560382659 wakeups=5279908 diski=8323072 disko=39923712 rx=72364883 tx=30637272 comm=*system*
psu_energy_ac_mcp_machine=29695898560
-------
timestamp=3408082035326329
iterations=2895
sample_ns=100000000
window_ns=1000000000
rapl_core_sum_uj=12445406893
rapl_psys_sum_uj=0
pid=0 energy=34473980009883795 alive=1 kernel=1 cpu_ns=6890967293000000 mem=967364608 instructions=3828708976759 wakeups=5479974 diski=8323072 disko=39923712 rx=72364883 tx=30637272 comm=*system*
psu_energy_ac_mcp_machine=29719719116
-------
timestamp=3408082174705974
iterations=2896
sample_ns=100000000
window_ns=1000000000
rapl_core_sum_uj=12453301973
rapl_psys_sum_uj=0
pid=0 energy=34473990932179865 alive=1 kernel=1 cpu_ns=6890967910000000 mem=967589888 instructions=3830276435973 wakeups=5579317 diski=8323072 disko=39964672 rx=72364883 tx=30637272 comm=*system*
psu_energy_ac_mcp_machine=29737690552
-------
timestamp=3408082310162665
iterations=2897
sample_ns=100000000
window_ns=1000000000
rapl_core_sum_uj=12461423127
rapl_psys_sum_uj=0
pid=0 energy=34474002040014240 alive=1 kernel=1 cpu_ns=6890968539000000 mem=967364608 instructions=3831869002848 wakeups=5679565 diski=8323072 disko=39964672 rx=72364883 tx=30637272 comm=*system*
psu_energy_ac_mcp_machine=29761699463
-------
timestamp=3408082451933398
iterations=2899
sample_ns=100000000
window_ns=1000000000
rapl_core_sum_uj=12477436737
rapl_psys_sum_uj=0
pid=0 energy=34474023866086205 alive=1 kernel=1 cpu_ns=6890969781000000 mem=967815168 instructions=3834992217241 wakeups=5877100 diski=8323072 disko=39964672 rx=72364883 tx=30637272 comm=*system*
psu_energy_ac_mcp_machine=29779752930
-------
timestamp=3408082587864199
iterations=2900
sample_ns=100000000
window_ns=1000000000
rapl_core_sum_uj=12485574371
rapl_psys_sum_uj=0
pid=0 energy=34474034933880445 alive=1 kernel=1 cpu_ns=6890970410000000 mem=967589888 instructions=3836576776089 wakeups=5976280 diski=8323072 disko=39964672 rx=72364883 tx=30637272 comm=*system*
psu_energy_ac_mcp_machine=29797771851
-------
timestamp=3408082722828312
iterations=2901
sample_ns=100000000
window_ns=1000000000
rapl_core_sum_uj=12493534881
rapl_psys_sum_uj=0
pid=0 energy=34474045815467325 alive=1 kernel=1 cpu_ns=6890971028000000 mem=967815168 instructions=3838135093465 wakeups=6072965 diski=8323072 disko=39964672 rx=72364883 tx=30637272 comm=*system*
psu_energy_ac_mcp_machine=29821774414
-------
timestamp=3408082861758223
iterations=2903
sample_ns=100000000
window_ns=1000000000
rapl_core_sum_uj=12509628874
rapl_psys_sum_uj=0
pid=0 energy=34474067880001380 alive=1 kernel=1 cpu_ns=6890972282000000 mem=967364608 instructions=3841294000276 wakeups=6272778 diski=8323072 disko=39964672 rx=72364883 tx=30637272 comm=*system*
psu_energy_ac_mcp_machine=29839747314
-------
timestamp=3408082997618905
iterations=2904
sample_ns=100000000
window_ns=1000000000
rapl_core_sum_uj=12517697904
rapl_psys_sum_uj=0
pid=0 energy=34474078860812795 alive=1 kernel=1 cpu_ns=6890972905000000 mem=967147520 instructions=3842867162559 wakeups=6371625 diski=8323072 disko=39964672 rx=72364883 tx=30637272 comm=*system*
psu_energy_ac_mcp_machine=29863770264
-------
timestamp=3408083137613378
iterations=2905
sample_ns=100000000
window_ns=1000000000
rapl_core_sum_uj=12525702481
rapl_psys_sum_uj=0
pid=0 energy=34474089803969180 alive=1 kernel=1 cpu_ns=6890973529000000 mem=967372800 instructions=3844431793836 wakeups=6469485 diski=8323072 disko=39964672 rx=72364883 tx=30637272 comm=*system*
psu_energy_ac_mcp_machine=29881725830
-------
timestamp=3408083273836528
iterations=2907
sample_ns=100000000
window_ns=1000000000
rapl_core_sum_uj=12541727322
rapl_psys_sum_uj=0
pid=0 energy=34474111753726555 alive=1 kernel=1 cpu_ns=6890974776000000 mem=967598080 instructions=3847574745311 wakeups=6668530 diski=8323072 disko=39964672 rx=72364885 tx=30637272 comm=*system*
psu_energy_ac_mcp_machine=29905681641
-------
timestamp=3408083413071309
iterations=2908
sample_ns=100000000
window_ns=1000000000
rapl_core_sum_uj=12549730251
rapl_psys_sum_uj=0
pid=0 energy=34474122775575355 alive=1 kernel=1 cpu_ns=6890975399000000 mem=967372800 instructions=3849156115071 wakeups=6768527 diski=8323072 disko=39964672 rx=72364885 tx=30637272 comm=*system*
psu_energy_ac_mcp_machine=29923645264
-------
timestamp=3408083549449658
iterations=2909
sample_ns=100000000
window_ns=1000000000
rapl_core_sum_uj=12557734279
rapl_psys_sum_uj=0
pid=0 energy=34474133796640810 alive=1 kernel=1 cpu_ns=6890976023000000 mem=967372800 instructions=3850736328162 wakeups=6868327 diski=8323072 disko=39964672 rx=72364885 tx=30637272 comm=*system*
psu_energy_ac_mcp_machine=29941614990
-------
timestamp=3408083686298631
iterations=2911
sample_ns=100000000
window_ns=1000000000
rapl_core_sum_uj=12573734339
rapl_psys_sum_uj=0
pid=0 energy=34474155870651470 alive=1 kernel=1 cpu_ns=6890977270000000 mem=967372800 instructions=3853904130294 wakeups=7070546 diski=8323072 disko=39964672 rx=72364885 tx=30637272 comm=*system*
psu_energy_ac_mcp_machine=29965577759
-------
timestamp=3408083824991552
iterations=2912
sample_ns=100000000
window_ns=1000000000
rapl_core_sum_uj=12581723230
rapl_psys_sum_uj=0
pid=0 energy=34474166911112470 alive=1 kernel=1 cpu_ns=6890977894000000 mem=967598080 instructions=3855488222494 wakeups=7171001 diski=8323072 disko=39964672 rx=72364885 tx=30637272 comm=*system*
psu_energy_ac_mcp_machine=29983541382
-------
timestamp=3408083960843795
iterations=2913
sample_ns=100000000
window_ns=1000000000
rapl_core_sum_uj=12589685510
rapl_psys_sum_uj=0
pid=0 energy=34474177755312260 alive=1 kernel=1 cpu_ns=6890978510000000 mem=967159808 instructions=3857041062452 wakeups=7268274 diski=8323072 disko=39964672 rx=72364885 tx=30637272 comm=*system*
psu_energy_ac_mcp_machine=30007552734
-------
timestamp=3408084100974919
iterations=2915
sample_ns=100000000
window_ns=1000000000
rapl_core_sum_uj=12605763146
rapl_psys_sum_uj=0
pid=0 energy=34474199834836200 alive=1 kernel=1 cpu_ns=6890979764000000 mem=967385088 instructions=3860202967240 wakeups=7468854 diski=8323072 disko=39964672 rx=72364885 tx=30637272 comm=*system*
psu_energy_ac_mcp_machine=30025526855
-------
timestamp=3408084237165736
iterations=2916
sample_ns=100000000
window_ns=1000000000
rapl_core_sum_uj=12613747459
rapl_psys_sum_uj=0
pid=0 energy=34474210808091080 alive=1 kernel=1 cpu_ns=6890980387000000 mem=967385088 instructions=3861774618216 wakeups=7567657 diski=8323072 disko=39964672 rx=72364885 tx=30637272 comm=*system*
psu_energy_ac_mcp_machine=30049418213
-------
timestamp=3408084375990561
iterations=2917
sample_ns=100000000
window_ns=1000000000
rapl_core_sum_uj=12621596763
rapl_psys_sum_uj=0
pid=0 energy=34474221709382685 alive=1 kernel=1 cpu_ns=6890981005000000 mem=967385088 instructions=3863336876537 wakeups=7666174 diski=8323072 disko=39964672 rx=72364885 tx=30637272 comm=*system*
psu_energy_ac_mcp_machine=30067259399
-------
timestamp=3408084511733290
iterations=2919
sample_ns=100000000
window_ns=1000000000
rapl_core_sum_uj=12637472738
rapl_psys_sum_uj=0
pid=0 energy=34474243707811990 alive=1 kernel=1 cpu_ns=6890982252000000 mem=967385088 instructions=3866489562398 wakeups=7866072 diski=8323072 disko=39964672 rx=72364885 tx=30637272 comm=*system*
psu_energy_ac_mcp_machine=30091038696
-------
timestamp=3408084651704524
iterations=2920
sample_ns=100000000
window_ns=1000000000
rapl_core_sum_uj=12645484395
rapl_psys_sum_uj=0
pid=0 energy=34474254746134215 alive=1 kernel=1 cpu_ns=6890982880000000 mem=967385088 instructions=3868069226843 wakeups=7965095 diski=8323072 disko=39964672 rx=72364885 tx=30637272 comm=*system*
psu_energy_ac_mcp_machine=30108871338
-------
timestamp=3408084787374615
iterations=2921
sample_ns=100000000
window_ns=1000000000
rapl_core_sum_uj=12653422627
rapl_psys_sum_uj=0
pid=0 energy=34474265775940265 alive=1 kernel=1 cpu_ns=6890983504000000 mem=967385088 instructions=3869651188053 wakeups=8065123 diski=8323072 disko=39964672 rx=72364885 tx=30637272 comm=*system*
psu_energy_ac_mcp_machine=30126702393
-------
timestamp=3408084922727066
iterations=2923
sample_ns=100000000
window_ns=1000000000
rapl_core_sum_uj=12669288654
rapl_psys_sum_uj=0
pid=0 energy=34474287783855730 alive=1 kernel=1 cpu_ns=6890984752000000 mem=967852032 instructions=3872804771146 wakeups=8264041 diski=8323072 disko=39964672 rx=72364885 tx=30637272 comm=*system*
psu_energy_ac_mcp_machine=30150495239
-------
timestamp=3408085061644359
iterations=2924
sample_ns=100000000
window_ns=1000000000
rapl_core_sum_uj=12677281024
rapl_psys_sum_uj=0
pid=0 energy=34474298711498175 alive=1 kernel=1 cpu_ns=6890985376000000 mem=967401472 instructions=3874366299635 wakeups=8362642 diski=8323072 disko=39964672 rx=72364885 tx=30637272 comm=*system*
psu_energy_ac_mcp_machine=30168437500
-------
timestamp=3408085198338222
iterations=2925
sample_ns=100000000
window_ns=1000000000
rapl_core_sum_uj=12685291399
rapl_psys_sum_uj=0
pid=0 energy=34474309694884230 alive=1 kernel=1 cpu_ns=6890985999000000 mem=967176192 instructions=3875939976846 wakeups=8461503 diski=8323072 disko=39964672 rx=72364885 tx=30637272 comm=*system*
psu_energy_ac_mcp_machine=30192323608
-------
timestamp=3408085336404750
iterations=2927
sample_ns=100000000
window_ns=1000000000
rapl_core_sum_uj=12701267960
rapl_psys_sum_uj=0
pid=0 energy=34474331687732220 alive=1 kernel=1 cpu_ns=6890987246000000 mem=968077312 instructions=3879091546444 wakeups=8660252 diski=8323072 disko=39964672 rx=72364887 tx=30637272 comm=*system*
psu_energy_ac_mcp_machine=30210244385
-------
timestamp=3408085473290393
iterations=2928
sample_ns=100000000
window_ns=1000000000
rapl_core_sum_uj=12709173721
rapl_psys_sum_uj=0
pid=0 energy=34474342546033625 alive=1 kernel=1 cpu_ns=6890987864000000 mem=967401472 instructions=3880645206725 wakeups=8759320 diski=8323072 disko=39964672 rx=72364887 tx=30637272 comm=*system*
psu_energy_ac_mcp_machine=30234141846
-------
timestamp=3408085612303764
iterations=2929
sample_ns=100000000
window_ns=1000000000
rapl_core_sum_uj=12717244216
rapl_psys_sum_uj=0
pid=0 energy=34474353617321910 alive=1 kernel=1 cpu_ns=6890988494000000 mem=967626752 instructions=3882229464382 wakeups=8858668 diski=8323072 disko=39964672 rx=72364887 tx=30637272 comm=*system*
psu_energy_ac_mcp_machine=30252055054
-------
timestamp=3408085748830678
iterations=2930
sample_ns=100000000
window_ns=1000000000
rapl_core_sum_uj=12725241591
rapl_psys_sum_uj=0
pid=0 energy=34474364625246360 alive=1 kernel=1 cpu_ns=6890989118000000 mem=967626752 instructions=3883807049272 wakeups=8957578 diski=8323072 disko=39981056 rx=72364888 tx=30637274 comm=*system*
psu_energy_ac_mcp_machine=30269916870
-------
timestamp=3408085886022010
iterations=2932
sample_ns=100000000
window_ns=1000000000
rapl_core_sum_uj=12741093702
rapl_psys_sum_uj=0
pid=0 energy=34474386547501725 alive=1 kernel=1 cpu_ns=6890990360000000 mem=967409664 instructions=3886949500345 wakeups=9156390 diski=8323072 disko=39981056 rx=72364888 tx=30637274 comm=*system*
psu_energy_ac_mcp_machine=30293812744
-------
timestamp=3408086026929904
iterations=2933
sample_ns=100000000
window_ns=1000000000
rapl_core_sum_uj=12749124341
rapl_psys_sum_uj=0
pid=0 energy=34474397545838075 alive=1 kernel=1 cpu_ns=6890990984000000 mem=967413760 instructions=3888525167615 wakeups=9255578 diski=8323072 disko=39981056 rx=72364888 tx=30637274 comm=*system*
psu_energy_ac_mcp_machine=30311850220
-------
timestamp=3408086162940407
iterations=2934
sample_ns=100000000
window_ns=1000000000
rapl_core_sum_uj=12757200573
rapl_psys_sum_uj=0
pid=0 energy=34474408631069660 alive=1 kernel=1 cpu_ns=6890991613000000 mem=967413760 instructions=3890113213932 wakeups=9354934 diski=8323072 disko=39981056 rx=72364888 tx=30637274 comm=*system*
psu_energy_ac_mcp_machine=30335789673
-------
timestamp=3408086302740579
iterations=2936
sample_ns=100000000
window_ns=1000000000
rapl_core_sum_uj=12773110057
rapl_psys_sum_uj=0
pid=0 energy=34474430542052330 alive=1 kernel=1 cpu_ns=6890992855000000 mem=967413760 instructions=3893253410466 wakeups=9554834 diski=8323072 disko=39981056 rx=72364888 tx=30637274 comm=*system*
psu_energy_ac_mcp_machine=30353746826
-------
timestamp=3408086438462950
iterations=2937
sample_ns=100000000
window_ns=1000000000
rapl_core_sum_uj=12781196177
rapl_psys_sum_uj=0
pid=0 energy=34474441626542880 alive=1 kernel=1 cpu_ns=6890993484000000 mem=967639040 instructions=3894841308576 wakeups=9654460 diski=8323072 disko=39981056 rx=72364888 tx=30637274 comm=*system*
psu_energy_ac_mcp_machine=30377687622
-------
timestamp=3408086577487278
iterations=2938
sample_ns=100000000
window_ns=1000000000
rapl_core_sum_uj=12789117136
rapl_psys_sum_uj=0
pid=0 energy=34474452544298945 alive=1 kernel=1 cpu_ns=6890994101000000 mem=967413760 instructions=3896407859789 wakeups=9753112 diski=8323072 disko=39981056 rx=72364888 tx=30637274 comm=*system*
psu_energy_ac_mcp_machine=30395628418
-------
timestamp=3408086714436544
iterations=2940
sample_ns=100000000
window_ns=1000000000
rapl_core_sum_uj=12805132211
rapl_psys_sum_uj=0
pid=0 energy=34474474507703070 alive=1 kernel=1 cpu_ns=6890995349000000 mem=967639040 instructions=3899552540614 wakeups=9952347 diski=8323072 disko=39981056 rx=72364888 tx=30637274 comm=*system*
psu_energy_ac_mcp_machine=30419578247
-------
timestamp=3408086851894506
iterations=2941
sample_ns=100000000
window_ns=1000000000
rapl_core_sum_uj=12813196297
rapl_psys_sum_uj=0
pid=0 energy=34474485570285300 alive=1 kernel=1 cpu_ns=6890995979000000 mem=967413760 instructions=3901135057060 wakeups=10051587 diski=8323072 disko=39981056 rx=72364888 tx=30637274 comm=*system*
psu_energy_ac_mcp_machine=30437540039
-------
timestamp=3408086988683658
iterations=2942
sample_ns=100000000
window_ns=1000000000
rapl_core_sum_uj=12821135811
rapl_psys_sum_uj=0
pid=0 energy=34474496474965505 alive=1 kernel=1 cpu_ns=6890996597000000 mem=967204864 instructions=3902697993101 wakeups=10149884 diski=8323072 disko=39981056 rx=72364888 tx=30637274 comm=*system*
psu_energy_ac_mcp_machine=30455499146
-------
timestamp=3408087125966249
iterations=2944
sample_ns=100000000
window_ns=1000000000
rapl_core_sum_uj=12837135810
rapl_psys_sum_uj=0
pid=0 energy=34474518371624560 alive=1 kernel=1 cpu_ns=6890997845000000 mem=966979584 instructions=3905829324912 wakeups=10347291 diski=8323072 disko=39981056 rx=72364888 tx=30637274 comm=*system*
psu_energy_ac_mcp_machine=30479433960
-------
timestamp=3408087265418918
iterations=2945
sample_ns=100000000
window_ns=1000000000
rapl_core_sum_uj=12845197150
rapl_psys_sum_uj=0
pid=0 energy=34474529475058020 alive=1 kernel=1 cpu_ns=6890998474000000 mem=967204864 instructions=3907421011604 wakeups=10447464 diski=8323072 disko=40013824 rx=72364890 tx=30637274 comm=*system*
psu_energy_ac_mcp_machine=30497391602
-------
timestamp=3408087401965436
iterations=2946
sample_ns=100000000
window_ns=1000000000
rapl_core_sum_uj=12853102850
rapl_psys_sum_uj=0
pid=0 energy=34474540403970450 alive=1 kernel=1 cpu_ns=6890999091000000 mem=967204864 instructions=3908989794090 wakeups=10546536 diski=8323072 disko=40013824 rx=72364890 tx=30637274 comm=*system*
psu_energy_ac_mcp_machine=30521354614
-------
timestamp=3408087542942081
iterations=2948
sample_ns=100000000
window_ns=1000000000
rapl_core_sum_uj=12869088200
rapl_psys_sum_uj=0
pid=0 energy=34474562378726650 alive=1 kernel=1 cpu_ns=6891000338000000 mem=967204864 instructions=3912137745330 wakeups=10745938 diski=8323072 disko=40013824 rx=72364890 tx=30637274 comm=*system*
psu_energy_ac_mcp_machine=30539306885
-------
timestamp=3408087679461433
iterations=2949
sample_ns=100000000
window_ns=1000000000
rapl_core_sum_uj=12877234501
rapl_psys_sum_uj=0
pid=0 energy=34474573416752615 alive=1 kernel=1 cpu_ns=6891000967000000 mem=967430144 instructions=3913716350523 wakeups=10844334 diski=8323072 disko=40013824 rx=72364890 tx=30637274 comm=*system*
psu_energy_ac_mcp_machine=30563353638
-------
timestamp=3408087817665687
iterations=2950
sample_ns=100000000
window_ns=1000000000
rapl_core_sum_uj=12885198551
rapl_psys_sum_uj=0
pid=0 energy=34474584319107015 alive=1 kernel=1 cpu_ns=6891001585000000 mem=967430144 instructions=3915278821403 wakeups=10942597 diski=8323072 disko=40013824 rx=72364890 tx=30637274 comm=*system*
psu_energy_ac_mcp_machine=30581342285
-------
timestamp=3408087955409718
iterations=2952
sample_ns=100000000
window_ns=1000000000
rapl_core_sum_uj=12901229434
rapl_psys_sum_uj=0
pid=0 energy=34474606342264900 alive=1 kernel=1 cpu_ns=6891002833000000 mem=967192576 instructions=3918435452980 wakeups=11143211 diski=8323072 disko=40013824 rx=72364890 tx=30637274 comm=*system*
psu_energy_ac_mcp_machine=30605297363
-------
timestamp=3408088095289106
iterations=2953
sample_ns=100000000
window_ns=1000000000
rapl_core_sum_uj=12909238223
rapl_psys_sum_uj=0
pid=0 energy=34474617278368270 alive=1 kernel=1 cpu_ns=6891003457000000 mem=967192576 instructions=3919998673654 wakeups=11240835 diski=8323072 disko=40013824 rx=72364890 tx=30637274 comm=*system*
psu_energy_ac_mcp_machine=30623195068
-------
timestamp=3408088232280776
iterations=2954
sample_ns=100000000
window_ns=1000000000
rapl_core_sum_uj=12917195620
rapl_psys_sum_uj=0
pid=0 energy=34474628241311300 alive=1 kernel=1 cpu_ns=6891004079000000 mem=967417856 instructions=3921569262260 wakeups=11339193 diski=8323072 disko=40013824 rx=72364890 tx=30637274 comm=*system*
psu_energy_ac_mcp_machine=30647066040
-------
timestamp=3408088373591932
iterations=2956
sample_ns=100000000
window_ns=1000000000
rapl_core_sum_uj=12933168946
rapl_psys_sum_uj=0
pid=0 energy=34474650377007685 alive=1 kernel=1 cpu_ns=6891005332000000 mem=967417856 instructions=3924743401537 wakeups=11541034 diski=8323072 disko=40013824 rx=72364890 tx=30637274 comm=*system*
psu_energy_ac_mcp_machine=30664902710
-------
timestamp=3408088509313884
iterations=2957
sample_ns=100000000
window_ns=1000000000
rapl_core_sum_uj=12941072083
rapl_psys_sum_uj=0
pid=0 energy=34474661230472925 alive=1 kernel=1 cpu_ns=6891005950000000 mem=967417856 instructions=3926296094585 wakeups=11638415 diski=8323072 disko=40013824 rx=72364890 tx=30637274 comm=*system*
psu_energy_ac_mcp_machine=30682829590
-------
timestamp=3408088646150322
iterations=2958
sample_ns=100000000
window_ns=1000000000
rapl_core_sum_uj=12949055786
rapl_psys_sum_uj=0
pid=0 energy=34474672254323710 alive=1 kernel=1 cpu_ns=6891006574000000 mem=967192576 instructions=3927876864742 wakeups=11738328 diski=8323072 disko=40013824 rx=72364890 tx=30637274 comm=*system*
psu_energy_ac_mcp_machine=30706789673
-------
timestamp=3408088787487971
iterations=2960
sample_ns=100000000
window_ns=1000000000
rapl_core_sum_uj=12965079100
rapl_psys_sum_uj=0
pid=0 energy=34474694257565840 alive=1 kernel=1 cpu_ns=6891007822000000 mem=967417856 instructions=3931029513168 wakeups=11938480 diski=8323072 disko=40013824 rx=72364890 tx=30637274 comm=*system*
psu_energy_ac_mcp_machine=30724772583
-------
timestamp=3408088924096251
iterations=2961
sample_ns=100000000
window_ns=1000000000
rapl_core_sum_uj=12973083311
rapl_psys_sum_uj=0
pid=0 energy=34474705218235405 alive=1 kernel=1 cpu_ns=6891008446000000 mem=967233536 instructions=3932597647081 wakeups=12036631 diski=8323072 disko=40013824 rx=72364890 tx=30637274 comm=*system*
psu_energy_ac_mcp_machine=30748728516
-------
timestamp=3408089063732411
iterations=2962
sample_ns=100000000
window_ns=1000000000
rapl_core_sum_uj=12981079831
rapl_psys_sum_uj=0
pid=0 energy=34474716204706565 alive=1 kernel=1 cpu_ns=6891009069000000 mem=967233536 instructions=3934171941313 wakeups=12135645 diski=8323072 disko=40013824 rx=72364890 tx=30637274 comm=*system*
psu_energy_ac_mcp_machine=30766707764
-------
timestamp=3408089200694084
iterations=2964
sample_ns=100000000
window_ns=1000000000
rapl_core_sum_uj=12997156185
rapl_psys_sum_uj=0
pid=0 energy=34474738296310680 alive=1 kernel=1 cpu_ns=6891010323000000 mem=967458816 instructions=3937336262136 wakeups=12336317 diski=8323072 disko=40013824 rx=72364890 tx=30637274 comm=*system*
psu_energy_ac_mcp_machine=30790681763
-------
timestamp=3408089338358409
iterations=2965
sample_ns=100000000
window_ns=1000000000
rapl_core_sum_uj=13005121639
rapl_psys_sum_uj=0
pid=0 energy=34474749146288580 alive=1 kernel=1 cpu_ns=6891010941000000 mem=967458816 instructions=3938888257716 wakeups=12433655 diski=8323072 disko=40013824 rx=72364892 tx=30637274 comm=*system*
psu_energy_ac_mcp_machine=30808669556
-------
timestamp=3408089474691440
iterations=2966
sample_ns=100000000
window_ns=1000000000
rapl_core_sum_uj=13013248286
rapl_psys_sum_uj=0
pid=0 energy=34474760210188895 alive=1 kernel=1 cpu_ns=6891011571000000 mem=967008256 instructions=3940471037779 wakeups=12532773 diski=8323072 disko=40013824 rx=72364892 tx=30637274 comm=*system*
psu_energy_ac_mcp_machine=30832692017
-------
timestamp=3408089614715610
iterations=2968
sample_ns=100000000
window_ns=1000000000
rapl_core_sum_uj=13029211664
rapl_psys_sum_uj=0
pid=0 energy=34474782135398470 alive=1 kernel=1 cpu_ns=6891012812000000 mem=967458816 instructions=3943615079694 wakeups=12732970 diski=8323072 disko=40013824 rx=72364892 tx=30637274 comm=*system*
psu_energy_ac_mcp_machine=30850630249
-------
timestamp=3408089750596501
iterations=2969
sample_ns=100000000
window_ns=1000000000
rapl_core_sum_uj=13037364984
rapl_psys_sum_uj=0
pid=0 energy=34474793202789180 alive=1 kernel=1 cpu_ns=6891013442000000 mem=967458816 instructions=3945198557836 wakeups=12831783 diski=8323072 disko=40013824 rx=72364892 tx=30637274 comm=*system*
psu_energy_ac_mcp_machine=30868679932
-------
timestamp=3408089886668422
iterations=2970
sample_ns=100000000
window_ns=1000000000
rapl_core_sum_uj=13045411370
rapl_psys_sum_uj=0
pid=0 energy=34474804199770790 alive=1 kernel=1 cpu_ns=6891014066000000 mem=967458816 instructions=3946773954158 wakeups=12930765 diski=8323072 disko=40013824 rx=72364892 tx=30637274 comm=*system*
psu_energy_ac_mcp_machine=30892675903
-------
timestamp=3408090027566956
iterations=2972
sample_ns=100000000
window_ns=1000000000
rapl_core_sum_uj=13061321952
rapl_psys_sum_uj=0
pid=0 energy=34474826107754320 alive=1 kernel=1 cpu_ns=6891015308000000 mem=967221248 instructions=3949913550864 wakeups=13130056 diski=8323072 disko=40013824 rx=72364892 tx=30637274 comm=*system*
psu_energy_ac_mcp_machine=30910637573
-------
timestamp=3408090164070228
iterations=2973
sample_ns=100000000
window_ns=1000000000
rapl_core_sum_uj=13069254325
rapl_psys_sum_uj=0
pid=0 energy=34474837060774120 alive=1 kernel=1 cpu_ns=6891015930000000 mem=967221248 instructions=3951482154824 wakeups=13228335 diski=8323072 disko=40013824 rx=72364892 tx=30637274 comm=*system*
psu_energy_ac_mcp_machine=30934398071
-------
timestamp=3408090302165336
iterations=2974
sample_ns=100000000
window_ns=1000000000
rapl_core_sum_uj=13077190665
rapl_psys_sum_uj=0
pid=0 energy=34474848005268295 alive=1 kernel=1 cpu_ns=6891016552000000 mem=967446528 instructions=3953049053659 wakeups=13326577 diski=8323072 disko=40013824 rx=72364892 tx=30637274 comm=*system*
psu_energy_ac_mcp_machine=30952224976
-------
timestamp=3408090438832655
iterations=2976
sample_ns=100000000
window_ns=1000000000
rapl_core_sum_uj=13093136647
rapl_psys_sum_uj=0
pid=0 energy=34474870152377530 alive=1 kernel=1 cpu_ns=6891017805000000 mem=967897088 instructions=3956225475506 wakeups=13527828 diski=8323072 disko=40013824 rx=72364892 tx=30637274 comm=*system*
psu_energy_ac_mcp_machine=30976024536
-------
timestamp=3408090578601648
iterations=2977
sample_ns=100000000
window_ns=1000000000
rapl_core_sum_uj=13101072193
rapl_psys_sum_uj=0
pid=0 energy=34474881031893080 alive=1 kernel=1 cpu_ns=6891018423000000 mem=967446528 instructions=3957783378616 wakeups=13626818 diski=8323072 disko=40013824 rx=72364892 tx=30637274 comm=*system*
psu_energy_ac_mcp_machine=30993969604
-------
timestamp=3408090714365234
iterations=2978
sample_ns=100000000
window_ns=1000000000
rapl_core_sum_uj=13109172107
rapl_psys_sum_uj=0
pid=0 energy=34474892118607380 alive=1 kernel=1 cpu_ns=6891019051000000 mem=967671808 instructions=3959372721476 wakeups=13726765 diski=8323072 disko=40013824 rx=72364892 tx=30637274 comm=*system*
psu_energy_ac_mcp_machine=31011891846
-------
timestamp=3408090849962179
iterations=2980
sample_ns=100000000
window_ns=1000000000
rapl_core_sum_uj=13125104357
rapl_psys_sum_uj=0
pid=0 energy=34474914046733230 alive=1 kernel=1 cpu_ns=6891020292000000 mem=968089600 instructions=3962517346646 wakeups=13925378 diski=8323072 disko=40034304 rx=72364892 tx=30637274 comm=*system*
psu_energy_ac_mcp_machine=31035743530
-------
timestamp=3408090987922549
iterations=2981
sample_ns=100000000
window_ns=1000000000
rapl_core_sum_uj=13133115221
rapl_psys_sum_uj=0
pid=0 energy=34474924997147515 alive=1 kernel=1 cpu_ns=6891020916000000 mem=967335936 instructions=3964083429503 wakeups=14024801 diski=8323072 disko=40034304 rx=72364892 tx=30637274 comm=*system*
psu_energy_ac_mcp_machine=31053670654
-------
timestamp=3408091123916117
iterations=2982
sample_ns=100000000
window_ns=1000000000
rapl_core_sum_uj=13141178575
rapl_psys_sum_uj=0
pid=0 energy=34474936018953085 alive=1 kernel=1 cpu_ns=6891021540000000 mem=967110656 instructions=3965663790617 wakeups=14124031 diski=8323072 disko=40034304 rx=72364892 tx=30637274 comm=*system*
psu_energy_ac_mcp_machine=31077686646
-------
timestamp=3408091263540104
iterations=2984
sample_ns=100000000
window_ns=1000000000
rapl_core_sum_uj=13157248093
rapl_psys_sum_uj=0
pid=0 energy=34474958095637435 alive=1 kernel=1 cpu_ns=6891022788000000 mem=968011776 instructions=3968831127487 wakeups=14324670 diski=8323072 disko=40034304 rx=72364894 tx=30637274 comm=*system*
psu_energy_ac_mcp_machine=31095663696
-------
timestamp=3408091399940630
iterations=2985
sample_ns=100000000
window_ns=1000000000
rapl_core_sum_uj=13165350509
rapl_psys_sum_uj=0
pid=0 energy=34474969217711565 alive=1 kernel=1 cpu_ns=6891023418000000 mem=967335936 instructions=3970425542313 wakeups=14425854 diski=8323072 disko=40034304 rx=72364894 tx=30637274 comm=*system*
psu_energy_ac_mcp_machine=31119602051
-------
timestamp=3408091540299467
iterations=2986
sample_ns=100000000
window_ns=1000000000
rapl_core_sum_uj=13173292525
rapl_psys_sum_uj=0
pid=0 energy=34474980132753745 alive=1 kernel=1 cpu_ns=6891024036000000 mem=967110656 instructions=3971990550749 wakeups=14524723 diski=8323072 disko=40034304 rx=72364894 tx=30637274 comm=*system*
psu_energy_ac_mcp_machine=31137493896
-------
timestamp=3408091676424070
iterations=2987
sample_ns=100000000
window_ns=1000000000
rapl_core_sum_uj=13181287337
rapl_psys_sum_uj=0
pid=0 energy=34474991126102995 alive=1 kernel=1 cpu_ns=6891024660000000 mem=967335936 instructions=3973565220599 wakeups=14623368 diski=8323072 disko=40034304 rx=72364894 tx=30637274 comm=*system*
psu_energy_ac_mcp_machine=31161502563
-------
timestamp=3408091817661039
iterations=2989
sample_ns=100000000
window_ns=1000000000
rapl_core_sum_uj=13197411360
rapl_psys_sum_uj=0
pid=0 energy=34475013106359705 alive=1 kernel=1 cpu_ns=6891025908000000 mem=967335936 instructions=3976713271941 wakeups=14823077 diski=8323072 disko=40034304 rx=72364894 tx=30637274 comm=*system*
psu_energy_ac_mcp_machine=31179548584
-------
timestamp=3408091953954351
iterations=2990
sample_ns=100000000
window_ns=1000000000
rapl_core_sum_uj=13205438093
rapl_psys_sum_uj=0
pid=0 energy=34475024088778105 alive=1 kernel=1 cpu_ns=6891026532000000 mem=967270400 instructions=3978285755621 wakeups=14921734 diski=8323072 disko=40034304 rx=72364894 tx=30637274 comm=*system*
psu_energy_ac_mcp_machine=31197511719
-------
timestamp=3408092090385604
iterations=2991
sample_ns=100000000
window_ns=1000000000
rapl_core_sum_uj=13213458905
rapl_psys_sum_uj=0
pid=0 energy=34475035058776345 alive=1 kernel=1 cpu_ns=6891027156000000 mem=967495680 instructions=3979855755269 wakeups=15019896 diski=8323072 disko=40034304 rx=72364894 tx=30637274 comm=*system*
psu_energy_ac_mcp_machine=31221362305
-------
timestamp=3408092229569769
iterations=2993
sample_ns=100000000
window_ns=1000000000
rapl_core_sum_uj=13229427776
rapl_psys_sum_uj=0
pid=0 energy=34475056952694875 alive=1 kernel=1 cpu_ns=6891028404000000 mem=967495680 instructions=3982986538975 wakeups=15217855 diski=8323072 disko=40034304 rx=72364894 tx=30637274 comm=*system*
psu_energy_ac_mcp_machine=31239315308
-------
timestamp=3408092365763302
iterations=2994
sample_ns=100000000
window_ns=1000000000
rapl_core_sum_uj=13237526775
rapl_psys_sum_uj=0
pid=0 energy=34475068074110140 alive=1 kernel=1 cpu_ns=6891029034000000 mem=967495680 instructions=3984580822028 wakeups=15318454 diski=8323072 disko=40067072 rx=72364894 tx=30637274 comm=*system*
psu_energy_ac_mcp_machine=31263300903
-------
timestamp=3408092505823996
iterations=2995
sample_ns=100000000
window_ns=1000000000
rapl_core_sum_uj=13245505534
rapl_psys_sum_uj=0
pid=0 energy=34475078956314360 alive=1 kernel=1 cpu_ns=6891029652000000 mem=967495680 instructions=3986139262872 wakeups=15416060 diski=8323072 disko=40067072 rx=72364894 tx=30637274 comm=*system*
psu_energy_ac_mcp_machine=31281299683
-------
timestamp=3408092642397623
iterations=2997
sample_ns=100000000
window_ns=1000000000
rapl_core_sum_uj=13261603068
rapl_psys_sum_uj=0
pid=0 energy=34475100905507270 alive=1 kernel=1 cpu_ns=6891030900000000 mem=967270400 instructions=3989281101454 wakeups=15614742 diski=8323072 disko=40067072 rx=72364894 tx=30637274 comm=*system*
psu_energy_ac_mcp_machine=31305269531
-------
timestamp=3408092780495994
iterations=2998
sample_ns=100000000
window_ns=1000000000
rapl_core_sum_uj=13269767130
rapl_psys_sum_uj=0
pid=0 energy=34475111988172840 alive=1 kernel=1 cpu_ns=6891031530000000 mem=967720960 instructions=3990867634568 wakeups=15714235 diski=8323072 disko=40067072 rx=72364894 tx=30637274 comm=*system*
psu_energy_ac_mcp_machine=31323308105
-------
timestamp=3408092916092066
iterations=2999
sample_ns=100000000
window_ns=1000000000
rapl_core_sum_uj=13277689066
rapl_psys_sum_uj=0
pid=0 energy=34475122825577055 alive=1 kernel=1 cpu_ns=6891032147000000 mem=967720960 instructions=3992418115411 wakeups=15810830 diski=8323072 disko=40067072 rx=72364894 tx=30637274 comm=*system*
psu_energy_ac_mcp_machine=31347266357
-------
timestamp=3408093056731902
iterations=3001
sample_ns=100000000
window_ns=1000000000
rapl_core_sum_uj=13293742470
rapl_psys_sum_uj=0
pid=0 energy=34475144789116520 alive=1 kernel=1 cpu_ns=6891033395000000 mem=967507968 instructions=3995562823304 wakeups=16010195 diski=8323072 disko=40067072 rx=72364894 tx=30637274 comm=*system*
psu_energy_ac_mcp_machine=31365232422
-------
timestamp=3408093192790425
iterations=3002
sample_ns=100000000
window_ns=1000000000
rapl_core_sum_uj=13301856544
rapl_psys_sum_uj=0
pid=0 energy=34475155857251665 alive=1 kernel=1 cpu_ns=6891034025000000 mem=967282688 instructions=3997146450333 wakeups=16109369 diski=8323072 disko=40067072 rx=72364894 tx=30637274 comm=*system*
psu_energy_ac_mcp_machine=31383182373
-------
timestamp=3408093328994826
iterations=3003
sample_ns=100000000
window_ns=1000000000
rapl_core_sum_uj=13309818824
rapl_psys_sum_uj=0
pid=0 energy=34475166668392450 alive=1 kernel=1 cpu_ns=6891034641000000 mem=967282688 instructions=3998692678490 wakeups=16205628 diski=8323072 disko=40067072 rx=72364896 tx=30637274 comm=*system*
psu_energy_ac_mcp_machine=31407128784
-------
timestamp=3408093468941862
iterations=3005
sample_ns=100000000
window_ns=1000000000
rapl_core_sum_uj=13325974890
rapl_psys_sum_uj=0
pid=0 energy=34475188746967090 alive=1 kernel=1 cpu_ns=6891035895000000 mem=967282688 instructions=4001854393418 wakeups=16406234 diski=8323072 disko=40067072 rx=72364896 tx=30637274 comm=*system*
psu_energy_ac_mcp_machine=31425095825
-------
timestamp=3408093605767792
iterations=3006
sample_ns=100000000
window_ns=1000000000
rapl_core_sum_uj=13334002966
rapl_psys_sum_uj=0
pid=0 energy=34475199713433055 alive=1 kernel=1 cpu_ns=6891036519000000 mem=967733248 instructions=4003423686611 wakeups=16504475 diski=8323072 disko=40067072 rx=72364896 tx=30637274 comm=*system*
psu_energy_ac_mcp_machine=31449049194
-------
timestamp=3408093745704378
iterations=3007
sample_ns=100000000
window_ns=1000000000
rapl_core_sum_uj=13342026891
rapl_psys_sum_uj=0
pid=0 energy=34475210730245605 alive=1 kernel=1 cpu_ns=6891037143000000 mem=967733248 instructions=4005003049121 wakeups=16603553 diski=8323072 disko=40067072 rx=72364896 tx=30637274 comm=*system*
psu_energy_ac_mcp_machine=31467036377
-------
timestamp=3408093881866248
iterations=3009
sample_ns=100000000
window_ns=1000000000
rapl_core_sum_uj=13358050877
rapl_psys_sum_uj=0
pid=0 energy=34475232747609340 alive=1 kernel=1 cpu_ns=6891038391000000 mem=967294976 instructions=4008158521868 wakeups=16803982 diski=8323072 disko=40067072 rx=72364896 tx=30637274 comm=*system*
psu_energy_ac_mcp_machine=31491017090
-------
timestamp=3408094021158547
iterations=3010
sample_ns=100000000
window_ns=1000000000
rapl_core_sum_uj=13365983189
rapl_psys_sum_uj=0
pid=0 energy=34475243639450765 alive=1 kernel=1 cpu_ns=6891039008000000 mem=967294976 instructions=4009719890153 wakeups=16902369 diski=8323072 disko=40067072 rx=72364896 tx=30637274 comm=*system*
psu_energy_ac_mcp_machine=31508995239
-------
timestamp=3408094157528124
iterations=3011
sample_ns=100000000
window_ns=1000000000
rapl_core_sum_uj=13374084324
rapl_psys_sum_uj=0
pid=0 energy=34475254771815645 alive=1 kernel=1 cpu_ns=6891039638000000 mem=967294976 instructions=4011316363129 wakeups=17003179 diski=8323072 disko=40067072 rx=72364896 tx=30637274 comm=*system*
psu_energy_ac_mcp_machine=31532963013
-------
timestamp=3408094296911663
iterations=3013
sample_ns=100000000
window_ns=1000000000
rapl_core_sum_uj=13390018893
rapl_psys_sum_uj=0
pid=0 energy=34475276612204970 alive=1 kernel=1 cpu_ns=6891040879000000 mem=967520256 instructions=4014443440994 wakeups=17201113 diski=8323072 disko=40067072 rx=72364896 tx=30637274 comm=*system*
psu_energy_ac_mcp_machine=31550933838
-------
timestamp=3408094433784053
iterations=3014
sample_ns=100000000
window_ns=1000000000
rapl_core_sum_uj=13398039522
rapl_psys_sum_uj=0
pid=0 energy=34475287591312190 alive=1 kernel=1 cpu_ns=6891041503000000 mem=967294976 instructions=4016015262438 wakeups=17299700 diski=8323072 disko=40067072 rx=72364896 tx=30637274 comm=*system*
psu_energy_ac_mcp_machine=31568911499
-------
timestamp=3408094569049941
iterations=3015
sample_ns=100000000
window_ns=1000000000
rapl_core_sum_uj=13406133882
rapl_psys_sum_uj=0
pid=0 energy=34475298669294440 alive=1 kernel=1 cpu_ns=6891042133000000 mem=967294976 instructions=4017600858888 wakeups=17398977 diski=8323072 disko=40067072 rx=72364896 tx=30637274 comm=*system*
psu_energy_ac_mcp_machine=31592858521
-------
timestamp=3408094706177408
iterations=3017
sample_ns=100000000
window_ns=1000000000
rapl_core_sum_uj=13422092927
rapl_psys_sum_uj=0
pid=0 energy=34475320595592150 alive=1 kernel=1 cpu_ns=6891043374000000 mem=967745536 instructions=4020745118430 wakeups=17599081 diski=8323072 disko=40067072 rx=72364896 tx=30637274 comm=*system*
psu_energy_ac_mcp_machine=31610807739
-------
timestamp=3408094842603526
iterations=3018
sample_ns=100000000
window_ns=1000000000
rapl_core_sum_uj=13430111542
rapl_psys_sum_uj=0
pid=0 energy=34475331539421715 alive=1 kernel=1 cpu_ns=6891043998000000 mem=967745536 instructions=4022309884343 wakeups=17696965 diski=8323072 disko=40067072 rx=72364896 tx=30637274 comm=*system*
psu_energy_ac_mcp_machine=31634742310
-------
timestamp=3408094981695681
iterations=3019
sample_ns=100000000
window_ns=1000000000
rapl_core_sum_uj=13438129791
rapl_psys_sum_uj=0
pid=0 energy=34475342481330985 alive=1 kernel=1 cpu_ns=6891044622000000 mem=967315456 instructions=4023874266197 wakeups=17794867 diski=8323072 disko=40067072 rx=72364896 tx=30637274 comm=*system*
psu_energy_ac_mcp_machine=31652674438
-------
timestamp=3408095116997996
iterations=3021
sample_ns=100000000
window_ns=1000000000
rapl_core_sum_uj=13454284880
rapl_psys_sum_uj=0
pid=0 energy=34475364561513165 alive=1 kernel=1 cpu_ns=6891045876000000 mem=968441856 instructions=4027036302633 wakeups=17993758 diski=8323072 disko=40067072 rx=72364896 tx=30637274 comm=*system*
psu_energy_ac_mcp_machine=31676585815
-------
timestamp=3408095257044210
iterations=3022
sample_ns=100000000
window_ns=1000000000
rapl_core_sum_uj=13462254179
rapl_psys_sum_uj=0
pid=0 energy=34475375440755130 alive=1 kernel=1 cpu_ns=6891046493000000 mem=967540736 instructions=4028595151026 wakeups=18092863 diski=8323072 disko=40067072 rx=72364898 tx=30637274 comm=*system*
psu_energy_ac_mcp_machine=31694517212
-------
timestamp=3408095392282657
iterations=3023
sample_ns=100000000
window_ns=1000000000
rapl_core_sum_uj=13470298002
rapl_psys_sum_uj=0
pid=0 energy=34475386446648165 alive=1 kernel=1 cpu_ns=6891047117000000 mem=967766016 instructions=4030172329633 wakeups=18192295 diski=8323072 disko=40067072 rx=72364898 tx=30637274 comm=*system*
psu_energy_ac_mcp_machine=31712474731
-------
timestamp=3408095528442615
iterations=3025
sample_ns=100000000
window_ns=1000000000
rapl_core_sum_uj=13486450039
rapl_psys_sum_uj=0
pid=0 energy=34475408584075845 alive=1 kernel=1 cpu_ns=6891048371000000 mem=968216576 instructions=4033345815169 wakeups=18392511 diski=8323072 disko=40067072 rx=72364898 tx=30637274 comm=*system*
psu_energy_ac_mcp_machine=31736451538
-------
timestamp=3408095667451573
iterations=3026
sample_ns=100000000
window_ns=1000000000
rapl_core_sum_uj=13494394252
rapl_psys_sum_uj=0
pid=0 energy=34475419452482875 alive=1 kernel=1 cpu_ns=6891048989000000 mem=967540736 instructions=4034901496575 wakeups=18491870 diski=8323072 disko=40067072 rx=72364898 tx=30637274 comm=*system*
psu_energy_ac_mcp_machine=31754380615
-------
timestamp=3408095803687726
iterations=3027
sample_ns=100000000
window_ns=1000000000
rapl_core_sum_uj=13502533045
rapl_psys_sum_uj=0
pid=0 energy=34475430577138515 alive=1 kernel=1 cpu_ns=6891049619000000 mem=967540736 instructions=4036496427703 wakeups=18591924 diski=8323072 disko=40067072 rx=72364899 tx=30637275 comm=*system*
psu_energy_ac_mcp_machine=31778375000
-------
timestamp=3408095941257882
iterations=3028
sample_ns=100000000
window_ns=1000000000
rapl_core_sum_uj=13510587122
rapl_psys_sum_uj=0
pid=0 energy=34475441598525405 alive=1 kernel=1 cpu_ns=6891050243000000 mem=967327744 instructions=4038076705081 wakeups=18691322 diski=8323072 disko=40067072 rx=72364899 tx=30637275 comm=*system*
psu_energy_ac_mcp_machine=31796330078
-------
timestamp=3408096077114574
iterations=3030
sample_ns=100000000
window_ns=1000000000
rapl_core_sum_uj=13526651697
rapl_psys_sum_uj=0
pid=0 energy=34475463522176165 alive=1 kernel=1 cpu_ns=6891051491000000 mem=967553024 instructions=4041213435233 wakeups=18889785 diski=8323072 disko=40067072 rx=72364900 tx=30637275 comm=*system*
psu_energy_ac_mcp_machine=31820279297
-------
timestamp=3408096217264620
iterations=3031
sample_ns=100000000
window_ns=1000000000
rapl_core_sum_uj=13534644861
rapl_psys_sum_uj=0
pid=0 energy=34475474428206580 alive=1 kernel=1 cpu_ns=6891052109000000 mem=967778304 instructions=4042776641316 wakeups=18988537 diski=8323072 disko=40067072 rx=72364900 tx=30637275 comm=*system*
psu_energy_ac_mcp_machine=31838268433
-------
timestamp=3408096354225377
iterations=3032
sample_ns=100000000
window_ns=1000000000
rapl_core_sum_uj=13542698083
rapl_psys_sum_uj=0
pid=0 energy=34475485431393110 alive=1 kernel=1 cpu_ns=6891052733000000 mem=967327744 instructions=4044353278622 wakeups=19087571 diski=8323072 disko=40067072 rx=72364900 tx=30637275 comm=*system*
psu_energy_ac_mcp_machine=31856257080
-------
timestamp=3408096490711631
iterations=3034
sample_ns=100000000
window_ns=1000000000
rapl_core_sum_uj=13558855919
rapl_psys_sum_uj=0
pid=0 energy=34475507453930205 alive=1 kernel=1 cpu_ns=6891053980000000 mem=967327744 instructions=4047510786041 wakeups=19288605 diski=8323072 disko=40087552 rx=72364900 tx=30637275 comm=*system*
psu_energy_ac_mcp_machine=31880356079
-------
timestamp=3408096630492699
iterations=3035
sample_ns=100000000
window_ns=1000000000
rapl_core_sum_uj=13566938377
rapl_psys_sum_uj=0
pid=0 energy=34475518389109445 alive=1 kernel=1 cpu_ns=6891054604000000 mem=967102464 instructions=4049073821889 wakeups=19386107 diski=8323072 disko=40087552 rx=72364900 tx=30637275 comm=*system*
psu_energy_ac_mcp_machine=31898416138
-------
timestamp=3408096767227267
iterations=3036
sample_ns=100000000
window_ns=1000000000
rapl_core_sum_uj=13575068748
rapl_psys_sum_uj=0
pid=0 energy=34475529475202545 alive=1 kernel=1 cpu_ns=6891055234000000 mem=966877184 instructions=4050661040509 wakeups=19485575 diski=8323072 disko=40087552 rx=72364900 tx=30637275 comm=*system*
psu_energy_ac_mcp_machine=31922441040
-------
timestamp=3408096906354018
iterations=3038
sample_ns=100000000
window_ns=1000000000
rapl_core_sum_uj=13591082053
rapl_psys_sum_uj=0
pid=0 energy=34475551344084070 alive=1 kernel=1 cpu_ns=6891056475000000 mem=967340032 instructions=4053793816814 wakeups=19684658 diski=8323072 disko=40087552 rx=72364900 tx=30637275 comm=*system*
psu_energy_ac_mcp_machine=31940412354
-------
timestamp=3408097062381431
iterations=3039
sample_ns=100000000
window_ns=1000000000
rapl_core_sum_uj=13597815939
rapl_psys_sum_uj=0
pid=0 energy=34475560819423055 alive=1 kernel=1 cpu_ns=6891056956000000 mem=968613888 instructions=4055207884611 wakeups=19747171 diski=8388608 disko=40394752 rx=72364905 tx=30637282 comm=*system*
psu_energy_ac_mcp_machine=31955166748
-------
timestamp=3408097231687877
iterations=3041
sample_ns=100000000
window_ns=1000000000
rapl_core_sum_uj=13599345052
rapl_psys_sum_uj=0
pid=0 energy=34475564590626260 alive=1 kernel=1 cpu_ns=6891057367000000 mem=968613888 instructions=4055551125252 wakeups=19748511 diski=8466432 disko=44011520 rx=72364907 tx=30637282 comm=*system*
psu_energy_ac_mcp_machine=31965993652
-------
timestamp=3408097405488565
iterations=3042
sample_ns=100000000
window_ns=1000000000
rapl_core_sum_uj=13600359822
rapl_psys_sum_uj=0
pid=0 energy=34475568231329845 alive=1 kernel=1 cpu_ns=6891057806000000 mem=968388608 instructions=4055840265969 wakeups=19750351 diski=8466432 disko=47104000 rx=72364907 tx=30637282 comm=*system*
psu_energy_ac_mcp_machine=31973945801
-------
timestamp=3408097579155525
iterations=3044
sample_ns=100000000
window_ns=1000000000
rapl_core_sum_uj=13602291339
rapl_psys_sum_uj=0
pid=0 energy=34475575187509575 alive=1 kernel=1 cpu_ns=6891058667000000 mem=968261632 instructions=4056370501915 wakeups=19753619 diski=8466432 disko=51879936 rx=72364907 tx=30637282 comm=*system*
psu_energy_ac_mcp_machine=31983600098
-------
timestamp=3408097747815280
iterations=3045
sample_ns=100000000
window_ns=1000000000
rapl_core_sum_uj=13603296893
rapl_psys_sum_uj=0
pid=0 energy=34475578901401650 alive=1 kernel=1 cpu_ns=6891059114000000 mem=968486912 instructions=4056666280330 wakeups=19755509 diski=8466432 disko=54784000 rx=72364907 tx=30637282 comm=*system*
psu_energy_ac_mcp_machine=31991815796
-------
timestamp=3408097920424904
iterations=3047
sample_ns=100000000
window_ns=1000000000
rapl_core_sum_uj=13605237322
rapl_psys_sum_uj=0
pid=0 energy=34475585827473420 alive=1 kernel=1 cpu_ns=6891059962000000 mem=968331264 instructions=4057203494684 wakeups=19758849 diski=8466432 disko=59699200 rx=72364907 tx=30637282 comm=*system*
psu_energy_ac_mcp_machine=32002666870
-------
timestamp=3408098090940325
iterations=3048
sample_ns=100000000
window_ns=1000000000
rapl_core_sum_uj=13606235124
rapl_psys_sum_uj=0
pid=0 energy=34475589375472225 alive=1 kernel=1 cpu_ns=6891060393000000 mem=968134656 instructions=4057482094445 wakeups=19760568 diski=8466432 disko=62218240 rx=72364907 tx=30637282 comm=*system*
psu_energy_ac_mcp_machine=32010727295
-------
timestamp=3408098264118095
iterations=3050
sample_ns=100000000
window_ns=1000000000
rapl_core_sum_uj=13608193009
rapl_psys_sum_uj=0
pid=0 energy=34475596222846195 alive=1 kernel=1 cpu_ns=6891061223000000 mem=968134656 instructions=4058021569239 wakeups=19763980 diski=8466432 disko=67354624 rx=72364907 tx=30637282 comm=*system*
psu_energy_ac_mcp_machine=32019819214
-------
timestamp=3408098435154371
iterations=3052
sample_ns=100000000
window_ns=1000000000
rapl_core_sum_uj=13610186355
rapl_psys_sum_uj=0
pid=0 energy=34475603552397615 alive=1 kernel=1 cpu_ns=6891062126000000 mem=969486336 instructions=4058584479523 wakeups=19767283 diski=8466432 disko=72347648 rx=72364907 tx=30637282 comm=*system*
psu_energy_ac_mcp_machine=32030680786
-------
timestamp=3408098605221930
iterations=3053
sample_ns=100000000
window_ns=1000000000
rapl_core_sum_uj=13611121901
rapl_psys_sum_uj=0
pid=0 energy=34475606765384375 alive=1 kernel=1 cpu_ns=6891062520000000 mem=968105984 instructions=4058833076875 wakeups=19768941 diski=8466432 disko=74432512 rx=72364907 tx=30637282 comm=*system*
psu_energy_ac_mcp_machine=32039824097
-------
timestamp=3408098779612453
iterations=3055
sample_ns=100000000
window_ns=1000000000
rapl_core_sum_uj=13613049695
rapl_psys_sum_uj=0
pid=0 energy=34475613683212745 alive=1 kernel=1 cpu_ns=6891063369000000 mem=968691712 instructions=4059367642549 wakeups=19772143 diski=8466432 disko=79609856 rx=72364907 tx=30637282 comm=*system*
psu_energy_ac_mcp_machine=32047834595
-------
timestamp=3408098950387223
iterations=3056
sample_ns=100000000
window_ns=1000000000
rapl_core_sum_uj=13614026623
rapl_psys_sum_uj=0
pid=0 energy=34475617260263870 alive=1 kernel=1 cpu_ns=6891063804000000 mem=968175616 instructions=4059648052774 wakeups=19773964 diski=8466432 disko=82325504 rx=72364907 tx=30637282 comm=*system*
psu_energy_ac_mcp_machine=32058661987
-------
timestamp=3408099127315735
iterations=3058
sample_ns=100000000
window_ns=1000000000
rapl_core_sum_uj=13615931163
rapl_psys_sum_uj=0
pid=0 energy=34475623999860070 alive=1 kernel=1 cpu_ns=6891064624000000 mem=968175616 instructions=4060175972014 wakeups=19777228 diski=8466432 disko=87248896 rx=72364907 tx=30637282 comm=*system*
psu_energy_ac_mcp_machine=32067199829
-------
timestamp=3408099299919068
iterations=3059
sample_ns=100000000
window_ns=1000000000
rapl_core_sum_uj=13616939036
rapl_psys_sum_uj=0
pid=0 energy=34475627661859545 alive=1 kernel=1 cpu_ns=6891065068000000 mem=968175616 instructions=4060464371909 wakeups=19779045 diski=8466432 disko=89911296 rx=72364909 tx=30637282 comm=*system*
psu_energy_ac_mcp_machine=32075582886
-------
timestamp=3408099469291552
iterations=3061
sample_ns=100000000
window_ns=1000000000
rapl_core_sum_uj=13618860544
rapl_psys_sum_uj=0
pid=0 energy=34475634525633175 alive=1 kernel=1 cpu_ns=6891065901000000 mem=968175616 instructions=4061004126635 wakeups=19782478 diski=8466432 disko=95141888 rx=72364909 tx=30637282 comm=*system*
psu_energy_ac_mcp_machine=32084210571
-------
timestamp=3408099639917346
iterations=3062
sample_ns=100000000
window_ns=1000000000
rapl_core_sum_uj=13619839547
rapl_psys_sum_uj=0
pid=0 energy=34475638137401950 alive=1 kernel=1 cpu_ns=6891066345000000 mem=968175616 instructions=4061282480390 wakeups=19784214 diski=8466432 disko=98213888 rx=72364909 tx=30637282 comm=*system*
psu_energy_ac_mcp_machine=32095651489
-------
timestamp=3408099813570885
iterations=3064
sample_ns=100000000
window_ns=1000000000
rapl_core_sum_uj=13621813301
rapl_psys_sum_uj=0
pid=0 energy=34475645229001585 alive=1 kernel=1 cpu_ns=6891067212000000 mem=968175616 instructions=4061833800317 wakeups=19787774 diski=8466432 disko=103702528 rx=72364909 tx=30637282 comm=*system*
psu_energy_ac_mcp_machine=32103645874
-------
timestamp=3408099970027104
iterations=3065
sample_ns=100000000
window_ns=1000000000
rapl_core_sum_uj=13622952644
rapl_psys_sum_uj=0
pid=0 energy=34475648711254730 alive=1 kernel=1 cpu_ns=6891067594000000 mem=968183808 instructions=4062148250946 wakeups=19789703 diski=8466432 disko=106508288 rx=72364909 tx=30637282 comm=*system*
psu_energy_ac_mcp_machine=32112852173
-------
timestamp=3408100127813425
iterations=3067
sample_ns=100000000
window_ns=1000000000
rapl_core_sum_uj=13625257819
rapl_psys_sum_uj=0
pid=0 energy=34475655127482450 alive=1 kernel=1 cpu_ns=6891068256000000 mem=968409088 instructions=4062769496490 wakeups=19793620 diski=8466432 disko=112123904 rx=72364909 tx=30637282 comm=*system*
psu_energy_ac_mcp_machine=32122150146
-------
timestamp=3408100288917820
iterations=3068
sample_ns=100000000
window_ns=1000000000
rapl_core_sum_uj=13626424261
rapl_psys_sum_uj=0
pid=0 energy=34475658636659300 alive=1 kernel=1 cpu_ns=6891068626000000 mem=968634368 instructions=4063101331860 wakeups=19795664 diski=8466432 disko=115306496 rx=72364909 tx=30637282 comm=*system*
psu_energy_ac_mcp_machine=32131332642
-------
timestamp=3408100446335598
iterations=3070
sample_ns=100000000
window_ns=1000000000
rapl_core_sum_uj=13628761968
rapl_psys_sum_uj=0
pid=0 energy=34475665377083840 alive=1 kernel=1 cpu_ns=6891069329000000 mem=968355840 instructions=4063746416768 wakeups=19799673 diski=8466432 disko=121208832 rx=72364909 tx=30637282 comm=*system*
psu_energy_ac_mcp_machine=32140628540
-------
timestamp=3408100613695851
iterations=3071
sample_ns=100000000
window_ns=1000000000
rapl_core_sum_uj=13629989873
rapl_psys_sum_uj=0
pid=0 energy=34475669046528880 alive=1 kernel=1 cpu_ns=6891069715000000 mem=968355840 instructions=4064094305776 wakeups=19801877 diski=8466432 disko=124542976 rx=72364909 tx=30637282 comm=*system*
psu_energy_ac_mcp_machine=32149038330
-------
timestamp=3408100786652524
iterations=3073
sample_ns=100000000
window_ns=1000000000
rapl_core_sum_uj=13631857425
rapl_psys_sum_uj=0
pid=0 energy=34475675460105535 alive=1 kernel=1 cpu_ns=6891070498000000 mem=968130560 instructions=4064594021107 wakeups=19804988 diski=8466432 disko=129196032 rx=72364909 tx=30637282 comm=*system*
psu_energy_ac_mcp_machine=32157904053
-------
timestamp=3408100958189385
iterations=3074
sample_ns=100000000
window_ns=1000000000
rapl_core_sum_uj=13632870913
rapl_psys_sum_uj=0
pid=0 energy=34475679186167555 alive=1 kernel=1 cpu_ns=6891070957000000 mem=968286208 instructions=4064880233511 wakeups=19806708 diski=8466432 disko=131854336 rx=72364909 tx=30637282 comm=*system*
psu_energy_ac_mcp_machine=32168884155
-------
timestamp=3408101128585749
iterations=3076
sample_ns=100000000
window_ns=1000000000
rapl_core_sum_uj=13634768556
rapl_psys_sum_uj=0
pid=0 energy=34475685727311155 alive=1 kernel=1 cpu_ns=6891071759000000 mem=968204288 instructions=4065386462231 wakeups=19809886 diski=8466432 disko=136593408 rx=72364909 tx=30637282 comm=*system*
psu_energy_ac_mcp_machine=32177768188
-------
timestamp=3408101301253507
iterations=3077
sample_ns=100000000
window_ns=1000000000
rapl_core_sum_uj=13635778138
rapl_psys_sum_uj=0
pid=0 energy=34475689302489630 alive=1 kernel=1 cpu_ns=6891072194000000 mem=968204288 instructions=4065666497926 wakeups=19811597 diski=8466432 disko=139390976 rx=72364911 tx=30637282 comm=*system*
psu_energy_ac_mcp_machine=32186622559
-------
timestamp=3408101478355005
iterations=3079
sample_ns=100000000
window_ns=1000000000
rapl_core_sum_uj=13637697265
rapl_psys_sum_uj=0
pid=0 energy=34475695907002435 alive=1 kernel=1 cpu_ns=6891072998000000 mem=968220672 instructions=4066183400487 wakeups=19814817 diski=8466432 disko=144216064 rx=72364911 tx=30637282 comm=*system*
psu_energy_ac_mcp_machine=32196716919
-------
timestamp=3408101647970205
iterations=3081
sample_ns=100000000
window_ns=1000000000
rapl_core_sum_uj=13639715636
rapl_psys_sum_uj=0
pid=0 energy=34475703203976090 alive=1 kernel=1 cpu_ns=6891073886000000 mem=969347072 instructions=4066754795218 wakeups=19818206 diski=8466432 disko=148865024 rx=72364911 tx=30637282 comm=*system*
psu_energy_ac_mcp_machine=32205194336
-------
timestamp=3408101821414800
iterations=3082
sample_ns=100000000
window_ns=1000000000
rapl_core_sum_uj=13640716551
rapl_psys_sum_uj=0
pid=0 energy=34475706819192995 alive=1 kernel=1 cpu_ns=6891074335000000 mem=968220672 instructions=4067028838599 wakeups=19820004 diski=8466432 disko=151576576 rx=72364911 tx=30637282 comm=*system*
psu_energy_ac_mcp_machine=32214368896
-------
timestamp=3408101993651531
iterations=3084
sample_ns=100000000
window_ns=1000000000
rapl_core_sum_uj=13642769346
rapl_psys_sum_uj=0
pid=0 energy=34475714212885675 alive=1 kernel=1 cpu_ns=6891075235000000 mem=969080832 instructions=4067607577135 wakeups=19823594 diski=8466432 disko=157274112 rx=72364911 tx=30637282 comm=*system*
psu_energy_ac_mcp_machine=32225266113
-------
timestamp=3408102167844913
iterations=3085
sample_ns=100000000
window_ns=1000000000
rapl_core_sum_uj=13643801511
rapl_psys_sum_uj=0
pid=0 energy=34475717947721475 alive=1 kernel=1 cpu_ns=6891075689000000 mem=967954432 instructions=4067900544295 wakeups=19825473 diski=8466432 disko=160141312 rx=72364911 tx=30637282 comm=*system*
psu_energy_ac_mcp_machine=32234128906
-------
timestamp=3408102344629073
iterations=3087
sample_ns=100000000
window_ns=1000000000
rapl_core_sum_uj=13645818356
rapl_psys_sum_uj=0
pid=0 energy=34475725263467200 alive=1 kernel=1 cpu_ns=6891076582000000 mem=968404992 instructions=4068470693440 wakeups=19829052 diski=8466432 disko=165687296 rx=72364911 tx=30637282 comm=*system*
psu_energy_ac_mcp_machine=32242218384
-------
timestamp=3408102515401979
iterations=3088
sample_ns=100000000
window_ns=1000000000
rapl_core_sum_uj=13646824947
rapl_psys_sum_uj=0
pid=0 energy=34475728932581945 alive=1 kernel=1 cpu_ns=6891077027000000 mem=968179712 instructions=4068759516389 wakeups=19830899 diski=8466432 disko=168747008 rx=72364911 tx=30637282 comm=*system*
psu_energy_ac_mcp_machine=32253084961
-------
timestamp=3408102688344269
iterations=3090
sample_ns=100000000
window_ns=1000000000
rapl_core_sum_uj=13648894831
rapl_psys_sum_uj=0
pid=0 energy=34475736712789250 alive=1 kernel=1 cpu_ns=6891077980000000 mem=967954432 instructions=4069362557850 wakeups=19834688 diski=8466432 disko=174747648 rx=72364911 tx=30637282 comm=*system*
psu_energy_ac_mcp_machine=32261267822
-------
timestamp=3408102863223150
iterations=3091
sample_ns=100000000
window_ns=1000000000
rapl_core_sum_uj=13649936151
rapl_psys_sum_uj=0
pid=0 energy=34475740689153930 alive=1 kernel=1 cpu_ns=6891078468000000 mem=968179712 instructions=4069669830786 wakeups=19836508 diski=8466432 disko=177659904 rx=72364911 tx=30637282 comm=*system*
psu_energy_ac_mcp_machine=32270245239
-------
timestamp=3408103030461726
iterations=3093
sample_ns=100000000
window_ns=1000000000
rapl_core_sum_uj=13652013786
rapl_psys_sum_uj=0
pid=0 energy=34475748263814325 alive=1 kernel=1 cpu_ns=6891079388000000 mem=968192000 instructions=4070264762865 wakeups=19840236 diski=8466432 disko=183357440 rx=72364911 tx=30637282 comm=*system*
psu_energy_ac_mcp_machine=32279552856
-------
timestamp=3408103179693098
iterations=3094
sample_ns=100000000
window_ns=1000000000
rapl_core_sum_uj=13653382438
rapl_psys_sum_uj=0
pid=0 energy=34475752324981150 alive=1 kernel=1 cpu_ns=6891079806000000 mem=968429568 instructions=4070658996230 wakeups=19842762 diski=8466432 disko=187555840 rx=72364911 tx=30637282 comm=*system*
psu_energy_ac_mcp_machine=32288588867
-------
timestamp=3408103329531960
iterations=3096
sample_ns=100000000
window_ns=1000000000
rapl_core_sum_uj=13656327811
rapl_psys_sum_uj=0
pid=0 energy=34475759811681835 alive=1 kernel=1 cpu_ns=6891080464000000 mem=968654848 instructions=4071498336367 wakeups=19848143 diski=8466432 disko=196288512 rx=72364913 tx=30637282 comm=*system*
psu_energy_ac_mcp_machine=32298733643
-------
timestamp=3408103477579705
iterations=3097
sample_ns=100000000
window_ns=1000000000
rapl_core_sum_uj=13657730398
rapl_psys_sum_uj=0
pid=0 energy=34475763436951250 alive=1 kernel=1 cpu_ns=6891080792000000 mem=968204288 instructions=4071895390250 wakeups=19850707 diski=8466432 disko=200142848 rx=72364913 tx=30637282 comm=*system*
psu_energy_ac_mcp_machine=32308861694
-------
timestamp=3408103626622466
iterations=3098
sample_ns=100000000
window_ns=1000000000
rapl_core_sum_uj=13659121511
rapl_psys_sum_uj=0
pid=0 energy=34475766968310305 alive=1 kernel=1 cpu_ns=6891081105000000 mem=967979008 instructions=4072288662061 wakeups=19853127 diski=8466432 disko=203685888 rx=72364913 tx=30637282 comm=*system*
psu_energy_ac_mcp_machine=32315740601
-------
timestamp=3408103772462697
iterations=3100
sample_ns=100000000
window_ns=1000000000
rapl_core_sum_uj=13661970081
rapl_psys_sum_uj=0
pid=0 energy=34475774132071330 alive=1 kernel=1 cpu_ns=6891081742000000 mem=968204288 instructions=4073084414266 wakeups=19858189 diski=8466432 disko=211718144 rx=72364913 tx=30637282 comm=*system*
psu_energy_ac_mcp_machine=32325141846
-------
timestamp=3408103921421494
iterations=3101
sample_ns=100000000
window_ns=1000000000
rapl_core_sum_uj=13663395679
rapl_psys_sum_uj=0
pid=0 energy=34475777736366860 alive=1 kernel=1 cpu_ns=6891082053000000 mem=968224768 instructions=4073494273372 wakeups=19860855 diski=8466432 disko=216113152 rx=72364913 tx=30637282 comm=*system*
psu_energy_ac_mcp_machine=32335533447
-------
timestamp=3408104069980299
iterations=3103
sample_ns=100000000
window_ns=1000000000
rapl_core_sum_uj=13666313464
rapl_psys_sum_uj=0
pid=0 energy=34475785329254105 alive=1 kernel=1 cpu_ns=6891082733000000 mem=968224768 instructions=4074332850821 wakeups=19866360 diski=8466432 disko=224985088 rx=72364913 tx=30637282 comm=*system*
psu_energy_ac_mcp_machine=32342721069
-------
timestamp=3408104216229296
iterations=3104
sample_ns=100000000
window_ns=1000000000
rapl_core_sum_uj=13667720446
rapl_psys_sum_uj=0
pid=0 energy=34475788877545670 alive=1 kernel=1 cpu_ns=6891083049000000 mem=968450048 instructions=4074726509134 wakeups=19868940 diski=8466432 disko=229269504 rx=72364913 tx=30637282 comm=*system*
psu_energy_ac_mcp_machine=32352523193
-------
timestamp=3408104383770256
iterations=3106
sample_ns=100000000
window_ns=1000000000
rapl_core_sum_uj=13670387437
rapl_psys_sum_uj=0
pid=0 energy=34475796145569520 alive=1 kernel=1 cpu_ns=6891083747000000 mem=968900608 instructions=4075482113904 wakeups=19873718 diski=8466432 disko=236384256 rx=72364913 tx=30637282 comm=*system*
psu_energy_ac_mcp_machine=32361948486
-------
timestamp=3408104555965602
iterations=3107
sample_ns=100000000
window_ns=1000000000
rapl_core_sum_uj=13671387620
rapl_psys_sum_uj=0
pid=0 energy=34475799760047650 alive=1 kernel=1 cpu_ns=6891084190000000 mem=967999488 instructions=4075762009530 wakeups=19875609 diski=8466432 disko=239431680 rx=72364913 tx=30637282 comm=*system*
psu_energy_ac_mcp_machine=32372872437
-------
timestamp=3408104729859268
iterations=3109
sample_ns=100000000
window_ns=1000000000
rapl_core_sum_uj=13673446762
rapl_psys_sum_uj=0
pid=0 energy=34475807215158090 alive=1 kernel=1 cpu_ns=6891085094000000 mem=968224768 instructions=4076349031618 wakeups=19879285 diski=8466432 disko=245002240 rx=72364913 tx=30637282 comm=*system*
psu_energy_ac_mcp_machine=32381671265
-------
timestamp=3408104904682393
iterations=3110
sample_ns=100000000
window_ns=1000000000
rapl_core_sum_uj=13674466720
rapl_psys_sum_uj=0
pid=0 energy=34475810895534360 alive=1 kernel=1 cpu_ns=6891085539000000 mem=968450048 instructions=4076640106872 wakeups=19881081 diski=8466432 disko=247812096 rx=72364913 tx=30637282 comm=*system*
psu_energy_ac_mcp_machine=32390612183
-------
timestamp=3408105078929159
iterations=3112
sample_ns=100000000
window_ns=1000000000
rapl_core_sum_uj=13676507551
rapl_psys_sum_uj=0
pid=0 energy=34475818292651975 alive=1 kernel=1 cpu_ns=6891086445000000 mem=968015872 instructions=4077213530395 wakeups=19884653 diski=8466432 disko=253542400 rx=72364913 tx=30637282 comm=*system*
psu_energy_ac_mcp_machine=32401498901
-------
timestamp=3408105254130062
iterations=3113
sample_ns=100000000
window_ns=1000000000
rapl_core_sum_uj=13677509015
rapl_psys_sum_uj=0
pid=0 energy=34475821886914665 alive=1 kernel=1 cpu_ns=6891086880000000 mem=968241152 instructions=4077497382933 wakeups=19886414 diski=8466432 disko=256569344 rx=72364913 tx=30637282 comm=*system*
psu_energy_ac_mcp_machine=32410377319
-------
timestamp=3408105426519746
iterations=3115
sample_ns=100000000
window_ns=1000000000
rapl_core_sum_uj=13679573040
rapl_psys_sum_uj=0
pid=0 energy=34475829543066890 alive=1 kernel=1 cpu_ns=6891087816000000 mem=968241152 instructions=4078092613378 wakeups=19890091 diski=8466432 disko=262520832 rx=72364915 tx=30637282 comm=*system*
psu_energy_ac_mcp_machine=32418506226
-------
timestamp=3408105597984450
iterations=3116
sample_ns=100000000
window_ns=1000000000
rapl_core_sum_uj=13680604839
rapl_psys_sum_uj=0
pid=0 energy=34475833355399775 alive=1 kernel=1 cpu_ns=6891088276000000 mem=968466432 instructions=4078395079955 wakeups=19891954 diski=8466432 disko=265785344 rx=72364915 tx=30637282 comm=*system*
psu_energy_ac_mcp_machine=32429456299
-------
timestamp=3408105771359012
iterations=3118
sample_ns=100000000
window_ns=1000000000
rapl_core_sum_uj=13682689372
rapl_psys_sum_uj=0
pid=0 energy=34475841096491045 alive=1 kernel=1 cpu_ns=6891089224000000 mem=968241152 instructions=4078995298209 wakeups=19895821 diski=8466432 disko=271929344 rx=72364916 tx=30637283 comm=*system*
psu_energy_ac_mcp_machine=32437560425
-------
timestamp=3408105946984037
iterations=3120
sample_ns=100000000
window_ns=1000000000
rapl_core_sum_uj=13684638529
rapl_psys_sum_uj=0
pid=0 energy=34475847853484895 alive=1 kernel=1 cpu_ns=6891090046000000 mem=969117696 instructions=4079524696979 wakeups=19899074 diski=8466432 disko=277078016 rx=72364916 tx=30637283 comm=*system*
psu_energy_ac_mcp_machine=32446241577
-------
timestamp=3408106117507858
iterations=3121
sample_ns=100000000
window_ns=1000000000
rapl_core_sum_uj=13685593668
rapl_psys_sum_uj=0
pid=0 energy=34475851168532275 alive=1 kernel=1 cpu_ns=6891090452000000 mem=968216576 instructions=4079781706455 wakeups=19900736 diski=8466432 disko=279789568 rx=72364916 tx=30637283 comm=*system*
psu_energy_ac_mcp_machine=32457244263
-------
timestamp=3408106294234418
iterations=3123
sample_ns=100000000
window_ns=1000000000
rapl_core_sum_uj=13687605508
rapl_psys_sum_uj=0
pid=0 energy=34475858361828875 alive=1 kernel=1 cpu_ns=6891091330000000 mem=968892416 instructions=4080342365775 wakeups=19904241 diski=8466432 disko=285114368 rx=72364916 tx=30637283 comm=*system*
psu_energy_ac_mcp_machine=32466392578
-------
timestamp=3408106465440449
iterations=3124
sample_ns=100000000
window_ns=1000000000
rapl_core_sum_uj=13688617959
rapl_psys_sum_uj=0
pid=0 energy=34475861961326790 alive=1 kernel=1 cpu_ns=6891091763000000 mem=967991296 instructions=4080629265358 wakeups=19905998 diski=8466432 disko=287694848 rx=72364916 tx=30637283 comm=*system*
psu_energy_ac_mcp_machine=32475252930
-------
timestamp=3408106621916420
iterations=3126
sample_ns=100000000
window_ns=1000000000
rapl_core_sum_uj=13690727211
rapl_psys_sum_uj=0
pid=0 energy=34475868548768330 alive=1 kernel=1 cpu_ns=6891092506000000 mem=967991296 instructions=4081203753666 wakeups=19909613 diski=8466432 disko=292900864 rx=72364916 tx=30637283 comm=*system*
psu_energy_ac_mcp_machine=32483685547
-------
timestamp=3408106789355141
iterations=3127
sample_ns=100000000
window_ns=1000000000
rapl_core_sum_uj=13691728553
rapl_psys_sum_uj=0
pid=0 energy=34475871765754290 alive=1 kernel=1 cpu_ns=6891092876000000 mem=968216576 instructions=4081477150858 wakeups=19911321 diski=8466432 disko=295469056 rx=72364916 tx=30637283 comm=*system*
psu_energy_ac_mcp_machine=32492633789
-------
timestamp=3408106957189161
iterations=3129
sample_ns=100000000
window_ns=1000000000
rapl_core_sum_uj=13693702673
rapl_psys_sum_uj=0
pid=0 energy=34475878563470360 alive=1 kernel=1 cpu_ns=6891093703000000 mem=968269824 instructions=4082009694072 wakeups=19914708 diski=8466432 disko=300896256 rx=72364916 tx=30637283 comm=*system*
psu_energy_ac_mcp_machine=32503204956
-------
timestamp=3408107128200115
iterations=3130
sample_ns=100000000
window_ns=1000000000
rapl_core_sum_uj=13694727880
rapl_psys_sum_uj=0
pid=0 energy=34475882340610090 alive=1 kernel=1 cpu_ns=6891094164000000 mem=968720384 instructions=4082304122018 wakeups=19916572 diski=8466432 disko=303665152 rx=72364916 tx=30637283 comm=*system*
psu_energy_ac_mcp_machine=32511384521
-------
timestamp=3408107300101638
iterations=3132
sample_ns=100000000
window_ns=1000000000
rapl_core_sum_uj=13696698460
rapl_psys_sum_uj=0
pid=0 energy=34475889146668165 alive=1 kernel=1 cpu_ns=6891094988000000 mem=968691712 instructions=4082841333633 wakeups=19919901 diski=8466432 disko=308109312 rx=72364918 tx=30637283 comm=*system*
psu_energy_ac_mcp_machine=32520128906
-------
timestamp=3408107468906717
iterations=3133
sample_ns=100000000
window_ns=1000000000
rapl_core_sum_uj=13697702366
rapl_psys_sum_uj=0
pid=0 energy=34475892725831735 alive=1 kernel=1 cpu_ns=6891095429000000 mem=968241152 instructions=4083116166347 wakeups=19921620 diski=8466432 disko=310497280 rx=72364918 tx=30637283 comm=*system*
psu_energy_ac_mcp_machine=32529375488
-------
timestamp=3408107641802828
iterations=3135
sample_ns=100000000
window_ns=1000000000
rapl_core_sum_uj=13699697666
rapl_psys_sum_uj=0
pid=0 energy=34475899653280065 alive=1 kernel=1 cpu_ns=6891096272000000 mem=968466432 instructions=4083658656013 wakeups=19925177 diski=8466432 disko=315789312 rx=72364918 tx=30637283 comm=*system*
psu_energy_ac_mcp_machine=32540151489
-------
timestamp=3408107813899513
iterations=3136
sample_ns=100000000
window_ns=1000000000
rapl_core_sum_uj=13700691440
rapl_psys_sum_uj=0
pid=0 energy=34475903123123370 alive=1 kernel=1 cpu_ns=6891096696000000 mem=968241152 instructions=4083928624674 wakeups=19926811 diski=8466432 disko=318590976 rx=72364918 tx=30637283 comm=*system*
psu_energy_ac_mcp_machine=32548978271
-------
timestamp=3408107984803735
iterations=3138
sample_ns=100000000
window_ns=1000000000
rapl_core_sum_uj=13702698397
rapl_psys_sum_uj=0
pid=0 energy=34475910211380870 alive=1 kernel=1 cpu_ns=6891097560000000 mem=968286208 instructions=4084482276174 wakeups=19930279 diski=8466432 disko=323788800 rx=72364918 tx=30637283 comm=*system*
psu_energy_ac_mcp_machine=32557017944
-------
timestamp=3408108156794582
iterations=3139
sample_ns=100000000
window_ns=1000000000
rapl_core_sum_uj=13703741426
rapl_psys_sum_uj=0
pid=0 energy=34475914078131675 alive=1 kernel=1 cpu_ns=6891098035000000 mem=968286208 instructions=4084780626335 wakeups=19932085 diski=8466432 disko=326598656 rx=72364918 tx=30637283 comm=*system*
psu_energy_ac_mcp_machine=32567768799
-------
timestamp=3408108331377849
iterations=3141
sample_ns=100000000
window_ns=1000000000
rapl_core_sum_uj=13705643585
rapl_psys_sum_uj=0
pid=0 energy=34475920390486470 alive=1 kernel=1 cpu_ns=6891098807000000 mem=967999488 instructions=4085271097294 wakeups=19935158 diski=8466432 disko=331194368 rx=72364918 tx=30637283 comm=*system*
psu_energy_ac_mcp_machine=32575936523
-------
timestamp=3408108505103924
iterations=3143
sample_ns=100000000
window_ns=1000000000
rapl_core_sum_uj=13707589385
rapl_psys_sum_uj=0
pid=0 energy=34475927349197660 alive=1 kernel=1 cpu_ns=6891099663000000 mem=968798208 instructions=4085806839532 wakeups=19938431 diski=8466432 disko=335974400 rx=72364918 tx=30637283 comm=*system*
psu_energy_ac_mcp_machine=32584532349
-------
timestamp=3408108675594606
iterations=3144
sample_ns=100000000
window_ns=1000000000
rapl_core_sum_uj=13708551115
rapl_psys_sum_uj=0
pid=0 energy=34475930653135360 alive=1 kernel=1 cpu_ns=6891100069000000 mem=967897088 instructions=4086061627072 wakeups=19940109 diski=8466432 disko=338051072 rx=72364918 tx=30637283 comm=*system*
psu_energy_ac_mcp_machine=32595457642
-------
timestamp=3408108850850850
iterations=3146
sample_ns=100000000
window_ns=1000000000
rapl_core_sum_uj=13710543607
rapl_psys_sum_uj=0
pid=0 energy=34475937912182375 alive=1 kernel=1 cpu_ns=6891100962000000 mem=969060352 instructions=4086620436475 wakeups=19943573 diski=8466432 disko=343334912 rx=72364918 tx=30637283 comm=*system*
psu_energy_ac_mcp_machine=32604587891
-------
timestamp=3408109024692192
iterations=3147
sample_ns=100000000
window_ns=1000000000
rapl_core_sum_uj=13711542447
rapl_psys_sum_uj=0
pid=0 energy=34475941565036020 alive=1 kernel=1 cpu_ns=6891101416000000 mem=968192000 instructions=4086897007204 wakeups=19945336 diski=8466432 disko=345792512 rx=72364918 tx=30637283 comm=*system*
psu_energy_ac_mcp_machine=32613411011
-------
timestamp=3408109197761422
iterations=3149
sample_ns=100000000
window_ns=1000000000
rapl_core_sum_uj=13713550014
rapl_psys_sum_uj=0
pid=0 energy=34475948945135420 alive=1 kernel=1 cpu_ns=6891102325000000 mem=968417280 instructions=4087464027084 wakeups=19948880 diski=8466432 disko=350973952 rx=72364918 tx=30637283 comm=*system*
psu_energy_ac_mcp_machine=32624305786
-------
timestamp=3408109372842853
iterations=3150
sample_ns=100000000
window_ns=1000000000
rapl_core_sum_uj=13714557094
rapl_psys_sum_uj=0
pid=0 energy=34475952635036275 alive=1 kernel=1 cpu_ns=6891102773000000 mem=968642560 instructions=4087754007255 wakeups=19950716 diski=8466432 disko=353841152 rx=72364920 tx=30637283 comm=*system*
psu_energy_ac_mcp_machine=32632401489
-------
timestamp=3408109547266563
iterations=3152
sample_ns=100000000
window_ns=1000000000
rapl_core_sum_uj=13716414576
rapl_psys_sum_uj=0
pid=0 energy=34475958844466455 alive=1 kernel=1 cpu_ns=6891103532000000 mem=968196096 instructions=4088236893291 wakeups=19953766 diski=8466432 disko=358248448 rx=72364920 tx=30637283 comm=*system*
psu_energy_ac_mcp_machine=32640938477
-------
timestamp=3408109717417910
iterations=3153
sample_ns=100000000
window_ns=1000000000
rapl_core_sum_uj=13717415186
rapl_psys_sum_uj=0
pid=0 energy=34475962403130895 alive=1 kernel=1 cpu_ns=6891103967000000 mem=967970816 instructions=4088513626179 wakeups=19955502 diski=8466432 disko=360775680 rx=72364920 tx=30637283 comm=*system*
psu_energy_ac_mcp_machine=32651904541
-------
timestamp=3408109890734028
iterations=3155
sample_ns=100000000
window_ns=1000000000
rapl_core_sum_uj=13719333459
rapl_psys_sum_uj=0
pid=0 energy=34475968866863340 alive=1 kernel=1 cpu_ns=6891104760000000 mem=968007680 instructions=4089013372668 wakeups=19958718 diski=8466432 disko=365346816 rx=72364920 tx=30637283 comm=*system*
psu_energy_ac_mcp_machine=32659742310
-------
timestamp=3408110065498278
iterations=3157
sample_ns=100000000
window_ns=1000000000
rapl_core_sum_uj=13721353478
rapl_psys_sum_uj=0
pid=0 energy=34475976222824465 alive=1 kernel=1 cpu_ns=6891105667000000 mem=969887744 instructions=4089577564893 wakeups=19962075 diski=8466432 disko=370601984 rx=72364920 tx=30637283 comm=*system*
psu_energy_ac_mcp_machine=32668653931
-------
timestamp=3408110239945865
iterations=3158
sample_ns=100000000
window_ns=1000000000
rapl_core_sum_uj=13722308006
rapl_psys_sum_uj=0
pid=0 energy=34475979527152980 alive=1 kernel=1 cpu_ns=6891106076000000 mem=968433664 instructions=4089829430596 wakeups=19963782 diski=8466432 disko=373174272 rx=72364920 tx=30637283 comm=*system*
psu_energy_ac_mcp_machine=32679478882
-------
timestamp=3408110412247484
iterations=3160
sample_ns=100000000
window_ns=1000000000
rapl_core_sum_uj=13724335593
rapl_psys_sum_uj=0
pid=0 energy=34475986883199875 alive=1 kernel=1 cpu_ns=6891106970000000 mem=968884224 instructions=4090406639975 wakeups=19967170 diski=8466432 disko=378130432 rx=72364920 tx=30637283 comm=*system*
psu_energy_ac_mcp_machine=32688621216
-------
timestamp=3408110588562555
iterations=3161
sample_ns=100000000
window_ns=1000000000
rapl_core_sum_uj=13725326376
rapl_psys_sum_uj=0
pid=0 energy=34475990404226715 alive=1 kernel=1 cpu_ns=6891107402000000 mem=968208384 instructions=4090678845343 wakeups=19968994 diski=8466432 disko=380936192 rx=72364920 tx=30637283 comm=*system*
psu_energy_ac_mcp_machine=32697416626
-------
timestamp=3408110757847979
iterations=3163
sample_ns=100000000
window_ns=1000000000
rapl_core_sum_uj=13727228047
rapl_psys_sum_uj=0
pid=0 energy=34475997126056230 alive=1 kernel=1 cpu_ns=6891108217000000 mem=968970240 instructions=4091208211246 wakeups=19972236 diski=8466432 disko=385458176 rx=72364920 tx=30637283 comm=*system*
psu_energy_ac_mcp_machine=32708173096
-------
timestamp=3408110930997731
iterations=3164
sample_ns=100000000
window_ns=1000000000
rapl_core_sum_uj=13728229206
rapl_psys_sum_uj=0
pid=0 energy=34476000802445140 alive=1 kernel=1 cpu_ns=6891108663000000 mem=968294400 instructions=4091497489028 wakeups=19974029 diski=8466432 disko=388046848 rx=72364920 tx=30637283 comm=*system*
psu_energy_ac_mcp_machine=32716245483
-------
timestamp=3408111100066414
iterations=3166
sample_ns=100000000
window_ns=1000000000
rapl_core_sum_uj=13730134051
rapl_psys_sum_uj=0
pid=0 energy=34476007322084940 alive=1 kernel=1 cpu_ns=6891109460000000 mem=968511488 instructions=4092004416988 wakeups=19977249 diski=8466432 disko=392974336 rx=72364920 tx=30637283 comm=*system*
psu_energy_ac_mcp_machine=32724953247
-------
timestamp=3408111268383300
iterations=3167
sample_ns=100000000
window_ns=1000000000
rapl_core_sum_uj=13731133318
rapl_psys_sum_uj=0
pid=0 energy=34476011038224885 alive=1 kernel=1 cpu_ns=6891109918000000 mem=968511488 instructions=4092289644977 wakeups=19979038 diski=8466432 disko=395890688 rx=72364920 tx=30637283 comm=*system*
psu_energy_ac_mcp_machine=32733353638
-------
timestamp=3408111440825371
iterations=3169
sample_ns=100000000
window_ns=1000000000
rapl_core_sum_uj=13733102189
rapl_psys_sum_uj=0
pid=0 energy=34476018010741370 alive=1 kernel=1 cpu_ns=6891110776000000 mem=968286208 instructions=4092826148274 wakeups=19982423 diski=8466432 disko=401219584 rx=72364922 tx=30637283 comm=*system*
psu_energy_ac_mcp_machine=32744330566
-------
timestamp=3408111613746208
iterations=3170
sample_ns=100000000
window_ns=1000000000
rapl_core_sum_uj=13734133927
rapl_psys_sum_uj=0
pid=0 energy=34476021812785195 alive=1 kernel=1 cpu_ns=6891111235000000 mem=968511488 instructions=4093127557039 wakeups=19984325 diski=8466432 disko=404094976 rx=72364922 tx=30637283 comm=*system*
psu_energy_ac_mcp_machine=32752982300
-------
timestamp=3408111786110614
iterations=3172
sample_ns=100000000
window_ns=1000000000
rapl_core_sum_uj=13736114700
rapl_psys_sum_uj=0
pid=0 energy=34476028942930930 alive=1 kernel=1 cpu_ns=6891112107000000 mem=968691712 instructions=4093681586186 wakeups=19987838 diski=8466432 disko=409239552 rx=72364922 tx=30637283 comm=*system*
psu_energy_ac_mcp_machine=32761545044
-------
timestamp=3408111955758467
iterations=3173
sample_ns=100000000
window_ns=1000000000
rapl_core_sum_uj=13737123061
rapl_psys_sum_uj=0
pid=0 energy=34476032646261005 alive=1 kernel=1 cpu_ns=6891112562000000 mem=968323072 instructions=4093967252201 wakeups=19989628 diski=8466432 disko=411582464 rx=72364922 tx=30637283 comm=*system*
psu_energy_ac_mcp_machine=32772187134
-------
timestamp=3408112125530227
iterations=3175
sample_ns=100000000
window_ns=1000000000
rapl_core_sum_uj=13738988294
rapl_psys_sum_uj=0
pid=0 energy=34476039068554010 alive=1 kernel=1 cpu_ns=6891113345000000 mem=968249344 instructions=4094468710802 wakeups=19992769 diski=8466432 disko=416202752 rx=72364922 tx=30637283 comm=*system*
psu_energy_ac_mcp_machine=32781128540
-------
timestamp=3408112299577850
iterations=3176
sample_ns=100000000
window_ns=1000000000
rapl_core_sum_uj=13739962476
rapl_psys_sum_uj=0
pid=0 energy=34476042697195525 alive=1 kernel=1 cpu_ns=6891113790000000 mem=968474624 instructions=4094749439105 wakeups=19994445 diski=8466432 disko=418578432 rx=72364922 tx=30637283 comm=*system*
psu_energy_ac_mcp_machine=32789901489
-------
timestamp=3408112470755183
iterations=3178
sample_ns=100000000
window_ns=1000000000
rapl_core_sum_uj=13741841564
rapl_psys_sum_uj=0
pid=0 energy=34476049175265360 alive=1 kernel=1 cpu_ns=6891114583000000 mem=968478720 instructions=4095252053072 wakeups=19997663 diski=8466432 disko=423305216 rx=72364922 tx=30637283 comm=*system*
psu_energy_ac_mcp_machine=32798004639
-------
timestamp=3408112639201365
iterations=3180
sample_ns=100000000
window_ns=1000000000
rapl_core_sum_uj=13743832652
rapl_psys_sum_uj=0
pid=0 energy=34476056576530040 alive=1 kernel=1 cpu_ns=6891115497000000 mem=970043392 instructions=4095818306008 wakeups=20001032 diski=8466432 disko=428056576 rx=72364922 tx=30637283 comm=*system*
psu_energy_ac_mcp_machine=32808707153
-------
timestamp=3408112811640426
iterations=3181
sample_ns=100000000
window_ns=1000000000
rapl_core_sum_uj=13744798838
rapl_psys_sum_uj=0
pid=0 energy=34476059873238775 alive=1 kernel=1 cpu_ns=6891115898000000 mem=968691712 instructions=4096076647755 wakeups=20002777 diski=8466432 disko=430690304 rx=72364922 tx=30637283 comm=*system*
psu_energy_ac_mcp_machine=32817757935
-------
timestamp=3408112992158117
iterations=3183
sample_ns=100000000
window_ns=1000000000
rapl_core_sum_uj=13746784006
rapl_psys_sum_uj=0
pid=0 energy=34476067145706200 alive=1 kernel=1 cpu_ns=6891116786000000 mem=969007104 instructions=4096643141240 wakeups=20006287 diski=8466432 disko=436027392 rx=72364922 tx=30637283 comm=*system*
psu_energy_ac_mcp_machine=32826544922
-------
timestamp=3408113161592080
iterations=3184
sample_ns=100000000
window_ns=1000000000
rapl_core_sum_uj=13747761300
rapl_psys_sum_uj=0
pid=0 energy=34476070670570640 alive=1 kernel=1 cpu_ns=6891117213000000 mem=968331264 instructions=4096921114128 wakeups=20008011 diski=8466432 disko=438726656 rx=72364922 tx=30637283 comm=*system*
psu_energy_ac_mcp_machine=32837331665
-------
timestamp=3408113332941231
iterations=3186
sample_ns=100000000
window_ns=1000000000
rapl_core_sum_uj=13749695564
rapl_psys_sum_uj=0
pid=0 energy=34476077602317610 alive=1 kernel=1 cpu_ns=6891118059000000 mem=968638464 instructions=4097461463522 wakeups=20011469 diski=8466432 disko=443826176 rx=72364924 tx=30637283 comm=*system*
psu_energy_ac_mcp_machine=32845381592
-------
timestamp=3408113504774039
iterations=3187
sample_ns=100000000
window_ns=1000000000
rapl_core_sum_uj=13750683845
rapl_psys_sum_uj=0
pid=0 energy=34476081178593215 alive=1 kernel=1 cpu_ns=6891118495000000 mem=968187904 instructions=4097740718643 wakeups=20013183 diski=8466432 disko=446595072 rx=72364924 tx=30637283 comm=*system*
psu_energy_ac_mcp_machine=32853423096
-------
timestamp=3408113674882032
iterations=3189
sample_ns=100000000
window_ns=1000000000
rapl_core_sum_uj=13752615301
rapl_psys_sum_uj=0
pid=0 energy=34476087978440985 alive=1 kernel=1 cpu_ns=6891119314000000 mem=968286208 instructions=4098281688197 wakeups=20016581 diski=8466432 disko=451375104 rx=72364924 tx=30637283 comm=*system*
psu_energy_ac_mcp_machine=32862359375
-------
timestamp=3408113847591301
iterations=3190
sample_ns=100000000
window_ns=1000000000
rapl_core_sum_uj=13753593389
rapl_psys_sum_uj=0
pid=0 energy=34476091525115020 alive=1 kernel=1 cpu_ns=6891119742000000 mem=967835648 instructions=4098563023004 wakeups=20018278 diski=8466432 disko=453812224 rx=72364924 tx=30637283 comm=*system*
psu_energy_ac_mcp_machine=32873267578
-------
timestamp=3408114022347856
iterations=3192
sample_ns=100000000
window_ns=1000000000
rapl_core_sum_uj=13755534489
rapl_psys_sum_uj=0
pid=0 energy=34476098517938575 alive=1 kernel=1 cpu_ns=6891120601000000 mem=968441856 instructions=4099102587715 wakeups=20021679 diski=8466432 disko=459042816 rx=72364924 tx=30637283 comm=*system*
psu_energy_ac_mcp_machine=32882335083
-------
timestamp=3408114192665159
iterations=3193
sample_ns=100000000
window_ns=1000000000
rapl_core_sum_uj=13756502323
rapl_psys_sum_uj=0
pid=0 energy=34476101975879750 alive=1 kernel=1 cpu_ns=6891121024000000 mem=968499200 instructions=4099371175950 wakeups=20023290 diski=8466432 disko=461271040 rx=72364924 tx=30637283 comm=*system*
psu_energy_ac_mcp_machine=32891086792
-------
timestamp=3408114361773793
iterations=3195
sample_ns=100000000
window_ns=1000000000
rapl_core_sum_uj=13758480898
rapl_psys_sum_uj=0
pid=0 energy=34476109349871600 alive=1 kernel=1 cpu_ns=6891121938000000 mem=968273920 instructions=4099931974320 wakeups=20026814 diski=8466432 disko=466448384 rx=72364924 tx=30637283 comm=*system*
psu_energy_ac_mcp_machine=32901896118
-------
timestamp=3408114534468543
iterations=3196
sample_ns=100000000
window_ns=1000000000
rapl_core_sum_uj=13759486635
rapl_psys_sum_uj=0
pid=0 energy=34476113062003540 alive=1 kernel=1 cpu_ns=6891122385000000 mem=968724480 instructions=4100227400708 wakeups=20028626 diski=8466432 disko=469094400 rx=72364924 tx=30637283 comm=*system*
psu_energy_ac_mcp_machine=32910560791
-------
timestamp=3408114706025431
iterations=3198
sample_ns=100000000
window_ns=1000000000
rapl_core_sum_uj=13761388306
rapl_psys_sum_uj=0
pid=0 energy=34476119644857215 alive=1 kernel=1 cpu_ns=6891123192000000 mem=968654848 instructions=4100736971443 wakeups=20031799 diski=8466432 disko=473808896 rx=72364924 tx=30637283 comm=*system*
psu_energy_ac_mcp_machine=32918429321
-------
timestamp=3408114874541605
iterations=3199
sample_ns=100000000
window_ns=1000000000
rapl_core_sum_uj=13762333984
rapl_psys_sum_uj=0
pid=0 energy=34476122894586930 alive=1 kernel=1 cpu_ns=6891123587000000 mem=968413184 instructions=4100991917386 wakeups=20033320 diski=8466432 disko=476069888 rx=72364924 tx=30637283 comm=*system*
psu_energy_ac_mcp_machine=32927394165
-------
timestamp=3408115047950503
iterations=3201
sample_ns=100000000
window_ns=1000000000
rapl_core_sum_uj=13764320250
rapl_psys_sum_uj=0
pid=0 energy=34476130010828805 alive=1 kernel=1 cpu_ns=6891124457000000 mem=968417280 instructions=4101545165761 wakeups=20036781 diski=8466432 disko=480833536 rx=72364924 tx=30637283 comm=*system*
psu_energy_ac_mcp_machine=32938220947
-------
timestamp=3408115224491943
iterations=3203
sample_ns=100000000
window_ns=1000000000
rapl_core_sum_uj=13766282956
rapl_psys_sum_uj=0
pid=0 energy=34476137197158305 alive=1 kernel=1 cpu_ns=6891125334000000 mem=969318400 instructions=4102105431661 wakeups=20040187 diski=8466432 disko=485900288 rx=72364926 tx=30637283 comm=*system*
psu_energy_ac_mcp_machine=32947017090
-------
timestamp=3408115396681974
iterations=3204
sample_ns=100000000
window_ns=1000000000
rapl_core_sum_uj=13767244931
rapl_psys_sum_uj=0
pid=0 energy=34476140488505595 alive=1 kernel=1 cpu_ns=6891125729000000 mem=968658944 instructions=4102368701119 wakeups=20041909 diski=8466432 disko=488427520 rx=72364926 tx=30637283 comm=*system*
psu_energy_ac_mcp_machine=32957823242
-------
timestamp=3408115571519120
iterations=3206
sample_ns=100000000
window_ns=1000000000
rapl_core_sum_uj=13769214778
rapl_psys_sum_uj=0
pid=0 energy=34476147501587610 alive=1 kernel=1 cpu_ns=6891126592000000 mem=969113600 instructions=4102908317522 wakeups=20045208 diski=8466432 disko=493350912 rx=72364927 tx=30637284 comm=*system*
psu_energy_ac_mcp_machine=32965888428
-------
timestamp=3408115741245351
iterations=3207
sample_ns=100000000
window_ns=1000000000
rapl_core_sum_uj=13770233759
rapl_psys_sum_uj=0
pid=0 energy=34476151108466400 alive=1 kernel=1 cpu_ns=6891127026000000 mem=968888320 instructions=4103195693280 wakeups=20046996 diski=8466432 disko=495890432 rx=72364927 tx=30637284 comm=*system*
psu_energy_ac_mcp_machine=32974714722
-------
timestamp=3408115909915806
iterations=3209
sample_ns=100000000
window_ns=1000000000
rapl_core_sum_uj=13772171380
rapl_psys_sum_uj=0
pid=0 energy=34476157640363855 alive=1 kernel=1 cpu_ns=6891127812000000 mem=968585216 instructions=4103716072771 wakeups=20050183 diski=8466432 disko=500322304 rx=72364927 tx=30637284 comm=*system*
psu_energy_ac_mcp_machine=32983522583
-------
timestamp=3408116081836749
iterations=3210
sample_ns=100000000
window_ns=1000000000
rapl_core_sum_uj=13773182061
rapl_psys_sum_uj=0
pid=0 energy=34476161223888905 alive=1 kernel=1 cpu_ns=6891128244000000 mem=968134656 instructions=4104000777781 wakeups=20051962 diski=8466432 disko=503025664 rx=72364927 tx=30637284 comm=*system*
psu_energy_ac_mcp_machine=32994348633
-------
timestamp=3408116259793939
iterations=3212
sample_ns=100000000
window_ns=1000000000
rapl_core_sum_uj=13775143913
rapl_psys_sum_uj=0
pid=0 energy=34476168006100010 alive=1 kernel=1 cpu_ns=6891129069000000 mem=968294400 instructions=4104532220002 wakeups=20055321 diski=8466432 disko=507797504 rx=72364927 tx=30637284 comm=*system*
psu_energy_ac_mcp_machine=33002308472
-------
timestamp=3408116427797897
iterations=3213
sample_ns=100000000
window_ns=1000000000
rapl_core_sum_uj=13776100028
rapl_psys_sum_uj=0
pid=0 energy=34476171265888260 alive=1 kernel=1 cpu_ns=6891129470000000 mem=968519680 instructions=4104783177652 wakeups=20056794 diski=8466432 disko=510033920 rx=72364927 tx=30637284 comm=*system*
psu_energy_ac_mcp_machine=33010355713
-------
timestamp=3408116594773488
iterations=3215
sample_ns=100000000
window_ns=1000000000
rapl_core_sum_uj=13778102896
rapl_psys_sum_uj=0
pid=0 energy=34476178482263085 alive=1 kernel=1 cpu_ns=6891130350000000 mem=968294400 instructions=4105346452617 wakeups=20060360 diski=8466432 disko=515440640 rx=72364927 tx=30637284 comm=*system*
psu_energy_ac_mcp_machine=33019503540
-------
timestamp=3408116764267322
iterations=3216
sample_ns=100000000
window_ns=1000000000
rapl_core_sum_uj=13779046499
rapl_psys_sum_uj=0
pid=0 energy=34476181583771360 alive=1 kernel=1 cpu_ns=6891130720000000 mem=968368128 instructions=4105596754272 wakeups=20061879 diski=8466432 disko=517689344 rx=72364927 tx=30637284 comm=*system*
psu_energy_ac_mcp_machine=33030506836
-------
timestamp=3408116934392474
iterations=3218
sample_ns=100000000
window_ns=1000000000
rapl_core_sum_uj=13781025502
rapl_psys_sum_uj=0
pid=0 energy=34476188680743145 alive=1 kernel=1 cpu_ns=6891131589000000 mem=968364032 instructions=4106147148629 wakeups=20065306 diski=8466432 disko=522657792 rx=72364927 tx=30637284 comm=*system*
psu_energy_ac_mcp_machine=33039118652
-------
timestamp=3408117079292766
iterations=3219
sample_ns=100000000
window_ns=1000000000
rapl_core_sum_uj=13781868824
rapl_psys_sum_uj=0
pid=0 energy=34476191384526020 alive=1 kernel=1 cpu_ns=6891131902000000 mem=911216640 instructions=4106374905204 wakeups=20066367 diski=8466432 disko=524087296 rx=72364931 tx=30637288 comm=*system*
psu_energy_ac_mcp_machine=33044899658
-------
