timestamp=3408377342582584
iterations=5720
sample_ns=100000000
window_ns=1000000000
rapl_core_sum_uj=14568646118
rapl_psys_sum_uj=0
pid=0 energy=34476282463553455 alive=1 kernel=1 cpu_ns=6891140754000000 mem=439595008 instructions=4115738710691 wakeups=20097733 diski=8773632 disko=524935168 rx=72369436 tx=30639423 comm=*system*
psu_energy_ac_mcp_machine=44878265259
-------
timestamp=3408377472124555
iterations=5721
sample_ns=100000000
window_ns=1000000000
rapl_core_sum_uj=14571497314
rapl_psys_sum_uj=0
pid=0 energy=34476286369020355 alive=1 kernel=1 cpu_ns=6891140873000000 mem=439877632 instructions=4116400804071 wakeups=20098096 diski=8773632 disko=524963840 rx=72369447 tx=30639429 comm=*system*
psu_energy_ac_mcp_machine=44888110352
-------
timestamp=3408377600996501
iterations=5722
sample_ns=100000000
window_ns=1000000000
rapl_core_sum_uj=14574642516
rapl_psys_sum_uj=0
pid=0 energy=34476290306433270 alive=1 kernel=1 cpu_ns=6891140988000000 mem=440258560 instructions=4117073286654 wakeups=20098315 diski=8773632 disko=524963840 rx=72369455 tx=30639433 comm=*system*
psu_energy_ac_mcp_machine=44898252441
-------
timestamp=3408377729989971
iterations=5723
sample_ns=100000000
window_ns=1000000000
rapl_core_sum_uj=14577640868
rapl_psys_sum_uj=0
pid=0 energy=34476294263832785 alive=1 kernel=1 cpu_ns=6891141102000000 mem=440352768 instructions=4117750766557 wakeups=20098528 diski=8773632 disko=524963840 rx=72369463 tx=30639437 comm=*system*
psu_energy_ac_mcp_machine=44910881226
-------
timestamp=3408377862984394
iterations=5725
sample_ns=100000000
window_ns=1000000000
rapl_core_sum_uj=14583556882
rapl_psys_sum_uj=0
pid=0 energy=34476302017742465 alive=1 kernel=1 cpu_ns=6891141321000000 mem=440594432 instructions=4119082548493 wakeups=20098766 diski=8773632 disko=524963840 rx=72369483 tx=30639447 comm=*system*
psu_energy_ac_mcp_machine=44920941528
-------
timestamp=3408377992365449
iterations=5726
sample_ns=100000000
window_ns=1000000000
rapl_core_sum_uj=14586750241
rapl_psys_sum_uj=0
pid=0 energy=34476305990502635 alive=1 kernel=1 cpu_ns=6891141436000000 mem=440639488 instructions=4119762100527 wakeups=20098981 diski=8773632 disko=524963840 rx=72369491 tx=30639451 comm=*system*
psu_energy_ac_mcp_machine=44930859863
-------
timestamp=3408378121037908
iterations=5727
sample_ns=100000000
window_ns=1000000000
rapl_core_sum_uj=14589736874
rapl_psys_sum_uj=0
pid=0 energy=34476309939613320 alive=1 kernel=1 cpu_ns=6891141551000000 mem=440627200 instructions=4120436922664 wakeups=20099196 diski=8773632 disko=524963840 rx=72369499 tx=30639455 comm=*system*
psu_energy_ac_mcp_machine=44940722290
-------
timestamp=3408378250312517
iterations=5728
sample_ns=100000000
window_ns=1000000000
rapl_core_sum_uj=14592681881
rapl_psys_sum_uj=0
pid=0 energy=34476313888022290 alive=1 kernel=1 cpu_ns=6891141665000000 mem=440791040 instructions=4121112604458 wakeups=20099415 diski=8773632 disko=524963840 rx=72369507 tx=30639459 comm=*system*
psu_energy_ac_mcp_machine=44954095703
-------
timestamp=3408378382830264
iterations=5730
sample_ns=100000000
window_ns=1000000000
rapl_core_sum_uj=14598839961
rapl_psys_sum_uj=0
pid=0 energy=34476321673932785 alive=1 kernel=1 cpu_ns=6891141884000000 mem=440639488 instructions=4122450786557 wakeups=20099650 diski=8773632 disko=524963840 rx=72369525 tx=30639468 comm=*system*
psu_energy_ac_mcp_machine=44964020142
-------
timestamp=3408378512014329
iterations=5731
sample_ns=100000000
window_ns=1000000000
rapl_core_sum_uj=14601779841
rapl_psys_sum_uj=0
pid=0 energy=34476325622567190 alive=1 kernel=1 cpu_ns=6891141998000000 mem=440635392 instructions=4123126513438 wakeups=20099873 diski=8773632 disko=524963840 rx=72369533 tx=30639472 comm=*system*
psu_energy_ac_mcp_machine=44973746460
-------
timestamp=3408378641367985
iterations=5732
sample_ns=100000000
window_ns=1000000000
rapl_core_sum_uj=14604757502
rapl_psys_sum_uj=0
pid=0 energy=34476329583425435 alive=1 kernel=1 cpu_ns=6891142111000000 mem=440631296 instructions=4123805685087 wakeups=20100082 diski=8773632 disko=524963840 rx=72369543 tx=30639477 comm=*system*
psu_energy_ac_mcp_machine=44983647827
-------
timestamp=3408378770719439
iterations=5733
sample_ns=100000000
window_ns=1000000000
rapl_core_sum_uj=14607995356
rapl_psys_sum_uj=0
pid=0 energy=34476333565084760 alive=1 kernel=1 cpu_ns=6891142224000000 mem=440856576 instructions=4124489016952 wakeups=20100296 diski=8773632 disko=524963840 rx=72369545 tx=30639478 comm=*system*
psu_energy_ac_mcp_machine=44997190674
-------
timestamp=3408378902200785
iterations=5735
sample_ns=100000000
window_ns=1000000000
rapl_core_sum_uj=14614215387
rapl_psys_sum_uj=0
pid=0 energy=34476341345252975 alive=1 kernel=1 cpu_ns=6891142446000000 mem=440647680 instructions=4125823050595 wakeups=20100520 diski=8773632 disko=524963840 rx=72369545 tx=30639478 comm=*system*
psu_energy_ac_mcp_machine=45007099487
-------
timestamp=3408379030912105
iterations=5736
sample_ns=100000000
window_ns=1000000000
rapl_core_sum_uj=14617159967
rapl_psys_sum_uj=0
pid=0 energy=34476345312824845 alive=1 kernel=1 cpu_ns=6891142562000000 mem=440680448 instructions=4126500564969 wakeups=20100743 diski=8773632 disko=524963840 rx=72369545 tx=30639478 comm=*system*
psu_energy_ac_mcp_machine=45016724609
-------
timestamp=3408379159966181
iterations=5737
sample_ns=100000000
window_ns=1000000000
rapl_core_sum_uj=14620212823
rapl_psys_sum_uj=0
pid=0 energy=34476349251469240 alive=1 kernel=1 cpu_ns=6891142676000000 mem=440791040 instructions=4127174293848 wakeups=20100946 diski=8773632 disko=524963840 rx=72369545 tx=30639478 comm=*system*
psu_energy_ac_mcp_machine=45026945190
-------
timestamp=3408379289168904
iterations=5738
sample_ns=100000000
window_ns=1000000000
rapl_core_sum_uj=14623442498
rapl_psys_sum_uj=0
pid=0 energy=34476353251047245 alive=1 kernel=1 cpu_ns=6891142793000000 mem=441016320 instructions=4127857209449 wakeups=20101160 diski=8773632 disko=524963840 rx=72369545 tx=30639478 comm=*system*
psu_energy_ac_mcp_machine=45040198975
-------
timestamp=3408379419903588
iterations=5740
sample_ns=100000000
window_ns=1000000000
rapl_core_sum_uj=14629279899
rapl_psys_sum_uj=0
pid=0 energy=34476360975944885 alive=1 kernel=1 cpu_ns=6891143012000000 mem=440721408 instructions=4129183188977 wakeups=20101376 diski=8773632 disko=524963840 rx=72369547 tx=30639478 comm=*system*
psu_energy_ac_mcp_machine=45049835571
-------
timestamp=3408379550851205
iterations=5741
sample_ns=100000000
window_ns=1000000000
rapl_core_sum_uj=14632412467
rapl_psys_sum_uj=0
pid=0 energy=34476364926602130 alive=1 kernel=1 cpu_ns=6891143125000000 mem=440733696 instructions=4129860320426 wakeups=20101631 diski=8773632 disko=525660160 rx=72369547 tx=30639478 comm=*system*
psu_energy_ac_mcp_machine=45059800049
-------
timestamp=3408379680012548
iterations=5742
sample_ns=100000000
window_ns=1000000000
rapl_core_sum_uj=14635634879
rapl_psys_sum_uj=0
pid=0 energy=34476368862882110 alive=1 kernel=1 cpu_ns=6891143240000000 mem=440696832 instructions=4130532576422 wakeups=20101844 diski=8773632 disko=525660160 rx=72369547 tx=30639478 comm=*system*
psu_energy_ac_mcp_machine=45069872314
-------
timestamp=3408379809261000
iterations=5743
sample_ns=100000000
window_ns=1000000000
rapl_core_sum_uj=14638700491
rapl_psys_sum_uj=0
pid=0 energy=34476372791146450 alive=1 kernel=1 cpu_ns=6891143354000000 mem=440922112 instructions=4131204229290 wakeups=20102062 diski=8773632 disko=525660160 rx=72369547 tx=30639478 comm=*system*
psu_energy_ac_mcp_machine=45083062012
-------
timestamp=3408379942052740
iterations=5745
sample_ns=100000000
window_ns=1000000000
rapl_core_sum_uj=14644426626
rapl_psys_sum_uj=0
pid=0 energy=34476380402008190 alive=1 kernel=1 cpu_ns=6891143573000000 mem=440664064 instructions=4132507401638 wakeups=20102280 diski=8773632 disko=525660160 rx=72369547 tx=30639478 comm=*system*
psu_energy_ac_mcp_machine=45092756104
-------
timestamp=3408380071261096
iterations=5746
sample_ns=100000000
window_ns=1000000000
rapl_core_sum_uj=14647574453
rapl_psys_sum_uj=0
pid=0 energy=34476384342571325 alive=1 kernel=1 cpu_ns=6891143688000000 mem=440688640 instructions=4133180514265 wakeups=20102493 diski=8773632 disko=525660160 rx=72369547 tx=30639478 comm=*system*
psu_energy_ac_mcp_machine=45102870483
-------
timestamp=3408380200552810
iterations=5747
sample_ns=100000000
window_ns=1000000000
rapl_core_sum_uj=14650806996
rapl_psys_sum_uj=0
pid=0 energy=34476388267410200 alive=1 kernel=1 cpu_ns=6891143801000000 mem=440688640 instructions=4133852482040 wakeups=20102704 diski=8773632 disko=525660160 rx=72369547 tx=30639478 comm=*system*
psu_energy_ac_mcp_machine=45112636597
-------
timestamp=3408380329398824
iterations=5748
sample_ns=100000000
window_ns=1000000000
rapl_core_sum_uj=14653831043
rapl_psys_sum_uj=0
pid=0 energy=34476392190076750 alive=1 kernel=1 cpu_ns=6891143915000000 mem=440791040 instructions=4134523015350 wakeups=20102923 diski=8773632 disko=525660160 rx=72369547 tx=30639478 comm=*system*
psu_energy_ac_mcp_machine=45125847778
-------
timestamp=3408380462124990
iterations=5750
sample_ns=100000000
window_ns=1000000000
rapl_core_sum_uj=14659767687
rapl_psys_sum_uj=0
pid=0 energy=34476399873412930 alive=1 kernel=1 cpu_ns=6891144136000000 mem=440885248 instructions=4135838682586 wakeups=20103146 diski=8773632 disko=525660160 rx=72369547 tx=30639478 comm=*system*
psu_energy_ac_mcp_machine=45135782715
-------
timestamp=3408380590718691
iterations=5751
sample_ns=100000000
window_ns=1000000000
rapl_core_sum_uj=14663002916
rapl_psys_sum_uj=0
pid=0 energy=34476403816623320 alive=1 kernel=1 cpu_ns=6891144252000000 mem=440655872 instructions=4136511324664 wakeups=20103350 diski=8773632 disko=525660160 rx=72369547 tx=30639478 comm=*system*
psu_energy_ac_mcp_machine=45145610474
-------
timestamp=3408380719655499
iterations=5752
sample_ns=100000000
window_ns=1000000000
rapl_core_sum_uj=14665975389
rapl_psys_sum_uj=0
pid=0 energy=34476407738879805 alive=1 kernel=1 cpu_ns=6891144368000000 mem=440754176 instructions=4137179775961 wakeups=20103566 diski=8773632 disko=525660160 rx=72369547 tx=30639478 comm=*system*
psu_energy_ac_mcp_machine=45155507935
-------
timestamp=3408380848221966
iterations=5753
sample_ns=100000000
window_ns=1000000000
rapl_core_sum_uj=14668947068
rapl_psys_sum_uj=0
pid=0 energy=34476411651273160 alive=1 kernel=1 cpu_ns=6891144482000000 mem=440918016 instructions=4137848254632 wakeups=20103791 diski=8773632 disko=525660160 rx=72369547 tx=30639478 comm=*system*
psu_energy_ac_mcp_machine=45168918091
-------
timestamp=3408380979409133
iterations=5755
sample_ns=100000000
window_ns=1000000000
rapl_core_sum_uj=14675358322
rapl_psys_sum_uj=0
pid=0 energy=34476419391809860 alive=1 kernel=1 cpu_ns=6891144701000000 mem=440672256 instructions=4139177361972 wakeups=20104018 diski=8773632 disko=525660160 rx=72369547 tx=30639478 comm=*system*
psu_energy_ac_mcp_machine=45179216675
-------
timestamp=3408381109911999
iterations=5756
sample_ns=100000000
window_ns=1000000000
rapl_core_sum_uj=14678528671
rapl_psys_sum_uj=0
pid=0 energy=34476423331634580 alive=1 kernel=1 cpu_ns=6891144817000000 mem=440696832 instructions=4139849326916 wakeups=20104224 diski=8773632 disko=525660160 rx=72369547 tx=30639478 comm=*system*
psu_energy_ac_mcp_machine=45188922119
-------
timestamp=3408381238643339
iterations=5757
sample_ns=100000000
window_ns=1000000000
rapl_core_sum_uj=14681516280
rapl_psys_sum_uj=0
pid=0 energy=34476427233153300 alive=1 kernel=1 cpu_ns=6891144930000000 mem=440643584 instructions=4140516630660 wakeups=20104445 diski=8773632 disko=525660160 rx=72369547 tx=30639478 comm=*system*
psu_energy_ac_mcp_machine=45198676758
-------
timestamp=3408381367679817
iterations=5758
sample_ns=100000000
window_ns=1000000000
rapl_core_sum_uj=14684543562
rapl_psys_sum_uj=0
pid=0 energy=34476431158408095 alive=1 kernel=1 cpu_ns=6891145047000000 mem=440909824 instructions=4141184681619 wakeups=20104651 diski=8773632 disko=525660160 rx=72369547 tx=30639478 comm=*system*
psu_energy_ac_mcp_machine=45212128174
-------
timestamp=3408381499053113
iterations=5760
sample_ns=100000000
window_ns=1000000000
rapl_core_sum_uj=14690715314
rapl_psys_sum_uj=0
pid=0 energy=34476438848656630 alive=1 kernel=1 cpu_ns=6891145269000000 mem=440725504 instructions=4142500731326 wakeups=20104875 diski=8773632 disko=525660160 rx=72369549 tx=30639478 comm=*system*
psu_energy_ac_mcp_machine=45222150146
-------
timestamp=3408381630044462
iterations=5761
sample_ns=100000000
window_ns=1000000000
rapl_core_sum_uj=14693692975
rapl_psys_sum_uj=0
pid=0 energy=34476442776904755 alive=1 kernel=1 cpu_ns=6891145383000000 mem=440668160 instructions=4143172380951 wakeups=20105091 diski=8773632 disko=525660160 rx=72369549 tx=30639478 comm=*system*
psu_energy_ac_mcp_machine=45231804321
-------
timestamp=3408381759135535
iterations=5762
sample_ns=100000000
window_ns=1000000000
rapl_core_sum_uj=14696772442
rapl_psys_sum_uj=0
pid=0 energy=34476446696317080 alive=1 kernel=1 cpu_ns=6891145498000000 mem=440561664 instructions=4143841263416 wakeups=20105309 diski=8773632 disko=525660160 rx=72369549 tx=30639478 comm=*system*
psu_energy_ac_mcp_machine=45242014526
-------
timestamp=3408381887840664
iterations=5763
sample_ns=100000000
window_ns=1000000000
rapl_core_sum_uj=14699971904
rapl_psys_sum_uj=0
pid=0 energy=34476450656013235 alive=1 kernel=1 cpu_ns=6891145614000000 mem=440688640 instructions=4144517202647 wakeups=20105515 diski=8773632 disko=525660160 rx=72369549 tx=30639478 comm=*system*
psu_energy_ac_mcp_machine=45255233643
-------
timestamp=3408382018896843
iterations=5765
sample_ns=100000000
window_ns=1000000000
rapl_core_sum_uj=14705858561
rapl_psys_sum_uj=0
pid=0 energy=34476458301260180 alive=1 kernel=1 cpu_ns=6891145834000000 mem=440623104 instructions=4145826252036 wakeups=20105744 diski=8773632 disko=525660160 rx=72369549 tx=30639478 comm=*system*
psu_energy_ac_mcp_machine=45264940918
-------
timestamp=3408382149883897
iterations=5766
sample_ns=100000000
window_ns=1000000000
rapl_core_sum_uj=14708920267
rapl_psys_sum_uj=0
pid=0 energy=34476462230054575 alive=1 kernel=1 cpu_ns=6891145950000000 mem=440819712 instructions=4146496010915 wakeups=20105951 diski=8773632 disko=525660160 rx=72369549 tx=30639478 comm=*system*
psu_energy_ac_mcp_machine=45274820068
-------
timestamp=3408382278813633
iterations=5767
sample_ns=100000000
window_ns=1000000000
rapl_core_sum_uj=14712162210
rapl_psys_sum_uj=0
pid=0 energy=34476466173765880 alive=1 kernel=1 cpu_ns=6891146066000000 mem=440627200 instructions=4147168753176 wakeups=20106172 diski=8773632 disko=525660160 rx=72369549 tx=30639478 comm=*system*
psu_energy_ac_mcp_machine=45284883301
-------
timestamp=3408382407888981
iterations=5768
sample_ns=100000000
window_ns=1000000000
rapl_core_sum_uj=14715193521
rapl_psys_sum_uj=0
pid=0 energy=34476470100515765 alive=1 kernel=1 cpu_ns=6891146180000000 mem=440627200 instructions=4147840103153 wakeups=20106378 diski=8773632 disko=525660160 rx=72369549 tx=30639478 comm=*system*
psu_energy_ac_mcp_machine=45298022949
-------
timestamp=3408382538696764
iterations=5770
sample_ns=100000000
window_ns=1000000000
rapl_core_sum_uj=14720875099
rapl_psys_sum_uj=0
pid=0 energy=34476477727075300 alive=1 kernel=1 cpu_ns=6891146400000000 mem=440795136 instructions=4149145415060 wakeups=20106605 diski=8773632 disko=525692928 rx=72369549 tx=30639478 comm=*system*
psu_energy_ac_mcp_machine=45307686035
-------
timestamp=3408382669794789
iterations=5771
sample_ns=100000000
window_ns=1000000000
rapl_core_sum_uj=14724024452
rapl_psys_sum_uj=0
pid=0 energy=34476481682873840 alive=1 kernel=1 cpu_ns=6891146518000000 mem=440885248 instructions=4149818574768 wakeups=20106828 diski=8773632 disko=525709312 rx=72369549 tx=30639478 comm=*system*
psu_energy_ac_mcp_machine=45317778320
-------
timestamp=3408382798641081
iterations=5772
sample_ns=100000000
window_ns=1000000000
rapl_core_sum_uj=14727258216
rapl_psys_sum_uj=0
pid=0 energy=34476485630122030 alive=1 kernel=1 cpu_ns=6891146634000000 mem=440668160 instructions=4150492024406 wakeups=20107048 diski=8773632 disko=525709312 rx=72369549 tx=30639478 comm=*system*
psu_energy_ac_mcp_machine=45327445313
-------
timestamp=3408382927752238
iterations=5773
sample_ns=100000000
window_ns=1000000000
rapl_core_sum_uj=14730243750
rapl_psys_sum_uj=0
pid=0 energy=34476489558466640 alive=1 kernel=1 cpu_ns=6891146750000000 mem=440705024 instructions=4151161693328 wakeups=20107251 diski=8773632 disko=525709312 rx=72369549 tx=30639478 comm=*system*
psu_energy_ac_mcp_machine=45340876221
-------
timestamp=3408383061109249
iterations=5775
sample_ns=100000000
window_ns=1000000000
rapl_core_sum_uj=14736225012
rapl_psys_sum_uj=0
pid=0 energy=34476497242052380 alive=1 kernel=1 cpu_ns=6891146971000000 mem=440930304 instructions=4152477410476 wakeups=20107481 diski=8773632 disko=525709312 rx=72369549 tx=30639478 comm=*system*
psu_energy_ac_mcp_machine=45350694946
-------
timestamp=3408383189701880
iterations=5776
sample_ns=100000000
window_ns=1000000000
rapl_core_sum_uj=14739473180
rapl_psys_sum_uj=0
pid=0 energy=34476501182370065 alive=1 kernel=1 cpu_ns=6891147085000000 mem=440901632 instructions=4153151474013 wakeups=20107699 diski=8773632 disko=525709312 rx=72369549 tx=30639478 comm=*system*
psu_energy_ac_mcp_machine=45360276978
-------
timestamp=3408383318975331
iterations=5777
sample_ns=100000000
window_ns=1000000000
rapl_core_sum_uj=14742457921
rapl_psys_sum_uj=0
pid=0 energy=34476505109796655 alive=1 kernel=1 cpu_ns=6891147202000000 mem=440926208 instructions=4153819959331 wakeups=20107903 diski=8773632 disko=525709312 rx=72369549 tx=30639478 comm=*system*
psu_energy_ac_mcp_machine=45370161621
-------
timestamp=3408383447918390
iterations=5778
sample_ns=100000000
window_ns=1000000000
rapl_core_sum_uj=14745411778
rapl_psys_sum_uj=0
pid=0 energy=34476509023703360 alive=1 kernel=1 cpu_ns=6891147316000000 mem=441151488 instructions=4154488740672 wakeups=20108113 diski=8773632 disko=525709312 rx=72369551 tx=30639478 comm=*system*
psu_energy_ac_mcp_machine=45383665649
-------
timestamp=3408383580653739
iterations=5780
sample_ns=100000000
window_ns=1000000000
rapl_core_sum_uj=14751730808
rapl_psys_sum_uj=0
pid=0 energy=34476516735006970 alive=1 kernel=1 cpu_ns=6891147533000000 mem=440729600 instructions=4155814001394 wakeups=20108329 diski=8773632 disko=525709312 rx=72369551 tx=30639478 comm=*system*
psu_energy_ac_mcp_machine=45393688232
-------
timestamp=3408383709909629
iterations=5781
sample_ns=100000000
window_ns=1000000000
rapl_core_sum_uj=14754681796
rapl_psys_sum_uj=0
pid=0 energy=34476520653859410 alive=1 kernel=1 cpu_ns=6891147649000000 mem=440791040 instructions=4156481771882 wakeups=20108556 diski=8773632 disko=525709312 rx=72369551 tx=30639478 comm=*system*
psu_energy_ac_mcp_machine=45403443115
-------
timestamp=3408383839311021
iterations=5782
sample_ns=100000000
window_ns=1000000000
rapl_core_sum_uj=14757669894
rapl_psys_sum_uj=0
pid=0 energy=34476524561253010 alive=1 kernel=1 cpu_ns=6891147762000000 mem=440770560 instructions=4157150250602 wakeups=20108760 diski=8773632 disko=525709312 rx=72369551 tx=30639478 comm=*system*
psu_energy_ac_mcp_machine=45412855225
-------
timestamp=3408383968215486
iterations=5783
sample_ns=100000000
window_ns=1000000000
rapl_core_sum_uj=14760682772
rapl_psys_sum_uj=0
pid=0 energy=34476528465618340 alive=1 kernel=1 cpu_ns=6891147876000000 mem=440782848 instructions=4157817123668 wakeups=20108979 diski=8773632 disko=525709312 rx=72369551 tx=30639478 comm=*system*
psu_energy_ac_mcp_machine=45426580811
-------
timestamp=3408384100231260
iterations=5785
sample_ns=100000000
window_ns=1000000000
rapl_core_sum_uj=14766599519
rapl_psys_sum_uj=0
pid=0 energy=34476536106574975 alive=1 kernel=1 cpu_ns=6891148095000000 mem=440705024 instructions=4159126314995 wakeups=20109191 diski=8773632 disko=525709312 rx=72369551 tx=30639478 comm=*system*
psu_energy_ac_mcp_machine=45436064697
-------
timestamp=3408384228999193
iterations=5786
sample_ns=100000000
window_ns=1000000000
rapl_core_sum_uj=14769584748
rapl_psys_sum_uj=0
pid=0 energy=34476540029150240 alive=1 kernel=1 cpu_ns=6891148210000000 mem=440705024 instructions=4159795830048 wakeups=20109412 diski=8773632 disko=525709312 rx=72369551 tx=30639478 comm=*system*
psu_energy_ac_mcp_machine=45446030640
-------
timestamp=3408384358157087
iterations=5787
sample_ns=100000000
window_ns=1000000000
rapl_core_sum_uj=14772659699
rapl_psys_sum_uj=0
pid=0 energy=34476543943938295 alive=1 kernel=1 cpu_ns=6891148326000000 mem=440705024 instructions=4160462787659 wakeups=20109622 diski=8773632 disko=525709312 rx=72369551 tx=30639478 comm=*system*
psu_energy_ac_mcp_machine=45456224487
-------
timestamp=3408384487331353
iterations=5788
sample_ns=100000000
window_ns=1000000000
rapl_core_sum_uj=14775849091
rapl_psys_sum_uj=0
pid=0 energy=34476547896077310 alive=1 kernel=1 cpu_ns=6891148440000000 mem=440729600 instructions=4161139215462 wakeups=20109839 diski=8773632 disko=525709312 rx=72369551 tx=30639478 comm=*system*
psu_energy_ac_mcp_machine=45469312988
-------
timestamp=3408384620324080
iterations=5790
sample_ns=100000000
window_ns=1000000000
rapl_core_sum_uj=14781668670
rapl_psys_sum_uj=0
pid=0 energy=34476555539289185 alive=1 kernel=1 cpu_ns=6891148656000000 mem=440721408 instructions=4162451857837 wakeups=20110064 diski=8773632 disko=525709312 rx=72369551 tx=30639478 comm=*system*
psu_energy_ac_mcp_machine=45478968262
-------
timestamp=3408384749376530
iterations=5791
sample_ns=100000000
window_ns=1000000000
rapl_core_sum_uj=14784771514
rapl_psys_sum_uj=0
pid=0 energy=34476559469959755 alive=1 kernel=1 cpu_ns=6891148769000000 mem=440713216 instructions=4163124991951 wakeups=20110274 diski=8773632 disko=525709312 rx=72369551 tx=30639478 comm=*system*
psu_energy_ac_mcp_machine=45488886597
-------
timestamp=3408384878172139
iterations=5792
sample_ns=100000000
window_ns=1000000000
rapl_core_sum_uj=14787992949
rapl_psys_sum_uj=0
pid=0 energy=34476563394184920 alive=1 kernel=1 cpu_ns=6891148880000000 mem=440725504 instructions=4163798836984 wakeups=20110481 diski=8773632 disko=525709312 rx=72369551 tx=30639478 comm=*system*
psu_energy_ac_mcp_machine=45499137939
-------
timestamp=3408385007339813
iterations=5793
sample_ns=100000000
window_ns=1000000000
rapl_core_sum_uj=14791020903
rapl_psys_sum_uj=0
pid=0 energy=34476567321239270 alive=1 kernel=1 cpu_ns=6891148994000000 mem=440606720 instructions=4164470247854 wakeups=20110700 diski=8773632 disko=525709312 rx=72369551 tx=30639478 comm=*system*
psu_energy_ac_mcp_machine=45512016113
-------
timestamp=3408385139943337
iterations=5795
sample_ns=100000000
window_ns=1000000000
rapl_core_sum_uj=14796965849
rapl_psys_sum_uj=0
pid=0 energy=34476574986201110 alive=1 kernel=1 cpu_ns=6891149212000000 mem=441008128 instructions=4165785240222 wakeups=20110924 diski=8773632 disko=525709312 rx=72369551 tx=30639478 comm=*system*
psu_energy_ac_mcp_machine=45521960815
-------
timestamp=3408385268999103
iterations=5796
sample_ns=100000000
window_ns=1000000000
rapl_core_sum_uj=14800217924
rapl_psys_sum_uj=0
pid=0 energy=34476578912414145 alive=1 kernel=1 cpu_ns=6891149327000000 mem=441049088 instructions=4166455482829 wakeups=20111132 diski=8773632 disko=525709312 rx=72369551 tx=30639478 comm=*system*
psu_energy_ac_mcp_machine=45532095947
-------
timestamp=3408385398316168
iterations=5797
sample_ns=100000000
window_ns=1000000000
rapl_core_sum_uj=14803270902
rapl_psys_sum_uj=0
pid=0 energy=34476582840626755 alive=1 kernel=1 cpu_ns=6891149440000000 mem=440823808 instructions=4167128125351 wakeups=20111346 diski=8773632 disko=525709312 rx=72369553 tx=30639478 comm=*system*
psu_energy_ac_mcp_machine=45541301758
-------
timestamp=3408385526680181
iterations=5798
sample_ns=100000000
window_ns=1000000000
rapl_core_sum_uj=14806221463
rapl_psys_sum_uj=0
pid=0 energy=34476586750810720 alive=1 kernel=1 cpu_ns=6891149553000000 mem=440729600 instructions=4167797162144 wakeups=20111555 diski=8773632 disko=525709312 rx=72369553 tx=30639478 comm=*system*
psu_energy_ac_mcp_machine=45554639404
-------
timestamp=3408385659901825
iterations=5800
sample_ns=100000000
window_ns=1000000000
rapl_core_sum_uj=14812159817
rapl_psys_sum_uj=0
pid=0 energy=34476594417473400 alive=1 kernel=1 cpu_ns=6891149775000000 mem=440811520 instructions=4169108494680 wakeups=20111782 diski=8773632 disko=525709312 rx=72369553 tx=30639478 comm=*system*
psu_energy_ac_mcp_machine=45564605469
-------
timestamp=3408385789139962
iterations=5801
sample_ns=100000000
window_ns=1000000000
rapl_core_sum_uj=14815398403
rapl_psys_sum_uj=0
pid=0 energy=34476598364217720 alive=1 kernel=1 cpu_ns=6891149889000000 mem=440811520 instructions=4169783843544 wakeups=20112002 diski=8773632 disko=525709312 rx=72369553 tx=30639478 comm=*system*
psu_energy_ac_mcp_machine=45574716797
-------
timestamp=3408385918048032
iterations=5802
sample_ns=100000000
window_ns=1000000000
rapl_core_sum_uj=14818353175
rapl_psys_sum_uj=0
pid=0 energy=34476602282573020 alive=1 kernel=1 cpu_ns=6891150005000000 mem=441073664 instructions=4170451514604 wakeups=20112220 diski=8773632 disko=525709312 rx=72369553 tx=30639478 comm=*system*
psu_energy_ac_mcp_machine=45583864624
-------
timestamp=3408386047279491
iterations=5803
sample_ns=100000000
window_ns=1000000000
rapl_core_sum_uj=14821310816
rapl_psys_sum_uj=0
pid=0 energy=34476606188207020 alive=1 kernel=1 cpu_ns=6891150119000000 mem=440684544 instructions=4171118641404 wakeups=20112428 diski=8773632 disko=525709312 rx=72369553 tx=30639478 comm=*system*
psu_energy_ac_mcp_machine=45597516357
-------
timestamp=3408386179488058
iterations=5805
sample_ns=100000000
window_ns=1000000000
rapl_core_sum_uj=14827653039
rapl_psys_sum_uj=0
pid=0 energy=34476613931487900 alive=1 kernel=1 cpu_ns=6891150339000000 mem=440745984 instructions=4172447297580 wakeups=20112655 diski=8773632 disko=525709312 rx=72369553 tx=30639478 comm=*system*
psu_energy_ac_mcp_machine=45607686768
-------
timestamp=3408386308526135
iterations=5806
sample_ns=100000000
window_ns=1000000000
rapl_core_sum_uj=14830594384
rapl_psys_sum_uj=0
pid=0 energy=34476617843370235 alive=1 kernel=1 cpu_ns=6891150455000000 mem=440643584 instructions=4173113674047 wakeups=20112857 diski=8773632 disko=525709312 rx=72369553 tx=30639478 comm=*system*
psu_energy_ac_mcp_machine=45617269897
-------
timestamp=3408386437203270
iterations=5807
sample_ns=100000000
window_ns=1000000000
rapl_core_sum_uj=14833546654
rapl_psys_sum_uj=0
pid=0 energy=34476621741071395 alive=1 kernel=1 cpu_ns=6891150566000000 mem=440672256 instructions=4173782214279 wakeups=20113069 diski=8773632 disko=525709312 rx=72369553 tx=30639478 comm=*system*
psu_energy_ac_mcp_machine=45626761963
-------
timestamp=3408386566372642
iterations=5808
sample_ns=100000000
window_ns=1000000000
rapl_core_sum_uj=14836526329
rapl_psys_sum_uj=0
pid=0 energy=34476625656568320 alive=1 kernel=1 cpu_ns=6891150681000000 mem=440569856 instructions=4174450313664 wakeups=20113273 diski=8773632 disko=525709312 rx=72369553 tx=30639478 comm=*system*
psu_energy_ac_mcp_machine=45640333984
-------
timestamp=3408386699184516
iterations=5810
sample_ns=100000000
window_ns=1000000000
rapl_core_sum_uj=14842712424
rapl_psys_sum_uj=0
pid=0 energy=34476633518143290 alive=1 kernel=1 cpu_ns=6891150905000000 mem=440729600 instructions=4175798628658 wakeups=20113533 diski=8773632 disko=525709312 rx=72369554 tx=30639479 comm=*system*
psu_energy_ac_mcp_machine=45650289185
-------
timestamp=3408386828260250
iterations=5811
sample_ns=100000000
window_ns=1000000000
rapl_core_sum_uj=14845682944
rapl_psys_sum_uj=0
pid=0 energy=34476637421288230 alive=1 kernel=1 cpu_ns=6891151020000000 mem=440614912 instructions=4176464257646 wakeups=20113744 diski=8773632 disko=525709312 rx=72369554 tx=30639479 comm=*system*
psu_energy_ac_mcp_machine=45659908447
-------
timestamp=3408386957306797
iterations=5812
sample_ns=100000000
window_ns=1000000000
rapl_core_sum_uj=14848747641
rapl_psys_sum_uj=0
pid=0 energy=34476641328734345 alive=1 kernel=1 cpu_ns=6891151133000000 mem=440762368 instructions=4177132746869 wakeups=20113961 diski=8773632 disko=525709312 rx=72369554 tx=30639479 comm=*system*
psu_energy_ac_mcp_machine=45670113281
-------
timestamp=3408387086171566
iterations=5813
sample_ns=100000000
window_ns=1000000000
rapl_core_sum_uj=14851953512
rapl_psys_sum_uj=0
pid=0 energy=34476645269474375 alive=1 kernel=1 cpu_ns=6891151246000000 mem=440795136 instructions=4177807894875 wakeups=20114168 diski=8773632 disko=525709312 rx=72369554 tx=30639479 comm=*system*
psu_energy_ac_mcp_machine=45683280029
-------
timestamp=3408387218897774
iterations=5815
sample_ns=100000000
window_ns=1000000000
rapl_core_sum_uj=14857748921
rapl_psys_sum_uj=0
pid=0 energy=34476652916871565 alive=1 kernel=1 cpu_ns=6891151464000000 mem=440586240 instructions=4179119374313 wakeups=20114392 diski=8773632 disko=525709312 rx=72369554 tx=30639479 comm=*system*
psu_energy_ac_mcp_machine=45692894165
-------
timestamp=3408387348476384
iterations=5816
sample_ns=100000000
window_ns=1000000000
rapl_core_sum_uj=14860855732
rapl_psys_sum_uj=0
pid=0 energy=34476656831898890 alive=1 kernel=1 cpu_ns=6891151578000000 mem=440569856 instructions=4179788379778 wakeups=20114609 diski=8773632 disko=525709312 rx=72369556 tx=30639479 comm=*system*
psu_energy_ac_mcp_machine=45702796387
-------
timestamp=3408387477937248
iterations=5817
sample_ns=100000000
window_ns=1000000000
rapl_core_sum_uj=14864062763
rapl_psys_sum_uj=0
pid=0 energy=34476660786191570 alive=1 kernel=1 cpu_ns=6891151693000000 mem=440565760 instructions=4180464238314 wakeups=20114826 diski=8773632 disko=525709312 rx=72369556 tx=30639479 comm=*system*
psu_energy_ac_mcp_machine=45712874023
-------
timestamp=3408387606558444
iterations=5818
sample_ns=100000000
window_ns=1000000000
rapl_core_sum_uj=14867086078
rapl_psys_sum_uj=0
pid=0 energy=34476664703348580 alive=1 kernel=1 cpu_ns=6891151806000000 mem=440516608 instructions=4181134669716 wakeups=20115042 diski=8773632 disko=525729792 rx=72369556 tx=30639479 comm=*system*
psu_energy_ac_mcp_machine=45725907471
-------
timestamp=3408387738673950
iterations=5820
sample_ns=100000000
window_ns=1000000000
rapl_core_sum_uj=14872753435
rapl_psys_sum_uj=0
pid=0 energy=34476672326140190 alive=1 kernel=1 cpu_ns=6891152026000000 mem=440684544 instructions=4182439228038 wakeups=20115271 diski=8773632 disko=525729792 rx=72369556 tx=30639479 comm=*system*
psu_energy_ac_mcp_machine=45735584839
-------
timestamp=3408387867654382
iterations=5821
sample_ns=100000000
window_ns=1000000000
rapl_core_sum_uj=14875918962
rapl_psys_sum_uj=0
pid=0 energy=34476676278103990 alive=1 kernel=1 cpu_ns=6891152143000000 mem=440569856 instructions=4183112620798 wakeups=20115489 diski=8773632 disko=525729792 rx=72369556 tx=30639479 comm=*system*
psu_energy_ac_mcp_machine=45745435913
-------
timestamp=3408387996685193
iterations=5822
sample_ns=100000000
window_ns=1000000000
rapl_core_sum_uj=14879130387
rapl_psys_sum_uj=0
pid=0 energy=34476680240539785 alive=1 kernel=1 cpu_ns=6891152260000000 mem=440774656 instructions=4183788107957 wakeups=20115700 diski=8773632 disko=525729792 rx=72369556 tx=30639479 comm=*system*
psu_energy_ac_mcp_machine=45755556641
-------
timestamp=3408388125610774
iterations=5823
sample_ns=100000000
window_ns=1000000000
rapl_core_sum_uj=14882136612
rapl_psys_sum_uj=0
pid=0 energy=34476684177150475 alive=1 kernel=1 cpu_ns=6891152379000000 mem=440799232 instructions=4184456430095 wakeups=20115908 diski=8773632 disko=525729792 rx=72369556 tx=30639479 comm=*system*
psu_energy_ac_mcp_machine=45768766235
-------
timestamp=3408388258659247
iterations=5825
sample_ns=100000000
window_ns=1000000000
rapl_core_sum_uj=14888097061
rapl_psys_sum_uj=0
pid=0 energy=34476691839540550 alive=1 kernel=1 cpu_ns=6891152598000000 mem=440762368 instructions=4185769908110 wakeups=20116138 diski=8773632 disko=525729792 rx=72369556 tx=30639479 comm=*system*
psu_energy_ac_mcp_machine=45778681641
-------
timestamp=3408388387564190
iterations=5826
sample_ns=100000000
window_ns=1000000000
rapl_core_sum_uj=14891321365
rapl_psys_sum_uj=0
pid=0 energy=34476695792667255 alive=1 kernel=1 cpu_ns=6891152715000000 mem=440762368 instructions=4186443533451 wakeups=20116354 diski=8773632 disko=525729792 rx=72369556 tx=30639479 comm=*system*
psu_energy_ac_mcp_machine=45788671143
-------
timestamp=3408388516471034
iterations=5827
sample_ns=100000000
window_ns=1000000000
rapl_core_sum_uj=14894278457
rapl_psys_sum_uj=0
pid=0 energy=34476699712499160 alive=1 kernel=1 cpu_ns=6891152829000000 mem=440766464 instructions=4187113499832 wakeups=20116563 diski=8773632 disko=525729792 rx=72369556 tx=30639479 comm=*system*
psu_energy_ac_mcp_machine=45798172485
-------
timestamp=3408388645780107
iterations=5828
sample_ns=100000000
window_ns=1000000000
rapl_core_sum_uj=14897274428
rapl_psys_sum_uj=0
pid=0 energy=34476703622904370 alive=1 kernel=1 cpu_ns=6891152944000000 mem=440709120 instructions=4187780580874 wakeups=20116779 diski=8773632 disko=525729792 rx=72369556 tx=30639479 comm=*system*
psu_energy_ac_mcp_machine=45811815063
-------
timestamp=3408388778132088
iterations=5830
sample_ns=100000000
window_ns=1000000000
rapl_core_sum_uj=14903636426
rapl_psys_sum_uj=0
pid=0 energy=34476711344767550 alive=1 kernel=1 cpu_ns=6891153164000000 mem=440770560 instructions=4189104953510 wakeups=20117009 diski=8773632 disko=525729792 rx=72369556 tx=30639479 comm=*system*
psu_energy_ac_mcp_machine=45821978027
-------
timestamp=3408388906570660
iterations=5831
sample_ns=100000000
window_ns=1000000000
rapl_core_sum_uj=14906618542
rapl_psys_sum_uj=0
pid=0 energy=34476715238402240 alive=1 kernel=1 cpu_ns=6891153279000000 mem=440782848 instructions=4189768680448 wakeups=20117222 diski=8773632 disko=525729792 rx=72369556 tx=30639479 comm=*system*
psu_energy_ac_mcp_machine=45831744385
-------
timestamp=3408389035115739
iterations=5832
sample_ns=100000000
window_ns=1000000000
rapl_core_sum_uj=14909636486
rapl_psys_sum_uj=0
pid=0 energy=34476719164979010 alive=1 kernel=1 cpu_ns=6891153393000000 mem=441098240 instructions=4190439995802 wakeups=20117438 diski=8773632 disko=525729792 rx=72369556 tx=30639479 comm=*system*
psu_energy_ac_mcp_machine=45841652832
-------
timestamp=3408389164141177
iterations=5833
sample_ns=100000000
window_ns=1000000000
rapl_core_sum_uj=14912842479
rapl_psys_sum_uj=0
pid=0 energy=34476723107729775 alive=1 kernel=1 cpu_ns=6891153507000000 mem=441131008 instructions=4191114545955 wakeups=20117653 diski=8773632 disko=525729792 rx=72369556 tx=30639479 comm=*system*
psu_energy_ac_mcp_machine=45855140381
-------
timestamp=3408389295466116
iterations=5835
sample_ns=100000000
window_ns=1000000000
rapl_core_sum_uj=14918983347
rapl_psys_sum_uj=0
pid=0 energy=34476730801680490 alive=1 kernel=1 cpu_ns=6891153725000000 mem=441344000 instructions=4192435336098 wakeups=20117878 diski=8773632 disko=525729792 rx=72369556 tx=30639479 comm=*system*
psu_energy_ac_mcp_machine=45865035400
-------
timestamp=3408389426129219
iterations=5836
sample_ns=100000000
window_ns=1000000000
rapl_core_sum_uj=14921921762
rapl_psys_sum_uj=0
pid=0 energy=34476734711271885 alive=1 kernel=1 cpu_ns=6891153840000000 mem=440786944 instructions=4193102254377 wakeups=20118080 diski=8773632 disko=525729792 rx=72369558 tx=30639479 comm=*system*
psu_energy_ac_mcp_machine=45874880127
-------
timestamp=3408389554922791
iterations=5837
sample_ns=100000000
window_ns=1000000000
rapl_core_sum_uj=14924981576
rapl_psys_sum_uj=0
pid=0 energy=34476738648732150 alive=1 kernel=1 cpu_ns=6891153955000000 mem=440786944 instructions=4193774746430 wakeups=20118299 diski=8773632 disko=525729792 rx=72369558 tx=30639479 comm=*system*
psu_energy_ac_mcp_machine=45885079102
-------
timestamp=3408389683892174
iterations=5838
sample_ns=100000000
window_ns=1000000000
rapl_core_sum_uj=14928200264
rapl_psys_sum_uj=0
pid=0 energy=34476742593954820 alive=1 kernel=1 cpu_ns=6891154070000000 mem=441012224 instructions=4194448790964 wakeups=20118508 diski=8773632 disko=525729792 rx=72369558 tx=30639479 comm=*system*
psu_energy_ac_mcp_machine=45898070679
-------
timestamp=3408389815099764
iterations=5840
sample_ns=100000000
window_ns=1000000000
rapl_core_sum_uj=14934070075
rapl_psys_sum_uj=0
pid=0 energy=34476750300621740 alive=1 kernel=1 cpu_ns=6891154292000000 mem=440786944 instructions=4195768124348 wakeups=20118796 diski=8773632 disko=527159296 rx=72369558 tx=30639479 comm=*system*
psu_energy_ac_mcp_machine=45907774658
-------
timestamp=3408389946236896
iterations=5841
sample_ns=100000000
window_ns=1000000000
rapl_core_sum_uj=14937222418
rapl_psys_sum_uj=0
pid=0 energy=34476754246626650 alive=1 kernel=1 cpu_ns=6891154407000000 mem=440778752 instructions=4196442325330 wakeups=20119010 diski=8773632 disko=527159296 rx=72369558 tx=30639479 comm=*system*
psu_energy_ac_mcp_machine=45917683960
-------
timestamp=3408390074909058
iterations=5842
sample_ns=100000000
window_ns=1000000000
rapl_core_sum_uj=14940517522
rapl_psys_sum_uj=0
pid=0 energy=34476758170142210 alive=1 kernel=1 cpu_ns=6891154522000000 mem=440823808 instructions=4197112028442 wakeups=20119222 diski=8773632 disko=527159296 rx=72369558 tx=30639479 comm=*system*
psu_energy_ac_mcp_machine=45928236938
-------
timestamp=3408390204718985
iterations=5843
sample_ns=100000000
window_ns=1000000000
rapl_core_sum_uj=14943636296
rapl_psys_sum_uj=0
pid=0 energy=34476762106479395 alive=1 kernel=1 cpu_ns=6891154637000000 mem=440987648 instructions=4197784295879 wakeups=20119429 diski=8773632 disko=527159296 rx=72369558 tx=30639479 comm=*system*
psu_energy_ac_mcp_machine=45941170898
-------
timestamp=3408390337278855
iterations=5845
sample_ns=100000000
window_ns=1000000000
rapl_core_sum_uj=14949417973
rapl_psys_sum_uj=0
pid=0 energy=34476769746238280 alive=1 kernel=1 cpu_ns=6891154858000000 mem=440692736 instructions=4199091247656 wakeups=20119658 diski=8773632 disko=527159296 rx=72369558 tx=30639479 comm=*system*
psu_energy_ac_mcp_machine=45950787354
-------
timestamp=3408390466664177
iterations=5846
sample_ns=100000000
window_ns=1000000000
rapl_core_sum_uj=14952615848
rapl_psys_sum_uj=0
pid=0 energy=34476773653956905 alive=1 kernel=1 cpu_ns=6891154969000000 mem=440688640 instructions=4199761791381 wakeups=20119862 diski=8773632 disko=527159296 rx=72369558 tx=30639479 comm=*system*
psu_energy_ac_mcp_machine=45960625732
-------
timestamp=3408390595819349
iterations=5847
sample_ns=100000000
window_ns=1000000000
rapl_core_sum_uj=14955857730
rapl_psys_sum_uj=0
pid=0 energy=34476777608789780 alive=1 kernel=1 cpu_ns=6891155085000000 mem=440647680 instructions=4200436757956 wakeups=20120080 diski=8773632 disko=527159296 rx=72369558 tx=30639479 comm=*system*
psu_energy_ac_mcp_machine=45970640015
-------
timestamp=3408390724702737
iterations=5848
sample_ns=100000000
window_ns=1000000000
rapl_core_sum_uj=14958870425
rapl_psys_sum_uj=0
pid=0 energy=34476781525548545 alive=1 kernel=1 cpu_ns=6891155199000000 mem=440537088 instructions=4201106109709 wakeups=20120288 diski=8773632 disko=527159296 rx=72369558 tx=30639479 comm=*system*
psu_energy_ac_mcp_machine=45983900635
-------
timestamp=3408390856924211
iterations=5850
sample_ns=100000000
window_ns=1000000000
rapl_core_sum_uj=14964862184
rapl_psys_sum_uj=0
pid=0 energy=34476789212915520 alive=1 kernel=1 cpu_ns=6891155422000000 mem=440598528 instructions=4202420583104 wakeups=20120516 diski=8773632 disko=527159296 rx=72369558 tx=30639479 comm=*system*
psu_energy_ac_mcp_machine=45993853638
-------
timestamp=3408390986135332
iterations=5851
sample_ns=100000000
window_ns=1000000000
rapl_core_sum_uj=14968099671
rapl_psys_sum_uj=0
pid=0 energy=34476793147334340 alive=1 kernel=1 cpu_ns=6891155535000000 mem=440807424 instructions=4203094466868 wakeups=20120731 diski=8773632 disko=527159296 rx=72369558 tx=30639479 comm=*system*
psu_energy_ac_mcp_machine=46003721558
-------
timestamp=3408391115011509
iterations=5852
sample_ns=100000000
window_ns=1000000000
rapl_core_sum_uj=14971093689
rapl_psys_sum_uj=0
pid=0 energy=34476797058163675 alive=1 kernel=1 cpu_ns=6891155650000000 mem=440848384 instructions=4203761632735 wakeups=20120945 diski=8773632 disko=527159296 rx=72369558 tx=30639479 comm=*system*
psu_energy_ac_mcp_machine=46013406494
-------
timestamp=3408391244115360
iterations=5853
sample_ns=100000000
window_ns=1000000000
rapl_core_sum_uj=14974104370
rapl_psys_sum_uj=0
pid=0 energy=34476800951645660 alive=1 kernel=1 cpu_ns=6891155763000000 mem=441032704 instructions=4204427329132 wakeups=20121152 diski=8773632 disko=527159296 rx=72369558 tx=30639479 comm=*system*
psu_energy_ac_mcp_machine=46026740112
-------
timestamp=3408391376700923
iterations=5855
sample_ns=100000000
window_ns=1000000000
rapl_core_sum_uj=14980521117
rapl_psys_sum_uj=0
pid=0 energy=34476808659027850 alive=1 kernel=1 cpu_ns=6891155982000000 mem=440676352 instructions=4205749805570 wakeups=20121378 diski=8773632 disko=527159296 rx=72369560 tx=30639479 comm=*system*
psu_energy_ac_mcp_machine=46037018066
-------
timestamp=3408391505539807
iterations=5856
sample_ns=100000000
window_ns=1000000000
rapl_core_sum_uj=14983504576
rapl_psys_sum_uj=0
pid=0 energy=34476812572566800 alive=1 kernel=1 cpu_ns=6891156098000000 mem=440717312 instructions=4206416513360 wakeups=20121588 diski=8773632 disko=527159296 rx=72369560 tx=30639479 comm=*system*
psu_energy_ac_mcp_machine=46046751953
-------
timestamp=3408391634359116
iterations=5857
sample_ns=100000000
window_ns=1000000000
rapl_core_sum_uj=14986546385
rapl_psys_sum_uj=0
pid=0 energy=34476816501539480 alive=1 kernel=1 cpu_ns=6891156211000000 mem=440754176 instructions=4207089307896 wakeups=20121800 diski=8773632 disko=527159296 rx=72369560 tx=30639479 comm=*system*
psu_energy_ac_mcp_machine=46056935425
-------
timestamp=3408391763400924
iterations=5858
sample_ns=100000000
window_ns=1000000000
rapl_core_sum_uj=14989795408
rapl_psys_sum_uj=0
pid=0 energy=34476820444371080 alive=1 kernel=1 cpu_ns=6891156326000000 mem=440893440 instructions=4207762874216 wakeups=20122012 diski=8773632 disko=527159296 rx=72369560 tx=30639479 comm=*system*
psu_energy_ac_mcp_machine=46070348877
-------
timestamp=3408391894308836
iterations=5860
sample_ns=100000000
window_ns=1000000000
rapl_core_sum_uj=14995950009
rapl_psys_sum_uj=0
pid=0 energy=34476828160087505 alive=1 kernel=1 cpu_ns=6891156547000000 mem=440881152 instructions=4209085017501 wakeups=20122231 diski=8773632 disko=527159296 rx=72369560 tx=30639479 comm=*system*
psu_energy_ac_mcp_machine=46080226318
-------
timestamp=3408392025226244
iterations=5861
sample_ns=100000000
window_ns=1000000000
rapl_core_sum_uj=14998924984
rapl_psys_sum_uj=0
pid=0 energy=34476832066589105 alive=1 kernel=1 cpu_ns=6891156660000000 mem=440864768 instructions=4209753317821 wakeups=20122446 diski=8773632 disko=527159296 rx=72369560 tx=30639479 comm=*system*
psu_energy_ac_mcp_machine=46089979492
-------
timestamp=3408392154311967
iterations=5862
sample_ns=100000000
window_ns=1000000000
rapl_core_sum_uj=15002022762
rapl_psys_sum_uj=0
pid=0 energy=34476835988318565 alive=1 kernel=1 cpu_ns=6891156775000000 mem=440901632 instructions=4210422663713 wakeups=20122652 diski=8773632 disko=527159296 rx=72369560 tx=30639479 comm=*system*
psu_energy_ac_mcp_machine=46100013550
-------
timestamp=3408392283038068
iterations=5863
sample_ns=100000000
window_ns=1000000000
rapl_core_sum_uj=15005243159
rapl_psys_sum_uj=0
pid=0 energy=34476839923214720 alive=1 kernel=1 cpu_ns=6891156890000000 mem=440954880 instructions=4211094642944 wakeups=20122870 diski=8773632 disko=527159296 rx=72369560 tx=30639479 comm=*system*
psu_energy_ac_mcp_machine=46113142944
-------
timestamp=3408392415999470
iterations=5865
sample_ns=100000000
window_ns=1000000000
rapl_core_sum_uj=15011077265
rapl_psys_sum_uj=0
pid=0 energy=34476847579142400 alive=1 kernel=1 cpu_ns=6891157107000000 mem=440766464 instructions=4212408828480 wakeups=20123085 diski=8773632 disko=527159296 rx=72369560 tx=30639479 comm=*system*
psu_energy_ac_mcp_machine=46122789063
-------
timestamp=3408392545047684
iterations=5866
sample_ns=100000000
window_ns=1000000000
rapl_core_sum_uj=15014219782
rapl_psys_sum_uj=0
pid=0 energy=34476851540044240 alive=1 kernel=1 cpu_ns=6891157222000000 mem=440922112 instructions=4213086008848 wakeups=20123297 diski=8773632 disko=527159296 rx=72369560 tx=30639479 comm=*system*
psu_energy_ac_mcp_machine=46132517700
-------
timestamp=3408392674325079
iterations=5867
sample_ns=100000000
window_ns=1000000000
rapl_core_sum_uj=15017530817
rapl_psys_sum_uj=0
pid=0 energy=34476855472077165 alive=1 kernel=1 cpu_ns=6891157336000000 mem=441016320 instructions=4213758415433 wakeups=20123517 diski=8773632 disko=527183872 rx=72369560 tx=30639479 comm=*system*
psu_energy_ac_mcp_machine=46143204224
-------
timestamp=3408392803107120
iterations=5868
sample_ns=100000000
window_ns=1000000000
rapl_core_sum_uj=15020661066
rapl_psys_sum_uj=0
pid=0 energy=34476859428915860 alive=1 kernel=1 cpu_ns=6891157450000000 mem=441053184 instructions=4214435783172 wakeups=20123732 diski=8773632 disko=527183872 rx=72369560 tx=30639479 comm=*system*
psu_energy_ac_mcp_machine=46156076660
-------
timestamp=3408392935809237
iterations=5870
sample_ns=100000000
window_ns=1000000000
rapl_core_sum_uj=15026399102
rapl_psys_sum_uj=0
pid=0 energy=34476867059294310 alive=1 kernel=1 cpu_ns=6891157669000000 mem=440819712 instructions=4215742858862 wakeups=20123960 diski=8773632 disko=527187968 rx=72369560 tx=30639479 comm=*system*
psu_energy_ac_mcp_machine=46165767334
-------
timestamp=3408393065297248
iterations=5871
sample_ns=100000000
window_ns=1000000000
rapl_core_sum_uj=15029586296
rapl_psys_sum_uj=0
pid=0 energy=34476870992552180 alive=1 kernel=1 cpu_ns=6891157783000000 mem=440954880 instructions=4216415510436 wakeups=20124178 diski=8773632 disko=527187968 rx=72369560 tx=30639479 comm=*system*
psu_energy_ac_mcp_machine=46175867188
-------
timestamp=3408393194447882
iterations=5872
sample_ns=100000000
window_ns=1000000000
rapl_core_sum_uj=15032829337
rapl_psys_sum_uj=0
pid=0 energy=34476874913818860 alive=1 kernel=1 cpu_ns=6891157897000000 mem=441020416 instructions=4217085763772 wakeups=20124382 diski=8773632 disko=527187968 rx=72369560 tx=30639479 comm=*system*
psu_energy_ac_mcp_machine=46186126831
-------
timestamp=3408393323321860
iterations=5873
sample_ns=100000000
window_ns=1000000000
rapl_core_sum_uj=15035851675
rapl_psys_sum_uj=0
pid=0 energy=34476878834764885 alive=1 kernel=1 cpu_ns=6891158013000000 mem=440987648 instructions=4217753952977 wakeups=20124603 diski=8773632 disko=527187968 rx=72369560 tx=30639479 comm=*system*
psu_energy_ac_mcp_machine=46198830078
-------
timestamp=3408393455705043
iterations=5875
sample_ns=100000000
window_ns=1000000000
rapl_core_sum_uj=15041832204
rapl_psys_sum_uj=0
pid=0 energy=34476886501686915 alive=1 kernel=1 cpu_ns=6891158232000000 mem=441171968 instructions=4219068337383 wakeups=20124824 diski=8773632 disko=527187968 rx=72369562 tx=30639479 comm=*system*
psu_energy_ac_mcp_machine=46208856567
-------
timestamp=3408393584595320
iterations=5876
sample_ns=100000000
window_ns=1000000000
rapl_core_sum_uj=15045062306
rapl_psys_sum_uj=0
pid=0 energy=34476890454366990 alive=1 kernel=1 cpu_ns=6891158349000000 mem=440758272 instructions=4219741873398 wakeups=20125037 diski=8773632 disko=527187968 rx=72369562 tx=30639479 comm=*system*
psu_energy_ac_mcp_machine=46218748901
-------
timestamp=3408393713557359
iterations=5877
sample_ns=100000000
window_ns=1000000000
rapl_core_sum_uj=15048028980
rapl_psys_sum_uj=0
pid=0 energy=34476894358145745 alive=1 kernel=1 cpu_ns=6891158462000000 mem=440586240 instructions=4220409629149 wakeups=20125254 diski=8773632 disko=527187968 rx=72369562 tx=30639479 comm=*system*
psu_energy_ac_mcp_machine=46228379639
-------
timestamp=3408393842551985
iterations=5878
sample_ns=100000000
window_ns=1000000000
rapl_core_sum_uj=15051019336
rapl_psys_sum_uj=0
pid=0 energy=34476898244599340 alive=1 kernel=1 cpu_ns=6891158575000000 mem=440860672 instructions=4221073919868 wakeups=20125468 diski=8773632 disko=527187968 rx=72369562 tx=30639479 comm=*system*
psu_energy_ac_mcp_machine=46241728149
-------
timestamp=3408393975373038
iterations=5880
sample_ns=100000000
window_ns=1000000000
rapl_core_sum_uj=15057451831
rapl_psys_sum_uj=0
pid=0 energy=34476905998544860 alive=1 kernel=1 cpu_ns=6891158796000000 mem=440844288 instructions=4222403708972 wakeups=20125689 diski=8773632 disko=527187968 rx=72369562 tx=30639479 comm=*system*
psu_energy_ac_mcp_machine=46252024658
-------
timestamp=3408394103597423
iterations=5881
sample_ns=100000000
window_ns=1000000000
rapl_core_sum_uj=15060627673
rapl_psys_sum_uj=0
pid=0 energy=34476909915636530 alive=1 kernel=1 cpu_ns=6891158909000000 mem=440983552 instructions=4223074127306 wakeups=20125896 diski=8773632 disko=527187968 rx=72369562 tx=30639479 comm=*system*
psu_energy_ac_mcp_machine=46261984131
-------
timestamp=3408394232494077
iterations=5882
sample_ns=100000000
window_ns=1000000000
rapl_core_sum_uj=15063605639
rapl_psys_sum_uj=0
pid=0 energy=34476913833631525 alive=1 kernel=1 cpu_ns=6891159023000000 mem=441106432 instructions=4223743726305 wakeups=20126106 diski=8773632 disko=527187968 rx=72369562 tx=30639479 comm=*system*
psu_energy_ac_mcp_machine=46271626709
-------
timestamp=3408394360647828
iterations=5883
sample_ns=100000000
window_ns=1000000000
rapl_core_sum_uj=15066655016
rapl_psys_sum_uj=0
pid=0 energy=34476917732855580 alive=1 kernel=1 cpu_ns=6891159136000000 mem=440975360 instructions=4224410571116 wakeups=20126315 diski=8773632 disko=527187968 rx=72369562 tx=30639479 comm=*system*
psu_energy_ac_mcp_machine=46285030151
-------
timestamp=3408394492910365
iterations=5885
sample_ns=100000000
window_ns=1000000000
rapl_core_sum_uj=15072818712
rapl_psys_sum_uj=0
pid=0 energy=34476925448210680 alive=1 kernel=1 cpu_ns=6891159357000000 mem=440868864 instructions=4225732642136 wakeups=20126535 diski=8773632 disko=527187968 rx=72369562 tx=30639479 comm=*system*
psu_energy_ac_mcp_machine=46295050781
-------
timestamp=3408394623841902
iterations=5886
sample_ns=100000000
window_ns=1000000000
rapl_core_sum_uj=15075795823
rapl_psys_sum_uj=0
pid=0 energy=34476929363058565 alive=1 kernel=1 cpu_ns=6891159472000000 mem=440840192 instructions=4226400611713 wakeups=20126741 diski=8773632 disko=527187968 rx=72369562 tx=30639479 comm=*system*
psu_energy_ac_mcp_machine=46304707520
-------
timestamp=3408394752767104
iterations=5887
sample_ns=100000000
window_ns=1000000000
rapl_core_sum_uj=15078906052
rapl_psys_sum_uj=0
pid=0 energy=34476933281024740 alive=1 kernel=1 cpu_ns=6891159587000000 mem=440918016 instructions=4227069204948 wakeups=20126960 diski=8773632 disko=527187968 rx=72369562 tx=30639479 comm=*system*
psu_energy_ac_mcp_machine=46315036865
-------
timestamp=3408394881803229
iterations=5888
sample_ns=100000000
window_ns=1000000000
rapl_core_sum_uj=15082167221
rapl_psys_sum_uj=0
pid=0 energy=34476937218174775 alive=1 kernel=1 cpu_ns=6891159701000000 mem=440967168 instructions=4227742634955 wakeups=20127172 diski=8773632 disko=527187968 rx=72369562 tx=30639479 comm=*system*
psu_energy_ac_mcp_machine=46328254395
-------
timestamp=3408395014775003
iterations=5890
sample_ns=100000000
window_ns=1000000000
rapl_core_sum_uj=15088032150
rapl_psys_sum_uj=0
pid=0 energy=34476944874846525 alive=1 kernel=1 cpu_ns=6891159921000000 mem=441057280 instructions=4229053969305 wakeups=20127397 diski=8773632 disko=527187968 rx=72369562 tx=30639479 comm=*system*
psu_energy_ac_mcp_machine=46337893921
-------
timestamp=3408395144622127
iterations=5891
sample_ns=100000000
window_ns=1000000000
rapl_core_sum_uj=15091174239
rapl_psys_sum_uj=0
pid=0 energy=34476948813472595 alive=1 kernel=1 cpu_ns=6891160037000000 mem=440819712 instructions=4229725694519 wakeups=20127601 diski=8773632 disko=527187968 rx=72369562 tx=30639479 comm=*system*
psu_energy_ac_mcp_machine=46347673950
-------
timestamp=3408395273778315
iterations=5892
sample_ns=100000000
window_ns=1000000000
rapl_core_sum_uj=15094407759
rapl_psys_sum_uj=0
pid=0 energy=34476952768139290 alive=1 kernel=1 cpu_ns=6891160152000000 mem=440864768 instructions=4230401627858 wakeups=20127813 diski=8773632 disko=527187968 rx=72369562 tx=30639479 comm=*system*
psu_energy_ac_mcp_machine=46358167358
-------
timestamp=3408395403087871
iterations=5893
sample_ns=100000000
window_ns=1000000000
rapl_core_sum_uj=15097631025
rapl_psys_sum_uj=0
pid=0 energy=34476956721178300 alive=1 kernel=1 cpu_ns=6891160268000000 mem=441212928 instructions=4231076235660 wakeups=20128020 diski=8773632 disko=527187968 rx=72369564 tx=30639479 comm=*system*
psu_energy_ac_mcp_machine=46371302002
-------
timestamp=3408395534746062
iterations=5895
sample_ns=100000000
window_ns=1000000000
rapl_core_sum_uj=15103419842
rapl_psys_sum_uj=0
pid=0 energy=34476964366044895 alive=1 kernel=1 cpu_ns=6891160487000000 mem=440938496 instructions=4232386208979 wakeups=20128245 diski=8773632 disko=527187968 rx=72369564 tx=30639479 comm=*system*
psu_energy_ac_mcp_machine=46380763306
-------
timestamp=3408395663481945
iterations=5896
sample_ns=100000000
window_ns=1000000000
rapl_core_sum_uj=15106582561
rapl_psys_sum_uj=0
pid=0 energy=34476968309743735 alive=1 kernel=1 cpu_ns=6891160601000000 mem=440770560 instructions=4233060948747 wakeups=20128465 diski=8773632 disko=527187968 rx=72369564 tx=30639479 comm=*system*
psu_energy_ac_mcp_machine=46390733398
-------
timestamp=3408395792225457
iterations=5897
sample_ns=100000000
window_ns=1000000000
rapl_core_sum_uj=15109837565
rapl_psys_sum_uj=0
pid=0 energy=34476972242930095 alive=1 kernel=1 cpu_ns=6891160716000000 mem=440647680 instructions=4233732586019 wakeups=20128680 diski=8773632 disko=527187968 rx=72369564 tx=30639479 comm=*system*
psu_energy_ac_mcp_machine=46400829590
-------
timestamp=3408395921610552
iterations=5898
sample_ns=100000000
window_ns=1000000000
rapl_core_sum_uj=15112840982
rapl_psys_sum_uj=0
pid=0 energy=34476976148102060 alive=1 kernel=1 cpu_ns=6891160829000000 mem=440770560 instructions=4234400620412 wakeups=20128883 diski=8773632 disko=527187968 rx=72369564 tx=30639479 comm=*system*
psu_energy_ac_mcp_machine=46413925537
-------
timestamp=3408396054714704
iterations=5900
sample_ns=100000000
window_ns=1000000000
rapl_core_sum_uj=15118848611
rapl_psys_sum_uj=0
pid=0 energy=34476983812702645 alive=1 kernel=1 cpu_ns=6891161047000000 mem=441044992 instructions=4235715540529 wakeups=20129105 diski=8773632 disko=527187968 rx=72369564 tx=30639479 comm=*system*
psu_energy_ac_mcp_machine=46423710327
-------
timestamp=3408396183657513
iterations=5901
sample_ns=100000000
window_ns=1000000000
rapl_core_sum_uj=15122089821
rapl_psys_sum_uj=0
pid=0 energy=34476987741053450 alive=1 kernel=1 cpu_ns=6891161161000000 mem=441171968 instructions=4236387210690 wakeups=20129312 diski=8773632 disko=527187968 rx=72369564 tx=30639479 comm=*system*
psu_energy_ac_mcp_machine=46433292847
-------
timestamp=3408396312666109
iterations=5902
sample_ns=100000000
window_ns=1000000000
rapl_core_sum_uj=15125088173
rapl_psys_sum_uj=0
pid=0 energy=34476991637905640 alive=1 kernel=1 cpu_ns=6891161275000000 mem=441094144 instructions=4237052581128 wakeups=20129527 diski=8773632 disko=527187968 rx=72369564 tx=30639479 comm=*system*
psu_energy_ac_mcp_machine=46443549316
-------
timestamp=3408396442118756
iterations=5903
sample_ns=100000000
window_ns=1000000000
rapl_core_sum_uj=15128081581
rapl_psys_sum_uj=0
pid=0 energy=34476995546899030 alive=1 kernel=1 cpu_ns=6891161390000000 mem=441065472 instructions=4237719379806 wakeups=20129736 diski=8773632 disko=527187968 rx=72369565 tx=30639479 comm=*system*
psu_energy_ac_mcp_machine=46456779297
-------
timestamp=3408396574179468
iterations=5905
sample_ns=100000000
window_ns=1000000000
rapl_core_sum_uj=15134492225
rapl_psys_sum_uj=0
pid=0 energy=34477003260189290 alive=1 kernel=1 cpu_ns=6891161609000000 mem=440971264 instructions=4239043037858 wakeups=20129955 diski=8773632 disko=527187968 rx=72369565 tx=30639479 comm=*system*
psu_energy_ac_mcp_machine=46466812622
-------
timestamp=3408396702879113
iterations=5906
sample_ns=100000000
window_ns=1000000000
rapl_core_sum_uj=15137464759
rapl_psys_sum_uj=0
pid=0 energy=34477007185395935 alive=1 kernel=1 cpu_ns=6891161724000000 mem=441032704 instructions=4239713079187 wakeups=20130195 diski=8773632 disko=527187968 rx=72369566 tx=30639480 comm=*system*
psu_energy_ac_mcp_machine=46476509766
-------
timestamp=3408396831951047
iterations=5907
sample_ns=100000000
window_ns=1000000000
rapl_core_sum_uj=15140449439
rapl_psys_sum_uj=0
pid=0 energy=34477011086536450 alive=1 kernel=1 cpu_ns=6891161837000000 mem=440553472 instructions=4240380307290 wakeups=20130402 diski=8773632 disko=527187968 rx=72369566 tx=30639480 comm=*system*
psu_energy_ac_mcp_machine=46486271973
-------
timestamp=3408396960808968
iterations=5908
sample_ns=100000000
window_ns=1000000000
rapl_core_sum_uj=15143507056
rapl_psys_sum_uj=0
pid=0 energy=34477014982450950 alive=1 kernel=1 cpu_ns=6891161951000000 mem=440823808 instructions=4241045490190 wakeups=20130610 diski=8773632 disko=527187968 rx=72369566 tx=30639480 comm=*system*
psu_energy_ac_mcp_machine=46499700317
-------
timestamp=3408397091856105
iterations=5910
sample_ns=100000000
window_ns=1000000000
rapl_core_sum_uj=15149679540
rapl_psys_sum_uj=0
pid=0 energy=34477022698747355 alive=1 kernel=1 cpu_ns=6891162172000000 mem=440877056 instructions=4242367749471 wakeups=20130825 diski=8773632 disko=527187968 rx=72369566 tx=30639480 comm=*system*
psu_energy_ac_mcp_machine=46509463379
-------
timestamp=3408397222649268
iterations=5911
sample_ns=100000000
window_ns=1000000000
rapl_core_sum_uj=15152677525
rapl_psys_sum_uj=0
pid=0 energy=34477026626927320 alive=1 kernel=1 cpu_ns=6891162288000000 mem=440885248 instructions=4243037385464 wakeups=20131039 diski=8773632 disko=527187968 rx=72369566 tx=30639480 comm=*system*
psu_energy_ac_mcp_machine=46519385132
-------
timestamp=3408397351733895
iterations=5912
sample_ns=100000000
window_ns=1000000000
rapl_core_sum_uj=15155780003
rapl_psys_sum_uj=0
pid=0 energy=34477030551113615 alive=1 kernel=1 cpu_ns=6891162402000000 mem=440897536 instructions=4243708222723 wakeups=20131247 diski=8773632 disko=527187968 rx=72369568 tx=30639480 comm=*system*
psu_energy_ac_mcp_machine=46529651123
-------
timestamp=3408397480916604
iterations=5913
sample_ns=100000000
window_ns=1000000000
rapl_core_sum_uj=15160006992
rapl_psys_sum_uj=0
pid=0 energy=34477036961429730 alive=1 kernel=1 cpu_ns=6891162593000000 mem=441196544 instructions=4244799285946 wakeups=20131496 diski=8773632 disko=527187968 rx=72369572 tx=30639485 comm=*system*
psu_energy_ac_mcp_machine=46545962158
-------
timestamp=3408397614410380
iterations=5915
sample_ns=100000000
window_ns=1000000000
rapl_core_sum_uj=15168868746
rapl_psys_sum_uj=0
pid=0 energy=34477052089687455 alive=1 kernel=1 cpu_ns=6891163020000000 mem=441171968 instructions=4247397937491 wakeups=20131729 diski=8773632 disko=527187968 rx=72369572 tx=30639485 comm=*system*
psu_energy_ac_mcp_machine=46558051758
-------
timestamp=3408397744246340
iterations=5916
sample_ns=100000000
window_ns=1000000000
rapl_core_sum_uj=15173358186
rapl_psys_sum_uj=0
pid=0 energy=34477059723389495 alive=1 kernel=1 cpu_ns=6891163241000000 mem=441171968 instructions=4248703677899 wakeups=20131953 diski=8773632 disko=527216640 rx=72369572 tx=30639485 comm=*system*
psu_energy_ac_mcp_machine=46570176147
-------
timestamp=3408397873216377
iterations=5917
sample_ns=100000000
window_ns=1000000000
rapl_core_sum_uj=15177981904
rapl_psys_sum_uj=0
pid=0 energy=34477067289633305 alive=1 kernel=1 cpu_ns=6891163461000000 mem=441446400 instructions=4249996926661 wakeups=20132155 diski=8773632 disko=527216640 rx=72369572 tx=30639485 comm=*system*
psu_energy_ac_mcp_machine=46582739502
-------
timestamp=3408398002226316
iterations=5918
sample_ns=100000000
window_ns=1000000000
rapl_core_sum_uj=15182554779
rapl_psys_sum_uj=0
pid=0 energy=34477074965537220 alive=1 kernel=1 cpu_ns=6891163679000000 mem=441634816 instructions=4251314107444 wakeups=20132371 diski=8773632 disko=527216640 rx=72369572 tx=30639485 comm=*system*
psu_energy_ac_mcp_machine=46598762695
-------
timestamp=3408398135513928
iterations=5920
sample_ns=100000000
window_ns=1000000000
rapl_core_sum_uj=15191286772
rapl_psys_sum_uj=0
pid=0 energy=34477090032300620 alive=1 kernel=1 cpu_ns=6891164106000000 mem=441974784 instructions=4253900460124 wakeups=20132589 diski=8773632 disko=527216640 rx=72369572 tx=30639485 comm=*system*
psu_energy_ac_mcp_machine=46610805786
-------
timestamp=3408398265089553
iterations=5921
sample_ns=100000000
window_ns=1000000000
rapl_core_sum_uj=15195984586
rapl_psys_sum_uj=0
pid=0 energy=34477097638180715 alive=1 kernel=1 cpu_ns=6891164326000000 mem=441802752 instructions=4255201636143 wakeups=20132809 diski=8773632 disko=527216640 rx=72369572 tx=30639485 comm=*system*
psu_energy_ac_mcp_machine=46623354370
-------
timestamp=3408398394563812
iterations=5922
sample_ns=100000000
window_ns=1000000000
rapl_core_sum_uj=15200496304
rapl_psys_sum_uj=0
pid=0 energy=34477105251144580 alive=1 kernel=1 cpu_ns=6891164546000000 mem=441806848 instructions=4256504228916 wakeups=20133014 diski=8773632 disko=527216640 rx=72369572 tx=30639485 comm=*system*
psu_energy_ac_mcp_machine=46639475342
-------
timestamp=3408398526579860
iterations=5923
sample_ns=100000000
window_ns=1000000000
rapl_core_sum_uj=15204985012
rapl_psys_sum_uj=0
pid=0 energy=34477112888161000 alive=1 kernel=1 cpu_ns=6891164764000000 mem=441614336 instructions=4257813632200 wakeups=20133228 diski=8773632 disko=527216640 rx=72369572 tx=30639485 comm=*system*
psu_energy_ac_mcp_machine=46651471436
-------
timestamp=3408398659480455
iterations=5925
sample_ns=100000000
window_ns=1000000000
rapl_core_sum_uj=15213708399
rapl_psys_sum_uj=0
pid=0 energy=34477127963725955 alive=1 kernel=1 cpu_ns=6891165190000000 mem=441950208 instructions=4260402745191 wakeups=20133452 diski=8773632 disko=527216640 rx=72369572 tx=30639485 comm=*system*
psu_energy_ac_mcp_machine=46663560669
-------
timestamp=3408398788435244
iterations=5926
sample_ns=100000000
window_ns=1000000000
rapl_core_sum_uj=15218184717
rapl_psys_sum_uj=0
pid=0 energy=34477135592969310 alive=1 kernel=1 cpu_ns=6891165409000000 mem=441876480 instructions=4261709593862 wakeups=20133666 diski=8773632 disko=527216640 rx=72369572 tx=30639485 comm=*system*
psu_energy_ac_mcp_machine=46675681519
-------
timestamp=3408398917285196
iterations=5927
sample_ns=100000000
window_ns=1000000000
rapl_core_sum_uj=15222663904
rapl_psys_sum_uj=0
pid=0 energy=34477143208619980 alive=1 kernel=1 cpu_ns=6891165630000000 mem=441839616 instructions=4263011723996 wakeups=20133884 diski=8773632 disko=527216640 rx=72369572 tx=30639485 comm=*system*
psu_energy_ac_mcp_machine=46691900879
-------
timestamp=3408399050715876
iterations=5928
sample_ns=100000000
window_ns=1000000000
rapl_core_sum_uj=15227130700
rapl_psys_sum_uj=0
pid=0 energy=34477150829944805 alive=1 kernel=1 cpu_ns=6891165847000000 mem=442179584 instructions=4264318988961 wakeups=20134100 diski=8773632 disko=527216640 rx=72369572 tx=30639485 comm=*system*
psu_energy_ac_mcp_machine=46703922485
-------
timestamp=3408399183222247
iterations=5930
sample_ns=100000000
window_ns=1000000000
rapl_core_sum_uj=15236140587
rapl_psys_sum_uj=0
pid=0 energy=34477165913046610 alive=1 kernel=1 cpu_ns=6891166279000000 mem=441622528 instructions=4266903609322 wakeups=20134318 diski=8773632 disko=527216640 rx=72369572 tx=30639485 comm=*system*
psu_energy_ac_mcp_machine=46716438477
-------
timestamp=3408399312565908
iterations=5931
sample_ns=100000000
window_ns=1000000000
rapl_core_sum_uj=15240610252
rapl_psys_sum_uj=0
pid=0 energy=34477173517634545 alive=1 kernel=1 cpu_ns=6891166497000000 mem=441700352 instructions=4268206526909 wakeups=20134522 diski=8773632 disko=527216640 rx=72369572 tx=30639485 comm=*system*
psu_energy_ac_mcp_machine=46728463745
-------
timestamp=3408399442336673
iterations=5932
sample_ns=100000000
window_ns=1000000000
rapl_core_sum_uj=15245090232
rapl_psys_sum_uj=0
pid=0 energy=34477181160273380 alive=1 kernel=1 cpu_ns=6891166716000000 mem=441761792 instructions=4269516054676 wakeups=20134731 diski=8773632 disko=527216640 rx=72369574 tx=30639485 comm=*system*
psu_energy_ac_mcp_machine=46744632568
-------
timestamp=3408399575191997
iterations=5934
sample_ns=100000000
window_ns=1000000000
rapl_core_sum_uj=15254242025
rapl_psys_sum_uj=0
pid=0 energy=34477196412416055 alive=1 kernel=1 cpu_ns=6891167151000000 mem=442892288 instructions=4272131483211 wakeups=20134977 diski=8773632 disko=527216640 rx=72369574 tx=30639485 comm=*system*
psu_energy_ac_mcp_machine=46757135864
-------
timestamp=3408399704679328
iterations=5935
sample_ns=100000000
window_ns=1000000000
rapl_core_sum_uj=15258666890
rapl_psys_sum_uj=0
pid=0 energy=34477203877382395 alive=1 kernel=1 cpu_ns=6891167363000000 mem=441823232 instructions=4273412476479 wakeups=20135182 diski=8773632 disko=527216640 rx=72369574 tx=30639485 comm=*system*
psu_energy_ac_mcp_machine=46769253662
-------
timestamp=3408399833654203
iterations=5936
sample_ns=100000000
window_ns=1000000000
rapl_core_sum_uj=15263132893
rapl_psys_sum_uj=0
pid=0 energy=34477211524893545 alive=1 kernel=1 cpu_ns=6891167586000000 mem=441823232 instructions=4274718978709 wakeups=20135391 diski=8773632 disko=527216640 rx=72369574 tx=30639485 comm=*system*
psu_energy_ac_mcp_machine=46785425293
-------
timestamp=3408399966535940
iterations=5937
sample_ns=100000000
window_ns=1000000000
rapl_core_sum_uj=15267709736
rapl_psys_sum_uj=0
pid=0 energy=34477219067256130 alive=1 kernel=1 cpu_ns=6891167804000000 mem=441851904 instructions=4276009451226 wakeups=20135605 diski=8773632 disko=527216640 rx=72369574 tx=30639485 comm=*system*
psu_energy_ac_mcp_machine=46797783325
-------
timestamp=3408400099442827
iterations=5939
sample_ns=100000000
window_ns=1000000000
rapl_core_sum_uj=15276675556
rapl_psys_sum_uj=0
pid=0 energy=34477234234546350 alive=1 kernel=1 cpu_ns=6891168235000000 mem=441856000 instructions=4278611909270 wakeups=20135825 diski=8773632 disko=527216640 rx=72369574 tx=30639485 comm=*system*
psu_energy_ac_mcp_machine=46809810913
-------
timestamp=3408400229175500
iterations=5940
sample_ns=100000000
window_ns=1000000000
rapl_core_sum_uj=15281167743
rapl_psys_sum_uj=0
pid=0 energy=34477241890274500 alive=1 kernel=1 cpu_ns=6891168456000000 mem=441843712 instructions=4279922054900 wakeups=20136035 diski=8773632 disko=527216640 rx=72369574 tx=30639485 comm=*system*
psu_energy_ac_mcp_machine=46821910645
-------
timestamp=3408400358483482
iterations=5941
sample_ns=100000000
window_ns=1000000000
rapl_core_sum_uj=15285836627
rapl_psys_sum_uj=0
pid=0 energy=34477249487676920 alive=1 kernel=1 cpu_ns=6891168674000000 mem=441843712 instructions=4281223535384 wakeups=20136247 diski=8773632 disko=527216640 rx=72369574 tx=30639485 comm=*system*
psu_energy_ac_mcp_machine=46838480347
-------
timestamp=3408400491438443
iterations=5942
sample_ns=100000000
window_ns=1000000000
rapl_core_sum_uj=15290440875
rapl_psys_sum_uj=0
pid=0 energy=34477257141878400 alive=1 kernel=1 cpu_ns=6891168893000000 mem=441741312 instructions=4282535375680 wakeups=20136450 diski=8773632 disko=527216640 rx=72369574 tx=30639485 comm=*system*
psu_energy_ac_mcp_machine=46850447876
-------
timestamp=3408400622423079
iterations=5944
sample_ns=100000000
window_ns=1000000000
rapl_core_sum_uj=15299160662
rapl_psys_sum_uj=0
pid=0 energy=34477272224303515 alive=1 kernel=1 cpu_ns=6891169322000000 mem=441856000 instructions=4285122860703 wakeups=20136671 diski=8773632 disko=527216640 rx=72369574 tx=30639485 comm=*system*
psu_energy_ac_mcp_machine=46862523560
-------
timestamp=3408400752118268
iterations=5945
sample_ns=100000000
window_ns=1000000000
rapl_core_sum_uj=15303664568
rapl_psys_sum_uj=0
pid=0 energy=34477279856712010 alive=1 kernel=1 cpu_ns=6891169542000000 mem=441856000 instructions=4286429342402 wakeups=20136887 diski=8773632 disko=527216640 rx=72369574 tx=30639485 comm=*system*
psu_energy_ac_mcp_machine=46874639526
-------
timestamp=3408400881556559
iterations=5946
sample_ns=100000000
window_ns=1000000000
rapl_core_sum_uj=15308375017
rapl_psys_sum_uj=0
pid=0 energy=34477287419035765 alive=1 kernel=1 cpu_ns=6891169760000000 mem=441860096 instructions=4287723807153 wakeups=20137101 diski=8773632 disko=527216640 rx=72369574 tx=30639485 comm=*system*
psu_energy_ac_mcp_machine=46891111206
-------
timestamp=3408401013340038
iterations=5947
sample_ns=100000000
window_ns=1000000000
rapl_core_sum_uj=15312906083
rapl_psys_sum_uj=0
pid=0 energy=34477295057082600 alive=1 kernel=1 cpu_ns=6891169978000000 mem=441860096 instructions=4289033416520 wakeups=20137322 diski=8773632 disko=527216640 rx=72369574 tx=30639485 comm=*system*
psu_energy_ac_mcp_machine=46903215698
-------
timestamp=3408401142567179
iterations=5949
sample_ns=100000000
window_ns=1000000000
rapl_core_sum_uj=15321593704
rapl_psys_sum_uj=0
pid=0 energy=34477310131648740 alive=1 kernel=1 cpu_ns=6891170404000000 mem=441884672 instructions=4291622329748 wakeups=20137542 diski=8773632 disko=527216640 rx=72369574 tx=30639485 comm=*system*
psu_energy_ac_mcp_machine=46915246216
-------
timestamp=3408401271771135
iterations=5950
sample_ns=100000000
window_ns=1000000000
rapl_core_sum_uj=15326361953
rapl_psys_sum_uj=0
pid=0 energy=34477317750993310 alive=1 kernel=1 cpu_ns=6891170624000000 mem=441860096 instructions=4292926198662 wakeups=20137745 diski=8773632 disko=527216640 rx=72369574 tx=30639485 comm=*system*
psu_energy_ac_mcp_machine=46927778076
-------
timestamp=3408401401441067
iterations=5951
sample_ns=100000000
window_ns=1000000000
rapl_core_sum_uj=15330847670
rapl_psys_sum_uj=0
pid=0 energy=34477325353871540 alive=1 kernel=1 cpu_ns=6891170842000000 mem=441729024 instructions=4294228774308 wakeups=20137963 diski=8773632 disko=527216640 rx=72369576 tx=30639485 comm=*system*
psu_energy_ac_mcp_machine=46943872437
-------
timestamp=3408401534784144
iterations=5952
sample_ns=100000000
window_ns=1000000000
rapl_core_sum_uj=15335345289
rapl_psys_sum_uj=0
pid=0 energy=34477333002833725 alive=1 kernel=1 cpu_ns=6891171063000000 mem=441917440 instructions=4295537566745 wakeups=20138163 diski=8773632 disko=527216640 rx=72369576 tx=30639485 comm=*system*
psu_energy_ac_mcp_machine=46955941528
-------
timestamp=3408401664292928
iterations=5954
sample_ns=100000000
window_ns=1000000000
rapl_core_sum_uj=15344398327
rapl_psys_sum_uj=0
pid=0 energy=34477348093054460 alive=1 kernel=1 cpu_ns=6891171492000000 mem=441880576 instructions=4298126610892 wakeups=20138397 diski=8773632 disko=527216640 rx=72369576 tx=30639485 comm=*system*
psu_energy_ac_mcp_machine=46968473389
-------
timestamp=3408401793339610
iterations=5955
sample_ns=100000000
window_ns=1000000000
rapl_core_sum_uj=15348871288
rapl_psys_sum_uj=0
pid=0 energy=34477355717296595 alive=1 kernel=1 cpu_ns=6891171710000000 mem=441868288 instructions=4299433459319 wakeups=20138613 diski=8773632 disko=527216640 rx=72369576 tx=30639485 comm=*system*
psu_energy_ac_mcp_machine=46984591919
-------
timestamp=3408401925802405
iterations=5956
sample_ns=100000000
window_ns=1000000000
rapl_core_sum_uj=15353378307
rapl_psys_sum_uj=0
pid=0 energy=34477363333183950 alive=1 kernel=1 cpu_ns=6891171930000000 mem=441876480 instructions=4300736636790 wakeups=20138825 diski=8773632 disko=527216640 rx=72369576 tx=30639485 comm=*system*
psu_energy_ac_mcp_machine=46996586548
-------
timestamp=3408402059416178
iterations=5957
sample_ns=100000000
window_ns=1000000000
rapl_core_sum_uj=15357895946
rapl_psys_sum_uj=0
pid=0 energy=34477370979326405 alive=1 kernel=1 cpu_ns=6891172148000000 mem=441901056 instructions=4302047865281 wakeups=20139031 diski=8773632 disko=527216640 rx=72369576 tx=30639485 comm=*system*
psu_energy_ac_mcp_machine=47008686890
-------
timestamp=3408402189039781
iterations=5959
sample_ns=100000000
window_ns=1000000000
rapl_core_sum_uj=15366666819
rapl_psys_sum_uj=0
pid=0 energy=34477386062327810 alive=1 kernel=1 cpu_ns=6891172579000000 mem=441962496 instructions=4304633465562 wakeups=20139252 diski=8773632 disko=527216640 rx=72369576 tx=30639485 comm=*system*
psu_energy_ac_mcp_machine=47020780884
-------
timestamp=3408402318621861
iterations=5960
sample_ns=100000000
window_ns=1000000000
rapl_core_sum_uj=15371108591
rapl_psys_sum_uj=0
pid=0 energy=34477393672192400 alive=1 kernel=1 cpu_ns=6891172797000000 mem=441950208 instructions=4305937438480 wakeups=20139458 diski=8773632 disko=527216640 rx=72369576 tx=30639485 comm=*system*
psu_energy_ac_mcp_machine=47036879272
-------
timestamp=3408402451149582
iterations=5961
sample_ns=100000000
window_ns=1000000000
rapl_core_sum_uj=15375577768
rapl_psys_sum_uj=0
pid=0 energy=34477401276770275 alive=1 kernel=1 cpu_ns=6891173017000000 mem=442105856 instructions=4307238354055 wakeups=20139666 diski=8773632 disko=527216640 rx=72369576 tx=30639485 comm=*system*
psu_energy_ac_mcp_machine=47048859253
-------
timestamp=3408402582205572
iterations=5962
sample_ns=100000000
window_ns=1000000000
rapl_core_sum_uj=15380049447
rapl_psys_sum_uj=0
pid=0 energy=34477408904258265 alive=1 kernel=1 cpu_ns=6891173237000000 mem=441749504 instructions=4308543851653 wakeups=20139872 diski=8773632 disko=527216640 rx=72369576 tx=30639485 comm=*system*
psu_energy_ac_mcp_machine=47060908081
-------
timestamp=3408402711404433
iterations=5964
sample_ns=100000000
window_ns=1000000000
rapl_core_sum_uj=15388781074
rapl_psys_sum_uj=0
pid=0 energy=34477423986485350 alive=1 kernel=1 cpu_ns=6891173665000000 mem=441741312 instructions=4311132297070 wakeups=20140106 diski=8773632 disko=527216640 rx=72369576 tx=30639485 comm=*system*
psu_energy_ac_mcp_machine=47072999023
-------
timestamp=3408402840896978
iterations=5965
sample_ns=100000000
window_ns=1000000000
rapl_core_sum_uj=15393285468
rapl_psys_sum_uj=0
pid=0 energy=34477431611968690 alive=1 kernel=1 cpu_ns=6891173886000000 mem=441729024 instructions=4312436393738 wakeups=20140332 diski=8773632 disko=527237120 rx=72369576 tx=30639485 comm=*system*
psu_energy_ac_mcp_machine=47089278076
-------
timestamp=3408402973451122
iterations=5966
sample_ns=100000000
window_ns=1000000000
rapl_core_sum_uj=15397924139
rapl_psys_sum_uj=0
pid=0 energy=34477439169260070 alive=1 kernel=1 cpu_ns=6891174103000000 mem=441884672 instructions=4313730852014 wakeups=20140545 diski=8773632 disko=527237120 rx=72369576 tx=30639485 comm=*system*
psu_energy_ac_mcp_machine=47101675659
-------
timestamp=3408403102805162
iterations=5967
sample_ns=100000000
window_ns=1000000000
rapl_core_sum_uj=15402505620
rapl_psys_sum_uj=0
pid=0 energy=34477446833957960 alive=1 kernel=1 cpu_ns=6891174323000000 mem=441917440 instructions=4315043791592 wakeups=20140759 diski=8773632 disko=527237120 rx=72369576 tx=30639485 comm=*system*
psu_energy_ac_mcp_machine=47113706909
-------
timestamp=3408403232630527
iterations=5969
sample_ns=100000000
window_ns=1000000000
rapl_core_sum_uj=15411205326
rapl_psys_sum_uj=0
pid=0 energy=34477461922123650 alive=1 kernel=1 cpu_ns=6891174750000000 mem=441888768 instructions=4317634424730 wakeups=20140982 diski=8773632 disko=527245312 rx=72369576 tx=30639485 comm=*system*
psu_energy_ac_mcp_machine=47130035767
-------
timestamp=3408403365960236
iterations=5970
sample_ns=100000000
window_ns=1000000000
rapl_core_sum_uj=15415931461
rapl_psys_sum_uj=0
pid=0 energy=34477469515635540 alive=1 kernel=1 cpu_ns=6891174971000000 mem=441892864 instructions=4318932127108 wakeups=20141197 diski=8773632 disko=527245312 rx=72369578 tx=30639485 comm=*system*
psu_energy_ac_mcp_machine=47142417236
-------
timestamp=3408403499086069
iterations=5971
sample_ns=100000000
window_ns=1000000000
rapl_core_sum_uj=15420493350
rapl_psys_sum_uj=0
pid=0 energy=34477477148770915 alive=1 kernel=1 cpu_ns=6891175193000000 mem=441901056 instructions=4320236754183 wakeups=20141400 diski=8773632 disko=527245312 rx=72369578 tx=30639485 comm=*system*
psu_energy_ac_mcp_machine=47154501831
-------
timestamp=3408403628296435
iterations=5972
sample_ns=100000000
window_ns=1000000000
rapl_core_sum_uj=15424946230
rapl_psys_sum_uj=0
pid=0 energy=34477484799778905 alive=1 kernel=1 cpu_ns=6891175411000000 mem=441942016 instructions=4321548955781 wakeups=20141603 diski=8773632 disko=527245312 rx=72369578 tx=30639485 comm=*system*
psu_energy_ac_mcp_machine=47166572754
-------
timestamp=3408403757163286
iterations=5974
sample_ns=100000000
window_ns=1000000000
rapl_core_sum_uj=15433699952
rapl_psys_sum_uj=0
pid=0 energy=34477499881617255 alive=1 kernel=1 cpu_ns=6891175838000000 mem=441905152 instructions=4324138323451 wakeups=20141845 diski=8773632 disko=527245312 rx=72369578 tx=30639485 comm=*system*
psu_energy_ac_mcp_machine=47182787842
-------
timestamp=3408403889615121
iterations=5975
sample_ns=100000000
window_ns=1000000000
rapl_core_sum_uj=15438210450
rapl_psys_sum_uj=0
pid=0 energy=34477507510059910 alive=1 kernel=1 cpu_ns=6891176057000000 mem=441896960 instructions=4325445011982 wakeups=20142060 diski=8773632 disko=527245312 rx=72369578 tx=30639485 comm=*system*
psu_energy_ac_mcp_machine=47194818359
-------
timestamp=3408404021121553
iterations=5976
sample_ns=100000000
window_ns=1000000000
rapl_core_sum_uj=15442728760
rapl_psys_sum_uj=0
pid=0 energy=34477515141360455 alive=1 kernel=1 cpu_ns=6891176277000000 mem=441925632 instructions=4326751272091 wakeups=20142269 diski=8773632 disko=527245312 rx=72369578 tx=30639485 comm=*system*
psu_energy_ac_mcp_machine=47206933960
-------
timestamp=3408404150662434
iterations=5978
sample_ns=100000000
window_ns=1000000000
rapl_core_sum_uj=15451580322
rapl_psys_sum_uj=0
pid=0 energy=34477530331503760 alive=1 kernel=1 cpu_ns=6891176710000000 mem=442798080 instructions=4329356300752 wakeups=20142507 diski=8773632 disko=527245312 rx=72369578 tx=30639485 comm=*system*
psu_energy_ac_mcp_machine=47219022583
-------
timestamp=3408404279927084
iterations=5979
sample_ns=100000000
window_ns=1000000000
rapl_core_sum_uj=15455995238
rapl_psys_sum_uj=0
pid=0 energy=34477537866892005 alive=1 kernel=1 cpu_ns=6891176925000000 mem=441843712 instructions=4330648378401 wakeups=20142713 diski=8773632 disko=527245312 rx=72369578 tx=30639485 comm=*system*
psu_energy_ac_mcp_machine=47235223267
-------
timestamp=3408404410717544
iterations=5980
sample_ns=100000000
window_ns=1000000000
rapl_core_sum_uj=15460455748
rapl_psys_sum_uj=0
pid=0 energy=34477545503564760 alive=1 kernel=1 cpu_ns=6891177146000000 mem=441872384 instructions=4331954712952 wakeups=20142920 diski=8773632 disko=527245312 rx=72369578 tx=30639485 comm=*system*
psu_energy_ac_mcp_machine=47247268677
-------
timestamp=3408404541556481
iterations=5981
sample_ns=100000000
window_ns=1000000000
rapl_core_sum_uj=15464958006
rapl_psys_sum_uj=0
pid=0 energy=34477553144829305 alive=1 kernel=1 cpu_ns=6891177366000000 mem=441839616 instructions=4333262965861 wakeups=20143134 diski=8773632 disko=527245312 rx=72369578 tx=30639485 comm=*system*
psu_energy_ac_mcp_machine=47259372192
-------
timestamp=3408404671235199
iterations=5983
sample_ns=100000000
window_ns=1000000000
rapl_core_sum_uj=15474027280
rapl_psys_sum_uj=0
pid=0 energy=34477568311280080 alive=1 kernel=1 cpu_ns=6891177800000000 mem=442703872 instructions=4335862256016 wakeups=20143366 diski=8773632 disko=527245312 rx=72369578 tx=30639485 comm=*system*
psu_energy_ac_mcp_machine=47271943481
-------
timestamp=3408404800913426
iterations=5984
sample_ns=100000000
window_ns=1000000000
rapl_core_sum_uj=15478456113
rapl_psys_sum_uj=0
pid=0 energy=34477575845947910 alive=1 kernel=1 cpu_ns=6891178015000000 mem=441991168 instructions=4337154189582 wakeups=20143575 diski=8773632 disko=527245312 rx=72369578 tx=30639485 comm=*system*
psu_energy_ac_mcp_machine=47288085815
-------
timestamp=3408404932862043
iterations=5985
sample_ns=100000000
window_ns=1000000000
rapl_core_sum_uj=15482912655
rapl_psys_sum_uj=0
pid=0 energy=34477583466736475 alive=1 kernel=1 cpu_ns=6891178233000000 mem=442109952 instructions=4338460347295 wakeups=20143784 diski=8773632 disko=527245312 rx=72369578 tx=30639485 comm=*system*
psu_energy_ac_mcp_machine=47300106323
-------
timestamp=3408405062109423
iterations=5986
sample_ns=100000000
window_ns=1000000000
rapl_core_sum_uj=15487475277
rapl_psys_sum_uj=0
pid=0 energy=34477591028646560 alive=1 kernel=1 cpu_ns=6891178452000000 mem=441921536 instructions=4339753729312 wakeups=20143996 diski=8773632 disko=527245312 rx=72369578 tx=30639485 comm=*system*
psu_energy_ac_mcp_machine=47312653564
-------
timestamp=3408405192146065
iterations=5988
sample_ns=100000000
window_ns=1000000000
rapl_core_sum_uj=15496541377
rapl_psys_sum_uj=0
pid=0 energy=34477606289318630 alive=1 kernel=1 cpu_ns=6891178885000000 mem=442589184 instructions=4342372863726 wakeups=20144307 diski=8773632 disko=529334272 rx=72369578 tx=30639485 comm=*system*
psu_energy_ac_mcp_machine=47324754639
-------
timestamp=3408405321541355
iterations=5989
sample_ns=100000000
window_ns=1000000000
rapl_core_sum_uj=15500992670
rapl_psys_sum_uj=0
pid=0 energy=34477613829511450 alive=1 kernel=1 cpu_ns=6891179099000000 mem=441913344 instructions=4343666902290 wakeups=20144513 diski=8773632 disko=529334272 rx=72369580 tx=30639485 comm=*system*
psu_energy_ac_mcp_machine=47341021240
-------
timestamp=3408405454133129
iterations=5990
sample_ns=100000000
window_ns=1000000000
rapl_core_sum_uj=15505473138
rapl_psys_sum_uj=0
pid=0 energy=34477621432081385 alive=1 kernel=1 cpu_ns=6891179318000000 mem=441917440 instructions=4344968416277 wakeups=20144718 diski=8773632 disko=529334272 rx=72369580 tx=30639485 comm=*system*
psu_energy_ac_mcp_machine=47353080933
-------
timestamp=3408405583425219
iterations=5991
sample_ns=100000000
window_ns=1000000000
rapl_core_sum_uj=15509946221
rapl_psys_sum_uj=0
pid=0 energy=34477629044197960 alive=1 kernel=1 cpu_ns=6891179537000000 mem=441929728 instructions=4346271839592 wakeups=20144930 diski=8773632 disko=529334272 rx=72369580 tx=30639485 comm=*system*
psu_energy_ac_mcp_machine=47365144287
-------
timestamp=3408405712729313
iterations=5993
sample_ns=100000000
window_ns=1000000000
rapl_core_sum_uj=15518774955
rapl_psys_sum_uj=0
pid=0 energy=34477644288686615 alive=1 kernel=1 cpu_ns=6891179974000000 mem=442601472 instructions=4348883737323 wakeups=20145177 diski=8773632 disko=529334272 rx=72369580 tx=30639485 comm=*system*
psu_energy_ac_mcp_machine=47381380371
-------
timestamp=3408405845805149
iterations=5994
sample_ns=100000000
window_ns=1000000000
rapl_core_sum_uj=15523198538
rapl_psys_sum_uj=0
pid=0 energy=34477651780738735 alive=1 kernel=1 cpu_ns=6891180189000000 mem=441929728 instructions=4350167147747 wakeups=20145372 diski=8773632 disko=529334272 rx=72369580 tx=30639485 comm=*system*
psu_energy_ac_mcp_machine=47393444580
-------
timestamp=3408405978301011
iterations=5995
sample_ns=100000000
window_ns=1000000000
rapl_core_sum_uj=15527890554
rapl_psys_sum_uj=0
pid=0 energy=34477659361133485 alive=1 kernel=1 cpu_ns=6891180408000000 mem=441937920 instructions=4351464226697 wakeups=20145581 diski=8773632 disko=529334272 rx=72369580 tx=30639485 comm=*system*
psu_energy_ac_mcp_machine=47405952148
-------
timestamp=3408406107715325
iterations=5996
sample_ns=100000000
window_ns=1000000000
rapl_core_sum_uj=15532404408
rapl_psys_sum_uj=0
pid=0 energy=34477666988289555 alive=1 kernel=1 cpu_ns=6891180626000000 mem=441933824 instructions=4352771657911 wakeups=20145790 diski=8773632 disko=529334272 rx=72369580 tx=30639485 comm=*system*
psu_energy_ac_mcp_machine=47417945435
-------
timestamp=3408406236982127
iterations=5998
sample_ns=100000000
window_ns=1000000000
rapl_core_sum_uj=15541100818
rapl_psys_sum_uj=0
pid=0 energy=34477682116356420 alive=1 kernel=1 cpu_ns=6891181059000000 mem=441929728 instructions=4355364271284 wakeups=20146004 diski=8773632 disko=529334272 rx=72369580 tx=30639485 comm=*system*
psu_energy_ac_mcp_machine=47434184692
-------
timestamp=3408406368887796
iterations=5999
sample_ns=100000000
window_ns=1000000000
rapl_core_sum_uj=15545871630
rapl_psys_sum_uj=0
pid=0 energy=34477689746045850 alive=1 kernel=1 cpu_ns=6891181279000000 mem=441933824 instructions=4356670209170 wakeups=20146211 diski=8773632 disko=529334272 rx=72369580 tx=30639485 comm=*system*
psu_energy_ac_mcp_machine=47446687500
-------
timestamp=3408406501426282
iterations=6000
sample_ns=100000000
window_ns=1000000000
rapl_core_sum_uj=15550358385
rapl_psys_sum_uj=0
pid=0 energy=34477697379950625 alive=1 kernel=1 cpu_ns=6891181497000000 mem=441942016 instructions=4357978990125 wakeups=20146416 diski=8773632 disko=529334272 rx=72369580 tx=30639485 comm=*system*
psu_energy_ac_mcp_machine=47458754272
-------
timestamp=3408406630349560
iterations=6001
sample_ns=100000000
window_ns=1000000000
rapl_core_sum_uj=15554814073
rapl_psys_sum_uj=0
pid=0 energy=34477705023067775 alive=1 kernel=1 cpu_ns=6891181719000000 mem=441651200 instructions=4359285613555 wakeups=20146624 diski=8773632 disko=529334272 rx=72369580 tx=30639485 comm=*system*
psu_energy_ac_mcp_machine=47470830200
-------
timestamp=3408406760130617
iterations=6003
sample_ns=100000000
window_ns=1000000000
rapl_core_sum_uj=15563533494
rapl_psys_sum_uj=0
pid=0 energy=34477720140690770 alive=1 kernel=1 cpu_ns=6891182150000000 mem=441933824 instructions=4361878138154 wakeups=20146865 diski=8773632 disko=529334272 rx=72369581 tx=30639486 comm=*system*
psu_energy_ac_mcp_machine=47486995850
-------
timestamp=3408406892856758
iterations=6004
sample_ns=100000000
window_ns=1000000000
rapl_core_sum_uj=15568008835
rapl_psys_sum_uj=0
pid=0 energy=34477727771061325 alive=1 kernel=1 cpu_ns=6891182370000000 mem=441950208 instructions=4363184212265 wakeups=20147075 diski=8773632 disko=529334272 rx=72369581 tx=30639486 comm=*system*
psu_energy_ac_mcp_machine=47499087646
-------
timestamp=3408407021804678
iterations=6005
sample_ns=100000000
window_ns=1000000000
rapl_core_sum_uj=15572474044
rapl_psys_sum_uj=0
pid=0 energy=34477735400554170 alive=1 kernel=1 cpu_ns=6891182588000000 mem=441921536 instructions=4364492110834 wakeups=20147292 diski=8773632 disko=529334272 rx=72369581 tx=30639486 comm=*system*
psu_energy_ac_mcp_machine=47511187012
-------
timestamp=3408407151347850
iterations=6006
sample_ns=100000000
window_ns=1000000000
rapl_core_sum_uj=15576947249
rapl_psys_sum_uj=0
pid=0 energy=34477743036613405 alive=1 kernel=1 cpu_ns=6891182807000000 mem=442204160 instructions=4365800322681 wakeups=20147504 diski=8773632 disko=529334272 rx=72369581 tx=30639486 comm=*system*
psu_energy_ac_mcp_machine=47523268311
-------
timestamp=3408407280409832
iterations=6008
sample_ns=100000000
window_ns=1000000000
rapl_core_sum_uj=15585699201
rapl_psys_sum_uj=0
pid=0 energy=34477758121810695 alive=1 kernel=1 cpu_ns=6891183234000000 mem=441782272 instructions=4368390362139 wakeups=20147722 diski=8773632 disko=529334272 rx=72369581 tx=30639486 comm=*system*
psu_energy_ac_mcp_machine=47539447021
-------
timestamp=3408407412403000
iterations=6009
sample_ns=100000000
window_ns=1000000000
rapl_core_sum_uj=15590189740
rapl_psys_sum_uj=0
pid=0 energy=34477765756121025 alive=1 kernel=1 cpu_ns=6891183455000000 mem=441950208 instructions=4369696224205 wakeups=20147934 diski=8773632 disko=529334272 rx=72369583 tx=30639486 comm=*system*
psu_energy_ac_mcp_machine=47551542603
-------
timestamp=3408407541383234
iterations=6010
sample_ns=100000000
window_ns=1000000000
rapl_core_sum_uj=15594699871
rapl_psys_sum_uj=0
pid=0 energy=34477773405898680 alive=1 kernel=1 cpu_ns=6891183675000000 mem=441925632 instructions=4371006179736 wakeups=20148145 diski=8773632 disko=529334272 rx=72369583 tx=30639486 comm=*system*
psu_energy_ac_mcp_machine=47563669556
-------
timestamp=3408407670633095
iterations=6011
sample_ns=100000000
window_ns=1000000000
rapl_core_sum_uj=15599252788
rapl_psys_sum_uj=0
pid=0 energy=34477780946834560 alive=1 kernel=1 cpu_ns=6891183892000000 mem=442060800 instructions=4372297366912 wakeups=20148362 diski=8773632 disko=529334272 rx=72369583 tx=30639486 comm=*system*
psu_energy_ac_mcp_machine=47576189087
-------
timestamp=3408407799810520
iterations=6013
sample_ns=100000000
window_ns=1000000000
rapl_core_sum_uj=15608196268
rapl_psys_sum_uj=0
pid=0 energy=34477796087162260 alive=1 kernel=1 cpu_ns=6891184321000000 mem=442015744 instructions=4374896432452 wakeups=20148598 diski=8773632 disko=529334272 rx=72369583 tx=30639486 comm=*system*
psu_energy_ac_mcp_machine=47592298950
-------
timestamp=3408407932753577
iterations=6014
sample_ns=100000000
window_ns=1000000000
rapl_core_sum_uj=15612668680
rapl_psys_sum_uj=0
pid=0 energy=34477803712603300 alive=1 kernel=1 cpu_ns=6891184539000000 mem=441954304 instructions=4376203520660 wakeups=20148820 diski=8773632 disko=529367040 rx=72369583 tx=30639486 comm=*system*
psu_energy_ac_mcp_machine=47604334473
-------
timestamp=3408408062337593
iterations=6015
sample_ns=100000000
window_ns=1000000000
rapl_core_sum_uj=15617284402
rapl_psys_sum_uj=0
pid=0 energy=34477811263258075 alive=1 kernel=1 cpu_ns=6891184759000000 mem=441950208 instructions=4377493651615 wakeups=20149028 diski=8773632 disko=529367040 rx=72369583 tx=30639486 comm=*system*
psu_energy_ac_mcp_machine=47616849365
-------
timestamp=3408408191394530
iterations=6016
sample_ns=100000000
window_ns=1000000000
rapl_core_sum_uj=15621876137
rapl_psys_sum_uj=0
pid=0 energy=34477818895393905 alive=1 kernel=1 cpu_ns=6891184978000000 mem=442175488 instructions=4378801078781 wakeups=20149233 diski=8773632 disko=529367040 rx=72369583 tx=30639486 comm=*system*
psu_energy_ac_mcp_machine=47628852417
-------
timestamp=3408408320660723
iterations=6018
sample_ns=100000000
window_ns=1000000000
rapl_core_sum_uj=15630664100
rapl_psys_sum_uj=0
pid=0 energy=34477834002574230 alive=1 kernel=1 cpu_ns=6891185407000000 mem=441954304 instructions=4381393514846 wakeups=20149476 diski=8773632 disko=529465344 rx=72369583 tx=30639486 comm=*system*
psu_energy_ac_mcp_machine=47645049683
-------
timestamp=3408408453718597
iterations=6019
sample_ns=100000000
window_ns=1000000000
rapl_core_sum_uj=15635160437
rapl_psys_sum_uj=0
pid=0 energy=34477841629201770 alive=1 kernel=1 cpu_ns=6891185626000000 mem=441966592 instructions=4382699840354 wakeups=20149693 diski=8773632 disko=529465344 rx=72369583 tx=30639486 comm=*system*
psu_energy_ac_mcp_machine=47657138916
-------
timestamp=3408408582807369
iterations=6020
sample_ns=100000000
window_ns=1000000000
rapl_core_sum_uj=15639608862
rapl_psys_sum_uj=0
pid=0 energy=34477849235893550 alive=1 kernel=1 cpu_ns=6891185847000000 mem=441974784 instructions=4384000178710 wakeups=20149904 diski=8773632 disko=529465344 rx=72369583 tx=30639486 comm=*system*
psu_energy_ac_mcp_machine=47669191650
-------
timestamp=3408408711759287
iterations=6021
sample_ns=100000000
window_ns=1000000000
rapl_core_sum_uj=15644076086
rapl_psys_sum_uj=0
pid=0 energy=34477856858797250 alive=1 kernel=1 cpu_ns=6891186067000000 mem=441933824 instructions=4385304759450 wakeups=20150121 diski=8773632 disko=529465344 rx=72369583 tx=30639486 comm=*system*
psu_energy_ac_mcp_machine=47685405396
-------
timestamp=3408408845409564
iterations=6023
sample_ns=100000000
window_ns=1000000000
rapl_core_sum_uj=15652871922
rapl_psys_sum_uj=0
pid=0 energy=34477871932454380 alive=1 kernel=1 cpu_ns=6891186495000000 mem=441962496 instructions=4387891490876 wakeups=20150352 diski=8773632 disko=529465344 rx=72369583 tx=30639486 comm=*system*
psu_energy_ac_mcp_machine=47697455078
-------
timestamp=3408408978213432
iterations=6024
sample_ns=100000000
window_ns=1000000000
rapl_core_sum_uj=15657656712
rapl_psys_sum_uj=0
pid=0 energy=34477879505316145 alive=1 kernel=1 cpu_ns=6891186714000000 mem=441966592 instructions=4389187063229 wakeups=20150569 diski=8773632 disko=529465344 rx=72369583 tx=30639486 comm=*system*
psu_energy_ac_mcp_machine=47710001587
-------
timestamp=3408409107903387
iterations=6025
sample_ns=100000000
window_ns=1000000000
rapl_core_sum_uj=15662146641
rapl_psys_sum_uj=0
pid=0 energy=34477887117048085 alive=1 kernel=1 cpu_ns=6891186933000000 mem=441962496 instructions=4390490409617 wakeups=20150781 diski=8773632 disko=529465344 rx=72369583 tx=30639486 comm=*system*
psu_energy_ac_mcp_machine=47722025146
-------
timestamp=3408409237402240
iterations=6026
sample_ns=100000000
window_ns=1000000000
rapl_core_sum_uj=15666601352
rapl_psys_sum_uj=0
pid=0 energy=34477894726599635 alive=1 kernel=1 cpu_ns=6891187150000000 mem=442187776 instructions=4391795319927 wakeups=20150994 diski=8773632 disko=529465344 rx=72369583 tx=30639486 comm=*system*
psu_energy_ac_mcp_machine=47738223511
-------
timestamp=3408409370107856
iterations=6028
sample_ns=100000000
window_ns=1000000000
rapl_core_sum_uj=15675649508
rapl_psys_sum_uj=0
pid=0 energy=34477909799287690 alive=1 kernel=1 cpu_ns=6891187579000000 mem=441966592 instructions=4394380857538 wakeups=20151209 diski=8773632 disko=529465344 rx=72369585 tx=30639486 comm=*system*
psu_energy_ac_mcp_machine=47750701050
-------
timestamp=3408409501429943
iterations=6029
sample_ns=100000000
window_ns=1000000000
rapl_core_sum_uj=15680156404
rapl_psys_sum_uj=0
pid=0 energy=34477917392626185 alive=1 kernel=1 cpu_ns=6891187796000000 mem=441982976 instructions=4395682525237 wakeups=20151413 diski=8773632 disko=529465344 rx=72369585 tx=30639486 comm=*system*
psu_energy_ac_mcp_machine=47762780396
-------
timestamp=3408409629836163
iterations=6030
sample_ns=100000000
window_ns=1000000000
rapl_core_sum_uj=15684642610
rapl_psys_sum_uj=0
pid=0 energy=34477925050117835 alive=1 kernel=1 cpu_ns=6891188017000000 mem=441978880 instructions=4396993023567 wakeups=20151626 diski=8773632 disko=529465344 rx=72369585 tx=30639486 comm=*system*
psu_energy_ac_mcp_machine=47774880371
-------
timestamp=3408409759008795
iterations=6031
sample_ns=100000000
window_ns=1000000000
rapl_core_sum_uj=15689156037
rapl_psys_sum_uj=0
pid=0 energy=34477932618602445 alive=1 kernel=1 cpu_ns=6891188236000000 mem=441917440 instructions=4398287720489 wakeups=20151848 diski=8773632 disko=529465344 rx=72369585 tx=30639486 comm=*system*
psu_energy_ac_mcp_machine=47791440430
-------
timestamp=3408409892516664
iterations=6033
sample_ns=100000000
window_ns=1000000000
rapl_core_sum_uj=15698202423
rapl_psys_sum_uj=0
pid=0 energy=34477947781708395 alive=1 kernel=1 cpu_ns=6891188664000000 mem=441987072 instructions=4400892341679 wakeups=20152066 diski=8773632 disko=529465344 rx=72369585 tx=30639486 comm=*system*
psu_energy_ac_mcp_machine=47803523804
-------
timestamp=3408410022243745
iterations=6034
sample_ns=100000000
window_ns=1000000000
rapl_core_sum_uj=15702715972
rapl_psys_sum_uj=0
pid=0 energy=34477955415822255 alive=1 kernel=1 cpu_ns=6891188884000000 mem=442007552 instructions=4402199164451 wakeups=20152282 diski=8773632 disko=529465344 rx=72369585 tx=30639486 comm=*system*
psu_energy_ac_mcp_machine=47815658325
-------
timestamp=3408410151346182
iterations=6035
sample_ns=100000000
window_ns=1000000000
rapl_core_sum_uj=15707339018
rapl_psys_sum_uj=0
pid=0 energy=34477963014045980 alive=1 kernel=1 cpu_ns=6891189102000000 mem=442056704 instructions=4403500809196 wakeups=20152486 diski=8773632 disko=529465344 rx=72369585 tx=30639486 comm=*system*
psu_energy_ac_mcp_machine=47828185059
-------
timestamp=3408410280459773
iterations=6036
sample_ns=100000000
window_ns=1000000000
rapl_core_sum_uj=15712067533
rapl_psys_sum_uj=0
pid=0 energy=34477970699460875 alive=1 kernel=1 cpu_ns=6891189320000000 mem=442068992 instructions=4404819892175 wakeups=20152694 diski=8773632 disko=529465344 rx=72369585 tx=30639486 comm=*system*
psu_energy_ac_mcp_machine=47844333008
-------
timestamp=3408410413900222
iterations=6038
sample_ns=100000000
window_ns=1000000000
rapl_core_sum_uj=15720814785
rapl_psys_sum_uj=0
pid=0 energy=34477985752651820 alive=1 kernel=1 cpu_ns=6891189748000000 mem=441999360 instructions=4407402530364 wakeups=20152914 diski=8773632 disko=529465344 rx=72369585 tx=30639486 comm=*system*
psu_energy_ac_mcp_machine=47856398315
-------
timestamp=3408410543159979
iterations=6039
sample_ns=100000000
window_ns=1000000000
rapl_core_sum_uj=15725318874
rapl_psys_sum_uj=0
pid=0 energy=34477993360653815 alive=1 kernel=1 cpu_ns=6891189968000000 mem=442204160 instructions=4408704130763 wakeups=20153125 diski=8773632 disko=529465344 rx=72369585 tx=30639486 comm=*system*
psu_energy_ac_mcp_machine=47868537720
-------
timestamp=3408410672132611
iterations=6040
sample_ns=100000000
window_ns=1000000000
rapl_core_sum_uj=15729814296
rapl_psys_sum_uj=0
pid=0 energy=34478000969186440 alive=1 kernel=1 cpu_ns=6891190188000000 mem=442044416 instructions=4410005837288 wakeups=20153344 diski=8773632 disko=529465344 rx=72369585 tx=30639486 comm=*system*
psu_energy_ac_mcp_machine=47880619385
-------
timestamp=3408410801075777
iterations=6041
sample_ns=100000000
window_ns=1000000000
rapl_core_sum_uj=15734303187
rapl_psys_sum_uj=0
pid=0 energy=34478008622283665 alive=1 kernel=1 cpu_ns=6891190408000000 mem=441958400 instructions=4411316456733 wakeups=20153555 diski=8773632 disko=529465344 rx=72369585 tx=30639486 comm=*system*
psu_energy_ac_mcp_machine=47896795044
-------
timestamp=3408410933636607
iterations=6043
sample_ns=100000000
window_ns=1000000000
rapl_core_sum_uj=15743074243
rapl_psys_sum_uj=0
pid=0 energy=34478023720606935 alive=1 kernel=1 cpu_ns=6891190836000000 mem=442003456 instructions=4413908121387 wakeups=20153796 diski=8773632 disko=529465344 rx=72369585 tx=30639486 comm=*system*
psu_energy_ac_mcp_machine=47908877075
-------
timestamp=3408411062989240
iterations=6044
sample_ns=100000000
window_ns=1000000000
rapl_core_sum_uj=15747778710
rapl_psys_sum_uj=0
pid=0 energy=34478031339199965 alive=1 kernel=1 cpu_ns=6891191057000000 mem=442109952 instructions=4415210839993 wakeups=20154009 diski=8773632 disko=529465344 rx=72369585 tx=30639486 comm=*system*
psu_energy_ac_mcp_machine=47921408569
-------
timestamp=3408411192183296
iterations=6045
sample_ns=100000000
window_ns=1000000000
rapl_core_sum_uj=15752305748
rapl_psys_sum_uj=0
pid=0 energy=34478038971067240 alive=1 kernel=1 cpu_ns=6891191278000000 mem=441888768 instructions=4416516213448 wakeups=20154221 diski=8773632 disko=529465344 rx=72369585 tx=30639486 comm=*system*
psu_energy_ac_mcp_machine=47937484619
-------
timestamp=3408411324994626
iterations=6046
sample_ns=100000000
window_ns=1000000000
rapl_core_sum_uj=15756767112
rapl_psys_sum_uj=0
pid=0 energy=34478046595683470 alive=1 kernel=1 cpu_ns=6891191496000000 mem=442114048 instructions=4417823136694 wakeups=20154428 diski=8773632 disko=529465344 rx=72369585 tx=30639486 comm=*system*
psu_energy_ac_mcp_machine=47949510742
-------
timestamp=3408411457745138
iterations=6048
sample_ns=100000000
window_ns=1000000000
rapl_core_sum_uj=15765844199
rapl_psys_sum_uj=0
pid=0 energy=34478061683435625 alive=1 kernel=1 cpu_ns=6891191924000000 mem=442044416 instructions=4420412687125 wakeups=20154662 diski=8773632 disko=529465344 rx=72369587 tx=30639486 comm=*system*
psu_energy_ac_mcp_machine=47962064087
-------
timestamp=3408411587444371
iterations=6049
sample_ns=100000000
window_ns=1000000000
rapl_core_sum_uj=15770306479
rapl_psys_sum_uj=0
pid=0 energy=34478069315472765 alive=1 kernel=1 cpu_ns=6891192144000000 mem=442073088 instructions=4421719094553 wakeups=20154868 diski=8773632 disko=529465344 rx=72369587 tx=30639486 comm=*system*
psu_energy_ac_mcp_machine=47974058716
-------
timestamp=3408411716863777
iterations=6050
sample_ns=100000000
window_ns=1000000000
rapl_core_sum_uj=15774798300
rapl_psys_sum_uj=0
pid=0 energy=34478076959612150 alive=1 kernel=1 cpu_ns=6891192365000000 mem=442101760 instructions=4423026922430 wakeups=20155090 diski=8773632 disko=529465344 rx=72369587 tx=30639486 comm=*system*
psu_energy_ac_mcp_machine=47990187622
-------
timestamp=3408411849770545
iterations=6052
sample_ns=100000000
window_ns=1000000000
rapl_core_sum_uj=15783679586
rapl_psys_sum_uj=0
pid=0 energy=34478092177778015 alive=1 kernel=1 cpu_ns=6891192797000000 mem=442621952 instructions=4425638555603 wakeups=20155324 diski=8773632 disko=529465344 rx=72369587 tx=30639486 comm=*system*
psu_energy_ac_mcp_machine=48002237061
-------
timestamp=3408411981033743
iterations=6053
sample_ns=100000000
window_ns=1000000000
rapl_core_sum_uj=15788117330
rapl_psys_sum_uj=0
pid=0 energy=34478099649734415 alive=1 kernel=1 cpu_ns=6891193011000000 mem=442007552 instructions=4426918946883 wakeups=20155529 diski=8773632 disko=529465344 rx=72369587 tx=30639486 comm=*system*
psu_energy_ac_mcp_machine=48014364258
-------
timestamp=3408412110338706
iterations=6054
sample_ns=100000000
window_ns=1000000000
rapl_core_sum_uj=15792618672
rapl_psys_sum_uj=0
pid=0 energy=34478107262127720 alive=1 kernel=1 cpu_ns=6891193230000000 mem=442019840 instructions=4428222425544 wakeups=20155736 diski=8773632 disko=529465344 rx=72369587 tx=30639486 comm=*system*
psu_energy_ac_mcp_machine=48026439331
-------
timestamp=3408412239431913
iterations=6055
sample_ns=100000000
window_ns=1000000000
rapl_core_sum_uj=15797088398
rapl_psys_sum_uj=0
pid=0 energy=34478114887816745 alive=1 kernel=1 cpu_ns=6891193449000000 mem=442011648 instructions=4429528563349 wakeups=20155944 diski=8773632 disko=529465344 rx=72369587 tx=30639486 comm=*system*
psu_energy_ac_mcp_machine=48042554199
-------
timestamp=3408412371817039
iterations=6057
sample_ns=100000000
window_ns=1000000000
rapl_core_sum_uj=15806147967
rapl_psys_sum_uj=0
pid=0 energy=34478129960171070 alive=1 kernel=1 cpu_ns=6891193879000000 mem=442011648 instructions=4432113034214 wakeups=20156171 diski=8773632 disko=529465344 rx=72369587 tx=30639486 comm=*system*
psu_energy_ac_mcp_machine=48055002319
-------
timestamp=3408412500890557
iterations=6058
sample_ns=100000000
window_ns=1000000000
rapl_core_sum_uj=15810631975
rapl_psys_sum_uj=0
pid=0 energy=34478137580155600 alive=1 kernel=1 cpu_ns=6891194098000000 mem=442011648 instructions=4433418031120 wakeups=20156374 diski=8773632 disko=529465344 rx=72369587 tx=30639486 comm=*system*
psu_energy_ac_mcp_machine=48067024048
-------
timestamp=3408412630213176
iterations=6059
sample_ns=100000000
window_ns=1000000000
rapl_core_sum_uj=15815127763
rapl_psys_sum_uj=0
pid=0 energy=34478145201707705 alive=1 kernel=1 cpu_ns=6891194317000000 mem=442011648 instructions=4434723341541 wakeups=20156583 diski=8773632 disko=529465344 rx=72369587 tx=30639486 comm=*system*
psu_energy_ac_mcp_machine=48079184326
-------
timestamp=3408412759773531
iterations=6060
sample_ns=100000000
window_ns=1000000000
rapl_core_sum_uj=15819736039
rapl_psys_sum_uj=0
pid=0 energy=34478152755437775 alive=1 kernel=1 cpu_ns=6891194537000000 mem=442015744 instructions=4436014087555 wakeups=20156805 diski=8773632 disko=529465344 rx=72369587 tx=30639486 comm=*system*
psu_energy_ac_mcp_machine=48095647461
-------
timestamp=3408412892320419
iterations=6062
sample_ns=100000000
window_ns=1000000000
rapl_core_sum_uj=15828667129
rapl_psys_sum_uj=0
pid=0 energy=34478167904448405 alive=1 kernel=1 cpu_ns=6891194966000000 mem=442036224 instructions=4438614889681 wakeups=20157025 diski=8773632 disko=529465344 rx=72369587 tx=30639486 comm=*system*
psu_energy_ac_mcp_machine=48107658813
-------
timestamp=3408413021655317
iterations=6063
sample_ns=100000000
window_ns=1000000000
rapl_core_sum_uj=15833157668
rapl_psys_sum_uj=0
pid=0 energy=34478175505291780 alive=1 kernel=1 cpu_ns=6891195184000000 mem=442019840 instructions=4439917058356 wakeups=20157246 diski=8773632 disko=529498112 rx=72369587 tx=30639486 comm=*system*
psu_energy_ac_mcp_machine=48119805054
-------
timestamp=3408413150978960
iterations=6064
sample_ns=100000000
window_ns=1000000000
rapl_core_sum_uj=15837841872
rapl_psys_sum_uj=0
pid=0 energy=34478183099871700 alive=1 kernel=1 cpu_ns=6891195403000000 mem=442023936 instructions=4441216974340 wakeups=20157456 diski=8773632 disko=529498112 rx=72369587 tx=30639486 comm=*system*
psu_energy_ac_mcp_machine=48132353271
-------
timestamp=3408413279882047
iterations=6065
sample_ns=100000000
window_ns=1000000000
rapl_core_sum_uj=15842460524
rapl_psys_sum_uj=0
pid=0 energy=34478190751904185 alive=1 kernel=1 cpu_ns=6891195624000000 mem=442023936 instructions=4442526380837 wakeups=20157675 diski=8773632 disko=529498112 rx=72369587 tx=30639486 comm=*system*
psu_energy_ac_mcp_machine=48148451538
-------
timestamp=3408413413207013
iterations=6067
sample_ns=100000000
window_ns=1000000000
rapl_core_sum_uj=15851198377
rapl_psys_sum_uj=0
pid=0 energy=34478205821047515 alive=1 kernel=1 cpu_ns=6891196053000000 mem=442023936 instructions=4445111209503 wakeups=20157898 diski=8773632 disko=529522688 rx=72369589 tx=30639486 comm=*system*
psu_energy_ac_mcp_machine=48160512817
-------
timestamp=3408413542504872
iterations=6068
sample_ns=100000000
window_ns=1000000000
rapl_core_sum_uj=15855675855
rapl_psys_sum_uj=0
pid=0 energy=34478213429106790 alive=1 kernel=1 cpu_ns=6891196271000000 mem=442028032 instructions=4446414821358 wakeups=20158105 diski=8773632 disko=529522688 rx=72369589 tx=30639486 comm=*system*
psu_energy_ac_mcp_machine=48172608521
-------
timestamp=3408413672334000
iterations=6069
sample_ns=100000000
window_ns=1000000000
rapl_core_sum_uj=15860407849
rapl_psys_sum_uj=0
pid=0 energy=34478221009651755 alive=1 kernel=1 cpu_ns=6891196492000000 mem=442028032 instructions=4447709930351 wakeups=20158328 diski=8773632 disko=529522688 rx=72369589 tx=30639486 comm=*system*
psu_energy_ac_mcp_machine=48189193359
-------
timestamp=3408413804453396
iterations=6070
sample_ns=100000000
window_ns=1000000000
rapl_core_sum_uj=15864980358
rapl_psys_sum_uj=0
pid=0 energy=34478228622878890 alive=1 kernel=1 cpu_ns=6891196709000000 mem=441847808 instructions=4449015575778 wakeups=20158542 diski=8773632 disko=529522688 rx=72369589 tx=30639486 comm=*system*
psu_energy_ac_mcp_machine=48201301636
-------
timestamp=3408413937562593
iterations=6072
sample_ns=100000000
window_ns=1000000000
rapl_core_sum_uj=15873796214
rapl_psys_sum_uj=0
pid=0 energy=34478243710044175 alive=1 kernel=1 cpu_ns=6891197138000000 mem=442032128 instructions=4451604008835 wakeups=20158763 diski=8773632 disko=529522688 rx=72369589 tx=30639486 comm=*system*
psu_energy_ac_mcp_machine=48213442871
-------
timestamp=3408414066574320
iterations=6073
sample_ns=100000000
window_ns=1000000000
rapl_core_sum_uj=15878563364
rapl_psys_sum_uj=0
pid=0 energy=34478251308211480 alive=1 kernel=1 cpu_ns=6891197358000000 mem=441925632 instructions=4452903642296 wakeups=20158972 diski=8773632 disko=529522688 rx=72369589 tx=30639486 comm=*system*
psu_energy_ac_mcp_machine=48225979492
-------
timestamp=3408414195389703
iterations=6074
sample_ns=100000000
window_ns=1000000000
rapl_core_sum_uj=15883071664
rapl_psys_sum_uj=0
pid=0 energy=34478258942130095 alive=1 kernel=1 cpu_ns=6891197579000000 mem=442040320 instructions=4454209426019 wakeups=20159181 diski=8773632 disko=529522688 rx=72369589 tx=30639486 comm=*system*
psu_energy_ac_mcp_machine=48242119873
-------
timestamp=3408414328304920
iterations=6075
sample_ns=100000000
window_ns=1000000000
rapl_core_sum_uj=15887576363
rapl_psys_sum_uj=0
pid=0 energy=34478266562644990 alive=1 kernel=1 cpu_ns=6891197800000000 mem=442281984 instructions=4455512528998 wakeups=20159395 diski=8773632 disko=529522688 rx=72369589 tx=30639486 comm=*system*
psu_energy_ac_mcp_machine=48254169678
-------
timestamp=3408414460429207
iterations=6077
sample_ns=100000000
window_ns=1000000000
rapl_core_sum_uj=15896648628
rapl_psys_sum_uj=0
pid=0 energy=34478281659751520 alive=1 kernel=1 cpu_ns=6891198228000000 mem=441970688 instructions=4458103950304 wakeups=20159624 diski=8773632 disko=529522688 rx=72369589 tx=30639486 comm=*system*
psu_energy_ac_mcp_machine=48266739624
-------
timestamp=3408414590194131
iterations=6078
sample_ns=100000000
window_ns=1000000000
rapl_core_sum_uj=15901117255
rapl_psys_sum_uj=0
pid=0 energy=34478289275981170 alive=1 kernel=1 cpu_ns=6891198449000000 mem=441933824 instructions=4459406196234 wakeups=20159832 diski=8773632 disko=529522688 rx=72369589 tx=30639486 comm=*system*
psu_energy_ac_mcp_machine=48278748169
-------
timestamp=3408414719197232
iterations=6079
sample_ns=100000000
window_ns=1000000000
rapl_core_sum_uj=15905600531
rapl_psys_sum_uj=0
pid=0 energy=34478296871623140 alive=1 kernel=1 cpu_ns=6891198668000000 mem=442195968 instructions=4460706324628 wakeups=20160052 diski=8773632 disko=529522688 rx=72369589 tx=30639486 comm=*system*
psu_energy_ac_mcp_machine=48294890259
-------
timestamp=3408414851297235
iterations=6080
sample_ns=100000000
window_ns=1000000000
rapl_core_sum_uj=15910098760
rapl_psys_sum_uj=0
pid=0 energy=34478304513564360 alive=1 kernel=1 cpu_ns=6891198886000000 mem=442105856 instructions=4462016712872 wakeups=20160274 diski=8773632 disko=529522688 rx=72369589 tx=30639486 comm=*system*
psu_energy_ac_mcp_machine=48307014160
-------
timestamp=3408414980590635
iterations=6082
sample_ns=100000000
window_ns=1000000000
rapl_core_sum_uj=15918901372
rapl_psys_sum_uj=0
pid=0 energy=34478319555864135 alive=1 kernel=1 cpu_ns=6891199315000000 mem=442056704 instructions=4464596172827 wakeups=20160492 diski=8773632 disko=529522688 rx=72369589 tx=30639486 comm=*system*
psu_energy_ac_mcp_machine=48319130737
-------
timestamp=3408415110087682
iterations=6083
sample_ns=100000000
window_ns=1000000000
rapl_core_sum_uj=15923394963
rapl_psys_sum_uj=0
pid=0 energy=34478327152216215 alive=1 kernel=1 cpu_ns=6891199535000000 mem=442056704 instructions=4465895443243 wakeups=20160706 diski=8773632 disko=529522688 rx=72369589 tx=30639486 comm=*system*
psu_energy_ac_mcp_machine=48331205200
-------
timestamp=3408415239381671
iterations=6084
sample_ns=100000000
window_ns=1000000000
rapl_core_sum_uj=15927902165
rapl_psys_sum_uj=0
pid=0 energy=34478334747829050 alive=1 kernel=1 cpu_ns=6891199754000000 mem=442048512 instructions=4467195565810 wakeups=20160912 diski=8773632 disko=529522688 rx=72369589 tx=30639486 comm=*system*
psu_energy_ac_mcp_machine=48347421143
-------
timestamp=3408415371171872
iterations=6085
sample_ns=100000000
window_ns=1000000000
rapl_core_sum_uj=15932501896
rapl_psys_sum_uj=0
pid=0 energy=34478342280098890 alive=1 kernel=1 cpu_ns=6891199973000000 mem=442081280 instructions=4468483019778 wakeups=20161122 diski=8773632 disko=529522688 rx=72369589 tx=30639486 comm=*system*
psu_energy_ac_mcp_machine=48359869873
-------
timestamp=3408415500447870
iterations=6087
sample_ns=100000000
window_ns=1000000000
rapl_core_sum_uj=15941480472
rapl_psys_sum_uj=0
pid=0 energy=34478357307937275 alive=1 kernel=1 cpu_ns=6891200401000000 mem=442060800 instructions=4471060587455 wakeups=20161348 diski=8773632 disko=529522688 rx=72369591 tx=30639486 comm=*system*
psu_energy_ac_mcp_machine=48371945557
-------
timestamp=3408415629523078
iterations=6088
sample_ns=100000000
window_ns=1000000000
rapl_core_sum_uj=15945979556
rapl_psys_sum_uj=0
pid=0 energy=34478364897849260 alive=1 kernel=1 cpu_ns=6891200621000000 mem=442060800 instructions=4472358569852 wakeups=20161560 diski=8773632 disko=529522688 rx=72369591 tx=30639486 comm=*system*
psu_energy_ac_mcp_machine=48384118042
-------
timestamp=3408415758724739
iterations=6089
sample_ns=100000000
window_ns=1000000000
rapl_core_sum_uj=15950642519
rapl_psys_sum_uj=0
pid=0 energy=34478372446816565 alive=1 kernel=1 cpu_ns=6891200842000000 mem=442068992 instructions=4473647363313 wakeups=20161780 diski=8773632 disko=529522688 rx=72369591 tx=30639486 comm=*system*
psu_energy_ac_mcp_machine=48400716675
-------
timestamp=3408415890939948
iterations=6090
sample_ns=100000000
window_ns=1000000000
rapl_core_sum_uj=15955263917
rapl_psys_sum_uj=0
pid=0 energy=34478380052115335 alive=1 kernel=1 cpu_ns=6891201061000000 mem=442023936 instructions=4474949423067 wakeups=20161996 diski=8773632 disko=529522688 rx=72369591 tx=30639486 comm=*system*
psu_energy_ac_mcp_machine=48412736816
-------
timestamp=3408416020412939
iterations=6092
sample_ns=100000000
window_ns=1000000000
rapl_core_sum_uj=15964034973
rapl_psys_sum_uj=0
pid=0 energy=34478395085932575 alive=1 kernel=1 cpu_ns=6891201491000000 mem=442003456 instructions=4477526186515 wakeups=20162224 diski=8773632 disko=529522688 rx=72369591 tx=30639486 comm=*system*
psu_energy_ac_mcp_machine=48424852417
-------
timestamp=3408416149730502
iterations=6093
sample_ns=100000000
window_ns=1000000000
rapl_core_sum_uj=15968517455
rapl_psys_sum_uj=0
pid=0 energy=34478402681714655 alive=1 kernel=1 cpu_ns=6891201709000000 mem=442200064 instructions=4478827342931 wakeups=20162435 diski=8773632 disko=529522688 rx=72369591 tx=30639486 comm=*system*
psu_energy_ac_mcp_machine=48436974731
-------
timestamp=3408416278749556
iterations=6094
sample_ns=100000000
window_ns=1000000000
rapl_core_sum_uj=15972998289
rapl_psys_sum_uj=0
pid=0 energy=34478410288448090 alive=1 kernel=1 cpu_ns=6891201930000000 mem=442171392 instructions=4480127689618 wakeups=20162648 diski=8773632 disko=529522688 rx=72369591 tx=30639486 comm=*system*
psu_energy_ac_mcp_machine=48453085449
-------
timestamp=3408416411081303
iterations=6095
sample_ns=100000000
window_ns=1000000000
rapl_core_sum_uj=15977505430
rapl_psys_sum_uj=0
pid=0 energy=34478417889626540 alive=1 kernel=1 cpu_ns=6891202150000000 mem=442089472 instructions=4481427925308 wakeups=20162858 diski=8773632 disko=529522688 rx=72369591 tx=30639486 comm=*system*
psu_energy_ac_mcp_machine=48465149048
-------
timestamp=3408416540492833
iterations=6097
sample_ns=100000000
window_ns=1000000000
rapl_core_sum_uj=15986261411
rapl_psys_sum_uj=0
pid=0 energy=34478432922653590 alive=1 kernel=1 cpu_ns=6891202577000000 mem=441995264 instructions=4484007530718 wakeups=20163082 diski=8773632 disko=529522688 rx=72369591 tx=30639486 comm=*system*
psu_energy_ac_mcp_machine=48477178223
-------
timestamp=3408416669414778
iterations=6098
sample_ns=100000000
window_ns=1000000000
rapl_core_sum_uj=15991041562
rapl_psys_sum_uj=0
pid=0 energy=34478440495554545 alive=1 kernel=1 cpu_ns=6891202797000000 mem=442097664 instructions=4485302110909 wakeups=20163301 diski=8773632 disko=529522688 rx=72369592 tx=30639487 comm=*system*
psu_energy_ac_mcp_machine=48489741211
-------
timestamp=3408416798311538
iterations=6099
sample_ns=100000000
window_ns=1000000000
rapl_core_sum_uj=15995552182
rapl_psys_sum_uj=0
pid=0 energy=34478448099987855 alive=1 kernel=1 cpu_ns=6891203018000000 mem=442150912 instructions=4486601997571 wakeups=20163521 diski=8773632 disko=529522688 rx=72369592 tx=30639487 comm=*system*
psu_energy_ac_mcp_machine=48505789063
-------
timestamp=3408416930809424
iterations=6100
sample_ns=100000000
window_ns=1000000000
rapl_core_sum_uj=16000056881
rapl_psys_sum_uj=0
pid=0 energy=34478455704300575 alive=1 kernel=1 cpu_ns=6891203237000000 mem=442208256 instructions=4487903860115 wakeups=20163729 diski=8773632 disko=529522688 rx=72369592 tx=30639487 comm=*system*
psu_energy_ac_mcp_machine=48517819946
-------
timestamp=3408417060330151
iterations=6102
sample_ns=100000000
window_ns=1000000000
rapl_core_sum_uj=16009153255
rapl_psys_sum_uj=0
pid=0 energy=34478470732415865 alive=1 kernel=1 cpu_ns=6891203666000000 mem=442064896 instructions=4490480483173 wakeups=20163976 diski=8773632 disko=529522688 rx=72369592 tx=30639487 comm=*system*
psu_energy_ac_mcp_machine=48530365967
-------
timestamp=3408417189774762
iterations=6103
sample_ns=100000000
window_ns=1000000000
rapl_core_sum_uj=16013644832
rapl_psys_sum_uj=0
pid=0 energy=34478478260821815 alive=1 kernel=1 cpu_ns=6891203884000000 mem=442073088 instructions=4491768164363 wakeups=20164196 diski=8773632 disko=529522688 rx=72369592 tx=30639487 comm=*system*
psu_energy_ac_mcp_machine=48542378784
-------
timestamp=3408417319351411
iterations=6104
sample_ns=100000000
window_ns=1000000000
rapl_core_sum_uj=16018132441
rapl_psys_sum_uj=0
pid=0 energy=34478485827280395 alive=1 kernel=1 cpu_ns=6891204105000000 mem=442073088 instructions=4493060456079 wakeups=20164409 diski=8773632 disko=529522688 rx=72369592 tx=30639487 comm=*system*
psu_energy_ac_mcp_machine=48558459717
-------
timestamp=3408417453602269
iterations=6105
sample_ns=100000000
window_ns=1000000000
rapl_core_sum_uj=16022741510
rapl_psys_sum_uj=0
pid=0 energy=34478493827912590 alive=1 kernel=1 cpu_ns=6891204337000000 mem=442597376 instructions=4494428582518 wakeups=20164661 diski=8773632 disko=529522688 rx=72369598 tx=30639492 comm=*system*
psu_energy_ac_mcp_machine=48572421265
-------
timestamp=3408417582918676
iterations=6107
sample_ns=100000000
window_ns=1000000000
rapl_core_sum_uj=16034384819
rapl_psys_sum_uj=0
pid=0 energy=34478516647575775 alive=1 kernel=1 cpu_ns=6891204975000000 mem=442908672 instructions=4498354515155 wakeups=20164882 diski=8773632 disko=529522688 rx=72369598 tx=30639492 comm=*system*
psu_energy_ac_mcp_machine=48586816650
-------
timestamp=3408417712131909
iterations=6108
sample_ns=100000000
window_ns=1000000000
rapl_core_sum_uj=16040317863
rapl_psys_sum_uj=0
pid=0 energy=34478528066892455 alive=1 kernel=1 cpu_ns=6891205297000000 mem=442945536 instructions=4500316378491 wakeups=20165097 diski=8773632 disko=529522688 rx=72369598 tx=30639492 comm=*system*
psu_energy_ac_mcp_machine=48606247803
-------
timestamp=3408417845497591
iterations=6109
sample_ns=100000000
window_ns=1000000000
rapl_core_sum_uj=16046239066
rapl_psys_sum_uj=0
pid=0 energy=34478539463702085 alive=1 kernel=1 cpu_ns=6891205618000000 mem=442912768 instructions=4502274740417 wakeups=20165307 diski=8773632 disko=529522688 rx=72369598 tx=30639492 comm=*system*
psu_energy_ac_mcp_machine=48620487427
-------
timestamp=3408417978115152
iterations=6110
sample_ns=100000000
window_ns=1000000000
rapl_core_sum_uj=16052159598
rapl_psys_sum_uj=0
pid=0 energy=34478550922032575 alive=1 kernel=1 cpu_ns=6891205942000000 mem=442564608 instructions=4504242406515 wakeups=20165518 diski=8773632 disko=529522688 rx=72369598 tx=30639492 comm=*system*
psu_energy_ac_mcp_machine=48634863037
-------
timestamp=3408418108668347
iterations=6112
sample_ns=100000000
window_ns=1000000000
rapl_core_sum_uj=16063896658
rapl_psys_sum_uj=0
pid=0 energy=34478573815768390 alive=1 kernel=1 cpu_ns=6891206579000000 mem=442863616 instructions=4508184153678 wakeups=20165759 diski=8773632 disko=529551360 rx=72369598 tx=30639492 comm=*system*
psu_energy_ac_mcp_machine=48649391357
-------
timestamp=3408418238148256
iterations=6113
sample_ns=100000000
window_ns=1000000000
rapl_core_sum_uj=16069843191
rapl_psys_sum_uj=0
pid=0 energy=34478585283074910 alive=1 kernel=1 cpu_ns=6891206905000000 mem=442896384 instructions=4510151614982 wakeups=20165976 diski=8773632 disko=529551360 rx=72369598 tx=30639492 comm=*system*
psu_energy_ac_mcp_machine=48668826416
-------
timestamp=3408418371265508
iterations=6114
sample_ns=100000000
window_ns=1000000000
rapl_core_sum_uj=16075778676
rapl_psys_sum_uj=0
pid=0 energy=34478596743261680 alive=1 kernel=1 cpu_ns=6891207230000000 mem=442925056 instructions=4512118652336 wakeups=20166176 diski=8773632 disko=529551360 rx=72369598 tx=30639492 comm=*system*
psu_energy_ac_mcp_machine=48683089478
-------
timestamp=3408418500438696
iterations=6115
sample_ns=100000000
window_ns=1000000000
rapl_core_sum_uj=16081697438
rapl_psys_sum_uj=0
pid=0 energy=34478608205710795 alive=1 kernel=1 cpu_ns=6891207552000000 mem=442925056 instructions=4514089142159 wakeups=20166387 diski=8773632 disko=529551360 rx=72369598 tx=30639492 comm=*system*
psu_energy_ac_mcp_machine=48697553589
-------
timestamp=3408418629988389
iterations=6117
sample_ns=100000000
window_ns=1000000000
rapl_core_sum_uj=16093393848
rapl_psys_sum_uj=0
pid=0 energy=34478631014588400 alive=1 kernel=1 cpu_ns=6891208188000000 mem=442925056 instructions=4518014917680 wakeups=20166620 diski=8773632 disko=529551360 rx=72369598 tx=30639492 comm=*system*
psu_energy_ac_mcp_machine=48717038086
-------
timestamp=3408418763329066
iterations=6118
sample_ns=100000000
window_ns=1000000000
rapl_core_sum_uj=16099307056
rapl_psys_sum_uj=0
pid=0 energy=34478642407565950 alive=1 kernel=1 cpu_ns=6891208510000000 mem=442912768 instructions=4519971513190 wakeups=20166836 diski=8773632 disko=529551360 rx=72369598 tx=30639492 comm=*system*
psu_energy_ac_mcp_machine=48731376465
-------
timestamp=3408418895974176
iterations=6119
sample_ns=100000000
window_ns=1000000000
rapl_core_sum_uj=16105230823
rapl_psys_sum_uj=0
pid=0 energy=34478653857320120 alive=1 kernel=1 cpu_ns=6891208833000000 mem=442769408 instructions=4521938464024 wakeups=20167047 diski=8773632 disko=529551360 rx=72369598 tx=30639492 comm=*system*
psu_energy_ac_mcp_machine=48745748535
-------
timestamp=3408419025194386
iterations=6121
sample_ns=100000000
window_ns=1000000000
rapl_core_sum_uj=16116964221
rapl_psys_sum_uj=0
pid=0 energy=34478676725682695 alive=1 kernel=1 cpu_ns=6891209472000000 mem=443396096 instructions=4525873136539 wakeups=20167285 diski=8773632 disko=529551360 rx=72369598 tx=30639492 comm=*system*
psu_energy_ac_mcp_machine=48760229492
-------
timestamp=3408419154224809
iterations=6122
sample_ns=100000000
window_ns=1000000000
rapl_core_sum_uj=16122843310
rapl_psys_sum_uj=0
pid=0 energy=34478688116723350 alive=1 kernel=1 cpu_ns=6891209791000000 mem=442945536 instructions=4527832344670 wakeups=20167494 diski=8773632 disko=529551360 rx=72369598 tx=30639492 comm=*system*
psu_energy_ac_mcp_machine=48779658691
-------
timestamp=3408419286700826
iterations=6123
sample_ns=100000000
window_ns=1000000000
rapl_core_sum_uj=16128766771
rapl_psys_sum_uj=0
pid=0 energy=34478699541459195 alive=1 kernel=1 cpu_ns=6891210112000000 mem=442953728 instructions=4529796291839 wakeups=20167712 diski=8773632 disko=529551360 rx=72369598 tx=30639492 comm=*system*
psu_energy_ac_mcp_machine=48793964844
-------
timestamp=3408419419101067
iterations=6124
sample_ns=100000000
window_ns=1000000000
rapl_core_sum_uj=16134683946
rapl_psys_sum_uj=0
pid=0 energy=34478710985805370 alive=1 kernel=1 cpu_ns=6891210437000000 mem=442892288 instructions=4531760161074 wakeups=20167918 diski=8773632 disko=529551360 rx=72369600 tx=30639492 comm=*system*
psu_energy_ac_mcp_machine=48808375977
-------
timestamp=3408419548158763
iterations=6126
sample_ns=100000000
window_ns=1000000000
rapl_core_sum_uj=16146350327
rapl_psys_sum_uj=0
pid=0 energy=34478733754314650 alive=1 kernel=1 cpu_ns=6891211073000000 mem=442957824 instructions=4535677862930 wakeups=20168133 diski=8773632 disko=529551360 rx=72369600 tx=30639492 comm=*system*
psu_energy_ac_mcp_machine=48822839966
-------
timestamp=3408419677584251
iterations=6127
sample_ns=100000000
window_ns=1000000000
rapl_core_sum_uj=16152263535
rapl_psys_sum_uj=0
pid=0 energy=34478745185457150 alive=1 kernel=1 cpu_ns=6891211396000000 mem=442953728 instructions=4537641091430 wakeups=20168347 diski=8773632 disko=529551360 rx=72369600 tx=30639492 comm=*system*
psu_energy_ac_mcp_machine=48842266113
-------
timestamp=3408419810293356
iterations=6128
sample_ns=100000000
window_ns=1000000000
rapl_core_sum_uj=16158204514
rapl_psys_sum_uj=0
pid=0 energy=34478756633627905 alive=1 kernel=1 cpu_ns=6891211719000000 mem=442970112 instructions=4539607725581 wakeups=20168559 diski=8773632 disko=529551360 rx=72369600 tx=30639492 comm=*system*
psu_energy_ac_mcp_machine=48856578491
-------
timestamp=3408419939534076
iterations=6129
sample_ns=100000000
window_ns=1000000000
rapl_core_sum_uj=16164148544
rapl_psys_sum_uj=0
pid=0 energy=34478768076880025 alive=1 kernel=1 cpu_ns=6891212040000000 mem=442974208 instructions=4541575376005 wakeups=20168774 diski=8773632 disko=529551360 rx=72369600 tx=30639492 comm=*system*
psu_energy_ac_mcp_machine=48871067993
-------
timestamp=3408420069085017
iterations=6131
sample_ns=100000000
window_ns=1000000000
rapl_core_sum_uj=16175826033
rapl_psys_sum_uj=0
pid=0 energy=34478790891516280 alive=1 kernel=1 cpu_ns=6891212679000000 mem=442970112 instructions=4545499303256 wakeups=20168996 diski=8773632 disko=529551360 rx=72369600 tx=30639492 comm=*system*
psu_energy_ac_mcp_machine=48885509033
-------
timestamp=3408420199091453
iterations=6132
sample_ns=100000000
window_ns=1000000000
rapl_core_sum_uj=16181764875
rapl_psys_sum_uj=0
pid=0 energy=34478802339167575 alive=1 kernel=1 cpu_ns=6891213004000000 mem=442650624 instructions=4547463833515 wakeups=20169205 diski=8773632 disko=529551360 rx=72369600 tx=30639492 comm=*system*
psu_energy_ac_mcp_machine=48904945801
-------
timestamp=3408420331443555
iterations=6133
sample_ns=100000000
window_ns=1000000000
rapl_core_sum_uj=16187685041
rapl_psys_sum_uj=0
pid=0 energy=34478813762135215 alive=1 kernel=1 cpu_ns=6891213327000000 mem=442875904 instructions=4549425427043 wakeups=20169419 diski=8773632 disko=529551360 rx=72369600 tx=30639492 comm=*system*
psu_energy_ac_mcp_machine=48919287109
-------
timestamp=3408420461308851
iterations=6134
sample_ns=100000000
window_ns=1000000000
rapl_core_sum_uj=16193626752
rapl_psys_sum_uj=0
pid=0 energy=34478825202241255 alive=1 kernel=1 cpu_ns=6891213648000000 mem=442875904 instructions=4551392448251 wakeups=20169630 diski=8773632 disko=529551360 rx=72369600 tx=30639492 comm=*system*
psu_energy_ac_mcp_machine=48933784668
-------
timestamp=3408420590520768
iterations=6136
sample_ns=100000000
window_ns=1000000000
rapl_core_sum_uj=16205332623
rapl_psys_sum_uj=0
pid=0 energy=34478848017455415 alive=1 kernel=1 cpu_ns=6891214284000000 mem=442728448 instructions=4555319491083 wakeups=20169940 diski=8773632 disko=531628032 rx=72369600 tx=30639492 comm=*system*
psu_energy_ac_mcp_machine=48953385376
-------
timestamp=3408420722696179
iterations=6137
sample_ns=100000000
window_ns=1000000000
rapl_core_sum_uj=16211268047
rapl_psys_sum_uj=0
pid=0 energy=34478859472119130 alive=1 kernel=1 cpu_ns=6891214607000000 mem=442978304 instructions=4557287423826 wakeups=20170158 diski=8773632 disko=531628032 rx=72369600 tx=30639492 comm=*system*
psu_energy_ac_mcp_machine=48967729370
-------
timestamp=3408420855446038
iterations=6138
sample_ns=100000000
window_ns=1000000000
rapl_core_sum_uj=16217192912
rapl_psys_sum_uj=0
pid=0 energy=34478870923922350 alive=1 kernel=1 cpu_ns=6891214934000000 mem=443219968 instructions=4559250784470 wakeups=20170378 diski=8773632 disko=531628032 rx=72369600 tx=30639492 comm=*system*
psu_energy_ac_mcp_machine=48982108154
-------
timestamp=3408420985806850
iterations=6139
sample_ns=100000000
window_ns=1000000000
rapl_core_sum_uj=16223098734
rapl_psys_sum_uj=0
pid=0 energy=34478882345016385 alive=1 kernel=1 cpu_ns=6891215256000000 mem=442953728 instructions=4561213003277 wakeups=20170585 diski=8773632 disko=531628032 rx=72369600 tx=30639492 comm=*system*
psu_energy_ac_mcp_machine=48996546265
-------
timestamp=3408421115305616
iterations=6141
sample_ns=100000000
window_ns=1000000000
rapl_core_sum_uj=16234759866
rapl_psys_sum_uj=0
pid=0 energy=34478905070548635 alive=1 kernel=1 cpu_ns=6891215895000000 mem=442974208 instructions=4565119109727 wakeups=20170809 diski=8773632 disko=531628032 rx=72369600 tx=30639492 comm=*system*
psu_energy_ac_mcp_machine=49016011963
-------
timestamp=3408421247703187
iterations=6142
sample_ns=100000000
window_ns=1000000000
rapl_core_sum_uj=16240671059
rapl_psys_sum_uj=0
pid=0 energy=34478916489477150 alive=1 kernel=1 cpu_ns=6891216217000000 mem=442978304 instructions=4567080895430 wakeups=20171026 diski=8773632 disko=531628032 rx=72369600 tx=30639492 comm=*system*
psu_energy_ac_mcp_machine=49030312378
-------
timestamp=3408421378552212
iterations=6143
sample_ns=100000000
window_ns=1000000000
rapl_core_sum_uj=16246577003
rapl_psys_sum_uj=0
pid=0 energy=34478927898890355 alive=1 kernel=1 cpu_ns=6891216543000000 mem=442994688 instructions=4569036778071 wakeups=20171240 diski=8773632 disko=531628032 rx=72369602 tx=30639492 comm=*system*
psu_energy_ac_mcp_machine=49044762573
-------
timestamp=3408421507727950
iterations=6144
sample_ns=100000000
window_ns=1000000000
rapl_core_sum_uj=16252482398
rapl_psys_sum_uj=0
pid=0 energy=34478939322898055 alive=1 kernel=1 cpu_ns=6891216869000000 mem=442945536 instructions=4570995579611 wakeups=20171451 diski=8773632 disko=531628032 rx=72369602 tx=30639492 comm=*system*
psu_energy_ac_mcp_machine=49059230225
-------
timestamp=3408421636881879
iterations=6146
sample_ns=100000000
window_ns=1000000000
rapl_core_sum_uj=16264116552
rapl_psys_sum_uj=0
pid=0 energy=34478962051703395 alive=1 kernel=1 cpu_ns=6891217506000000 mem=442986496 instructions=4574904340679 wakeups=20171677 diski=8773632 disko=531628032 rx=72369602 tx=30639492 comm=*system*
psu_energy_ac_mcp_machine=49078679199
-------
timestamp=3408421769932335
iterations=6147
sample_ns=100000000
window_ns=1000000000
rapl_core_sum_uj=16270050511
rapl_psys_sum_uj=0
pid=0 energy=34478973419828790 alive=1 kernel=1 cpu_ns=6891217829000000 mem=442994688 instructions=4576854965758 wakeups=20171893 diski=8773632 disko=531628032 rx=72369602 tx=30639492 comm=*system*
psu_energy_ac_mcp_machine=49092924561
-------
timestamp=3408421899715239
iterations=6148
sample_ns=100000000
window_ns=1000000000
rapl_core_sum_uj=16275978611
rapl_psys_sum_uj=0
pid=0 energy=34478984814314235 alive=1 kernel=1 cpu_ns=6891218150000000 mem=443002880 instructions=4578812862847 wakeups=20172101 diski=8773632 disko=531628032 rx=72369602 tx=30639492 comm=*system*
psu_energy_ac_mcp_machine=49107394653
-------
timestamp=3408422029308416
iterations=6149
sample_ns=100000000
window_ns=1000000000
rapl_core_sum_uj=16281874851
rapl_psys_sum_uj=0
pid=0 energy=34478996242231775 alive=1 kernel=1 cpu_ns=6891218475000000 mem=442695680 instructions=4580773446355 wakeups=20172312 diski=8773632 disko=531628032 rx=72369602 tx=30639492 comm=*system*
psu_energy_ac_mcp_machine=49126890015
-------
timestamp=3408422162408262
iterations=6151
sample_ns=100000000
window_ns=1000000000
rapl_core_sum_uj=16293874850
rapl_psys_sum_uj=0
pid=0 energy=34479018984901930 alive=1 kernel=1 cpu_ns=6891219111000000 mem=442945536 instructions=4584685980386 wakeups=20172537 diski=8773632 disko=531628032 rx=72369602 tx=30639492 comm=*system*
psu_energy_ac_mcp_machine=49141684937
-------
timestamp=3408422294143464
iterations=6152
sample_ns=100000000
window_ns=1000000000
rapl_core_sum_uj=16299791964
rapl_psys_sum_uj=0
pid=0 energy=34479030346177640 alive=1 kernel=1 cpu_ns=6891219433000000 mem=443133952 instructions=4586636235528 wakeups=20172743 diski=8773632 disko=531628032 rx=72369602 tx=30639492 comm=*system*
psu_energy_ac_mcp_machine=49156067383
-------
timestamp=3408422423281268
iterations=6153
sample_ns=100000000
window_ns=1000000000
rapl_core_sum_uj=16305704439
rapl_psys_sum_uj=0
pid=0 energy=34479041721924265 alive=1 kernel=1 cpu_ns=6891219753000000 mem=443117568 instructions=4588591384853 wakeups=20172961 diski=8773632 disko=531628032 rx=72369602 tx=30639492 comm=*system*
psu_energy_ac_mcp_machine=49170563232
-------
timestamp=3408422552477865
iterations=6154
sample_ns=100000000
window_ns=1000000000
rapl_core_sum_uj=16311631685
rapl_psys_sum_uj=0
pid=0 energy=34479053101445425 alive=1 kernel=1 cpu_ns=6891220075000000 mem=442994688 instructions=4590545289085 wakeups=20173169 diski=8773632 disko=531628032 rx=72369602 tx=30639492 comm=*system*
psu_energy_ac_mcp_machine=49190030762
-------
timestamp=3408422685755566
iterations=6156
sample_ns=100000000
window_ns=1000000000
rapl_core_sum_uj=16323318573
rapl_psys_sum_uj=0
pid=0 energy=34479075763801730 alive=1 kernel=1 cpu_ns=6891220710000000 mem=443047936 instructions=4594442760346 wakeups=20173400 diski=8773632 disko=531628032 rx=72369602 tx=30639492 comm=*system*
psu_energy_ac_mcp_machine=49204353394
-------
timestamp=3408422818291051
iterations=6157
sample_ns=100000000
window_ns=1000000000
rapl_core_sum_uj=16329240203
rapl_psys_sum_uj=0
pid=0 energy=34479087119306535 alive=1 kernel=1 cpu_ns=6891221032000000 mem=443154432 instructions=4596391861307 wakeups=20173608 diski=8773632 disko=531628032 rx=72369602 tx=30639492 comm=*system*
psu_energy_ac_mcp_machine=49218803223
-------
timestamp=3408422947688600
iterations=6158
sample_ns=100000000
window_ns=1000000000
rapl_core_sum_uj=16335177641
rapl_psys_sum_uj=0
pid=0 energy=34479098477005175 alive=1 kernel=1 cpu_ns=6891221353000000 mem=443129856 instructions=4598342401035 wakeups=20173817 diski=8773632 disko=531628032 rx=72369602 tx=30639492 comm=*system*
psu_energy_ac_mcp_machine=49233294067
-------
timestamp=3408423076943404
iterations=6159
sample_ns=100000000
window_ns=1000000000
rapl_core_sum_uj=16341089078
rapl_psys_sum_uj=0
pid=0 energy=34479109891886405 alive=1 kernel=1 cpu_ns=6891221680000000 mem=443006976 instructions=4600298377281 wakeups=20174021 diski=8773632 disko=531628032 rx=72369602 tx=30639492 comm=*system*
psu_energy_ac_mcp_machine=49252743164
-------
timestamp=3408423210667658
iterations=6161
sample_ns=100000000
window_ns=1000000000
rapl_core_sum_uj=16352742459
rapl_psys_sum_uj=0
pid=0 energy=34479132491054005 alive=1 kernel=1 cpu_ns=6891222315000000 mem=442871808 instructions=4604183210801 wakeups=20174255 diski=8773632 disko=531660800 rx=72369602 tx=30639492 comm=*system*
psu_energy_ac_mcp_machine=49267089355
-------
timestamp=3408423340529774
iterations=6162
sample_ns=100000000
window_ns=1000000000
rapl_core_sum_uj=16358649563
rapl_psys_sum_uj=0
pid=0 energy=34479143865350270 alive=1 kernel=1 cpu_ns=6891222640000000 mem=442888192 instructions=4606133070054 wakeups=20174475 diski=8773632 disko=531660800 rx=72369602 tx=30639492 comm=*system*
psu_energy_ac_mcp_machine=49281563843
-------
timestamp=3408423470143859
iterations=6163
sample_ns=100000000
window_ns=1000000000
rapl_core_sum_uj=16364553798
rapl_psys_sum_uj=0
pid=0 energy=34479155254135300 alive=1 kernel=1 cpu_ns=6891222965000000 mem=442982400 instructions=4608085827060 wakeups=20174688 diski=8773632 disko=531660800 rx=72369604 tx=30639492 comm=*system*
psu_energy_ac_mcp_machine=49301052856
-------
timestamp=3408423602342711
iterations=6165
sample_ns=100000000
window_ns=1000000000
rapl_core_sum_uj=16376289515
rapl_psys_sum_uj=0
pid=0 energy=34479177962860585 alive=1 kernel=1 cpu_ns=6891223604000000 mem=442900480 instructions=4611988572117 wakeups=20174922 diski=8773632 disko=531660800 rx=72369604 tx=30639492 comm=*system*
psu_energy_ac_mcp_machine=49315463013
-------
timestamp=3408423734658826
iterations=6166
sample_ns=100000000
window_ns=1000000000
rapl_core_sum_uj=16382208216
rapl_psys_sum_uj=0
pid=0 energy=34479189303813540 alive=1 kernel=1 cpu_ns=6891223923000000 mem=443097088 instructions=4613937762708 wakeups=20175127 diski=8773632 disko=531660800 rx=72369604 tx=30639492 comm=*system*
psu_energy_ac_mcp_machine=49329875488
-------
timestamp=3408423864541038
iterations=6167
sample_ns=100000000
window_ns=1000000000
rapl_core_sum_uj=16388128259
rapl_psys_sum_uj=0
pid=0 energy=34479200682657375 alive=1 kernel=1 cpu_ns=6891224246000000 mem=443002880 instructions=4615890531475 wakeups=20175341 diski=8773632 disko=531660800 rx=72369604 tx=30639492 comm=*system*
psu_energy_ac_mcp_machine=49344365479
-------
timestamp=3408423993835950
iterations=6168
sample_ns=100000000
window_ns=1000000000
rapl_core_sum_uj=16394057458
rapl_psys_sum_uj=0
pid=0 energy=34479212040739035 alive=1 kernel=1 cpu_ns=6891224571000000 mem=442957824 instructions=4617837147807 wakeups=20175550 diski=8773632 disko=531660800 rx=72369604 tx=30639492 comm=*system*
psu_energy_ac_mcp_machine=49363806885
-------
timestamp=3408424126736595
iterations=6170
sample_ns=100000000
window_ns=1000000000
rapl_core_sum_uj=16405712487
rapl_psys_sum_uj=0
pid=0 energy=34479234682980215 alive=1 kernel=1 cpu_ns=6891225207000000 mem=443015168 instructions=4621729596043 wakeups=20175770 diski=8773632 disko=531660800 rx=72369604 tx=30639492 comm=*system*
psu_energy_ac_mcp_machine=49378134155
-------
timestamp=3408424257613518
iterations=6171
sample_ns=100000000
window_ns=1000000000
rapl_core_sum_uj=16411657250
rapl_psys_sum_uj=0
pid=0 energy=34479246080796415 alive=1 kernel=1 cpu_ns=6891225530000000 mem=442847232 instructions=4623686159283 wakeups=20175983 diski=8773632 disko=531660800 rx=72369604 tx=30639492 comm=*system*
psu_energy_ac_mcp_machine=49392648804
-------
timestamp=3408424387396020
iterations=6172
sample_ns=100000000
window_ns=1000000000
rapl_core_sum_uj=16417571007
rapl_psys_sum_uj=0
pid=0 energy=34479257465709625 alive=1 kernel=1 cpu_ns=6891225855000000 mem=442900480 instructions=4625638141925 wakeups=20176191 diski=8773632 disko=531660800 rx=72369605 tx=30639492 comm=*system*
psu_energy_ac_mcp_machine=49407133789
-------
timestamp=3408424516759138
iterations=6173
sample_ns=100000000
window_ns=1000000000
rapl_core_sum_uj=16423493126
rapl_psys_sum_uj=0
pid=0 energy=34479268827760510 alive=1 kernel=1 cpu_ns=6891226176000000 mem=442912768 instructions=4627589552102 wakeups=20176403 diski=8773632 disko=531660800 rx=72369605 tx=30639492 comm=*system*
psu_energy_ac_mcp_machine=49426584473
-------
timestamp=3408424648802537
iterations=6175
sample_ns=100000000
window_ns=1000000000
rapl_core_sum_uj=16435198326
rapl_psys_sum_uj=0
pid=0 energy=34479291485289425 alive=1 kernel=1 cpu_ns=6891226814000000 mem=442945536 instructions=4631483057885 wakeups=20176635 diski=8773632 disko=531660800 rx=72369605 tx=30639492 comm=*system*
psu_energy_ac_mcp_machine=49440921509
-------
timestamp=3408424778137873
iterations=6176
sample_ns=100000000
window_ns=1000000000
rapl_core_sum_uj=16441119712
rapl_psys_sum_uj=0
pid=0 energy=34479302868414590 alive=1 kernel=1 cpu_ns=6891227137000000 mem=442998784 instructions=4633436682918 wakeups=20176850 diski=8773632 disko=531660800 rx=72369605 tx=30639492 comm=*system*
psu_energy_ac_mcp_machine=49455425537
-------
timestamp=3408424907599876
iterations=6177
sample_ns=100000000
window_ns=1000000000
rapl_core_sum_uj=16447034445
rapl_psys_sum_uj=0
pid=0 energy=34479314224732040 alive=1 kernel=1 cpu_ns=6891227458000000 mem=442826752 instructions=4635386946408 wakeups=20177059 diski=8773632 disko=531660800 rx=72369605 tx=30639492 comm=*system*
psu_energy_ac_mcp_machine=49469916504
-------
timestamp=3408425036901305
iterations=6178
sample_ns=100000000
window_ns=1000000000
rapl_core_sum_uj=16452960897
rapl_psys_sum_uj=0
pid=0 energy=34479325600399815 alive=1 kernel=1 cpu_ns=6891227782000000 mem=442847232 instructions=4637338079963 wakeups=20177267 diski=8773632 disko=531660800 rx=72369605 tx=30639492 comm=*system*
psu_energy_ac_mcp_machine=49489298706
-------
timestamp=3408425170353702
iterations=6180
sample_ns=100000000
window_ns=1000000000
rapl_core_sum_uj=16464616536
rapl_psys_sum_uj=0
pid=0 energy=34479348205808845 alive=1 kernel=1 cpu_ns=6891228416000000 mem=443027456 instructions=4641225161769 wakeups=20177483 diski=8773632 disko=531660800 rx=72369605 tx=30639492 comm=*system*
psu_energy_ac_mcp_machine=49503593262
-------
timestamp=3408425299544736
iterations=6181
sample_ns=100000000
window_ns=1000000000
rapl_core_sum_uj=16470522541
rapl_psys_sum_uj=0
pid=0 energy=34479359552666675 alive=1 kernel=1 cpu_ns=6891228738000000 mem=443043840 instructions=4643172533335 wakeups=20177696 diski=8773632 disko=531660800 rx=72369605 tx=30639492 comm=*system*
psu_energy_ac_mcp_machine=49518089355
-------
timestamp=3408425428542442
iterations=6182
sample_ns=100000000
window_ns=1000000000
rapl_core_sum_uj=16476439594
rapl_psys_sum_uj=0
pid=0 energy=34479370909397510 alive=1 kernel=1 cpu_ns=6891229061000000 mem=443031552 instructions=4645120879502 wakeups=20177910 diski=8773632 disko=531660800 rx=72369607 tx=30639492 comm=*system*
psu_energy_ac_mcp_machine=49537574097
-------
timestamp=3408425561502661
iterations=6183
sample_ns=100000000
window_ns=1000000000
rapl_core_sum_uj=16482436420
rapl_psys_sum_uj=0
pid=0 energy=34479382222671790 alive=1 kernel=1 cpu_ns=6891229385000000 mem=442839040 instructions=4647059534358 wakeups=20178119 diski=8773632 disko=531660800 rx=72369607 tx=30639492 comm=*system*
psu_energy_ac_mcp_machine=49552295898
-------
timestamp=3408425694404147
iterations=6185
sample_ns=100000000
window_ns=1000000000
rapl_core_sum_uj=16494365435
rapl_psys_sum_uj=0
pid=0 energy=34479404949395545 alive=1 kernel=1 cpu_ns=6891230024000000 mem=443039744 instructions=4650965879109 wakeups=20178348 diski=8773632 disko=531660800 rx=72369607 tx=30639492 comm=*system*
psu_energy_ac_mcp_machine=49566660278
-------
timestamp=3408425823652920
iterations=6186
sample_ns=100000000
window_ns=1000000000
rapl_core_sum_uj=16500295122
rapl_psys_sum_uj=0
pid=0 energy=34479416296663900 alive=1 kernel=1 cpu_ns=6891230345000000 mem=443039744 instructions=4652914332780 wakeups=20178559 diski=8773632 disko=531660800 rx=72369607 tx=30639492 comm=*system*
psu_energy_ac_mcp_machine=49581147339
-------
timestamp=3408425953536002
iterations=6187
sample_ns=100000000
window_ns=1000000000
rapl_core_sum_uj=16506238237
rapl_psys_sum_uj=0
pid=0 energy=34479427681095670 alive=1 kernel=1 cpu_ns=6891230669000000 mem=443052032 instructions=4654867219134 wakeups=20178775 diski=8773632 disko=531660800 rx=72369607 tx=30639492 comm=*system*
psu_energy_ac_mcp_machine=49600543823
-------
timestamp=3408426086518104
iterations=6188
sample_ns=100000000
window_ns=1000000000
rapl_core_sum_uj=16512134599
rapl_psys_sum_uj=0
pid=0 energy=34479439059476620 alive=1 kernel=1 cpu_ns=6891230996000000 mem=443052032 instructions=4656815895324 wakeups=20178982 diski=8773632 disko=531660800 rx=72369607 tx=30639492 comm=*system*
psu_energy_ac_mcp_machine=49614812378
-------
timestamp=3408426217301714
iterations=6190
sample_ns=100000000
window_ns=1000000000
rapl_core_sum_uj=16523853287
rapl_psys_sum_uj=0
pid=0 energy=34479461713102915 alive=1 kernel=1 cpu_ns=6891231634000000 mem=443154432 instructions=4660708620583 wakeups=20179207 diski=8773632 disko=531660800 rx=72369607 tx=30639492 comm=*system*
psu_energy_ac_mcp_machine=49629239258
-------
timestamp=3408426346973910
iterations=6191
sample_ns=100000000
window_ns=1000000000
rapl_core_sum_uj=16529800369
rapl_psys_sum_uj=0
pid=0 energy=34479473074199790 alive=1 kernel=1 cpu_ns=6891231956000000 mem=442966016 instructions=4662658839958 wakeups=20179422 diski=8773632 disko=531660800 rx=72369607 tx=30639492 comm=*system*
psu_energy_ac_mcp_machine=49643719116
-------
timestamp=3408426476524287
iterations=6192
sample_ns=100000000
window_ns=1000000000
rapl_core_sum_uj=16535747878
rapl_psys_sum_uj=0
pid=0 energy=34479484418026295 alive=1 kernel=1 cpu_ns=6891232277000000 mem=442798080 instructions=4664606605259 wakeups=20179635 diski=8773632 disko=531660800 rx=72369608 tx=30639492 comm=*system*
psu_energy_ac_mcp_machine=49663097412
-------
timestamp=3408426609811519
iterations=6193
sample_ns=100000000
window_ns=1000000000
rapl_core_sum_uj=16541675063
rapl_psys_sum_uj=0
pid=0 energy=34479495799038815 alive=1 kernel=1 cpu_ns=6891232600000000 mem=443023360 instructions=4666559807763 wakeups=20179848 diski=8773632 disko=531660800 rx=72369608 tx=30639492 comm=*system*
psu_energy_ac_mcp_machine=49677377441
-------
timestamp=3408426738942920
iterations=6195
sample_ns=100000000
window_ns=1000000000
rapl_core_sum_uj=16553386915
rapl_psys_sum_uj=0
pid=0 energy=34479518438430330 alive=1 kernel=1 cpu_ns=6891233239000000 mem=443224064 instructions=4670448686066 wakeups=20180089 diski=8773632 disko=531660800 rx=72369609 tx=30639493 comm=*system*
psu_energy_ac_mcp_machine=49691822998
-------
timestamp=3408426868170034
iterations=6196
sample_ns=100000000
window_ns=1000000000
rapl_core_sum_uj=16559330701
rapl_psys_sum_uj=0
pid=0 energy=34479529806319950 alive=1 kernel=1 cpu_ns=6891233563000000 mem=442945536 instructions=4672398263990 wakeups=20180291 diski=8773632 disko=531660800 rx=72369609 tx=30639493 comm=*system*
psu_energy_ac_mcp_machine=49711258911
-------
timestamp=3408427001242097
iterations=6197
sample_ns=100000000
window_ns=1000000000
rapl_core_sum_uj=16565260632
rapl_psys_sum_uj=0
pid=0 energy=34479541188293085 alive=1 kernel=1 cpu_ns=6891233888000000 mem=443060224 instructions=4674349658617 wakeups=20180497 diski=8773632 disko=531660800 rx=72369609 tx=30639493 comm=*system*
psu_energy_ac_mcp_machine=49725545044
-------
timestamp=3408427134160908
iterations=6199
sample_ns=100000000
window_ns=1000000000
rapl_core_sum_uj=16577039073
rapl_psys_sum_uj=0
pid=0 energy=34479563977902910 alive=1 kernel=1 cpu_ns=6891234531000000 mem=444186624 instructions=4678264580582 wakeups=20180733 diski=8773632 disko=531660800 rx=72369609 tx=30639493 comm=*system*
psu_energy_ac_mcp_machine=49739917114
-------
timestamp=3408427264082367
iterations=6200
sample_ns=100000000
window_ns=1000000000
rapl_core_sum_uj=16582920603
rapl_psys_sum_uj=0
pid=0 energy=34479575222867360 alive=1 kernel=1 cpu_ns=6891234846000000 mem=443060224 instructions=4680198573472 wakeups=20180929 diski=8773632 disko=531660800 rx=72369609 tx=30639493 comm=*system*
psu_energy_ac_mcp_machine=49754383179
-------
timestamp=3408427393193982
iterations=6201
sample_ns=100000000
window_ns=1000000000
rapl_core_sum_uj=16588858957
rapl_psys_sum_uj=0
pid=0 energy=34479586593240290 alive=1 kernel=1 cpu_ns=6891235169000000 mem=443068416 instructions=4682149648058 wakeups=20181144 diski=8773632 disko=531660800 rx=72369611 tx=30639493 comm=*system*
psu_energy_ac_mcp_machine=49773820313
-------
timestamp=3408427526171776
iterations=6202
sample_ns=100000000
window_ns=1000000000
rapl_core_sum_uj=16594803903
rapl_psys_sum_uj=0
pid=0 energy=34479597973557155 alive=1 kernel=1 cpu_ns=6891235493000000 mem=443076608 instructions=4684101711431 wakeups=20181354 diski=8773632 disko=531660800 rx=72369611 tx=30639493 comm=*system*
psu_energy_ac_mcp_machine=49788084106
-------
timestamp=3408427657394991
iterations=6204
sample_ns=100000000
window_ns=1000000000
rapl_core_sum_uj=16606884652
rapl_psys_sum_uj=0
pid=0 energy=34479620690903070 alive=1 kernel=1 cpu_ns=6891236135000000 mem=443293696 instructions=4688003180614 wakeups=20181585 diski=8773632 disko=531660800 rx=72369611 tx=30639493 comm=*system*
psu_energy_ac_mcp_machine=49802951782
-------
timestamp=3408427786685929
iterations=6205
sample_ns=100000000
window_ns=1000000000
rapl_core_sum_uj=16612810555
rapl_psys_sum_uj=0
pid=0 energy=34479631986006420 alive=1 kernel=1 cpu_ns=6891236453000000 mem=443064320 instructions=4689944201284 wakeups=20181807 diski=8773632 disko=531660800 rx=72369611 tx=30639493 comm=*system*
psu_energy_ac_mcp_machine=49817478027
-------
timestamp=3408427916364519
iterations=6206
sample_ns=100000000
window_ns=1000000000
rapl_core_sum_uj=16618786629
rapl_psys_sum_uj=0
pid=0 energy=34479643503356340 alive=1 kernel=1 cpu_ns=6891236780000000 mem=443113472 instructions=4691920671268 wakeups=20182033 diski=8777728 disko=531660800 rx=72369611 tx=30639493 comm=*system*
psu_energy_ac_mcp_machine=49836947388
-------
timestamp=3408428049896839
iterations=6207
sample_ns=100000000
window_ns=1000000000
rapl_core_sum_uj=16624713142
rapl_psys_sum_uj=0
pid=0 energy=34479654867291765 alive=1 kernel=1 cpu_ns=6891237101000000 mem=443215872 instructions=4693872458353 wakeups=20182244 diski=8777728 disko=531660800 rx=72369611 tx=30639493 comm=*system*
psu_energy_ac_mcp_machine=49851261230
-------
timestamp=3408428179512424
iterations=6209
sample_ns=100000000
window_ns=1000000000
rapl_core_sum_uj=16636417242
rapl_psys_sum_uj=0
pid=0 energy=34479677547022350 alive=1 kernel=1 cpu_ns=6891237739000000 mem=443170816 instructions=4697770404470 wakeups=20182477 diski=8777728 disko=531660800 rx=72369611 tx=30639493 comm=*system*
psu_energy_ac_mcp_machine=49865769897
-------
timestamp=3408428308710452
iterations=6210
sample_ns=100000000
window_ns=1000000000
rapl_core_sum_uj=16642333074
rapl_psys_sum_uj=0
pid=0 energy=34479688879712155 alive=1 kernel=1 cpu_ns=6891238059000000 mem=442875904 instructions=4699716942431 wakeups=20182700 diski=8777728 disko=531693568 rx=72369611 tx=30639493 comm=*system*
psu_energy_ac_mcp_machine=49885294800
-------
timestamp=3408428440958280
iterations=6211
sample_ns=100000000
window_ns=1000000000
rapl_core_sum_uj=16648249822
rapl_psys_sum_uj=0
pid=0 energy=34479700270673405 alive=1 kernel=1 cpu_ns=6891238385000000 mem=442937344 instructions=4701669134681 wakeups=20182909 diski=8777728 disko=531693568 rx=72369611 tx=30639493 comm=*system*
psu_energy_ac_mcp_machine=49899676270
-------
timestamp=3408428573632257
iterations=6212
sample_ns=100000000
window_ns=1000000000
rapl_core_sum_uj=16654205510
rapl_psys_sum_uj=0
pid=0 energy=34479711631856390 alive=1 kernel=1 cpu_ns=6891238709000000 mem=443183104 instructions=4703617371278 wakeups=20183121 diski=8777728 disko=531693568 rx=72369611 tx=30639493 comm=*system*
psu_energy_ac_mcp_machine=49914085449
-------
timestamp=3408428703073247
iterations=6214
sample_ns=100000000
window_ns=1000000000
rapl_core_sum_uj=16665910648
rapl_psys_sum_uj=0
pid=0 energy=34479734286256660 alive=1 kernel=1 cpu_ns=6891239346000000 mem=443039744 instructions=4707511251332 wakeups=20183350 diski=8777728 disko=531693568 rx=72369611 tx=30639493 comm=*system*
psu_energy_ac_mcp_machine=49928554443
-------
timestamp=3408428832163369
iterations=6215
sample_ns=100000000
window_ns=1000000000
rapl_core_sum_uj=16671836917
rapl_psys_sum_uj=0
pid=0 energy=34479745629126960 alive=1 kernel=1 cpu_ns=6891239668000000 mem=443301888 instructions=4709457825392 wakeups=20183565 diski=8777728 disko=531693568 rx=72369611 tx=30639493 comm=*system*
psu_energy_ac_mcp_machine=49948037720
-------
timestamp=3408428964317038
iterations=6216
sample_ns=100000000
window_ns=1000000000
rapl_core_sum_uj=16677788760
rapl_psys_sum_uj=0
pid=0 energy=34479757006484035 alive=1 kernel=1 cpu_ns=6891239990000000 mem=443125760 instructions=4711411296807 wakeups=20183779 diski=8777728 disko=531693568 rx=72369611 tx=30639493 comm=*system*
psu_energy_ac_mcp_machine=49962401855
-------
timestamp=3408429096813330
iterations=6217
sample_ns=100000000
window_ns=1000000000
rapl_core_sum_uj=16683712649
rapl_psys_sum_uj=0
pid=0 energy=34479768361472280 alive=1 kernel=1 cpu_ns=6891240312000000 mem=442974208 instructions=4713360294456 wakeups=20183992 diski=8777728 disko=531693568 rx=72369611 tx=30639493 comm=*system*
psu_energy_ac_mcp_machine=49976860840
-------
timestamp=3408429226274819
iterations=6219
sample_ns=100000000
window_ns=1000000000
rapl_core_sum_uj=16695424929
rapl_psys_sum_uj=0
pid=0 energy=34479791004568465 alive=1 kernel=1 cpu_ns=6891240948000000 mem=443129856 instructions=4717252913693 wakeups=20184214 diski=8777728 disko=531693568 rx=72369611 tx=30639493 comm=*system*
psu_energy_ac_mcp_machine=49991363037
-------
timestamp=3408429355428706
iterations=6220
sample_ns=100000000
window_ns=1000000000
rapl_core_sum_uj=16701616213
rapl_psys_sum_uj=0
pid=0 energy=34479802293263065 alive=1 kernel=1 cpu_ns=6891241270000000 mem=443117568 instructions=4719188652613 wakeups=20184423 diski=8777728 disko=531693568 rx=72369613 tx=30639493 comm=*system*
psu_energy_ac_mcp_machine=50011211304
-------
timestamp=3408429488282157
iterations=6221
sample_ns=100000000
window_ns=1000000000
rapl_core_sum_uj=16707552431
rapl_psys_sum_uj=0
pid=0 energy=34479813670726855 alive=1 kernel=1 cpu_ns=6891241592000000 mem=443117568 instructions=4721142145371 wakeups=20184639 diski=8777728 disko=531693568 rx=72369613 tx=30639493 comm=*system*
psu_energy_ac_mcp_machine=50025540283
-------
timestamp=3408429617204881
iterations=6222
sample_ns=100000000
window_ns=1000000000
rapl_core_sum_uj=16713486451
rapl_psys_sum_uj=0
pid=0 energy=34479825028443660 alive=1 kernel=1 cpu_ns=6891241913000000 mem=443117568 instructions=4723092688732 wakeups=20184850 diski=8777728 disko=531693568 rx=72369613 tx=30639493 comm=*system*
psu_energy_ac_mcp_machine=50040007202
-------
timestamp=3408429746455184
iterations=6224
sample_ns=100000000
window_ns=1000000000
rapl_core_sum_uj=16725173462
rapl_psys_sum_uj=0
pid=0 energy=34479847670153140 alive=1 kernel=1 cpu_ns=6891242551000000 mem=443121664 instructions=4726983030628 wakeups=20185082 diski=8777728 disko=531693568 rx=72369613 tx=30639493 comm=*system*
psu_energy_ac_mcp_machine=50054487305
-------
timestamp=3408429875510925
iterations=6225
sample_ns=100000000
window_ns=1000000000
rapl_core_sum_uj=16731088928
rapl_psys_sum_uj=0
pid=0 energy=34479859063820800 alive=1 kernel=1 cpu_ns=6891242876000000 mem=443138048 instructions=4728936764160 wakeups=20185284 diski=8777728 disko=531693568 rx=72369613 tx=30639493 comm=*system*
psu_energy_ac_mcp_machine=50073964355
-------
timestamp=3408430007909379
iterations=6226
sample_ns=100000000
window_ns=1000000000
rapl_core_sum_uj=16737012511
rapl_psys_sum_uj=0
pid=0 energy=34479870440854380 alive=1 kernel=1 cpu_ns=6891243201000000 mem=443072512 instructions=4730887170876 wakeups=20185498 diski=8777728 disko=531693568 rx=72369613 tx=30639493 comm=*system*
psu_energy_ac_mcp_machine=50088318481
-------
timestamp=3408430137421500
iterations=6227
sample_ns=100000000
window_ns=1000000000
rapl_core_sum_uj=16742954832
rapl_psys_sum_uj=0
pid=0 energy=34479881810967865 alive=1 kernel=1 cpu_ns=6891243521000000 mem=442937344 instructions=4732841193573 wakeups=20185705 diski=8777728 disko=531693568 rx=72369613 tx=30639493 comm=*system*
psu_energy_ac_mcp_machine=50102801514
-------
timestamp=3408430266649769
iterations=6229
sample_ns=100000000
window_ns=1000000000
rapl_core_sum_uj=16754665097
rapl_psys_sum_uj=0
pid=0 energy=34479904433098725 alive=1 kernel=1 cpu_ns=6891244154000000 mem=443330560 instructions=4736732619745 wakeups=20185927 diski=8777728 disko=531693568 rx=72369613 tx=30639493 comm=*system*
psu_energy_ac_mcp_machine=50117292725
-------
timestamp=3408430396468915
iterations=6230
sample_ns=100000000
window_ns=1000000000
rapl_core_sum_uj=16760570919
rapl_psys_sum_uj=0
pid=0 energy=34479915781153740 alive=1 kernel=1 cpu_ns=6891244477000000 mem=443232256 instructions=4738679230748 wakeups=20186131 diski=8777728 disko=531693568 rx=72369613 tx=30639493 comm=*system*
psu_energy_ac_mcp_machine=50136711792
-------
timestamp=3408430529082093
iterations=6231
sample_ns=100000000
window_ns=1000000000
rapl_core_sum_uj=16766531185
rapl_psys_sum_uj=0
pid=0 energy=34479927183204155 alive=1 kernel=1 cpu_ns=6891244802000000 mem=443338752 instructions=4740634640831 wakeups=20186346 diski=8777728 disko=531693568 rx=72369613 tx=30639493 comm=*system*
psu_energy_ac_mcp_machine=50151127808
-------
timestamp=3408430658561873
iterations=6232
sample_ns=100000000
window_ns=1000000000
rapl_core_sum_uj=16772486873
rapl_psys_sum_uj=0
pid=0 energy=34479938557444415 alive=1 kernel=1 cpu_ns=6891245127000000 mem=443338752 instructions=4742584488883 wakeups=20186550 diski=8777728 disko=531693568 rx=72369613 tx=30639493 comm=*system*
psu_energy_ac_mcp_machine=50165632446
-------
timestamp=3408430788250398
iterations=6234
sample_ns=100000000
window_ns=1000000000
rapl_core_sum_uj=16784216181
rapl_psys_sum_uj=0
pid=0 energy=34479961190921460 alive=1 kernel=1 cpu_ns=6891245765000000 mem=443072512 instructions=4746473184292 wakeups=20186792 diski=8777728 disko=531693568 rx=72369613 tx=30639493 comm=*system*
psu_energy_ac_mcp_machine=50185163574
-------
timestamp=3408430920354805
iterations=6235
sample_ns=100000000
window_ns=1000000000
rapl_core_sum_uj=16790158319
rapl_psys_sum_uj=0
pid=0 energy=34479972551529770 alive=1 kernel=1 cpu_ns=6891246089000000 mem=443146240 instructions=4748421305954 wakeups=20187008 diski=8777728 disko=531693568 rx=72369613 tx=30639493 comm=*system*
psu_energy_ac_mcp_machine=50199489502
-------
timestamp=3408431053305933
iterations=6236
sample_ns=100000000
window_ns=1000000000
rapl_core_sum_uj=16796090203
rapl_psys_sum_uj=0
pid=0 energy=34479983925766520 alive=1 kernel=1 cpu_ns=6891246414000000 mem=443346944 instructions=4750371153304 wakeups=20187220 diski=8777728 disko=531693568 rx=72369613 tx=30639493 comm=*system*
psu_energy_ac_mcp_machine=50213881226
-------
timestamp=3408431182822966
iterations=6237
sample_ns=100000000
window_ns=1000000000
rapl_core_sum_uj=16802027519
rapl_psys_sum_uj=0
pid=0 energy=34479995301141325 alive=1 kernel=1 cpu_ns=6891246737000000 mem=443121664 instructions=4752323228265 wakeups=20187421 diski=8777728 disko=531693568 rx=72369613 tx=30639493 comm=*system*
psu_energy_ac_mcp_machine=50228341309
-------
timestamp=3408431312311908
iterations=6239
sample_ns=100000000
window_ns=1000000000
rapl_core_sum_uj=16813688162
rapl_psys_sum_uj=0
pid=0 energy=34480017932131920 alive=1 kernel=1 cpu_ns=6891247373000000 mem=443006976 instructions=4756213426384 wakeups=20187649 diski=8777728 disko=531693568 rx=72369613 tx=30639493 comm=*system*
psu_energy_ac_mcp_machine=50247776001
-------
timestamp=3408431445317187
iterations=6240
sample_ns=100000000
window_ns=1000000000
rapl_core_sum_uj=16819579031
rapl_psys_sum_uj=0
pid=0 energy=34480029320702130 alive=1 kernel=1 cpu_ns=6891247696000000 mem=443125760 instructions=4758168140426 wakeups=20187863 diski=8777728 disko=531693568 rx=72369615 tx=30639493 comm=*system*
psu_energy_ac_mcp_machine=50262103149
-------
timestamp=3408431576342311
iterations=6241
sample_ns=100000000
window_ns=1000000000
rapl_core_sum_uj=16825512136
rapl_psys_sum_uj=0
pid=0 energy=34480040671078490 alive=1 kernel=1 cpu_ns=6891248019000000 mem=443191296 instructions=4760115215698 wakeups=20188071 diski=8777728 disko=531693568 rx=72369615 tx=30639493 comm=*system*
psu_energy_ac_mcp_machine=50276580933
-------
timestamp=3408431705511180
iterations=6242
sample_ns=100000000
window_ns=1000000000
rapl_core_sum_uj=16831409902
rapl_psys_sum_uj=0
pid=0 energy=34480052049533620 alive=1 kernel=1 cpu_ns=6891248342000000 mem=442966016 instructions=4762067906724 wakeups=20188279 diski=8777728 disko=531693568 rx=72369615 tx=30639493 comm=*system*
psu_energy_ac_mcp_machine=50291030029
-------
timestamp=3408431834846668
iterations=6244
sample_ns=100000000
window_ns=1000000000
rapl_core_sum_uj=16843042775
rapl_psys_sum_uj=0
pid=0 energy=34480074667548390 alive=1 kernel=1 cpu_ns=6891248982000000 mem=443023360 instructions=4765951509678 wakeups=20188507 diski=8777728 disko=531693568 rx=72369615 tx=30639493 comm=*system*
psu_energy_ac_mcp_machine=50310429810
-------
timestamp=3408431967355541
iterations=6245
sample_ns=100000000
window_ns=1000000000
rapl_core_sum_uj=16848926075
rapl_psys_sum_uj=0
pid=0 energy=34480086000029665 alive=1 kernel=1 cpu_ns=6891249304000000 mem=443158528 instructions=4767896005933 wakeups=20188723 diski=8777728 disko=531693568 rx=72369615 tx=30639493 comm=*system*
psu_energy_ac_mcp_machine=50324713745
-------
timestamp=3408432096454261
iterations=6246
sample_ns=100000000
window_ns=1000000000
rapl_core_sum_uj=16854844959
rapl_psys_sum_uj=0
pid=0 energy=34480097371272120 alive=1 kernel=1 cpu_ns=6891249627000000 mem=443150336 instructions=4769847254424 wakeups=20188934 diski=8777728 disko=531693568 rx=72369615 tx=30639493 comm=*system*
psu_energy_ac_mcp_machine=50339206665
-------
timestamp=3408432225729324
iterations=6247
sample_ns=100000000
window_ns=1000000000
rapl_core_sum_uj=16860757373
rapl_psys_sum_uj=0
pid=0 energy=34480108763356540 alive=1 kernel=1 cpu_ns=6891249949000000 mem=443027456 instructions=4771803671308 wakeups=20189148 diski=8777728 disko=531693568 rx=72369615 tx=30639493 comm=*system*
psu_energy_ac_mcp_machine=50353702759
-------
timestamp=3408432355092862
iterations=6249
sample_ns=100000000
window_ns=1000000000
rapl_core_sum_uj=16872411791
rapl_psys_sum_uj=0
pid=0 energy=34480131437601825 alive=1 kernel=1 cpu_ns=6891250590000000 mem=443154432 instructions=4775697520365 wakeups=20189374 diski=8777728 disko=531693568 rx=72369615 tx=30639493 comm=*system*
psu_energy_ac_mcp_machine=50373121582
-------
timestamp=3408432487366990
iterations=6250
sample_ns=100000000
window_ns=1000000000
rapl_core_sum_uj=16878327135
rapl_psys_sum_uj=0
pid=0 energy=34480142829605200 alive=1 kernel=1 cpu_ns=6891250913000000 mem=443150336 instructions=4777652921040 wakeups=20189590 diski=8777728 disko=531693568 rx=72369615 tx=30639493 comm=*system*
psu_energy_ac_mcp_machine=50387448242
-------
timestamp=3408432616746784
iterations=6251
sample_ns=100000000
window_ns=1000000000
rapl_core_sum_uj=16884237169
rapl_psys_sum_uj=0
pid=0 energy=34480154171797295 alive=1 kernel=1 cpu_ns=6891251236000000 mem=443154432 instructions=4779598359459 wakeups=20189795 diski=8777728 disko=531693568 rx=72369615 tx=30639493 comm=*system*
psu_energy_ac_mcp_machine=50401923584
-------
timestamp=3408432745974292
iterations=6252
sample_ns=100000000
window_ns=1000000000
rapl_core_sum_uj=16890140733
rapl_psys_sum_uj=0
pid=0 energy=34480165590917870 alive=1 kernel=1 cpu_ns=6891251561000000 mem=443084800 instructions=4781557183574 wakeups=20190007 diski=8777728 disko=531693568 rx=72369615 tx=30639493 comm=*system*
psu_energy_ac_mcp_machine=50421428955
-------
timestamp=3408432880148658
iterations=6254
sample_ns=100000000
window_ns=1000000000
rapl_core_sum_uj=16901815475
rapl_psys_sum_uj=0
pid=0 energy=34480188191217830 alive=1 kernel=1 cpu_ns=6891252198000000 mem=443158528 instructions=4785440243566 wakeups=20190235 diski=8777728 disko=531693568 rx=72369615 tx=30639493 comm=*system*
psu_energy_ac_mcp_machine=50435775146
-------
timestamp=3408433012755509
iterations=6255
sample_ns=100000000
window_ns=1000000000
rapl_core_sum_uj=16907726729
rapl_psys_sum_uj=0
pid=0 energy=34480199535121275 alive=1 kernel=1 cpu_ns=6891252521000000 mem=443162624 instructions=4787386024255 wakeups=20190451 diski=8777728 disko=531693568 rx=72369615 tx=30639493 comm=*system*
psu_energy_ac_mcp_machine=50450130371
-------
timestamp=3408433141951590
iterations=6256
sample_ns=100000000
window_ns=1000000000
rapl_core_sum_uj=16913619062
rapl_psys_sum_uj=0
pid=0 energy=34480210905733145 alive=1 kernel=1 cpu_ns=6891252846000000 mem=443117568 instructions=4789335146629 wakeups=20190653 diski=8777728 disko=531693568 rx=72369615 tx=30639493 comm=*system*
psu_energy_ac_mcp_machine=50464632813
-------
timestamp=3408433271264965
iterations=6258
sample_ns=100000000
window_ns=1000000000
rapl_core_sum_uj=16925346600
rapl_psys_sum_uj=0
pid=0 energy=34480233667417505 alive=1 kernel=1 cpu_ns=6891253487000000 mem=443875328 instructions=4793246483501 wakeups=20190889 diski=8777728 disko=531705856 rx=72369615 tx=30639493 comm=*system*
psu_energy_ac_mcp_machine=50484097046
-------
timestamp=3408433403406300
iterations=6259
sample_ns=100000000
window_ns=1000000000
rapl_core_sum_uj=16931201458
rapl_psys_sum_uj=0
pid=0 energy=34480244940918265 alive=1 kernel=1 cpu_ns=6891253807000000 mem=442961920 instructions=4795181183653 wakeups=20191103 diski=8777728 disko=531726336 rx=72369617 tx=30639493 comm=*system*
psu_energy_ac_mcp_machine=50498428589
-------
timestamp=3408433535762334
iterations=6260
sample_ns=100000000
window_ns=1000000000
rapl_core_sum_uj=16937134319
rapl_psys_sum_uj=0
pid=0 energy=34480256335452245 alive=1 kernel=1 cpu_ns=6891254130000000 mem=443019264 instructions=4797137090449 wakeups=20191318 diski=8777728 disko=531726336 rx=72369617 tx=30639493 comm=*system*
psu_energy_ac_mcp_machine=50512898193
-------
timestamp=3408433664886616
iterations=6261
sample_ns=100000000
window_ns=1000000000
rapl_core_sum_uj=16943060100
rapl_psys_sum_uj=0
pid=0 energy=34480267683798460 alive=1 kernel=1 cpu_ns=6891254454000000 mem=442970112 instructions=4799082759692 wakeups=20191539 diski=8777728 disko=531726336 rx=72369617 tx=30639493 comm=*system*
psu_energy_ac_mcp_machine=50527422119
-------
timestamp=3408433794399400
iterations=6263
sample_ns=100000000
window_ns=1000000000
rapl_core_sum_uj=16954785319
rapl_psys_sum_uj=0
pid=0 energy=34480290386486185 alive=1 kernel=1 cpu_ns=6891255092000000 mem=443097088 instructions=4802985297237 wakeups=20191768 diski=8777728 disko=531726336 rx=72369617 tx=30639493 comm=*system*
psu_energy_ac_mcp_machine=50546914551
-------
timestamp=3408433926833607
iterations=6264
sample_ns=100000000
window_ns=1000000000
rapl_core_sum_uj=16960686930
rapl_psys_sum_uj=0
pid=0 energy=34480301729637890 alive=1 kernel=1 cpu_ns=6891255413000000 mem=443154432 instructions=4804932927578 wakeups=20191981 diski=8777728 disko=531726336 rx=72369617 tx=30639493 comm=*system*
psu_energy_ac_mcp_machine=50561259155
-------
timestamp=3408434056139728
iterations=6265
sample_ns=100000000
window_ns=1000000000
rapl_core_sum_uj=16966593424
rapl_psys_sum_uj=0
pid=0 energy=34480313084976470 alive=1 kernel=1 cpu_ns=6891255736000000 mem=443166720 instructions=4806880995294 wakeups=20192187 diski=8777728 disko=531726336 rx=72369617 tx=30639493 comm=*system*
psu_energy_ac_mcp_machine=50575743042
-------
timestamp=3408434185738667
iterations=6266
sample_ns=100000000
window_ns=1000000000
rapl_core_sum_uj=16972531900
rapl_psys_sum_uj=0
pid=0 energy=34480324462088550 alive=1 kernel=1 cpu_ns=6891256057000000 mem=443174912 instructions=4808835417710 wakeups=20192401 diski=8777728 disko=531726336 rx=72369617 tx=30639493 comm=*system*
psu_energy_ac_mcp_machine=50590292358
-------
timestamp=3408434315136165
iterations=6268
sample_ns=100000000
window_ns=1000000000
rapl_core_sum_uj=16984223488
rapl_psys_sum_uj=0
pid=0 energy=34480347140257060 alive=1 kernel=1 cpu_ns=6891256696000000 mem=443174912 instructions=4812732051412 wakeups=20192625 diski=8777728 disko=531726336 rx=72369617 tx=30639493 comm=*system*
psu_energy_ac_mcp_machine=50609770508
-------
timestamp=3408434447393195
iterations=6269
sample_ns=100000000
window_ns=1000000000
rapl_core_sum_uj=16990120643
rapl_psys_sum_uj=0
pid=0 energy=34480358495023950 alive=1 kernel=1 cpu_ns=6891257020000000 mem=443174912 instructions=4814679004790 wakeups=20192840 diski=8777728 disko=531726336 rx=72369617 tx=30639493 comm=*system*
psu_energy_ac_mcp_machine=50624100952
-------
timestamp=3408434577249282
iterations=6270
sample_ns=100000000
window_ns=1000000000
rapl_core_sum_uj=16996054236
rapl_psys_sum_uj=0
pid=0 energy=34480369866313855 alive=1 kernel=1 cpu_ns=6891257344000000 mem=443179008 instructions=4816629262771 wakeups=20193044 diski=8777728 disko=531726336 rx=72369617 tx=30639493 comm=*system*
psu_energy_ac_mcp_machine=50638635132
-------
timestamp=3408434706834745
iterations=6271
sample_ns=100000000
window_ns=1000000000
rapl_core_sum_uj=17001983191
rapl_psys_sum_uj=0
pid=0 energy=34480381213033800 alive=1 kernel=1 cpu_ns=6891257666000000 mem=443179008 instructions=4818576606760 wakeups=20193266 diski=8777728 disko=531726336 rx=72369617 tx=30639493 comm=*system*
psu_energy_ac_mcp_machine=50658162964
-------
timestamp=3408434839562656
iterations=6273
sample_ns=100000000
window_ns=1000000000
rapl_core_sum_uj=17013700536
rapl_psys_sum_uj=0
pid=0 energy=34480403877715310 alive=1 kernel=1 cpu_ns=6891258303000000 mem=443179008 instructions=4822472543062 wakeups=20193490 diski=8777728 disko=531726336 rx=72369617 tx=30639493 comm=*system*
psu_energy_ac_mcp_machine=50672572021
-------
timestamp=3408434972377311
iterations=6274
sample_ns=100000000
window_ns=1000000000
rapl_core_sum_uj=17019618870
rapl_psys_sum_uj=0
pid=0 energy=34480415236265850 alive=1 kernel=1 cpu_ns=6891258626000000 mem=443179008 instructions=4824421253170 wakeups=20193703 diski=8777728 disko=531726336 rx=72369617 tx=30639493 comm=*system*
psu_energy_ac_mcp_machine=50686969849
-------
timestamp=3408435102345799
iterations=6275
sample_ns=100000000
window_ns=1000000000
rapl_core_sum_uj=17025578159
rapl_psys_sum_uj=0
pid=0 energy=34480426622318865 alive=1 kernel=1 cpu_ns=6891258950000000 mem=443191296 instructions=4826374463773 wakeups=20193908 diski=8777728 disko=531726336 rx=72369617 tx=30639493 comm=*system*
psu_energy_ac_mcp_machine=50701481812
-------
timestamp=3408435231510836
iterations=6276
sample_ns=100000000
window_ns=1000000000
rapl_core_sum_uj=17031531894
rapl_psys_sum_uj=0
pid=0 energy=34480438017468265 alive=1 kernel=1 cpu_ns=6891259272000000 mem=443109376 instructions=4828331493653 wakeups=20194122 diski=8777728 disko=531726336 rx=72369617 tx=30639493 comm=*system*
psu_energy_ac_mcp_machine=50720944946
-------
timestamp=3408435364566802
iterations=6278
sample_ns=100000000
window_ns=1000000000
rapl_core_sum_uj=17043231600
rapl_psys_sum_uj=0
pid=0 energy=34480460672833720 alive=1 kernel=1 cpu_ns=6891259906000000 mem=443187200 instructions=4832228566744 wakeups=20194334 diski=8777728 disko=531726336 rx=72369619 tx=30639493 comm=*system*
psu_energy_ac_mcp_machine=50735297974
-------
timestamp=3408435495400431
iterations=6279
sample_ns=100000000
window_ns=1000000000
rapl_core_sum_uj=17049177644
rapl_psys_sum_uj=0
pid=0 energy=34480472028752820 alive=1 kernel=1 cpu_ns=6891260230000000 mem=443183104 instructions=4834175750564 wakeups=20194548 diski=8777728 disko=531726336 rx=72369619 tx=30639493 comm=*system*
psu_energy_ac_mcp_machine=50749768311
-------
timestamp=3408435624741582
iterations=6280
sample_ns=100000000
window_ns=1000000000
rapl_core_sum_uj=17055123872
rapl_psys_sum_uj=0
pid=0 energy=34480483427935575 alive=1 kernel=1 cpu_ns=6891260551000000 mem=443191296 instructions=4836134587115 wakeups=20194759 diski=8777728 disko=531726336 rx=72369619 tx=30639493 comm=*system*
psu_energy_ac_mcp_machine=50764325562
-------
timestamp=3408435754364483
iterations=6281
sample_ns=100000000
window_ns=1000000000
rapl_core_sum_uj=17061071076
rapl_psys_sum_uj=0
pid=0 energy=34480494805236285 alive=1 kernel=1 cpu_ns=6891260875000000 mem=443187200 instructions=4838086047257 wakeups=20194982 diski=8777728 disko=531726336 rx=72369619 tx=30639493 comm=*system*
psu_energy_ac_mcp_machine=50783778442
-------
timestamp=3408435891412746
iterations=6283
sample_ns=100000000
window_ns=1000000000
rapl_core_sum_uj=17072908843
rapl_psys_sum_uj=0
pid=0 energy=34480517892630025 alive=1 kernel=1 cpu_ns=6891261523000000 mem=443269120 instructions=4842055526005 wakeups=20195230 diski=8777728 disko=531726336 rx=72369619 tx=30639493 comm=*system*
psu_energy_ac_mcp_machine=50798320313
-------
timestamp=3408436020419500
iterations=6284
sample_ns=100000000
window_ns=1000000000
rapl_core_sum_uj=17078836211
rapl_psys_sum_uj=0
pid=0 energy=34480529239116535 alive=1 kernel=1 cpu_ns=6891261846000000 mem=443072512 instructions=4844001823307 wakeups=20195436 diski=8777728 disko=531726336 rx=72369619 tx=30639493 comm=*system*
psu_energy_ac_mcp_machine=50812791870
-------
timestamp=3408436150067934
iterations=6285
sample_ns=100000000
window_ns=1000000000
rapl_core_sum_uj=17084800200
rapl_psys_sum_uj=0
pid=0 energy=34480540604712685 alive=1 kernel=1 cpu_ns=6891262168000000 mem=443162624 instructions=4845952942537 wakeups=20195648 diski=8777728 disko=531726336 rx=72369619 tx=30639493 comm=*system*
psu_energy_ac_mcp_machine=50832221680
-------
timestamp=3408436282964215
iterations=6286
sample_ns=100000000
window_ns=1000000000
rapl_core_sum_uj=17090749662
rapl_psys_sum_uj=0
pid=0 energy=34480552005020055 alive=1 kernel=1 cpu_ns=6891262491000000 mem=443162624 instructions=4847910004011 wakeups=20195861 diski=8777728 disko=531726336 rx=72369619 tx=30639493 comm=*system*
psu_energy_ac_mcp_machine=50846488403
-------
timestamp=3408436415200605
iterations=6288
sample_ns=100000000
window_ns=1000000000
rapl_core_sum_uj=17102451993
rapl_psys_sum_uj=0
pid=0 energy=34480574643060095 alive=1 kernel=1 cpu_ns=6891263128000000 mem=442998784 instructions=4851800612019 wakeups=20196083 diski=8777728 disko=531726336 rx=72369619 tx=30639493 comm=*system*
psu_energy_ac_mcp_machine=50860927246
-------
timestamp=3408436544434343
iterations=6289
sample_ns=100000000
window_ns=1000000000
rapl_core_sum_uj=17108378872
rapl_psys_sum_uj=0
pid=0 energy=34480586018194095 alive=1 kernel=1 cpu_ns=6891263454000000 mem=443236352 instructions=4853749638819 wakeups=20196287 diski=8777728 disko=531726336 rx=72369619 tx=30639493 comm=*system*
psu_energy_ac_mcp_machine=50875372681
-------
timestamp=3408436673531849
iterations=6290
sample_ns=100000000
window_ns=1000000000
rapl_core_sum_uj=17114312587
rapl_psys_sum_uj=0
pid=0 energy=34480597391380165 alive=1 kernel=1 cpu_ns=6891263777000000 mem=443269120 instructions=4855701276033 wakeups=20196514 diski=8777728 disko=531726336 rx=72369621 tx=30639495 comm=*system*
psu_energy_ac_mcp_machine=50894786011
-------
timestamp=3408436806585527
iterations=6292
sample_ns=100000000
window_ns=1000000000
rapl_core_sum_uj=17126083033
rapl_psys_sum_uj=0
pid=0 energy=34480620146929890 alive=1 kernel=1 cpu_ns=6891264420000000 mem=444424192 instructions=4859609385978 wakeups=20196759 diski=8777728 disko=531726336 rx=72369621 tx=30639495 comm=*system*
psu_energy_ac_mcp_machine=50909054810
-------
timestamp=3408436936133148
iterations=6293
sample_ns=100000000
window_ns=1000000000
rapl_core_sum_uj=17131940943
rapl_psys_sum_uj=0
pid=0 energy=34480631386807625 alive=1 kernel=1 cpu_ns=6891264736000000 mem=443265024 instructions=4861541361525 wakeups=20196956 diski=8777728 disko=531726336 rx=72369621 tx=30639495 comm=*system*
psu_energy_ac_mcp_machine=50923526978
-------
timestamp=3408437065538673
iterations=6294
sample_ns=100000000
window_ns=1000000000
rapl_core_sum_uj=17137869226
rapl_psys_sum_uj=0
pid=0 energy=34480642725589755 alive=1 kernel=1 cpu_ns=6891265058000000 mem=443273216 instructions=4863487117951 wakeups=20197158 diski=8777728 disko=531726336 rx=72369621 tx=30639495 comm=*system*
psu_energy_ac_mcp_machine=50937998535
-------
timestamp=3408437195161673
iterations=6295
sample_ns=100000000
window_ns=1000000000
rapl_core_sum_uj=17143822778
rapl_psys_sum_uj=0
pid=0 energy=34480654114074840 alive=1 kernel=1 cpu_ns=6891265380000000 mem=443273216 instructions=4865442814968 wakeups=20197380 diski=8777728 disko=531726336 rx=72369621 tx=30639495 comm=*system*
psu_energy_ac_mcp_machine=50957375977
-------
timestamp=3408437327679405
iterations=6297
sample_ns=100000000
window_ns=1000000000
rapl_core_sum_uj=17155650414
rapl_psys_sum_uj=0
pid=0 energy=34480676983237885 alive=1 kernel=1 cpu_ns=6891266026000000 mem=444178432 instructions=4869370647577 wakeups=20197623 diski=8777728 disko=531726336 rx=72369623 tx=30639495 comm=*system*
psu_energy_ac_mcp_machine=50971696777
-------
timestamp=3408437457556499
iterations=6298
sample_ns=100000000
window_ns=1000000000
rapl_core_sum_uj=17162033592
rapl_psys_sum_uj=0
pid=0 energy=34480689525470610 alive=1 kernel=1 cpu_ns=6891266393000000 mem=443613184 instructions=4871512094122 wakeups=20197851 diski=8777728 disko=531726336 rx=72369627 tx=30639500 comm=*system*
psu_energy_ac_mcp_machine=50987256958
-------
timestamp=3408437587275914
iterations=6299
sample_ns=100000000
window_ns=1000000000
rapl_core_sum_uj=17169146751
rapl_psys_sum_uj=0
pid=0 energy=34480703979964810 alive=1 kernel=1 cpu_ns=6891266818000000 mem=443805696 instructions=4873977992962 wakeups=20198068 diski=8777728 disko=531726336 rx=72369627 tx=30639500 comm=*system*
psu_energy_ac_mcp_machine=51009261230
-------
timestamp=3408437720463376
iterations=6300
sample_ns=100000000
window_ns=1000000000
rapl_core_sum_uj=17176193931
rapl_psys_sum_uj=0
pid=0 energy=34480718291380170 alive=1 kernel=1 cpu_ns=6891267245000000 mem=443785216 instructions=4876413276034 wakeups=20198290 diski=8777728 disko=531726336 rx=72369627 tx=30639500 comm=*system*
psu_energy_ac_mcp_machine=51025657593
-------
timestamp=3408437854819444
iterations=6302
sample_ns=100000000
window_ns=1000000000
rapl_core_sum_uj=17190362326
rapl_psys_sum_uj=0
pid=0 energy=34480747203026740 alive=1 kernel=1 cpu_ns=6891268089000000 mem=443752448 instructions=4881351605348 wakeups=20198498 diski=8777728 disko=531726336 rx=72369627 tx=30639500 comm=*system*
psu_energy_ac_mcp_machine=51042035034
-------
timestamp=3408437984546890
iterations=6303
sample_ns=100000000
window_ns=1000000000
rapl_core_sum_uj=17197468588
rapl_psys_sum_uj=0
pid=0 energy=34480761603693965 alive=1 kernel=1 cpu_ns=6891268518000000 mem=444149760 instructions=4883802738793 wakeups=20198708 diski=8777728 disko=531726336 rx=72369627 tx=30639500 comm=*system*
psu_energy_ac_mcp_machine=51058542114
-------
timestamp=3408438114628781
iterations=6304
sample_ns=100000000
window_ns=1000000000
rapl_core_sum_uj=17204561178
rapl_psys_sum_uj=0
pid=0 energy=34480776004672150 alive=1 kernel=1 cpu_ns=6891268945000000 mem=444145664 instructions=4886255934430 wakeups=20198921 diski=8777728 disko=531726336 rx=72369627 tx=30639500 comm=*system*
psu_energy_ac_mcp_machine=51080595215
-------
timestamp=3408438248207687
iterations=6305
sample_ns=100000000
window_ns=1000000000
rapl_core_sum_uj=17211643392
rapl_psys_sum_uj=0
pid=0 energy=34480790358564180 alive=1 kernel=1 cpu_ns=6891269370000000 mem=443965440 instructions=4888701712836 wakeups=20199145 diski=8777728 disko=531726336 rx=72369627 tx=30639500 comm=*system*
psu_energy_ac_mcp_machine=51096848999
-------
timestamp=3408438378566457
iterations=6307
sample_ns=100000000
window_ns=1000000000
rapl_core_sum_uj=17225836690
rapl_psys_sum_uj=0
pid=0 energy=34480819269339245 alive=1 kernel=1 cpu_ns=6891270214000000 mem=444153856 instructions=4893639867849 wakeups=20199369 diski=8777728 disko=531726336 rx=72369627 tx=30639500 comm=*system*
psu_energy_ac_mcp_machine=51113285034
-------
timestamp=3408438508230744
iterations=6308
sample_ns=100000000
window_ns=1000000000
rapl_core_sum_uj=17232986897
rapl_psys_sum_uj=0
pid=0 energy=34480833796674205 alive=1 kernel=1 cpu_ns=6891270646000000 mem=444157952 instructions=4896113334841 wakeups=20199580 diski=8777728 disko=531755008 rx=72369627 tx=30639500 comm=*system*
psu_energy_ac_mcp_machine=51135450439
-------
timestamp=3408438640990294
iterations=6309
sample_ns=100000000
window_ns=1000000000
rapl_core_sum_uj=17240087666
rapl_psys_sum_uj=0
pid=0 energy=34480848133448575 alive=1 kernel=1 cpu_ns=6891271073000000 mem=444157952 instructions=4898553689715 wakeups=20199805 diski=8777728 disko=531755008 rx=72369627 tx=30639500 comm=*system*
psu_energy_ac_mcp_machine=51151838501
-------
timestamp=3408438773701518
iterations=6310
sample_ns=100000000
window_ns=1000000000
rapl_core_sum_uj=17247169514
rapl_psys_sum_uj=0
pid=0 energy=34480862568698490 alive=1 kernel=1 cpu_ns=6891271502000000 mem=443932672 instructions=4901011739698 wakeups=20200020 diski=8777728 disko=531755008 rx=72369627 tx=30639500 comm=*system*
psu_energy_ac_mcp_machine=51168213135
-------
timestamp=3408438903676324
iterations=6312
sample_ns=100000000
window_ns=1000000000
rapl_core_sum_uj=17261343402
rapl_psys_sum_uj=0
pid=0 energy=34480891483904605 alive=1 kernel=1 cpu_ns=6891272349000000 mem=444157952 instructions=4905947780921 wakeups=20200248 diski=8777728 disko=531849216 rx=72369627 tx=30639500 comm=*system*
psu_energy_ac_mcp_machine=51184702637
-------
timestamp=3408439033653557
iterations=6313
sample_ns=100000000
window_ns=1000000000
rapl_core_sum_uj=17268428057
rapl_psys_sum_uj=0
pid=0 energy=34480905866018240 alive=1 kernel=1 cpu_ns=6891272778000000 mem=444162048 instructions=4908395203648 wakeups=20200455 diski=8777728 disko=531849216 rx=72369627 tx=30639500 comm=*system*
psu_energy_ac_mcp_machine=51206840576
-------
timestamp=3408439167628247
iterations=6314
sample_ns=100000000
window_ns=1000000000
rapl_core_sum_uj=17275516435
rapl_psys_sum_uj=0
pid=0 energy=34480920229524475 alive=1 kernel=1 cpu_ns=6891273206000000 mem=444162048 instructions=4910839904895 wakeups=20200674 diski=8777728 disko=531849216 rx=72369627 tx=30639500 comm=*system*
psu_energy_ac_mcp_machine=51223175171
-------
timestamp=3408439297658153
iterations=6315
sample_ns=100000000
window_ns=1000000000
rapl_core_sum_uj=17282671891
rapl_psys_sum_uj=0
pid=0 energy=34480934612818770 alive=1 kernel=1 cpu_ns=6891273634000000 mem=443936768 instructions=4913288563754 wakeups=20200882 diski=8777728 disko=531849216 rx=72369627 tx=30639500 comm=*system*
psu_energy_ac_mcp_machine=51239652954
-------
timestamp=3408439427805219
iterations=6317
sample_ns=100000000
window_ns=1000000000
rapl_core_sum_uj=17296821120
rapl_psys_sum_uj=0
pid=0 energy=34480963376301555 alive=1 kernel=1 cpu_ns=6891274481000000 mem=444178432 instructions=4918194260311 wakeups=20201101 diski=8777728 disko=531849216 rx=72369629 tx=30639500 comm=*system*
psu_energy_ac_mcp_machine=51261707886
-------
timestamp=3408439561038879
iterations=6318
sample_ns=100000000
window_ns=1000000000
rapl_core_sum_uj=17303913099
rapl_psys_sum_uj=0
pid=0 energy=34480977684904565 alive=1 kernel=1 cpu_ns=6891274910000000 mem=444166144 instructions=4920626980913 wakeups=20201310 diski=8777728 disko=531849216 rx=72369629 tx=30639500 comm=*system*
psu_energy_ac_mcp_machine=51278112549
-------
timestamp=3408439694723817
iterations=6319
sample_ns=100000000
window_ns=1000000000
rapl_core_sum_uj=17311008374
rapl_psys_sum_uj=0
pid=0 energy=34480992013743645 alive=1 kernel=1 cpu_ns=6891275339000000 mem=444166144 instructions=4923063748729 wakeups=20201528 diski=8777728 disko=531849216 rx=72369629 tx=30639500 comm=*system*
psu_energy_ac_mcp_machine=51294511475
-------
timestamp=3408439824375411
iterations=6321
sample_ns=100000000
window_ns=1000000000
rapl_core_sum_uj=17325253674
rapl_psys_sum_uj=0
pid=0 energy=34481020840283385 alive=1 kernel=1 cpu_ns=6891276190000000 mem=444616704 instructions=4927978056677 wakeups=20201758 diski=8777728 disko=531849216 rx=72369629 tx=30639500 comm=*system*
psu_energy_ac_mcp_machine=51310988281
-------
timestamp=3408439954047879
iterations=6322
sample_ns=100000000
window_ns=1000000000
rapl_core_sum_uj=17332338512
rapl_psys_sum_uj=0
pid=0 energy=34481035128430220 alive=1 kernel=1 cpu_ns=6891276614000000 mem=444170240 instructions=4930411686044 wakeups=20201956 diski=8777728 disko=531849216 rx=72369629 tx=30639500 comm=*system*
psu_energy_ac_mcp_machine=51333108887
-------
timestamp=3408440087599257
iterations=6323
sample_ns=100000000
window_ns=1000000000
rapl_core_sum_uj=17339435557
rapl_psys_sum_uj=0
pid=0 energy=34481049444664760 alive=1 kernel=1 cpu_ns=6891277040000000 mem=444170240 instructions=4932848932952 wakeups=20202167 diski=8777728 disko=531849216 rx=72369629 tx=30639500 comm=*system*
psu_energy_ac_mcp_machine=51349428589
-------
timestamp=3408440217563107
iterations=6324
sample_ns=100000000
window_ns=1000000000
rapl_core_sum_uj=17346533762
rapl_psys_sum_uj=0
pid=0 energy=34481063783404030 alive=1 kernel=1 cpu_ns=6891277470000000 mem=444182528 instructions=4935286680806 wakeups=20202374 diski=8777728 disko=531849216 rx=72369629 tx=30639500 comm=*system*
psu_energy_ac_mcp_machine=51365916016
-------
timestamp=3408440347570358
iterations=6326
sample_ns=100000000
window_ns=1000000000
rapl_core_sum_uj=17360725290
rapl_psys_sum_uj=0
pid=0 energy=34481092577769445 alive=1 kernel=1 cpu_ns=6891278316000000 mem=444174336 instructions=4940199553889 wakeups=20202606 diski=8777728 disko=531849216 rx=72369629 tx=30639500 comm=*system*
psu_energy_ac_mcp_machine=51388028442
-------
timestamp=3408440480638232
iterations=6327
sample_ns=100000000
window_ns=1000000000
rapl_core_sum_uj=17367807626
rapl_psys_sum_uj=0
pid=0 energy=34481106915464950 alive=1 kernel=1 cpu_ns=6891278743000000 mem=444190720 instructions=4942640092990 wakeups=20202808 diski=8777728 disko=531849216 rx=72369629 tx=30639500 comm=*system*
psu_energy_ac_mcp_machine=51404432495
-------
timestamp=3408440614964102
iterations=6328
sample_ns=100000000
window_ns=1000000000
rapl_core_sum_uj=17374881112
rapl_psys_sum_uj=0
pid=0 energy=34481121205930470 alive=1 kernel=1 cpu_ns=6891279170000000 mem=444174336 instructions=4945071186094 wakeups=20203024 diski=8777728 disko=531849216 rx=72369629 tx=30639500 comm=*system*
psu_energy_ac_mcp_machine=51420789185
-------
timestamp=3408440745515837
iterations=6329
sample_ns=100000000
window_ns=1000000000
rapl_core_sum_uj=17381991036
rapl_psys_sum_uj=0
pid=0 energy=34481135546200260 alive=1 kernel=1 cpu_ns=6891279597000000 mem=443949056 instructions=4947512240052 wakeups=20203238 diski=8777728 disko=531849216 rx=72369629 tx=30639500 comm=*system*
psu_energy_ac_mcp_machine=51442896729
-------
timestamp=3408440878703922
iterations=6331
sample_ns=100000000
window_ns=1000000000
rapl_core_sum_uj=17396191231
rapl_psys_sum_uj=0
pid=0 energy=34481164297295700 alive=1 kernel=1 cpu_ns=6891280443000000 mem=444125184 instructions=4952416459140 wakeups=20203477 diski=8777728 disko=531849216 rx=72369629 tx=30639500 comm=*system*
psu_energy_ac_mcp_machine=51459402832
-------
timestamp=3408441011460269
iterations=6332
sample_ns=100000000
window_ns=1000000000
rapl_core_sum_uj=17403296333
rapl_psys_sum_uj=0
pid=0 energy=34481178620980765 alive=1 kernel=1 cpu_ns=6891280872000000 mem=444076032 instructions=4954852196153 wakeups=20203687 diski=8777728 disko=531849216 rx=72369629 tx=30639500 comm=*system*
psu_energy_ac_mcp_machine=51475767944
-------
timestamp=3408441140933902
iterations=6333
sample_ns=100000000
window_ns=1000000000
rapl_core_sum_uj=17410406135
rapl_psys_sum_uj=0
pid=0 energy=34481192921038165 alive=1 kernel=1 cpu_ns=6891281298000000 mem=444256256 instructions=4957286207633 wakeups=20203898 diski=8777728 disko=531849216 rx=72369629 tx=30639500 comm=*system*
psu_energy_ac_mcp_machine=51492202759
-------
timestamp=3408441270572770
iterations=6334
sample_ns=100000000
window_ns=1000000000
rapl_core_sum_uj=17417521979
rapl_psys_sum_uj=0
pid=0 energy=34481207301519100 alive=1 kernel=1 cpu_ns=6891281726000000 mem=444030976 instructions=4959734303820 wakeups=20204105 diski=8777728 disko=531849216 rx=72369629 tx=30639500 comm=*system*
psu_energy_ac_mcp_machine=51514257446
-------
timestamp=3408441403473199
iterations=6336
sample_ns=100000000
window_ns=1000000000
rapl_core_sum_uj=17431745611
rapl_psys_sum_uj=0
pid=0 energy=34481236060046345 alive=1 kernel=1 cpu_ns=6891282572000000 mem=444166144 instructions=4964640009269 wakeups=20204332 diski=8777728 disko=531849216 rx=72369631 tx=30639500 comm=*system*
psu_energy_ac_mcp_machine=51530613403
-------
timestamp=3408441534716888
iterations=6337
sample_ns=100000000
window_ns=1000000000
rapl_core_sum_uj=17438842962
rapl_psys_sum_uj=0
pid=0 energy=34481250378010195 alive=1 kernel=1 cpu_ns=6891282999000000 mem=444133376 instructions=4967076602039 wakeups=20204549 diski=8777728 disko=531849216 rx=72369631 tx=30639500 comm=*system*
psu_energy_ac_mcp_machine=51547032227
-------
timestamp=3408441664728343
iterations=6338
sample_ns=100000000
window_ns=1000000000
rapl_core_sum_uj=17445918096
rapl_psys_sum_uj=0
pid=0 energy=34481264704146455 alive=1 kernel=1 cpu_ns=6891283429000000 mem=444088320 instructions=4969511829291 wakeups=20204763 diski=8777728 disko=531849216 rx=72369631 tx=30639500 comm=*system*
psu_energy_ac_mcp_machine=51569047729
-------
timestamp=3408441798656502
iterations=6340
sample_ns=100000000
window_ns=1000000000
rapl_core_sum_uj=17460143864
rapl_psys_sum_uj=0
pid=0 energy=34481293528512765 alive=1 kernel=1 cpu_ns=6891284283000000 mem=445161472 instructions=4974422702553 wakeups=20205007 diski=8777728 disko=531849216 rx=72369631 tx=30639500 comm=*system*
psu_energy_ac_mcp_machine=51585484497
-------
timestamp=3408441931494796
iterations=6341
sample_ns=100000000
window_ns=1000000000
rapl_core_sum_uj=17467194401
rapl_psys_sum_uj=0
pid=0 energy=34481307761867405 alive=1 kernel=1 cpu_ns=6891284703000000 mem=444129280 instructions=4976849373481 wakeups=20205197 diski=8777728 disko=531849216 rx=72369631 tx=30639500 comm=*system*
psu_energy_ac_mcp_machine=51601837280
-------
timestamp=3408442061468065
iterations=6342
sample_ns=100000000
window_ns=1000000000
rapl_core_sum_uj=17474306400
rapl_psys_sum_uj=0
pid=0 energy=34481322067047165 alive=1 kernel=1 cpu_ns=6891285131000000 mem=444129280 instructions=4979282409433 wakeups=20205412 diski=8777728 disko=531849216 rx=72369631 tx=30639500 comm=*system*
psu_energy_ac_mcp_machine=51618285400
-------
timestamp=3408442191351458
iterations=6343
sample_ns=100000000
window_ns=1000000000
rapl_core_sum_uj=17481425418
rapl_psys_sum_uj=0
pid=0 energy=34481336405550315 alive=1 kernel=1 cpu_ns=6891285559000000 mem=444145664 instructions=4981722110063 wakeups=20205621 diski=8777728 disko=531849216 rx=72369631 tx=30639500 comm=*system*
psu_energy_ac_mcp_machine=51640371094
-------
timestamp=3408442323496356
iterations=6345
sample_ns=100000000
window_ns=1000000000
rapl_core_sum_uj=17495663088
rapl_psys_sum_uj=0
pid=0 energy=34481365140548125 alive=1 kernel=1 cpu_ns=6891286404000000 mem=444133376 instructions=4986624109625 wakeups=20205842 diski=8777728 disko=531849216 rx=72369631 tx=30639500 comm=*system*
psu_energy_ac_mcp_machine=51656698853
-------
timestamp=3408442454087648
iterations=6346
sample_ns=100000000
window_ns=1000000000
rapl_core_sum_uj=17502753175
rapl_psys_sum_uj=0
pid=0 energy=34481379487272090 alive=1 kernel=1 cpu_ns=6891286829000000 mem=444137472 instructions=4989068454418 wakeups=20206042 diski=8777728 disko=531849216 rx=72369631 tx=30639500 comm=*system*
psu_energy_ac_mcp_machine=51673121338
-------
timestamp=3408442584670701
iterations=6347
sample_ns=100000000
window_ns=1000000000
rapl_core_sum_uj=17509852174
rapl_psys_sum_uj=0
pid=0 energy=34481393784251855 alive=1 kernel=1 cpu_ns=6891287253000000 mem=444149760 instructions=4991503850371 wakeups=20206264 diski=8777728 disko=531849216 rx=72369631 tx=30639500 comm=*system*
psu_energy_ac_mcp_machine=51695114014
-------
timestamp=3408442717973985
iterations=6348
sample_ns=100000000
window_ns=1000000000
rapl_core_sum_uj=17516945374
rapl_psys_sum_uj=0
pid=0 energy=34481408095086640 alive=1 kernel=1 cpu_ns=6891287680000000 mem=444096512 instructions=4993939017328 wakeups=20206472 diski=8777728 disko=531849216 rx=72369631 tx=30639500 comm=*system*
psu_energy_ac_mcp_machine=51711588745
-------
timestamp=3408442850573148
iterations=6350
sample_ns=100000000
window_ns=1000000000
rapl_core_sum_uj=17531145568
rapl_psys_sum_uj=0
pid=0 energy=34481436888921600 alive=1 kernel=1 cpu_ns=6891288527000000 mem=444145664 instructions=4998850784320 wakeups=20206697 diski=8777728 disko=531849216 rx=72369631 tx=30639500 comm=*system*
psu_energy_ac_mcp_machine=51727928589
-------
timestamp=3408442980605286
iterations=6351
sample_ns=100000000
window_ns=1000000000
rapl_core_sum_uj=17538230834
rapl_psys_sum_uj=0
pid=0 energy=34481451223909825 alive=1 kernel=1 cpu_ns=6891288955000000 mem=444145664 instructions=5001289781965 wakeups=20206913 diski=8777728 disko=531849216 rx=72369631 tx=30639500 comm=*system*
psu_energy_ac_mcp_machine=51744380615
-------
timestamp=3408443110838108
iterations=6352
sample_ns=100000000
window_ns=1000000000
rapl_core_sum_uj=17545333983
rapl_psys_sum_uj=0
pid=0 energy=34481465548442970 alive=1 kernel=1 cpu_ns=6891289382000000 mem=444149760 instructions=5003727688594 wakeups=20207128 diski=8777728 disko=531849216 rx=72369631 tx=30639500 comm=*system*
psu_energy_ac_mcp_machine=51766445679
-------
timestamp=3408443242832589
iterations=6353
sample_ns=100000000
window_ns=1000000000
rapl_core_sum_uj=17552501890
rapl_psys_sum_uj=0
pid=0 energy=34481479973795205 alive=1 kernel=1 cpu_ns=6891289811000000 mem=444035072 instructions=5006183759041 wakeups=20207336 diski=8777728 disko=531849216 rx=72369631 tx=30639500 comm=*system*
psu_energy_ac_mcp_machine=51782874756
-------
timestamp=3408443374176228
iterations=6355
sample_ns=100000000
window_ns=1000000000
rapl_core_sum_uj=17566745603
rapl_psys_sum_uj=0
pid=0 energy=34481508738374805 alive=1 kernel=1 cpu_ns=6891290659000000 mem=444162048 instructions=5011088674961 wakeups=20207554 diski=8777728 disko=531849216 rx=72369633 tx=30639500 comm=*system*
psu_energy_ac_mcp_machine=51799283813
-------
timestamp=3408443503860332
iterations=6356
sample_ns=100000000
window_ns=1000000000
rapl_core_sum_uj=17573855893
rapl_psys_sum_uj=0
pid=0 energy=34481523013497365 alive=1 kernel=1 cpu_ns=6891291086000000 mem=444149760 instructions=5013516699473 wakeups=20207770 diski=8777728 disko=531849216 rx=72369633 tx=30639500 comm=*system*
psu_energy_ac_mcp_machine=51815724731
-------
timestamp=3408443633711280
iterations=6357
sample_ns=100000000
window_ns=1000000000
rapl_core_sum_uj=17580977536
rapl_psys_sum_uj=0
pid=0 energy=34481537396554730 alive=1 kernel=1 cpu_ns=6891291515000000 mem=444162048 instructions=5015964310946 wakeups=20207992 diski=8777728 disko=531894272 rx=72369633 tx=30639500 comm=*system*
psu_energy_ac_mcp_machine=51837793335
-------
timestamp=3408443766721799
iterations=6358
sample_ns=100000000
window_ns=1000000000
rapl_core_sum_uj=17588093991
rapl_psys_sum_uj=0
pid=0 energy=34481551767414345 alive=1 kernel=1 cpu_ns=6891291945000000 mem=443994112 instructions=5018408482869 wakeups=20208208 diski=8777728 disko=531894272 rx=72369633 tx=30639500 comm=*system*
psu_energy_ac_mcp_machine=51854109741
-------
timestamp=3408443896744921
iterations=6360
sample_ns=100000000
window_ns=1000000000
rapl_core_sum_uj=17602324642
rapl_psys_sum_uj=0
pid=0 energy=34481580588304530 alive=1 kernel=1 cpu_ns=6891292793000000 mem=444166144 instructions=5023324660906 wakeups=20208431 diski=8777728 disko=531894272 rx=72369633 tx=30639500 comm=*system*
psu_energy_ac_mcp_machine=51870595581
-------
timestamp=3408444026343571
iterations=6361
sample_ns=100000000
window_ns=1000000000
rapl_core_sum_uj=17609430537
rapl_psys_sum_uj=0
pid=0 energy=34481594939139010 alive=1 kernel=1 cpu_ns=6891293222000000 mem=444100608 instructions=5025765827802 wakeups=20208653 diski=8777728 disko=531894272 rx=72369633 tx=30639500 comm=*system*
psu_energy_ac_mcp_machine=51892701660
-------
timestamp=3408444159576804
iterations=6362
sample_ns=100000000
window_ns=1000000000
rapl_core_sum_uj=17616530817
rapl_psys_sum_uj=0
pid=0 energy=34481609258250665 alive=1 kernel=1 cpu_ns=6891293650000000 mem=444293120 instructions=5028201650133 wakeups=20208863 diski=8777728 disko=531894272 rx=72369633 tx=30639500 comm=*system*
psu_energy_ac_mcp_machine=51909139771
-------
timestamp=3408444292442607
iterations=6363
sample_ns=100000000
window_ns=1000000000
rapl_core_sum_uj=17623621087
rapl_psys_sum_uj=0
pid=0 energy=34481623625559565 alive=1 kernel=1 cpu_ns=6891294077000000 mem=444067840 instructions=5030648111913 wakeups=20209076 diski=8777728 disko=531894272 rx=72369633 tx=30639500 comm=*system*
psu_energy_ac_mcp_machine=51925505249
-------
timestamp=3408444423786911
iterations=6365
sample_ns=100000000
window_ns=1000000000
rapl_core_sum_uj=17637800835
rapl_psys_sum_uj=0
pid=0 energy=34481652333334785 alive=1 kernel=1 cpu_ns=6891294922000000 mem=444121088 instructions=5035544666957 wakeups=20209293 diski=8777728 disko=531894272 rx=72369633 tx=30639500 comm=*system*
psu_energy_ac_mcp_machine=51947657715
-------
timestamp=3408444557690474
iterations=6366
sample_ns=100000000
window_ns=1000000000
rapl_core_sum_uj=17644924126
rapl_psys_sum_uj=0
pid=0 energy=34481666663865880 alive=1 kernel=1 cpu_ns=6891295352000000 mem=444301312 instructions=5037980773176 wakeups=20209507 diski=8777728 disko=531894272 rx=72369633 tx=30639500 comm=*system*
psu_energy_ac_mcp_machine=51964133911
-------
timestamp=3408444690550768
iterations=6367
sample_ns=100000000
window_ns=1000000000
rapl_core_sum_uj=17652038688
rapl_psys_sum_uj=0
pid=0 energy=34481680952879495 alive=1 kernel=1 cpu_ns=6891295782000000 mem=444076032 instructions=5040408575899 wakeups=20209727 diski=8777728 disko=531894272 rx=72369633 tx=30639500 comm=*system*
psu_energy_ac_mcp_machine=51980460938
-------
timestamp=3408444821664537
iterations=6369
sample_ns=100000000
window_ns=1000000000
rapl_core_sum_uj=17666224112
rapl_psys_sum_uj=0
pid=0 energy=34481709798827875 alive=1 kernel=1 cpu_ns=6891296628000000 mem=444243968 instructions=5045331765575 wakeups=20209947 diski=8777728 disko=531894272 rx=72369633 tx=30639500 comm=*system*
psu_energy_ac_mcp_machine=51996914307
-------
timestamp=3408444951724576
iterations=6370
sample_ns=100000000
window_ns=1000000000
rapl_core_sum_uj=17673296255
rapl_psys_sum_uj=0
pid=0 energy=34481724113633180 alive=1 kernel=1 cpu_ns=6891297057000000 mem=444178432 instructions=5047765726636 wakeups=20210161 diski=8777728 disko=531894272 rx=72369633 tx=30639500 comm=*system*
psu_energy_ac_mcp_machine=52018980225
-------
timestamp=3408445084560585
iterations=6371
sample_ns=100000000
window_ns=1000000000
rapl_core_sum_uj=17680408193
rapl_psys_sum_uj=0
pid=0 energy=34481738475655210 alive=1 kernel=1 cpu_ns=6891297488000000 mem=444166144 instructions=5050207131042 wakeups=20210373 diski=8777728 disko=531894272 rx=72369633 tx=30639500 comm=*system*
psu_energy_ac_mcp_machine=52035303589
-------
timestamp=3408445214651466
iterations=6372
sample_ns=100000000
window_ns=1000000000
rapl_core_sum_uj=17687532399
rapl_psys_sum_uj=0
pid=0 energy=34481752828912235 alive=1 kernel=1 cpu_ns=6891297915000000 mem=443977728 instructions=5052650782447 wakeups=20210575 diski=8777728 disko=531894272 rx=72369633 tx=30639500 comm=*system*
psu_energy_ac_mcp_machine=52051801025
-------
timestamp=3408445345253891
iterations=6374
sample_ns=100000000
window_ns=1000000000
rapl_core_sum_uj=17701758838
rapl_psys_sum_uj=0
pid=0 energy=34481781615137615 alive=1 kernel=1 cpu_ns=6891298756000000 mem=444170240 instructions=5057567027523 wakeups=20210795 diski=8777728 disko=531894272 rx=72369635 tx=30639500 comm=*system*
psu_energy_ac_mcp_machine=52073916138
-------
timestamp=3408445478989212
iterations=6375
sample_ns=100000000
window_ns=1000000000
rapl_core_sum_uj=17708690112
rapl_psys_sum_uj=0
pid=0 energy=34481795788780975 alive=1 kernel=1 cpu_ns=6891299183000000 mem=444182528 instructions=5059974756195 wakeups=20211016 diski=8777728 disko=531894272 rx=72369635 tx=30639500 comm=*system*
psu_energy_ac_mcp_machine=52089735840
-------
timestamp=3408445611701152
iterations=6376
sample_ns=100000000
window_ns=1000000000
rapl_core_sum_uj=17715499499
rapl_psys_sum_uj=0
pid=0 energy=34481810199945030 alive=1 kernel=1 cpu_ns=6891299610000000 mem=444174336 instructions=5062429989006 wakeups=20211227 diski=8777728 disko=531894272 rx=72369635 tx=30639500 comm=*system*
psu_energy_ac_mcp_machine=52106073975
-------
timestamp=3408445741560212
iterations=6377
sample_ns=100000000
window_ns=1000000000
rapl_core_sum_uj=17722643175
rapl_psys_sum_uj=0
pid=0 energy=34481824570913600 alive=1 kernel=1 cpu_ns=6891300039000000 mem=443949056 instructions=5064875182720 wakeups=20211442 diski=8777728 disko=531894272 rx=72369635 tx=30639500 comm=*system*
psu_energy_ac_mcp_machine=52122573975
-------
timestamp=3408445872264619
iterations=6379
sample_ns=100000000
window_ns=1000000000
rapl_core_sum_uj=17736842270
rapl_psys_sum_uj=0
pid=0 energy=34481853330019230 alive=1 kernel=1 cpu_ns=6891300885000000 mem=444178432 instructions=5069781003846 wakeups=20211669 diski=8777728 disko=531894272 rx=72369635 tx=30639500 comm=*system*
psu_energy_ac_mcp_machine=52144652222
-------
timestamp=3408446005747872
iterations=6380
sample_ns=100000000
window_ns=1000000000
rapl_core_sum_uj=17743918319
rapl_psys_sum_uj=0
pid=0 energy=34481867660250465 alive=1 kernel=1 cpu_ns=6891301314000000 mem=444178432 instructions=5072218050093 wakeups=20211888 diski=8777728 disko=531894272 rx=72369635 tx=30639500 comm=*system*
psu_energy_ac_mcp_machine=52160928101
-------
timestamp=3408446135489456
iterations=6381
sample_ns=100000000
window_ns=1000000000
rapl_core_sum_uj=17751019088
rapl_psys_sum_uj=0
pid=0 energy=34481882013976530 alive=1 kernel=1 cpu_ns=6891301741000000 mem=444190720 instructions=5074661795306 wakeups=20212102 diski=8777728 disko=531894272 rx=72369635 tx=30639500 comm=*system*
psu_energy_ac_mcp_machine=52177372437
-------
timestamp=3408446265342114
iterations=6382
sample_ns=100000000
window_ns=1000000000
rapl_core_sum_uj=17758130782
rapl_psys_sum_uj=0
pid=0 energy=34481896377305720 alive=1 kernel=1 cpu_ns=6891302167000000 mem=443965440 instructions=5077108461144 wakeups=20212319 diski=8777728 disko=531894272 rx=72369635 tx=30639500 comm=*system*
psu_energy_ac_mcp_machine=52199444336
-------
timestamp=3408446398909395
iterations=6384
sample_ns=100000000
window_ns=1000000000
rapl_core_sum_uj=17772329267
rapl_psys_sum_uj=0
pid=0 energy=34481925107332280 alive=1 kernel=1 cpu_ns=6891303011000000 mem=444182528 instructions=5082010466456 wakeups=20212532 diski=8777728 disko=531894272 rx=72369635 tx=30639500 comm=*system*
psu_energy_ac_mcp_machine=52215822144
-------
timestamp=3408446532570543
iterations=6385
sample_ns=100000000
window_ns=1000000000
rapl_core_sum_uj=17779437909
rapl_psys_sum_uj=0
pid=0 energy=34481939447079020 alive=1 kernel=1 cpu_ns=6891303438000000 mem=444182528 instructions=5084451415804 wakeups=20212748 diski=8777728 disko=531894272 rx=72369635 tx=30639500 comm=*system*
psu_energy_ac_mcp_machine=52232157593
-------
timestamp=3408446662648181
iterations=6386
sample_ns=100000000
window_ns=1000000000
rapl_core_sum_uj=17786533795
rapl_psys_sum_uj=0
pid=0 energy=34481953752554815 alive=1 kernel=1 cpu_ns=6891303867000000 mem=444006400 instructions=5086883510963 wakeups=20212962 diski=8777728 disko=531894272 rx=72369636 tx=30639501 comm=*system*
psu_energy_ac_mcp_machine=52254119873
-------
timestamp=3408446797564019
iterations=6388
sample_ns=100000000
window_ns=1000000000
rapl_core_sum_uj=17800703472
rapl_psys_sum_uj=0
pid=0 energy=34481982535065090 alive=1 kernel=1 cpu_ns=6891304708000000 mem=444186624 instructions=5091799013018 wakeups=20213179 diski=8777728 disko=531894272 rx=72369636 tx=30639501 comm=*system*
psu_energy_ac_mcp_machine=52270535400
-------
timestamp=3408446931775289
iterations=6389
sample_ns=100000000
window_ns=1000000000
rapl_core_sum_uj=17807820232
rapl_psys_sum_uj=0
pid=0 energy=34481996850763460 alive=1 kernel=1 cpu_ns=6891305135000000 mem=444186624 instructions=5094235152692 wakeups=20213400 diski=8777728 disko=531894272 rx=72369636 tx=30639501 comm=*system*
psu_energy_ac_mcp_machine=52286829590
-------
timestamp=3408447061978244
iterations=6390
sample_ns=100000000
window_ns=1000000000
rapl_core_sum_uj=17814914653
rapl_psys_sum_uj=0
pid=0 energy=34482011190131320 alive=1 kernel=1 cpu_ns=6891305565000000 mem=444190720 instructions=5096673026264 wakeups=20213614 diski=8777728 disko=531894272 rx=72369636 tx=30639501 comm=*system*
psu_energy_ac_mcp_machine=52303260864
-------
timestamp=3408447191810940
iterations=6391
sample_ns=100000000
window_ns=1000000000
rapl_core_sum_uj=17822045634
rapl_psys_sum_uj=0
pid=0 energy=34482025587625025 alive=1 kernel=1 cpu_ns=6891305995000000 mem=444190720 instructions=5099122525005 wakeups=20213816 diski=8777728 disko=531894272 rx=72369636 tx=30639501 comm=*system*
psu_energy_ac_mcp_machine=52325304932
-------
timestamp=3408447325259586
iterations=6393
sample_ns=100000000
window_ns=1000000000
rapl_core_sum_uj=17836202615
rapl_psys_sum_uj=0
pid=0 energy=34482054349964710 alive=1 kernel=1 cpu_ns=6891306842000000 mem=444211200 instructions=5104027992942 wakeups=20214038 diski=8777728 disko=531894272 rx=72369638 tx=30639501 comm=*system*
psu_energy_ac_mcp_machine=52341594238
-------
timestamp=3408447454748378
iterations=6394
sample_ns=100000000
window_ns=1000000000
rapl_core_sum_uj=17843284280
rapl_psys_sum_uj=0
pid=0 energy=34482068638846395 alive=1 kernel=1 cpu_ns=6891307268000000 mem=444198912 instructions=5106459769279 wakeups=20214259 diski=8777728 disko=531894272 rx=72369638 tx=30639501 comm=*system*
psu_energy_ac_mcp_machine=52358010132
-------
timestamp=3408447584324987
iterations=6395
sample_ns=100000000
window_ns=1000000000
rapl_core_sum_uj=17850387002
rapl_psys_sum_uj=0
pid=0 energy=34482082993015905 alive=1 kernel=1 cpu_ns=6891307698000000 mem=444194816 instructions=5108900603181 wakeups=20214466 diski=8777728 disko=531894272 rx=72369638 tx=30639501 comm=*system*
psu_energy_ac_mcp_machine=52380026489
-------
timestamp=3408447716731112
iterations=6396
sample_ns=100000000
window_ns=1000000000
rapl_core_sum_uj=17857499611
rapl_psys_sum_uj=0
pid=0 energy=34482097339652005 alive=1 kernel=1 cpu_ns=6891308125000000 mem=444108800 instructions=5111342930401 wakeups=20214683 diski=8777728 disko=531894272 rx=72369638 tx=30639501 comm=*system*
psu_energy_ac_mcp_machine=52396478271
-------
timestamp=3408447849833429
iterations=6398
sample_ns=100000000
window_ns=1000000000
rapl_core_sum_uj=17871725196
rapl_psys_sum_uj=0
pid=0 energy=34482126107849445 alive=1 kernel=1 cpu_ns=6891308972000000 mem=444198912 instructions=5116249569889 wakeups=20214901 diski=8777728 disko=531894272 rx=72369638 tx=30639501 comm=*system*
psu_energy_ac_mcp_machine=52412812378
-------
timestamp=3408447979730543
iterations=6399
sample_ns=100000000
window_ns=1000000000
rapl_core_sum_uj=17878847510
rapl_psys_sum_uj=0
pid=0 energy=34482140468971705 alive=1 kernel=1 cpu_ns=6891309402000000 mem=444203008 instructions=5118691794341 wakeups=20215123 diski=8777728 disko=531894272 rx=72369638 tx=30639501 comm=*system*
psu_energy_ac_mcp_machine=52429229614
-------
timestamp=3408448109594877
iterations=6400
sample_ns=100000000
window_ns=1000000000
rapl_core_sum_uj=17885993689
rapl_psys_sum_uj=0
pid=0 energy=34482154818647225 alive=1 kernel=1 cpu_ns=6891309832000000 mem=444211200 instructions=5121131729445 wakeups=20215334 diski=8777728 disko=531894272 rx=72369638 tx=30639501 comm=*system*
psu_energy_ac_mcp_machine=52451273804
-------
timestamp=3408448241702907
iterations=6401
sample_ns=100000000
window_ns=1000000000
rapl_core_sum_uj=17893105139
rapl_psys_sum_uj=0
pid=0 energy=34482169153690510 alive=1 kernel=1 cpu_ns=6891310258000000 mem=443985920 instructions=5123572738102 wakeups=20215560 diski=8777728 disko=531894272 rx=72369638 tx=30639501 comm=*system*
psu_energy_ac_mcp_machine=52467580811
-------
timestamp=3408448372032455
iterations=6403
sample_ns=100000000
window_ns=1000000000
rapl_core_sum_uj=17907324865
rapl_psys_sum_uj=0
pid=0 energy=34482197916209000 alive=1 kernel=1 cpu_ns=6891311103000000 mem=444215296 instructions=5128480241800 wakeups=20215784 diski=8777728 disko=531894272 rx=72369638 tx=30639501 comm=*system*
psu_energy_ac_mcp_machine=52484033691
-------
timestamp=3408448501739533
iterations=6404
sample_ns=100000000
window_ns=1000000000
rapl_core_sum_uj=17914422338
rapl_psys_sum_uj=0
pid=0 energy=34482212258399075 alive=1 kernel=1 cpu_ns=6891311534000000 mem=444219392 instructions=5130917679815 wakeups=20215993 diski=8777728 disko=531894272 rx=72369638 tx=30639501 comm=*system*
psu_energy_ac_mcp_machine=52500457153
-------
timestamp=3408448631480859
iterations=6405
sample_ns=100000000
window_ns=1000000000
rapl_core_sum_uj=17921534337
rapl_psys_sum_uj=0
pid=0 energy=34482226623463690 alive=1 kernel=1 cpu_ns=6891311964000000 mem=444219392 instructions=5133360692738 wakeups=20216202 diski=8777728 disko=531914752 rx=72369638 tx=30639501 comm=*system*
psu_energy_ac_mcp_machine=52522596558
-------
timestamp=3408448763716543
iterations=6406
sample_ns=100000000
window_ns=1000000000
rapl_core_sum_uj=17928658665
rapl_psys_sum_uj=0
pid=0 energy=34482241005130365 alive=1 kernel=1 cpu_ns=6891312390000000 mem=443994112 instructions=5135811026073 wakeups=20216431 diski=8777728 disko=531939328 rx=72369638 tx=30639501 comm=*system*
psu_energy_ac_mcp_machine=52538945313
-------
timestamp=3408448893457802
iterations=6408
sample_ns=100000000
window_ns=1000000000
rapl_core_sum_uj=17942889865
rapl_psys_sum_uj=0
pid=0 energy=34482269737906870 alive=1 kernel=1 cpu_ns=6891313235000000 mem=444211200 instructions=5140712581374 wakeups=20216662 diski=8777728 disko=531939328 rx=72369638 tx=30639501 comm=*system*
psu_energy_ac_mcp_machine=52555473633
-------
timestamp=3408449023764318
iterations=6409
sample_ns=100000000
window_ns=1000000000
rapl_core_sum_uj=17949996005
rapl_psys_sum_uj=0
pid=0 energy=34482284018687055 alive=1 kernel=1 cpu_ns=6891313662000000 mem=444215296 instructions=5143141737411 wakeups=20216869 diski=8777728 disko=531939328 rx=72369638 tx=30639501 comm=*system*
psu_energy_ac_mcp_machine=52577547485
-------
timestamp=3408449155956993
iterations=6410
sample_ns=100000000
window_ns=1000000000
rapl_core_sum_uj=17957167941
rapl_psys_sum_uj=0
pid=0 energy=34482298447932065 alive=1 kernel=1 cpu_ns=6891314092000000 mem=444227584 instructions=5145597586413 wakeups=20217078 diski=8777728 disko=531939328 rx=72369638 tx=30639501 comm=*system*
psu_energy_ac_mcp_machine=52594069336
-------
timestamp=3408449288536385
iterations=6412
sample_ns=100000000
window_ns=1000000000
rapl_core_sum_uj=17971390352
rapl_psys_sum_uj=0
pid=0 energy=34482327254418185 alive=1 kernel=1 cpu_ns=6891314940000000 mem=444678144 instructions=5150510883637 wakeups=20217309 diski=8777728 disko=531943424 rx=72369638 tx=30639501 comm=*system*
psu_energy_ac_mcp_machine=52610387695
-------
timestamp=3408449418383753
iterations=6413
sample_ns=100000000
window_ns=1000000000
rapl_core_sum_uj=17978474214
rapl_psys_sum_uj=0
pid=0 energy=34482341530519095 alive=1 kernel=1 cpu_ns=6891315364000000 mem=444219392 instructions=5152942103819 wakeups=20217520 diski=8777728 disko=531943424 rx=72369640 tx=30639501 comm=*system*
psu_energy_ac_mcp_machine=52626877319
-------
timestamp=3408449548641079
iterations=6414
sample_ns=100000000
window_ns=1000000000
rapl_core_sum_uj=17985599885
rapl_psys_sum_uj=0
pid=0 energy=34482355837562350 alive=1 kernel=1 cpu_ns=6891315792000000 mem=444227584 instructions=5155375512470 wakeups=20217722 diski=8777728 disko=531943424 rx=72369640 tx=30639501 comm=*system*
psu_energy_ac_mcp_machine=52648977173
-------
timestamp=3408449680720796
iterations=6415
sample_ns=100000000
window_ns=1000000000
rapl_core_sum_uj=17992774201
rapl_psys_sum_uj=0
pid=0 energy=34482370301287140 alive=1 kernel=1 cpu_ns=6891316222000000 mem=444022784 instructions=5157838257428 wakeups=20217942 diski=8777728 disko=531943424 rx=72369640 tx=30639501 comm=*system*
psu_energy_ac_mcp_machine=52665338379
-------
timestamp=3408449811694438
iterations=6417
sample_ns=100000000
window_ns=1000000000
rapl_core_sum_uj=18006970123
rapl_psys_sum_uj=0
pid=0 energy=34482399051473265 alive=1 kernel=1 cpu_ns=6891317066000000 mem=444223488 instructions=5162744294653 wakeups=20218165 diski=8777728 disko=531943424 rx=72369640 tx=30639501 comm=*system*
psu_energy_ac_mcp_machine=52681778320
-------
timestamp=3408449941661315
iterations=6418
sample_ns=100000000
window_ns=1000000000
rapl_core_sum_uj=18014058379
rapl_psys_sum_uj=0
pid=0 energy=34482413326567585 alive=1 kernel=1 cpu_ns=6891317496000000 mem=444227584 instructions=5165169313517 wakeups=20218377 diski=8777728 disko=531943424 rx=72369640 tx=30639501 comm=*system*
psu_energy_ac_mcp_machine=52698281494
-------
timestamp=3408450071442298
iterations=6419
sample_ns=100000000
window_ns=1000000000
rapl_core_sum_uj=18021173918
rapl_psys_sum_uj=0
pid=0 energy=34482427646946900 alive=1 kernel=1 cpu_ns=6891317923000000 mem=444227584 instructions=5167606389380 wakeups=20218586 diski=8777728 disko=531943424 rx=72369640 tx=30639501 comm=*system*
psu_energy_ac_mcp_machine=52720398315
-------
timestamp=3408450204286069
iterations=6420
sample_ns=100000000
window_ns=1000000000
rapl_core_sum_uj=18028315458
rapl_psys_sum_uj=0
pid=0 energy=34482441944970375 alive=1 kernel=1 cpu_ns=6891318351000000 mem=444043264 instructions=5170037994075 wakeups=20218805 diski=8777728 disko=531943424 rx=72369640 tx=30639501 comm=*system*
psu_energy_ac_mcp_machine=52736703857
-------
timestamp=3408450334678413
iterations=6422
sample_ns=100000000
window_ns=1000000000
rapl_core_sum_uj=18042493619
rapl_psys_sum_uj=0
pid=0 energy=34482470752896330 alive=1 kernel=1 cpu_ns=6891319196000000 mem=444227584 instructions=5174954579266 wakeups=20219016 diski=8777728 disko=531943424 rx=72369640 tx=30639501 comm=*system*
psu_energy_ac_mcp_machine=52753143555
-------
timestamp=3408450464676208
iterations=6423
sample_ns=100000000
window_ns=1000000000
rapl_core_sum_uj=18049610318
rapl_psys_sum_uj=0
pid=0 energy=34482485098891245 alive=1 kernel=1 cpu_ns=6891319624000000 mem=444239872 instructions=5177395778249 wakeups=20219234 diski=8777728 disko=531943424 rx=72369640 tx=30639501 comm=*system*
psu_energy_ac_mcp_machine=52775249146
-------
timestamp=3408450596657872
iterations=6424
sample_ns=100000000
window_ns=1000000000
rapl_core_sum_uj=18056720303
rapl_psys_sum_uj=0
pid=0 energy=34482499410014750 alive=1 kernel=1 cpu_ns=6891320052000000 mem=444235776 instructions=5179830002950 wakeups=20219436 diski=8777728 disko=531943424 rx=72369640 tx=30639501 comm=*system*
psu_energy_ac_mcp_machine=52791731567
-------
timestamp=3408450729496365
iterations=6425
sample_ns=100000000
window_ns=1000000000
rapl_core_sum_uj=18063865383
rapl_psys_sum_uj=0
pid=0 energy=34482513774003305 alive=1 kernel=1 cpu_ns=6891320480000000 mem=444051456 instructions=5182274800661 wakeups=20219663 diski=8777728 disko=531943424 rx=72369640 tx=30639501 comm=*system*
psu_energy_ac_mcp_machine=52808120850
-------
timestamp=3408450859553212
iterations=6427
sample_ns=100000000
window_ns=1000000000
rapl_core_sum_uj=18078103114
rapl_psys_sum_uj=0
pid=0 energy=34482542579879740 alive=1 kernel=1 cpu_ns=6891321324000000 mem=444231680 instructions=5187191975948 wakeups=20219902 diski=8777728 disko=531943424 rx=72369640 tx=30639501 comm=*system*
psu_energy_ac_mcp_machine=52824629517
-------
timestamp=3408450989341402
iterations=6428
sample_ns=100000000
window_ns=1000000000
rapl_core_sum_uj=18085181361
rapl_psys_sum_uj=0
pid=0 energy=34482556891260085 alive=1 kernel=1 cpu_ns=6891321751000000 mem=444248064 instructions=5189627252017 wakeups=20220113 diski=8777728 disko=531943424 rx=72369640 tx=30639501 comm=*system*
psu_energy_ac_mcp_machine=52846793823
-------
timestamp=3408451122805811
iterations=6429
sample_ns=100000000
window_ns=1000000000
rapl_core_sum_uj=18092319300
rapl_psys_sum_uj=0
pid=0 energy=34482571224354450 alive=1 kernel=1 cpu_ns=6891322178000000 mem=444231680 instructions=5192066870890 wakeups=20220330 diski=8777728 disko=531943424 rx=72369640 tx=30639501 comm=*system*
psu_energy_ac_mcp_machine=52863122070
-------
timestamp=3408451252830692
iterations=6430
sample_ns=100000000
window_ns=1000000000
rapl_core_sum_uj=18099452844
rapl_psys_sum_uj=0
pid=0 energy=34482585605126550 alive=1 kernel=1 cpu_ns=6891322608000000 mem=444006400 instructions=5194513025310 wakeups=20220540 diski=8777728 disko=531943424 rx=72369640 tx=30639501 comm=*system*
psu_energy_ac_mcp_machine=52879656738
-------
timestamp=3408451382521660
iterations=6432
sample_ns=100000000
window_ns=1000000000
rapl_core_sum_uj=18113667870
rapl_psys_sum_uj=0
pid=0 energy=34482614366570235 alive=1 kernel=1 cpu_ns=6891323455000000 mem=444243968 instructions=5199418314047 wakeups=20220848 diski=8777728 disko=535130112 rx=72369642 tx=30639501 comm=*system*
psu_energy_ac_mcp_machine=52901739868
-------
timestamp=3408451515319133
iterations=6433
sample_ns=100000000
window_ns=1000000000
rapl_core_sum_uj=18120770042
rapl_psys_sum_uj=0
pid=0 energy=34482628649740500 alive=1 kernel=1 cpu_ns=6891323881000000 mem=444243968 instructions=5201848948100 wakeups=20221059 diski=8777728 disko=535130112 rx=72369642 tx=30639501 comm=*system*
psu_energy_ac_mcp_machine=52918205811
-------
timestamp=3408451647456463
iterations=6434
sample_ns=100000000
window_ns=1000000000
rapl_core_sum_uj=18127889976
rapl_psys_sum_uj=0
pid=0 energy=34482642910689805 alive=1 kernel=1 cpu_ns=6891324307000000 mem=444239872 instructions=5204275137961 wakeups=20221283 diski=8777728 disko=535130112 rx=72369642 tx=30639501 comm=*system*
psu_energy_ac_mcp_machine=52934537964
-------
timestamp=3408451777700596
iterations=6435
sample_ns=100000000
window_ns=1000000000
rapl_core_sum_uj=18135051658
rapl_psys_sum_uj=0
pid=0 energy=34482657328451775 alive=1 kernel=1 cpu_ns=6891324737000000 mem=444067840 instructions=5206728690355 wakeups=20221495 diski=8777728 disko=535130112 rx=72369642 tx=30639501 comm=*system*
psu_energy_ac_mcp_machine=52951071045
-------
timestamp=3408451909479412
iterations=6437
sample_ns=100000000
window_ns=1000000000
rapl_core_sum_uj=18149325766
rapl_psys_sum_uj=0
pid=0 energy=34482686150993050 alive=1 kernel=1 cpu_ns=6891325585000000 mem=444248064 instructions=5211645198610 wakeups=20221717 diski=8777728 disko=535130112 rx=72369642 tx=30639501 comm=*system*
psu_energy_ac_mcp_machine=52973271729
-------
timestamp=3408452043686547
iterations=6438
sample_ns=100000000
window_ns=1000000000
rapl_core_sum_uj=18156437826
rapl_psys_sum_uj=0
pid=0 energy=34482700447022755 alive=1 kernel=1 cpu_ns=6891326013000000 mem=444243968 instructions=5214076404551 wakeups=20221923 diski=8777728 disko=535130112 rx=72369642 tx=30639501 comm=*system*
psu_energy_ac_mcp_machine=52989608154
-------
timestamp=3408452173420540
iterations=6439
sample_ns=100000000
window_ns=1000000000
rapl_core_sum_uj=18163547811
rapl_psys_sum_uj=0
pid=0 energy=34482714775220290 alive=1 kernel=1 cpu_ns=6891326445000000 mem=444272640 instructions=5216510044058 wakeups=20222140 diski=8777728 disko=535130112 rx=72369642 tx=30639501 comm=*system*
psu_energy_ac_mcp_machine=53006066650
-------
timestamp=3408452305045794
iterations=6441
sample_ns=100000000
window_ns=1000000000
rapl_core_sum_uj=18177774494
rapl_psys_sum_uj=0
pid=0 energy=34482743624149325 alive=1 kernel=1 cpu_ns=6891327295000000 mem=444932096 instructions=5221429829865 wakeups=20222373 diski=8777728 disko=535130112 rx=72369642 tx=30639501 comm=*system*
psu_energy_ac_mcp_machine=53028148071
-------
timestamp=3408452438689961
iterations=6442
sample_ns=100000000
window_ns=1000000000
rapl_core_sum_uj=18184875018
rapl_psys_sum_uj=0
pid=0 energy=34482757881890595 alive=1 kernel=1 cpu_ns=6891327719000000 mem=444260352 instructions=5223857378119 wakeups=20222572 diski=8777728 disko=535130112 rx=72369642 tx=30639501 comm=*system*
psu_energy_ac_mcp_machine=53044502930
-------
timestamp=3408452570809511
iterations=6443
sample_ns=100000000
window_ns=1000000000
rapl_core_sum_uj=18192017962
rapl_psys_sum_uj=0
pid=0 energy=34482772210893935 alive=1 kernel=1 cpu_ns=6891328147000000 mem=444248064 instructions=5226295178787 wakeups=20222779 diski=8777728 disko=535130112 rx=72369642 tx=30639501 comm=*system*
psu_energy_ac_mcp_machine=53060987793
-------
timestamp=3408452700538325
iterations=6444
sample_ns=100000000
window_ns=1000000000
rapl_core_sum_uj=18199157732
rapl_psys_sum_uj=0
pid=0 energy=34482786559455730 alive=1 kernel=1 cpu_ns=6891328578000000 mem=444063744 instructions=5228733891146 wakeups=20223001 diski=8777728 disko=535130112 rx=72369642 tx=30639501 comm=*system*
psu_energy_ac_mcp_machine=53083069702
-------
timestamp=3408452834841391
iterations=6446
sample_ns=100000000
window_ns=1000000000
rapl_core_sum_uj=18213397905
rapl_psys_sum_uj=0
pid=0 energy=34482815381310070 alive=1 kernel=1 cpu_ns=6891329423000000 mem=444264448 instructions=5233653262014 wakeups=20223225 diski=8777728 disko=535130112 rx=72369642 tx=30639501 comm=*system*
psu_energy_ac_mcp_machine=53099590454
-------
timestamp=3408452967725124
iterations=6447
sample_ns=100000000
window_ns=1000000000
rapl_core_sum_uj=18220493852
rapl_psys_sum_uj=0
pid=0 energy=34482829708504805 alive=1 kernel=1 cpu_ns=6891329852000000 mem=444260352 instructions=5236089700961 wakeups=20223440 diski=8777728 disko=535130112 rx=72369642 tx=30639501 comm=*system*
psu_energy_ac_mcp_machine=53115925415
-------
timestamp=3408453097852256
iterations=6448
sample_ns=100000000
window_ns=1000000000
rapl_core_sum_uj=18227635270
rapl_psys_sum_uj=0
pid=0 energy=34482844054334580 alive=1 kernel=1 cpu_ns=6891330282000000 mem=444194816 instructions=5238528866916 wakeups=20223658 diski=8777728 disko=535130112 rx=72369642 tx=30639501 comm=*system*
psu_energy_ac_mcp_machine=53132440430
-------
timestamp=3408453227767661
iterations=6449
sample_ns=100000000
window_ns=1000000000
rapl_core_sum_uj=18234787003
rapl_psys_sum_uj=0
pid=0 energy=34482858428920010 alive=1 kernel=1 cpu_ns=6891330711000000 mem=444260352 instructions=5240974784002 wakeups=20223873 diski=8777728 disko=535130112 rx=72369642 tx=30639501 comm=*system*
psu_energy_ac_mcp_machine=53154522461
-------
timestamp=3408453359571782
iterations=6451
sample_ns=100000000
window_ns=1000000000
rapl_core_sum_uj=18249004837
rapl_psys_sum_uj=0
pid=0 energy=34482887169044515 alive=1 kernel=1 cpu_ns=6891331559000000 mem=444272640 instructions=5245874808903 wakeups=20224099 diski=8777728 disko=535130112 rx=72369644 tx=30639501 comm=*system*
psu_energy_ac_mcp_machine=53170906738
-------
timestamp=3408453490385807
iterations=6452
sample_ns=100000000
window_ns=1000000000
rapl_core_sum_uj=18256138687
rapl_psys_sum_uj=0
pid=0 energy=34482901502410880 alive=1 kernel=1 cpu_ns=6891331988000000 mem=444112896 instructions=5248312482176 wakeups=20224303 diski=8777728 disko=535130112 rx=72369644 tx=30639501 comm=*system*
psu_energy_ac_mcp_machine=53187302246
-------
timestamp=3408453620553523
iterations=6453
sample_ns=100000000
window_ns=1000000000
rapl_core_sum_uj=18263211562
rapl_psys_sum_uj=0
pid=0 energy=34482915777134190 alive=1 kernel=1 cpu_ns=6891332417000000 mem=444129280 instructions=5250738426838 wakeups=20224527 diski=8777728 disko=535130112 rx=72369644 tx=30639501 comm=*system*
psu_energy_ac_mcp_machine=53203746338
-------
timestamp=3408453750036529
iterations=6454
sample_ns=100000000
window_ns=1000000000
rapl_core_sum_uj=18270337904
rapl_psys_sum_uj=0
pid=0 energy=34482930143157210 alive=1 kernel=1 cpu_ns=6891332844000000 mem=444170240 instructions=5253184631442 wakeups=20224752 diski=8777728 disko=535154688 rx=72369644 tx=30639501 comm=*system*
psu_energy_ac_mcp_machine=53225878418
-------
timestamp=3408453883496422
iterations=6456
sample_ns=100000000
window_ns=1000000000
rapl_core_sum_uj=18284539929
rapl_psys_sum_uj=0
pid=0 energy=34482958832518980 alive=1 kernel=1 cpu_ns=6891333693000000 mem=444268544 instructions=5258073503796 wakeups=20224975 diski=8777728 disko=535154688 rx=72369644 tx=30639501 comm=*system*
psu_energy_ac_mcp_machine=53242254028
-------
timestamp=3408454013737657
iterations=6457
sample_ns=100000000
window_ns=1000000000
rapl_core_sum_uj=18291668896
rapl_psys_sum_uj=0
pid=0 energy=34482973164081750 alive=1 kernel=1 cpu_ns=6891334120000000 mem=444272640 instructions=5260512816350 wakeups=20225181 diski=8777728 disko=535154688 rx=72369644 tx=30639501 comm=*system*
psu_energy_ac_mcp_machine=53258710571
-------
timestamp=3408454143753525
iterations=6458
sample_ns=100000000
window_ns=1000000000
rapl_core_sum_uj=18298770885
rapl_psys_sum_uj=0
pid=0 energy=34482987525712685 alive=1 kernel=1 cpu_ns=6891334550000000 mem=444272640 instructions=5262955142537 wakeups=20225390 diski=8777728 disko=535154688 rx=72369644 tx=30639501 comm=*system*
psu_energy_ac_mcp_machine=53280818359
-------
timestamp=3408454277707876
iterations=6460
sample_ns=100000000
window_ns=1000000000
rapl_core_sum_uj=18313063242
rapl_psys_sum_uj=0
pid=0 energy=34483016409530685 alive=1 kernel=1 cpu_ns=6891335407000000 mem=445415424 instructions=5267874906137 wakeups=20225638 diski=8777728 disko=535154688 rx=72369644 tx=30639501 comm=*system*
psu_energy_ac_mcp_machine=53297245361
-------
timestamp=3408454410556761
iterations=6461
sample_ns=100000000
window_ns=1000000000
rapl_core_sum_uj=18320126779
rapl_psys_sum_uj=0
pid=0 energy=34483030633068225 alive=1 kernel=1 cpu_ns=6891335828000000 mem=444280832 instructions=5270298613645 wakeups=20225813 diski=8777728 disko=535154688 rx=72369644 tx=30639501 comm=*system*
psu_energy_ac_mcp_machine=53313667114
-------
timestamp=3408454539725193
iterations=6462
sample_ns=100000000
window_ns=1000000000
rapl_core_sum_uj=18327227792
rapl_psys_sum_uj=0
pid=0 energy=34483044979781945 alive=1 kernel=1 cpu_ns=6891336254000000 mem=444276736 instructions=5272741956389 wakeups=20226020 diski=8777728 disko=535154688 rx=72369644 tx=30639501 comm=*system*
psu_energy_ac_mcp_machine=53330161743
-------
timestamp=3408454669550760
iterations=6463
sample_ns=100000000
window_ns=1000000000
rapl_core_sum_uj=18334362069
rapl_psys_sum_uj=0
pid=0 energy=34483059360487325 alive=1 kernel=1 cpu_ns=6891336685000000 mem=444284928 instructions=5275187097465 wakeups=20226245 diski=8777728 disko=535154688 rx=72369644 tx=30639501 comm=*system*
psu_energy_ac_mcp_machine=53352270020
-------
timestamp=3408454803523093
iterations=6465
sample_ns=100000000
window_ns=1000000000
rapl_core_sum_uj=18348599068
rapl_psys_sum_uj=0
pid=0 energy=34483088142998390 alive=1 kernel=1 cpu_ns=6891337531000000 mem=444280832 instructions=5280097599678 wakeups=20226474 diski=8777728 disko=535154688 rx=72369644 tx=30639501 comm=*system*
psu_energy_ac_mcp_machine=53368622192
-------
timestamp=3408454933883200
iterations=6466
sample_ns=100000000
window_ns=1000000000
rapl_core_sum_uj=18355707588
rapl_psys_sum_uj=0
pid=0 energy=34483102456654835 alive=1 kernel=1 cpu_ns=6891337957000000 mem=444284928 instructions=5282534330967 wakeups=20226674 diski=8777728 disko=535154688 rx=72369644 tx=30639501 comm=*system*
psu_energy_ac_mcp_machine=53385154907
-------
timestamp=3408455063316864
iterations=6467
sample_ns=100000000
window_ns=1000000000
rapl_core_sum_uj=18362919929
rapl_psys_sum_uj=0
pid=0 energy=34483116972465980 alive=1 kernel=1 cpu_ns=6891338389000000 mem=444284928 instructions=5285005493196 wakeups=20226899 diski=8777728 disko=535154688 rx=72369644 tx=30639501 comm=*system*
psu_energy_ac_mcp_machine=53407254761
-------
timestamp=3408455195578583
iterations=6468
sample_ns=100000000
window_ns=1000000000
rapl_core_sum_uj=18369953681
rapl_psys_sum_uj=0
pid=0 energy=34483131140913150 alive=1 kernel=1 cpu_ns=6891338811000000 mem=444239872 instructions=5287417182630 wakeups=20227109 diski=8777728 disko=535154688 rx=72369644 tx=30639501 comm=*system*
psu_energy_ac_mcp_machine=53423672974
-------
timestamp=3408455329633735
iterations=6470
sample_ns=100000000
window_ns=1000000000
rapl_core_sum_uj=18384169256
rapl_psys_sum_uj=0
pid=0 energy=34483159942265805 alive=1 kernel=1 cpu_ns=6891339656000000 mem=444284928 instructions=5292332453161 wakeups=20227316 diski=8777728 disko=535154688 rx=72369646 tx=30639501 comm=*system*
psu_energy_ac_mcp_machine=53440107666
-------
timestamp=3408455459656127
iterations=6471
sample_ns=100000000
window_ns=1000000000
rapl_core_sum_uj=18391276555
rapl_psys_sum_uj=0
pid=0 energy=34483174264672765 alive=1 kernel=1 cpu_ns=6891340086000000 mem=444289024 instructions=5294766934553 wakeups=20227526 diski=8777728 disko=535154688 rx=72369646 tx=30639501 comm=*system*
psu_energy_ac_mcp_machine=53456586060
-------
timestamp=3408455589713380
iterations=6472
sample_ns=100000000
window_ns=1000000000
rapl_core_sum_uj=18398380803
rapl_psys_sum_uj=0
pid=0 energy=34483188606119615 alive=1 kernel=1 cpu_ns=6891340512000000 mem=444289024 instructions=5297209223923 wakeups=20227746 diski=8777728 disko=535154688 rx=72369646 tx=30639501 comm=*system*
psu_energy_ac_mcp_machine=53478684326
-------
timestamp=3408455722560454
iterations=6473
sample_ns=100000000
window_ns=1000000000
rapl_core_sum_uj=18405500126
rapl_psys_sum_uj=0
pid=0 energy=34483202929711080 alive=1 kernel=1 cpu_ns=6891340941000000 mem=444116992 instructions=5299644942216 wakeups=20227959 diski=8777728 disko=535154688 rx=72369646 tx=30639501 comm=*system*
psu_energy_ac_mcp_machine=53495001587
-------
timestamp=3408455852448301
iterations=6475
sample_ns=100000000
window_ns=1000000000
rapl_core_sum_uj=18419691715
rapl_psys_sum_uj=0
pid=0 energy=34483231682561905 alive=1 kernel=1 cpu_ns=6891341787000000 mem=444293120 instructions=5304549512381 wakeups=20228189 diski=8777728 disko=535154688 rx=72369646 tx=30639501 comm=*system*
psu_energy_ac_mcp_machine=53511474365
-------
timestamp=3408455982713944
iterations=6476
sample_ns=100000000
window_ns=1000000000
rapl_core_sum_uj=18426787845
rapl_psys_sum_uj=0
pid=0 energy=34483245996218620 alive=1 kernel=1 cpu_ns=6891342214000000 mem=444293120 instructions=5306985243724 wakeups=20228397 diski=8777728 disko=535154688 rx=72369646 tx=30639501 comm=*system*
psu_energy_ac_mcp_machine=53533599731
-------
timestamp=3408456115764113
iterations=6477
sample_ns=100000000
window_ns=1000000000
rapl_core_sum_uj=18433909915
rapl_psys_sum_uj=0
pid=0 energy=34483260361698745 alive=1 kernel=1 cpu_ns=6891342646000000 mem=444297216 instructions=5309426339749 wakeups=20228615 diski=8777728 disko=535154688 rx=72369646 tx=30639501 comm=*system*
psu_energy_ac_mcp_machine=53550063110
-------
timestamp=3408456248980848
iterations=6478
sample_ns=100000000
window_ns=1000000000
rapl_core_sum_uj=18440992190
rapl_psys_sum_uj=0
pid=0 energy=34483274716382035 alive=1 kernel=1 cpu_ns=6891343077000000 mem=444129280 instructions=5311866276407 wakeups=20228816 diski=8777728 disko=535154688 rx=72369646 tx=30639501 comm=*system*
psu_energy_ac_mcp_machine=53566482178
-------
timestamp=3408456378850917
iterations=6480
sample_ns=100000000
window_ns=1000000000
rapl_core_sum_uj=18455132508
rapl_psys_sum_uj=0
pid=0 energy=34483303433624385 alive=1 kernel=1 cpu_ns=6891343921000000 mem=444301312 instructions=5316765724877 wakeups=20229042 diski=8777728 disko=535154688 rx=72369647 tx=30639501 comm=*system*
psu_energy_ac_mcp_machine=53582938477
-------
timestamp=3408456508698557
iterations=6481
sample_ns=100000000
window_ns=1000000000
rapl_core_sum_uj=18462195557
rapl_psys_sum_uj=0
pid=0 energy=34483317779841560 alive=1 kernel=1 cpu_ns=6891344351000000 mem=444305408 instructions=5319204968312 wakeups=20229251 diski=8777728 disko=535154688 rx=72369647 tx=30639501 comm=*system*
psu_energy_ac_mcp_machine=53605044922
-------
timestamp=3408456642400115
iterations=6482
sample_ns=100000000
window_ns=1000000000
rapl_core_sum_uj=18469272827
rapl_psys_sum_uj=0
pid=0 energy=34483332090645500 alive=1 kernel=1 cpu_ns=6891344779000000 mem=444297216 instructions=5321639129100 wakeups=20229467 diski=8777728 disko=535154688 rx=72369647 tx=30639501 comm=*system*
psu_energy_ac_mcp_machine=53621327148
-------
timestamp=3408456772397956
iterations=6483
sample_ns=100000000
window_ns=1000000000
rapl_core_sum_uj=18476389587
rapl_psys_sum_uj=0
pid=0 energy=34483346459616260 alive=1 kernel=1 cpu_ns=6891345206000000 mem=444071936 instructions=5324085923252 wakeups=20229691 diski=8777728 disko=535154688 rx=72369648 tx=30639502 comm=*system*
psu_energy_ac_mcp_machine=53637778076
-------
timestamp=3408456903929924
iterations=6485
sample_ns=100000000
window_ns=1000000000
rapl_core_sum_uj=18490565672
rapl_psys_sum_uj=0
pid=0 energy=34483375149466495 alive=1 kernel=1 cpu_ns=6891346049000000 mem=444313600 instructions=5328980893299 wakeups=20229917 diski=8777728 disko=535154688 rx=72369648 tx=30639502 comm=*system*
psu_energy_ac_mcp_machine=53659847168
-------
timestamp=3408457037063193
iterations=6486
sample_ns=100000000
window_ns=1000000000
rapl_core_sum_uj=18497653135
rapl_psys_sum_uj=0
pid=0 energy=34483389407920610 alive=1 kernel=1 cpu_ns=6891346477000000 mem=444301312 instructions=5331404584122 wakeups=20230141 diski=8777728 disko=535154688 rx=72369648 tx=30639502 comm=*system*
psu_energy_ac_mcp_machine=53676146606
-------
timestamp=3408457169547729
iterations=6487
sample_ns=100000000
window_ns=1000000000
rapl_core_sum_uj=18504761472
rapl_psys_sum_uj=0
pid=0 energy=34483403707672300 alive=1 kernel=1 cpu_ns=6891346904000000 mem=444321792 instructions=5333837534460 wakeups=20230352 diski=8777728 disko=535154688 rx=72369648 tx=30639502 comm=*system*
psu_energy_ac_mcp_machine=53692505005
-------
timestamp=3408457299488851
iterations=6489
sample_ns=100000000
window_ns=1000000000
rapl_core_sum_uj=18518968502
rapl_psys_sum_uj=0
pid=0 energy=34483432483168760 alive=1 kernel=1 cpu_ns=6891347750000000 mem=444321792 instructions=5338746633752 wakeups=20230577 diski=8777728 disko=535154688 rx=72369648 tx=30639502 comm=*system*
psu_energy_ac_mcp_machine=53714524414
-------
timestamp=3408457436122992
iterations=6490
sample_ns=100000000
window_ns=1000000000
rapl_core_sum_uj=18525831722
rapl_psys_sum_uj=0
pid=0 energy=34483446070756855 alive=1 kernel=1 cpu_ns=6891348162000000 mem=444321792 instructions=5341052151371 wakeups=20230831 diski=8777728 disko=535154688 rx=72369654 tx=30639507 comm=*system*
psu_energy_ac_mcp_machine=53731351685
-------
timestamp=3408457568637585
iterations=6491
sample_ns=100000000
window_ns=1000000000
rapl_core_sum_uj=18534174312
rapl_psys_sum_uj=0
pid=0 energy=34483463555970115 alive=1 kernel=1 cpu_ns=6891348691000000 mem=444547072 instructions=5344020194023 wakeups=20231033 diski=8777728 disko=535154688 rx=72369654 tx=30639507 comm=*system*
psu_energy_ac_mcp_machine=53749903809
-------
timestamp=3408457700210323
iterations=6492
sample_ns=100000000
window_ns=1000000000
rapl_core_sum_uj=18542542903
rapl_psys_sum_uj=0
pid=0 energy=34483481051674745 alive=1 kernel=1 cpu_ns=6891349221000000 mem=444547072 instructions=5346989334949 wakeups=20231229 diski=8777728 disko=535154688 rx=72369654 tx=30639507 comm=*system*
psu_energy_ac_mcp_machine=53774698486
-------
timestamp=3408457833226653
iterations=6494
sample_ns=100000000
window_ns=1000000000
rapl_core_sum_uj=18559346918
rapl_psys_sum_uj=0
pid=0 energy=34483515896736475 alive=1 kernel=1 cpu_ns=6891350273000000 mem=444870656 instructions=5352906347295 wakeups=20231444 diski=8777728 disko=535154688 rx=72369654 tx=30639507 comm=*system*
psu_energy_ac_mcp_machine=53793336182
-------
timestamp=3408457965758873
iterations=6495
sample_ns=100000000
window_ns=1000000000
rapl_core_sum_uj=18567689447
rapl_psys_sum_uj=0
pid=0 energy=34483533310922585 alive=1 kernel=1 cpu_ns=6891350802000000 mem=445157376 instructions=5355860184517 wakeups=20231649 diski=8777728 disko=535154688 rx=72369654 tx=30639507 comm=*system*
psu_energy_ac_mcp_machine=53811805908
-------
timestamp=3408458095578332
iterations=6496
sample_ns=100000000
window_ns=1000000000
rapl_core_sum_uj=18576024102
rapl_psys_sum_uj=0
pid=0 energy=34483550660759415 alive=1 kernel=1 cpu_ns=6891351333000000 mem=445157376 instructions=5358799151883 wakeups=20231861 diski=8777728 disko=535154688 rx=72369654 tx=30639507 comm=*system*
psu_energy_ac_mcp_machine=53830403931
-------
timestamp=3408458225819424
iterations=6497
sample_ns=100000000
window_ns=1000000000
rapl_core_sum_uj=18584417717
rapl_psys_sum_uj=0
pid=0 energy=34483568147170175 alive=1 kernel=1 cpu_ns=6891351864000000 mem=445157376 instructions=5361765434035 wakeups=20232062 diski=8777728 disko=535154688 rx=72369654 tx=30639507 comm=*system*
psu_energy_ac_mcp_machine=53855263550
-------
timestamp=3408458360468649
iterations=6499
sample_ns=100000000
window_ns=1000000000
rapl_core_sum_uj=18601200919
rapl_psys_sum_uj=0
pid=0 energy=34483602834314940 alive=1 kernel=1 cpu_ns=6891352917000000 mem=445165568 instructions=5367649862988 wakeups=20232289 diski=8777728 disko=535154688 rx=72369654 tx=30639507 comm=*system*
psu_energy_ac_mcp_machine=53873770264
-------
timestamp=3408458490821874
iterations=6500
sample_ns=100000000
window_ns=1000000000
rapl_core_sum_uj=18609556021
rapl_psys_sum_uj=0
pid=0 energy=34483620226217445 alive=1 kernel=1 cpu_ns=6891353447000000 mem=445165568 instructions=5370598243489 wakeups=20232493 diski=8777728 disko=535154688 rx=72369654 tx=30639507 comm=*system*
psu_energy_ac_mcp_machine=53892340820
-------
timestamp=3408458621076510
iterations=6501
sample_ns=100000000
window_ns=1000000000
rapl_core_sum_uj=18617930410
rapl_psys_sum_uj=0
pid=0 energy=34483637681230645 alive=1 kernel=1 cpu_ns=6891353976000000 mem=445165568 instructions=5373560246129 wakeups=20232700 diski=8777728 disko=535154688 rx=72369654 tx=30639507 comm=*system*
psu_energy_ac_mcp_machine=53917214844
-------
timestamp=3408458757792835
iterations=6503
sample_ns=100000000
window_ns=1000000000
rapl_core_sum_uj=18634859486
rapl_psys_sum_uj=0
pid=0 energy=34483672741970865 alive=1 kernel=1 cpu_ns=6891355034000000 mem=445181952 instructions=5379514394173 wakeups=20232923 diski=8777728 disko=535183360 rx=72369654 tx=30639507 comm=*system*
psu_energy_ac_mcp_machine=53935863770
-------
timestamp=3408458888423234
iterations=6504
sample_ns=100000000
window_ns=1000000000
rapl_core_sum_uj=18643147022
rapl_psys_sum_uj=0
pid=0 energy=34483690010779160 alive=1 kernel=1 cpu_ns=6891355560000000 mem=445186048 instructions=5382442155832 wakeups=20233128 diski=8777728 disko=535183360 rx=72369654 tx=30639507 comm=*system*
psu_energy_ac_mcp_machine=53954484863
-------
timestamp=3408459018390546
iterations=6505
sample_ns=100000000
window_ns=1000000000
rapl_core_sum_uj=18651506397
rapl_psys_sum_uj=0
pid=0 energy=34483707362623150 alive=1 kernel=1 cpu_ns=6891356091000000 mem=445186048 instructions=5385381524630 wakeups=20233338 diski=8777728 disko=535183360 rx=72369654 tx=30639507 comm=*system*
psu_energy_ac_mcp_machine=53973122681
-------
timestamp=3408459148338072
iterations=6506
sample_ns=100000000
window_ns=1000000000
rapl_core_sum_uj=18659894214
rapl_psys_sum_uj=0
pid=0 energy=34483724854954350 alive=1 kernel=1 cpu_ns=6891356622000000 mem=445177856 instructions=5388348990870 wakeups=20233543 diski=8777728 disko=535183360 rx=72369654 tx=30639507 comm=*system*
psu_energy_ac_mcp_machine=53998174316
-------
timestamp=3408459281107300
iterations=6508
sample_ns=100000000
window_ns=1000000000
rapl_core_sum_uj=18676817187
rapl_psys_sum_uj=0
pid=0 energy=34483759792418210 alive=1 kernel=1 cpu_ns=6891357673000000 mem=445186048 instructions=5394285483642 wakeups=20233770 diski=8777728 disko=535183360 rx=72369654 tx=30639507 comm=*system*
psu_energy_ac_mcp_machine=54016785522
-------
timestamp=3408459411109984
iterations=6509
sample_ns=100000000
window_ns=1000000000
rapl_core_sum_uj=18685183275
rapl_psys_sum_uj=0
pid=0 energy=34483777245047940 alive=1 kernel=1 cpu_ns=6891358203000000 mem=445181952 instructions=5397246009588 wakeups=20233969 diski=8777728 disko=535183360 rx=72369656 tx=30639507 comm=*system*
psu_energy_ac_mcp_machine=54035412354
-------
timestamp=3408459541361372
iterations=6510
sample_ns=100000000
window_ns=1000000000
rapl_core_sum_uj=18693568956
rapl_psys_sum_uj=0
pid=0 energy=34483794705039390 alive=1 kernel=1 cpu_ns=6891358735000000 mem=445194240 instructions=5400206007878 wakeups=20234179 diski=8777728 disko=535183360 rx=72369656 tx=30639507 comm=*system*
psu_energy_ac_mcp_machine=54060298950
-------
timestamp=3408459676236662
iterations=6511
sample_ns=100000000
window_ns=1000000000
rapl_core_sum_uj=18701933152
rapl_psys_sum_uj=0
pid=0 energy=34483812108670985 alive=1 kernel=1 cpu_ns=6891359265000000 mem=445153280 instructions=5403156734197 wakeups=20234383 diski=8777728 disko=535183360 rx=72369656 tx=30639507 comm=*system*
psu_energy_ac_mcp_machine=54078951782
-------
timestamp=3408459807709976
iterations=6513
sample_ns=100000000
window_ns=1000000000
rapl_core_sum_uj=18718803086
rapl_psys_sum_uj=0
pid=0 energy=34483847012608700 alive=1 kernel=1 cpu_ns=6891360318000000 mem=445181952 instructions=5409084521740 wakeups=20234600 diski=8777728 disko=535183360 rx=72369656 tx=30639507 comm=*system*
psu_energy_ac_mcp_machine=54097647583
-------
timestamp=3408459937657728
iterations=6514
sample_ns=100000000
window_ns=1000000000
rapl_core_sum_uj=18727202744
rapl_psys_sum_uj=0
pid=0 energy=34483864512790705 alive=1 kernel=1 cpu_ns=6891360849000000 mem=445202432 instructions=5412053558141 wakeups=20234803 diski=8777728 disko=535183360 rx=72369656 tx=30639507 comm=*system*
psu_energy_ac_mcp_machine=54116296509
-------
timestamp=3408460067783210
iterations=6515
sample_ns=100000000
window_ns=1000000000
rapl_core_sum_uj=18735533859
rapl_psys_sum_uj=0
pid=0 energy=34483881864524020 alive=1 kernel=1 cpu_ns=6891361381000000 mem=445202432 instructions=5414991904804 wakeups=20235013 diski=8777728 disko=535183360 rx=72369656 tx=30639507 comm=*system*
psu_energy_ac_mcp_machine=54141226318
-------
timestamp=3408460200714350
iterations=6516
sample_ns=100000000
window_ns=1000000000
rapl_core_sum_uj=18743914291
rapl_psys_sum_uj=0
pid=0 energy=34483899359434980 alive=1 kernel=1 cpu_ns=6891361913000000 mem=445202432 instructions=5417958886996 wakeups=20235217 diski=8777728 disko=535183360 rx=72369656 tx=30639507 comm=*system*
psu_energy_ac_mcp_machine=54159712158
-------
timestamp=3408460331384248
iterations=6518
sample_ns=100000000
window_ns=1000000000
rapl_core_sum_uj=18760726241
rapl_psys_sum_uj=0
pid=0 energy=34483934091448200 alive=1 kernel=1 cpu_ns=6891362965000000 mem=445202432 instructions=5423853289640 wakeups=20235431 diski=8777728 disko=535183360 rx=72369656 tx=30639507 comm=*system*
psu_energy_ac_mcp_machine=54178305420
-------
timestamp=3408460461660896
iterations=6519
sample_ns=100000000
window_ns=1000000000
rapl_core_sum_uj=18769090437
rapl_psys_sum_uj=0
pid=0 energy=34483951478088100 alive=1 kernel=1 cpu_ns=6891363496000000 mem=445202432 instructions=5426799617620 wakeups=20235644 diski=8777728 disko=535183360 rx=72369656 tx=30639507 comm=*system*
psu_energy_ac_mcp_machine=54203153442
-------
timestamp=3408460595630339
iterations=6520
sample_ns=100000000
window_ns=1000000000
rapl_core_sum_uj=18777469038
rapl_psys_sum_uj=0
pid=0 energy=34483968864513035 alive=1 kernel=1 cpu_ns=6891364027000000 mem=445202432 instructions=5429745902607 wakeups=20235843 diski=8777728 disko=535183360 rx=72369656 tx=30639507 comm=*system*
psu_energy_ac_mcp_machine=54221785400
-------
timestamp=3408460729694755
iterations=6522
sample_ns=100000000
window_ns=1000000000
rapl_core_sum_uj=18794315045
rapl_psys_sum_uj=0
pid=0 energy=34484003806089505 alive=1 kernel=1 cpu_ns=6891365084000000 mem=445878272 instructions=5435677217901 wakeups=20236073 diski=8777728 disko=535183360 rx=72369656 tx=30639507 comm=*system*
psu_energy_ac_mcp_machine=54240371216
-------
timestamp=3408460861961654
iterations=6523
sample_ns=100000000
window_ns=1000000000
rapl_core_sum_uj=18802662640
rapl_psys_sum_uj=0
pid=0 energy=34484021135014665 alive=1 kernel=1 cpu_ns=6891365610000000 mem=445202432 instructions=5438617002933 wakeups=20236272 diski=8777728 disko=535183360 rx=72369656 tx=30639507 comm=*system*
psu_energy_ac_mcp_machine=54265270752
-------
timestamp=3408460995076372
iterations=6524
sample_ns=100000000
window_ns=1000000000
rapl_core_sum_uj=18811062359
rapl_psys_sum_uj=0
pid=0 energy=34484038586399365 alive=1 kernel=1 cpu_ns=6891366142000000 mem=445198336 instructions=5441575279873 wakeups=20236489 diski=8777728 disko=535183360 rx=72369656 tx=30639507 comm=*system*
psu_energy_ac_mcp_machine=54283924438
-------
timestamp=3408461127150433
iterations=6525
sample_ns=100000000
window_ns=1000000000
rapl_core_sum_uj=18819427715
rapl_psys_sum_uj=0
pid=0 energy=34484055990766325 alive=1 kernel=1 cpu_ns=6891366671000000 mem=445210624 instructions=5444527153265 wakeups=20236692 diski=8777728 disko=535183360 rx=72369656 tx=30639507 comm=*system*
psu_energy_ac_mcp_machine=54302496582
-------
timestamp=3408461257879862
iterations=6527
sample_ns=100000000
window_ns=1000000000
rapl_core_sum_uj=18836326335
rapl_psys_sum_uj=0
pid=0 energy=34484090981720135 alive=1 kernel=1 cpu_ns=6891367724000000 mem=445210624 instructions=5450472344027 wakeups=20236908 diski=8777728 disko=535183360 rx=72369656 tx=30639507 comm=*system*
psu_energy_ac_mcp_machine=54327415649
-------
timestamp=3408461391440491
iterations=6528
sample_ns=100000000
window_ns=1000000000
rapl_core_sum_uj=18844693583
rapl_psys_sum_uj=0
pid=0 energy=34484108397009720 alive=1 kernel=1 cpu_ns=6891368257000000 mem=445210624 instructions=5453422401944 wakeups=20237103 diski=8777728 disko=535183360 rx=72369658 tx=30639507 comm=*system*
psu_energy_ac_mcp_machine=54346097290
-------
timestamp=3408461523781619
iterations=6529
sample_ns=100000000
window_ns=1000000000
rapl_core_sum_uj=18853024942
rapl_psys_sum_uj=0
pid=0 energy=34484125815032310 alive=1 kernel=1 cpu_ns=6891368791000000 mem=445206528 instructions=5456372006462 wakeups=20237314 diski=8777728 disko=535183360 rx=72369658 tx=30639507 comm=*system*
psu_energy_ac_mcp_machine=54364648071
-------
timestamp=3408461653958879
iterations=6530
sample_ns=100000000
window_ns=1000000000
rapl_core_sum_uj=18861452981
rapl_psys_sum_uj=0
pid=0 energy=34484143310110385 alive=1 kernel=1 cpu_ns=6891369322000000 mem=445206528 instructions=5459340022077 wakeups=20237515 diski=8777728 disko=535183360 rx=72369658 tx=30639507 comm=*system*
psu_energy_ac_mcp_machine=54383195679
-------
timestamp=3408461785129677
iterations=6532
sample_ns=100000000
window_ns=1000000000
rapl_core_sum_uj=18878281105
rapl_psys_sum_uj=0
pid=0 energy=34484178182309615 alive=1 kernel=1 cpu_ns=6891370374000000 mem=445210624 instructions=5465262461923 wakeups=20237736 diski=8777728 disko=535183360 rx=72369658 tx=30639507 comm=*system*
psu_energy_ac_mcp_machine=54408194702
-------
timestamp=3408461918297972
iterations=6533
sample_ns=100000000
window_ns=1000000000
rapl_core_sum_uj=18886641944
rapl_psys_sum_uj=0
pid=0 energy=34484195620528465 alive=1 kernel=1 cpu_ns=6891370906000000 mem=445218816 instructions=5468218105693 wakeups=20237943 diski=8777728 disko=535183360 rx=72369658 tx=30639507 comm=*system*
psu_energy_ac_mcp_machine=54426710449
-------
timestamp=3408462048229346
iterations=6534
sample_ns=100000000
window_ns=1000000000
rapl_core_sum_uj=18895014990
rapl_psys_sum_uj=0
pid=0 energy=34484213037928625 alive=1 kernel=1 cpu_ns=6891371436000000 mem=445218816 instructions=5471171585725 wakeups=20238145 diski=8777728 disko=535183360 rx=72369658 tx=30639507 comm=*system*
psu_energy_ac_mcp_machine=54445395752
-------
timestamp=3408462178124423
iterations=6535
sample_ns=100000000
window_ns=1000000000
rapl_core_sum_uj=18903415258
rapl_psys_sum_uj=0
pid=0 energy=34484230538708615 alive=1 kernel=1 cpu_ns=6891371963000000 mem=445218816 instructions=5474144741723 wakeups=20238345 diski=8777728 disko=535183360 rx=72369658 tx=30639507 comm=*system*
psu_energy_ac_mcp_machine=54470221802
-------
timestamp=3408462312773780
iterations=6537
sample_ns=100000000
window_ns=1000000000
rapl_core_sum_uj=18920226781
rapl_psys_sum_uj=0
pid=0 energy=34484265378353685 alive=1 kernel=1 cpu_ns=6891373015000000 mem=445218816 instructions=5480060670737 wakeups=20238562 diski=8777728 disko=535183360 rx=72369658 tx=30639507 comm=*system*
psu_energy_ac_mcp_machine=54488904297
-------
timestamp=3408462446455741
iterations=6538
sample_ns=100000000
window_ns=1000000000
rapl_core_sum_uj=18928562108
rapl_psys_sum_uj=0
pid=0 energy=34484282721839215 alive=1 kernel=1 cpu_ns=6891373546000000 mem=445218816 instructions=5482998367843 wakeups=20238772 diski=8777728 disko=535183360 rx=72369658 tx=30639507 comm=*system*
psu_energy_ac_mcp_machine=54507404297
-------
timestamp=3408462576615000
iterations=6539
sample_ns=100000000
window_ns=1000000000
rapl_core_sum_uj=18936935765
rapl_psys_sum_uj=0
pid=0 energy=34484300204243795 alive=1 kernel=1 cpu_ns=6891374079000000 mem=445218816 instructions=5485961848759 wakeups=20238974 diski=8777728 disko=535183360 rx=72369658 tx=30639507 comm=*system*
psu_energy_ac_mcp_machine=54532212036
-------
timestamp=3408462710844980
iterations=6541
sample_ns=100000000
window_ns=1000000000
rapl_core_sum_uj=18953765476
rapl_psys_sum_uj=0
pid=0 energy=34484335126430720 alive=1 kernel=1 cpu_ns=6891375132000000 mem=445218816 instructions=5491893286144 wakeups=20239196 diski=8777728 disko=535183360 rx=72369658 tx=30639507 comm=*system*
psu_energy_ac_mcp_machine=54550902588
-------
timestamp=3408462843517873
iterations=6542
sample_ns=100000000
window_ns=1000000000
rapl_core_sum_uj=18962139133
rapl_psys_sum_uj=0
pid=0 energy=34484352530986700 alive=1 kernel=1 cpu_ns=6891375663000000 mem=445218816 instructions=5494843197340 wakeups=20239395 diski=8777728 disko=535183360 rx=72369658 tx=30639507 comm=*system*
psu_energy_ac_mcp_machine=54569441650
-------
timestamp=3408462973453844
iterations=6543
sample_ns=100000000
window_ns=1000000000
rapl_core_sum_uj=18970523898
rapl_psys_sum_uj=0
pid=0 energy=34484370001932205 alive=1 kernel=1 cpu_ns=6891376194000000 mem=445222912 instructions=5497806386441 wakeups=20239609 diski=8777728 disko=535183360 rx=72369658 tx=30639507 comm=*system*
psu_energy_ac_mcp_machine=54588033447
-------
timestamp=3408463103398300
iterations=6544
sample_ns=100000000
window_ns=1000000000
rapl_core_sum_uj=18978919161
rapl_psys_sum_uj=0
pid=0 energy=34484387447084540 alive=1 kernel=1 cpu_ns=6891376725000000 mem=445202432 instructions=5500764416908 wakeups=20239805 diski=8777728 disko=535183360 rx=72369658 tx=30639507 comm=*system*
psu_energy_ac_mcp_machine=54612925537
-------
timestamp=3408463235580154
iterations=6546
sample_ns=100000000
window_ns=1000000000
rapl_core_sum_uj=18995766450
rapl_psys_sum_uj=0
pid=0 energy=34484422386120200 alive=1 kernel=1 cpu_ns=6891377777000000 mem=445231104 instructions=5506700224040 wakeups=20240022 diski=8777728 disko=535183360 rx=72369658 tx=30639507 comm=*system*
psu_energy_ac_mcp_machine=54631495850
-------
timestamp=3408463366158034
iterations=6547
sample_ns=100000000
window_ns=1000000000
rapl_core_sum_uj=19004139741
rapl_psys_sum_uj=0
pid=0 energy=34484439821732830 alive=1 kernel=1 cpu_ns=6891378308000000 mem=445227008 instructions=5509656346566 wakeups=20240225 diski=8777728 disko=535183360 rx=72369660 tx=30639507 comm=*system*
psu_energy_ac_mcp_machine=54650031006
-------
timestamp=3408463496228891
iterations=6548
sample_ns=100000000
window_ns=1000000000
rapl_core_sum_uj=19012498139
rapl_psys_sum_uj=0
pid=0 energy=34484457234593550 alive=1 kernel=1 cpu_ns=6891378840000000 mem=445243392 instructions=5512606918710 wakeups=20240433 diski=8777728 disko=535183360 rx=72369660 tx=30639507 comm=*system*
psu_energy_ac_mcp_machine=54674880615
-------
timestamp=3408463629964521
iterations=6549
sample_ns=100000000
window_ns=1000000000
rapl_core_sum_uj=19020885956
rapl_psys_sum_uj=0
pid=0 energy=34484474684424020 alive=1 kernel=1 cpu_ns=6891379369000000 mem=445243392 instructions=5515567884804 wakeups=20240633 diski=8777728 disko=535183360 rx=72369660 tx=30639507 comm=*system*
psu_energy_ac_mcp_machine=54693558350
-------
timestamp=3408463762669961
iterations=6551
sample_ns=100000000
window_ns=1000000000
rapl_core_sum_uj=19037707549
rapl_psys_sum_uj=0
pid=0 energy=34484509489720465 alive=1 kernel=1 cpu_ns=6891380421000000 mem=445243392 instructions=5521476944093 wakeups=20240857 diski=8777728 disko=535203840 rx=72369660 tx=30639507 comm=*system*
psu_energy_ac_mcp_machine=54712128418
-------
timestamp=3408463892879348
iterations=6552
sample_ns=100000000
window_ns=1000000000
rapl_core_sum_uj=19046062163
rapl_psys_sum_uj=0
pid=0 energy=34484526912901135 alive=1 kernel=1 cpu_ns=6891380953000000 mem=445231104 instructions=5524429580227 wakeups=20241063 diski=8777728 disko=535203840 rx=72369660 tx=30639507 comm=*system*
psu_energy_ac_mcp_machine=54730718994
-------
timestamp=3408464022679573
iterations=6553
sample_ns=100000000
window_ns=1000000000
rapl_core_sum_uj=19054423308
rapl_psys_sum_uj=0
pid=0 energy=34484544341770255 alive=1 kernel=1 cpu_ns=6891381484000000 mem=445231104 instructions=5527384354051 wakeups=20241263 diski=8777728 disko=535203840 rx=72369660 tx=30639507 comm=*system*
psu_energy_ac_mcp_machine=54755669434
-------
timestamp=3408464154940500
iterations=6554
sample_ns=100000000
window_ns=1000000000
rapl_core_sum_uj=19062840422
rapl_psys_sum_uj=0
pid=0 energy=34484561837353295 alive=1 kernel=1 cpu_ns=6891382015000000 mem=445231104 instructions=5530352470659 wakeups=20241460 diski=8777728 disko=535203840 rx=72369660 tx=30639507 comm=*system*
psu_energy_ac_mcp_machine=54774239258
-------
timestamp=3408464285531789
iterations=6556
sample_ns=100000000
window_ns=1000000000
rapl_core_sum_uj=19079692227
rapl_psys_sum_uj=0
pid=0 energy=34484596653949915 alive=1 kernel=1 cpu_ns=6891383068000000 mem=445231104 instructions=5536262789983 wakeups=20241683 diski=8777728 disko=535203840 rx=72369660 tx=30639507 comm=*system*
psu_energy_ac_mcp_machine=54792874878
-------
timestamp=3408464415723197
iterations=6557
sample_ns=100000000
window_ns=1000000000
rapl_core_sum_uj=19088029080
rapl_psys_sum_uj=0
pid=0 energy=34484613930346685 alive=1 kernel=1 cpu_ns=6891383600000000 mem=445231104 instructions=5539186069337 wakeups=20241891 diski=8777728 disko=535203840 rx=72369660 tx=30639507 comm=*system*
psu_energy_ac_mcp_machine=54817660400
-------
timestamp=3408464549533249
iterations=6558
sample_ns=100000000
window_ns=1000000000
rapl_core_sum_uj=19096425564
rapl_psys_sum_uj=0
pid=0 energy=34484631347193045 alive=1 kernel=1 cpu_ns=6891384131000000 mem=445231104 instructions=5542138438609 wakeups=20242090 diski=8777728 disko=535203840 rx=72369660 tx=30639507 comm=*system*
psu_energy_ac_mcp_machine=54836418091
-------
timestamp=3408464685602376
iterations=6560
sample_ns=100000000
window_ns=1000000000
rapl_core_sum_uj=19113610682
rapl_psys_sum_uj=0
pid=0 energy=34484666948536725 alive=1 kernel=1 cpu_ns=6891385208000000 mem=445906944 instructions=5548181707345 wakeups=20242318 diski=8777728 disko=535203840 rx=72369660 tx=30639507 comm=*system*
psu_energy_ac_mcp_machine=54855012207
-------
timestamp=3408464815847185
iterations=6561
sample_ns=100000000
window_ns=1000000000
rapl_core_sum_uj=19122271875
rapl_psys_sum_uj=0
pid=0 energy=34484684869635640 alive=1 kernel=1 cpu_ns=6891385755000000 mem=445231104 instructions=5551218927128 wakeups=20242509 diski=8777728 disko=535203840 rx=72369660 tx=30639507 comm=*system*
psu_energy_ac_mcp_machine=54879855957
-------
timestamp=3408464949225454
iterations=6562
sample_ns=100000000
window_ns=1000000000
rapl_core_sum_uj=19130617578
rapl_psys_sum_uj=0
pid=0 energy=34484702218453710 alive=1 kernel=1 cpu_ns=6891386285000000 mem=445259776 instructions=5554158690742 wakeups=20242718 diski=8777728 disko=535203840 rx=72369660 tx=30639507 comm=*system*
psu_energy_ac_mcp_machine=54898601318
-------
timestamp=3408465081969530
iterations=6563
sample_ns=100000000
window_ns=1000000000
rapl_core_sum_uj=19138979089
rapl_psys_sum_uj=0
pid=0 energy=34484719565652030 alive=1 kernel=1 cpu_ns=6891386816000000 mem=445263872 instructions=5557097130406 wakeups=20242922 diski=8777728 disko=535203840 rx=72369660 tx=30639507 comm=*system*
psu_energy_ac_mcp_machine=54917126831
-------
timestamp=3408465213777216
iterations=6565
sample_ns=100000000
window_ns=1000000000
rapl_core_sum_uj=19155878990
rapl_psys_sum_uj=0
pid=0 energy=34484754415727040 alive=1 kernel=1 cpu_ns=6891387867000000 mem=445263872 instructions=5563016145408 wakeups=20243136 diski=8777728 disko=535203840 rx=72369660 tx=30639507 comm=*system*
psu_energy_ac_mcp_machine=54935822144
-------
timestamp=3408465343336050
iterations=6566
sample_ns=100000000
window_ns=1000000000
rapl_core_sum_uj=19164261558
rapl_psys_sum_uj=0
pid=0 energy=34484771848894960 alive=1 kernel=1 cpu_ns=6891388398000000 mem=445259776 instructions=5565971778992 wakeups=20243337 diski=8777728 disko=535203840 rx=72369660 tx=30639507 comm=*system*
psu_energy_ac_mcp_machine=54960721680
-------
timestamp=3408465477461521
iterations=6567
sample_ns=100000000
window_ns=1000000000
rapl_core_sum_uj=19172623374
rapl_psys_sum_uj=0
pid=0 energy=34484789132264665 alive=1 kernel=1 cpu_ns=6891388929000000 mem=445259776 instructions=5568897452933 wakeups=20243542 diski=8777728 disko=535203840 rx=72369662 tx=30639507 comm=*system*
psu_energy_ac_mcp_machine=54979310669
-------
timestamp=3408465607420377
iterations=6568
sample_ns=100000000
window_ns=1000000000
rapl_core_sum_uj=19181012717
rapl_psys_sum_uj=0
pid=0 energy=34484806551984510 alive=1 kernel=1 cpu_ns=6891389460000000 mem=445267968 instructions=5571850396902 wakeups=20243737 diski=8777728 disko=535203840 rx=72369662 tx=30639507 comm=*system*
psu_energy_ac_mcp_machine=54997886963
-------
timestamp=3408465739392811
iterations=6570
sample_ns=100000000
window_ns=1000000000
rapl_core_sum_uj=19197845785
rapl_psys_sum_uj=0
pid=0 energy=34484841236908520 alive=1 kernel=1 cpu_ns=6891390513000000 mem=445259776 instructions=5577734381704 wakeups=20243958 diski=8777728 disko=535203840 rx=72369662 tx=30639507 comm=*system*
psu_energy_ac_mcp_machine=55022787354
-------
timestamp=3408465873566714
iterations=6571
sample_ns=100000000
window_ns=1000000000
rapl_core_sum_uj=19206172201
rapl_psys_sum_uj=0
pid=0 energy=34484858508114670 alive=1 kernel=1 cpu_ns=6891391045000000 mem=445272064 instructions=5580656622934 wakeups=20244171 diski=8777728 disko=535203840 rx=72369662 tx=30639507 comm=*system*
psu_energy_ac_mcp_machine=55041374268
-------
timestamp=3408466004192820
iterations=6572
sample_ns=100000000
window_ns=1000000000
rapl_core_sum_uj=19214558370
rapl_psys_sum_uj=0
pid=0 energy=34484875930428515 alive=1 kernel=1 cpu_ns=6891391575000000 mem=445263872 instructions=5583611085703 wakeups=20244368 diski=8777728 disko=535203840 rx=72369662 tx=30639507 comm=*system*
psu_energy_ac_mcp_machine=55060060181
-------
timestamp=3408466134225389
iterations=6573
sample_ns=100000000
window_ns=1000000000
rapl_core_sum_uj=19222988301
rapl_psys_sum_uj=0
pid=0 energy=34484893387327640 alive=1 kernel=1 cpu_ns=6891392106000000 mem=445263872 instructions=5586571465528 wakeups=20244576 diski=8777728 disko=535203840 rx=72369662 tx=30639507 comm=*system*
psu_energy_ac_mcp_machine=55078629150
-------
timestamp=3408466264311277
iterations=6575
sample_ns=100000000
window_ns=1000000000
rapl_core_sum_uj=19239795490
rapl_psys_sum_uj=0
pid=0 energy=34484928128772825 alive=1 kernel=1 cpu_ns=6891393160000000 mem=445280256 instructions=5592465754565 wakeups=20244797 diski=8777728 disko=535203840 rx=72369662 tx=30639507 comm=*system*
psu_energy_ac_mcp_machine=55103618164
-------
timestamp=3408466398114731
iterations=6576
sample_ns=100000000
window_ns=1000000000
rapl_core_sum_uj=19248167133
rapl_psys_sum_uj=0
pid=0 energy=34484945498426615 alive=1 kernel=1 cpu_ns=6891393690000000 mem=445267968 instructions=5595409685323 wakeups=20245001 diski=8777728 disko=535203840 rx=72369662 tx=30639507 comm=*system*
psu_energy_ac_mcp_machine=55122163452
-------
timestamp=3408466528644134
iterations=6577
sample_ns=100000000
window_ns=1000000000
rapl_core_sum_uj=19256559528
rapl_psys_sum_uj=0
pid=0 energy=34484962957658960 alive=1 kernel=1 cpu_ns=6891394221000000 mem=445276160 instructions=5598370531792 wakeups=20245200 diski=8777728 disko=535203840 rx=72369662 tx=30639507 comm=*system*
psu_energy_ac_mcp_machine=55140783203
-------
timestamp=3408466659141031
iterations=6578
sample_ns=100000000
window_ns=1000000000
rapl_core_sum_uj=19264950275
rapl_psys_sum_uj=0
pid=0 energy=34484980466636805 alive=1 kernel=1 cpu_ns=6891394754000000 mem=445276160 instructions=5601339327361 wakeups=20245418 diski=8777728 disko=535203840 rx=72369663 tx=30639508 comm=*system*
psu_energy_ac_mcp_machine=55165655396
-------
timestamp=3408466793058630
iterations=6580
sample_ns=100000000
window_ns=1000000000
rapl_core_sum_uj=19281741350
rapl_psys_sum_uj=0
pid=0 energy=34485015211386370 alive=1 kernel=1 cpu_ns=6891395807000000 mem=445280256 instructions=5607235277274 wakeups=20245631 diski=8777728 disko=535203840 rx=72369663 tx=30639508 comm=*system*
psu_energy_ac_mcp_machine=55184225952
-------
timestamp=3408466923467179
iterations=6581
sample_ns=100000000
window_ns=1000000000
rapl_core_sum_uj=19290075822
rapl_psys_sum_uj=0
pid=0 energy=34485032586054905 alive=1 kernel=1 cpu_ns=6891396338000000 mem=445267968 instructions=5610179210981 wakeups=20245844 diski=8777728 disko=535203840 rx=72369663 tx=30639508 comm=*system*
psu_energy_ac_mcp_machine=55202817383
-------
timestamp=3408467053494260
iterations=6582
sample_ns=100000000
window_ns=1000000000
rapl_core_sum_uj=19298452347
rapl_psys_sum_uj=0
pid=0 energy=34485050024938015 alive=1 kernel=1 cpu_ns=6891396871000000 mem=445267968 instructions=5613133987603 wakeups=20246045 diski=8777728 disko=535203840 rx=72369663 tx=30639508 comm=*system*
psu_energy_ac_mcp_machine=55227558960
-------
timestamp=3408467189806692
iterations=6584
sample_ns=100000000
window_ns=1000000000
rapl_core_sum_uj=19315177200
rapl_psys_sum_uj=0
pid=0 energy=34485084701502115 alive=1 kernel=1 cpu_ns=6891397924000000 mem=445267968 instructions=5619016300423 wakeups=20246272 diski=8777728 disko=535203840 rx=72369663 tx=30639508 comm=*system*
psu_energy_ac_mcp_machine=55246178711
-------
timestamp=3408467323261739
iterations=6585
sample_ns=100000000
window_ns=1000000000
rapl_core_sum_uj=19323519729
rapl_psys_sum_uj=0
pid=0 energy=34485102061957990 alive=1 kernel=1 cpu_ns=6891398454000000 mem=445267968 instructions=5621958391598 wakeups=20246478 diski=8777728 disko=535203840 rx=72369663 tx=30639508 comm=*system*
psu_energy_ac_mcp_machine=55264626831
-------
timestamp=3408467453312293
iterations=6586
sample_ns=100000000
window_ns=1000000000
rapl_core_sum_uj=19331846511
rapl_psys_sum_uj=0
pid=0 energy=34485119404731330 alive=1 kernel=1 cpu_ns=6891398983000000 mem=445267968 instructions=5624897946266 wakeups=20246691 diski=8777728 disko=535203840 rx=72369665 tx=30639508 comm=*system*
psu_energy_ac_mcp_machine=55283226196
-------
timestamp=3408467582986203
iterations=6587
sample_ns=100000000
window_ns=1000000000
rapl_core_sum_uj=19340193190
rapl_psys_sum_uj=0
pid=0 energy=34485136847865070 alive=1 kernel=1 cpu_ns=6891399515000000 mem=445267968 instructions=5627854573014 wakeups=20246890 diski=8777728 disko=535203840 rx=72369665 tx=30639508 comm=*system*
psu_energy_ac_mcp_machine=55308086670
-------
timestamp=3408467716574466
iterations=6589
sample_ns=100000000
window_ns=1000000000
rapl_core_sum_uj=19356971753
rapl_psys_sum_uj=0
pid=0 energy=34485171569896770 alive=1 kernel=1 cpu_ns=6891400568000000 mem=445267968 instructions=5633745979354 wakeups=20247103 diski=8777728 disko=535203840 rx=72369665 tx=30639508 comm=*system*
psu_energy_ac_mcp_machine=55326635254
-------
timestamp=3408467846738693
iterations=6590
sample_ns=100000000
window_ns=1000000000
rapl_core_sum_uj=19365308361
rapl_psys_sum_uj=0
pid=0 energy=34485188945530700 alive=1 kernel=1 cpu_ns=6891401099000000 mem=445267968 instructions=5636690106140 wakeups=20247308 diski=8777728 disko=535203840 rx=72369665 tx=30639508 comm=*system*
psu_energy_ac_mcp_machine=55345180298
-------
timestamp=3408467976684459
iterations=6591
sample_ns=100000000
window_ns=1000000000
rapl_core_sum_uj=19373697704
rapl_psys_sum_uj=0
pid=0 energy=34485206410201975 alive=1 kernel=1 cpu_ns=6891401629000000 mem=445284352 instructions=5639653040395 wakeups=20247508 diski=8777728 disko=535203840 rx=72369665 tx=30639508 comm=*system*
psu_energy_ac_mcp_machine=55370075562
-------
timestamp=3408468110547062
iterations=6592
sample_ns=100000000
window_ns=1000000000
rapl_core_sum_uj=19382052257
rapl_psys_sum_uj=0
pid=0 energy=34485223854169230 alive=1 kernel=1 cpu_ns=6891402160000000 mem=445284352 instructions=5642610833846 wakeups=20247707 diski=8777728 disko=535203840 rx=72369665 tx=30639508 comm=*system*
psu_energy_ac_mcp_machine=55388680786
-------
timestamp=3408468242831503
iterations=6594
sample_ns=100000000
window_ns=1000000000
rapl_core_sum_uj=19398844981
rapl_psys_sum_uj=0
pid=0 energy=34485258624649955 alive=1 kernel=1 cpu_ns=6891403214000000 mem=445304832 instructions=5648510929991 wakeups=20247939 diski=8777728 disko=535203840 rx=72369665 tx=30639508 comm=*system*
psu_energy_ac_mcp_machine=55407290039
-------
timestamp=3408468373377653
iterations=6595
sample_ns=100000000
window_ns=1000000000
rapl_core_sum_uj=19407211436
rapl_psys_sum_uj=0
pid=0 energy=34485276013876325 alive=1 kernel=1 cpu_ns=6891403745000000 mem=445296640 instructions=5651457775265 wakeups=20248153 diski=8777728 disko=535203840 rx=72369665 tx=30639508 comm=*system*
psu_energy_ac_mcp_machine=55432118530
-------
timestamp=3408468506538394
iterations=6596
sample_ns=100000000
window_ns=1000000000
rapl_core_sum_uj=19415576182
rapl_psys_sum_uj=0
pid=0 energy=34485293427626370 alive=1 kernel=1 cpu_ns=6891404277000000 mem=445296640 instructions=5654408525274 wakeups=20248351 diski=8777728 disko=535203840 rx=72369665 tx=30639508 comm=*system*
psu_energy_ac_mcp_machine=55450809570
-------
timestamp=3408468641173596
iterations=6598
sample_ns=100000000
window_ns=1000000000
rapl_core_sum_uj=19432486276
rapl_psys_sum_uj=0
pid=0 energy=34485328449423765 alive=1 kernel=1 cpu_ns=6891405335000000 mem=446439424 instructions=5660354884753 wakeups=20248583 diski=8777728 disko=535203840 rx=72369665 tx=30639508 comm=*system*
psu_energy_ac_mcp_machine=55469362061
-------
timestamp=3408468771276815
iterations=6599
sample_ns=100000000
window_ns=1000000000
rapl_core_sum_uj=19440789315
rapl_psys_sum_uj=0
pid=0 energy=34485345657754045 alive=1 kernel=1 cpu_ns=6891405863000000 mem=445304832 instructions=5663268550809 wakeups=20248782 diski=8777728 disko=535224320 rx=72369665 tx=30639508 comm=*system*
psu_energy_ac_mcp_machine=55488001465
-------
timestamp=3408468901152411
iterations=6600
sample_ns=100000000
window_ns=1000000000
rapl_core_sum_uj=19449170662
rapl_psys_sum_uj=0
pid=0 energy=34485363081032955 alive=1 kernel=1 cpu_ns=6891406393000000 mem=445308928 instructions=5666223206591 wakeups=20248981 diski=8777728 disko=535224320 rx=72369665 tx=30639508 comm=*system*
psu_energy_ac_mcp_machine=55513012329
-------
timestamp=3408469034586528
iterations=6601
sample_ns=100000000
window_ns=1000000000
rapl_core_sum_uj=19457538459
rapl_psys_sum_uj=0
pid=0 energy=34485380550583110 alive=1 kernel=1 cpu_ns=6891406926000000 mem=445308928 instructions=5669184116622 wakeups=20249188 diski=8777728 disko=535224320 rx=72369665 tx=30639508 comm=*system*
psu_energy_ac_mcp_machine=55531608154
-------
timestamp=3408469165832766
iterations=6603
sample_ns=100000000
window_ns=1000000000
rapl_core_sum_uj=19474353582
rapl_psys_sum_uj=0
pid=0 energy=34485415341615385 alive=1 kernel=1 cpu_ns=6891407978000000 mem=445308928 instructions=5675090323077 wakeups=20249398 diski=8777728 disko=535224320 rx=72369665 tx=30639508 comm=*system*
psu_energy_ac_mcp_machine=55550299927
-------
timestamp=3408469295907882
iterations=6604
sample_ns=100000000
window_ns=1000000000
rapl_core_sum_uj=19482679631
rapl_psys_sum_uj=0
pid=0 energy=34485432754778960 alive=1 kernel=1 cpu_ns=6891408509000000 mem=445308928 instructions=5678041955792 wakeups=20249605 diski=8777728 disko=535224320 rx=72369665 tx=30639508 comm=*system*
psu_energy_ac_mcp_machine=55575191406
-------
timestamp=3408469429511616
iterations=6605
sample_ns=100000000
window_ns=1000000000
rapl_core_sum_uj=19491040837
rapl_psys_sum_uj=0
pid=0 energy=34485450101627055 alive=1 kernel=1 cpu_ns=6891409040000000 mem=445308928 instructions=5680980325411 wakeups=20249809 diski=8777728 disko=535224320 rx=72369667 tx=30639508 comm=*system*
psu_energy_ac_mcp_machine=55593867554
-------
timestamp=3408469561475098
iterations=6606
sample_ns=100000000
window_ns=1000000000
rapl_core_sum_uj=19499379460
rapl_psys_sum_uj=0
pid=0 energy=34485467480156355 alive=1 kernel=1 cpu_ns=6891409571000000 mem=445308928 instructions=5683925031271 wakeups=20250007 diski=8777728 disko=535224320 rx=72369667 tx=30639508 comm=*system*
psu_energy_ac_mcp_machine=55612426514
-------
timestamp=3408469692275043
iterations=6608
sample_ns=100000000
window_ns=1000000000
rapl_core_sum_uj=19516172427
rapl_psys_sum_uj=0
pid=0 energy=34485502211629835 alive=1 kernel=1 cpu_ns=6891410622000000 mem=445308928 instructions=5689820325967 wakeups=20250226 diski=8777728 disko=535318528 rx=72369667 tx=30639508 comm=*system*
psu_energy_ac_mcp_machine=55637313477
-------
timestamp=3408469825664362
iterations=6609
sample_ns=100000000
window_ns=1000000000
rapl_core_sum_uj=19524484011
rapl_psys_sum_uj=0
pid=0 energy=34485519534502910 alive=1 kernel=1 cpu_ns=6891411154000000 mem=445308928 instructions=5692752900582 wakeups=20250439 diski=8777728 disko=535318528 rx=72369667 tx=30639508 comm=*system*
psu_energy_ac_mcp_machine=55656030151
-------
timestamp=3408469958149871
iterations=6610
sample_ns=100000000
window_ns=1000000000
rapl_core_sum_uj=19532837160
rapl_psys_sum_uj=0
pid=0 energy=34485536923431665 alive=1 kernel=1 cpu_ns=6891411684000000 mem=445317120 instructions=5695700686333 wakeups=20250639 diski=8777728 disko=535318528 rx=72369667 tx=30639508 comm=*system*
psu_energy_ac_mcp_machine=55674597656
-------
timestamp=3408470088229781
iterations=6611
sample_ns=100000000
window_ns=1000000000
rapl_core_sum_uj=19541208436
rapl_psys_sum_uj=0
pid=0 energy=34485554343329425 alive=1 kernel=1 cpu_ns=6891412214000000 mem=445317120 instructions=5698654665885 wakeups=20250849 diski=8777728 disko=535318528 rx=72369667 tx=30639508 comm=*system*
psu_energy_ac_mcp_machine=55693195679
-------
timestamp=3408470219709423
iterations=6613
sample_ns=100000000
window_ns=1000000000
rapl_core_sum_uj=19557963684
rapl_psys_sum_uj=0
pid=0 energy=34485589116091655 alive=1 kernel=1 cpu_ns=6891413266000000 mem=445321216 instructions=5704557218331 wakeups=20251046 diski=8777728 disko=535318528 rx=72369667 tx=30639508 comm=*system*
psu_energy_ac_mcp_machine=55718102295
-------
timestamp=3408470353759675
iterations=6614
sample_ns=100000000
window_ns=1000000000
rapl_core_sum_uj=19566332519
rapl_psys_sum_uj=0
pid=0 energy=34485606503048035 alive=1 kernel=1 cpu_ns=6891413795000000 mem=445337600 instructions=5707505609607 wakeups=20251259 diski=8777728 disko=535318528 rx=72369667 tx=30639508 comm=*system*
psu_energy_ac_mcp_machine=55736642822
-------
timestamp=3408470483716082
iterations=6615
sample_ns=100000000
window_ns=1000000000
rapl_core_sum_uj=19574680663
rapl_psys_sum_uj=0
pid=0 energy=34485623848589465 alive=1 kernel=1 cpu_ns=6891414325000000 mem=445341696 instructions=5710444717893 wakeups=20251457 diski=8777728 disko=535318528 rx=72369667 tx=30639508 comm=*system*
psu_energy_ac_mcp_machine=55755257202
-------
timestamp=3408470615509113
iterations=6617
sample_ns=100000000
window_ns=1000000000
rapl_core_sum_uj=19591569944
rapl_psys_sum_uj=0
pid=0 energy=34485658789041935 alive=1 kernel=1 cpu_ns=6891415384000000 mem=446681088 instructions=5716373808387 wakeups=20251699 diski=8777728 disko=535318528 rx=72369667 tx=30639508 comm=*system*
psu_energy_ac_mcp_machine=55780165283
-------
timestamp=3408470748819170
iterations=6618
sample_ns=100000000
window_ns=1000000000
rapl_core_sum_uj=19599905332
rapl_psys_sum_uj=0
pid=0 energy=34485676000885690 alive=1 kernel=1 cpu_ns=6891415909000000 mem=445341696 instructions=5719291177138 wakeups=20251886 diski=8777728 disko=535318528 rx=72369667 tx=30639508 comm=*system*
psu_energy_ac_mcp_machine=55798768799
-------
timestamp=3408470880837542
iterations=6619
sample_ns=100000000
window_ns=1000000000
rapl_core_sum_uj=19608246396
rapl_psys_sum_uj=0
pid=0 energy=34485693310159450 alive=1 kernel=1 cpu_ns=6891416440000000 mem=445349888 instructions=5722222031890 wakeups=20252091 diski=8777728 disko=535318528 rx=72369667 tx=30639508 comm=*system*
psu_energy_ac_mcp_machine=55817378540
-------
timestamp=3408471010313976
iterations=6620
sample_ns=100000000
window_ns=1000000000
rapl_core_sum_uj=19616623532
rapl_psys_sum_uj=0
pid=0 energy=34485710723730885 alive=1 kernel=1 cpu_ns=6891416972000000 mem=445333504 instructions=5725172746177 wakeups=20252292 diski=8777728 disko=535318528 rx=72369667 tx=30639508 comm=*system*
psu_energy_ac_mcp_machine=55836001465
-------
timestamp=3408471141894343
iterations=6622
sample_ns=100000000
window_ns=1000000000
rapl_core_sum_uj=19633482479
rapl_psys_sum_uj=0
pid=0 energy=34485745507219420 alive=1 kernel=1 cpu_ns=6891418024000000 mem=445333504 instructions=5731077443884 wakeups=20252485 diski=8777728 disko=535318528 rx=72369667 tx=30639508 comm=*system*
psu_energy_ac_mcp_machine=55861004883
-------
timestamp=3408471275053440
iterations=6623
sample_ns=100000000
window_ns=1000000000
rapl_core_sum_uj=19641825069
rapl_psys_sum_uj=0
pid=0 energy=34485762860379660 alive=1 kernel=1 cpu_ns=6891418555000000 mem=445333504 instructions=5734017075932 wakeups=20252700 diski=8777728 disko=535318528 rx=72369667 tx=30639508 comm=*system*
psu_energy_ac_mcp_machine=55879474365
-------
timestamp=3408471405472583
iterations=6624
sample_ns=100000000
window_ns=1000000000
rapl_core_sum_uj=19650209834
rapl_psys_sum_uj=0
pid=0 energy=34485780224472830 alive=1 kernel=1 cpu_ns=6891419087000000 mem=445341696 instructions=5736957894566 wakeups=20252901 diski=8777728 disko=535318528 rx=72369669 tx=30639508 comm=*system*
psu_energy_ac_mcp_machine=55898095459
-------
timestamp=3408471535805501
iterations=6625
sample_ns=100000000
window_ns=1000000000
rapl_core_sum_uj=19658570979
rapl_psys_sum_uj=0
pid=0 energy=34485797589327665 alive=1 kernel=1 cpu_ns=6891419617000000 mem=445341696 instructions=5739900865533 wakeups=20253106 diski=8777728 disko=535318528 rx=72369669 tx=30639508 comm=*system*
psu_energy_ac_mcp_machine=55923004761
-------
timestamp=3408471669273823
iterations=6627
sample_ns=100000000
window_ns=1000000000
rapl_core_sum_uj=19675394465
rapl_psys_sum_uj=0
pid=0 energy=34485832247272005 alive=1 kernel=1 cpu_ns=6891420667000000 mem=445341696 instructions=5745782454401 wakeups=20253332 diski=8777728 disko=535506944 rx=72369669 tx=30639508 comm=*system*
psu_energy_ac_mcp_machine=55941633423
-------
timestamp=3408471799848998
iterations=6628
sample_ns=100000000
window_ns=1000000000
rapl_core_sum_uj=19683717524
rapl_psys_sum_uj=0
pid=0 energy=34485849513941360 alive=1 kernel=1 cpu_ns=6891421198000000 mem=445341696 instructions=5748704788272 wakeups=20253544 diski=8777728 disko=535506944 rx=72369669 tx=30639508 comm=*system*
psu_energy_ac_mcp_machine=55960248779
-------
timestamp=3408471930011209
iterations=6629
sample_ns=100000000
window_ns=1000000000
rapl_core_sum_uj=19692115717
rapl_psys_sum_uj=0
pid=0 energy=34485866951886425 alive=1 kernel=1 cpu_ns=6891421729000000 mem=445349888 instructions=5751661377285 wakeups=20253745 diski=8777728 disko=535506944 rx=72369669 tx=30639508 comm=*system*
psu_energy_ac_mcp_machine=55985173584
-------
timestamp=3408472063935365
iterations=6630
sample_ns=100000000
window_ns=1000000000
rapl_core_sum_uj=19700469537
rapl_psys_sum_uj=0
pid=0 energy=34485884372298490 alive=1 kernel=1 cpu_ns=6891422260000000 mem=445349888 instructions=5754614459698 wakeups=20253950 diski=8777728 disko=535506944 rx=72369669 tx=30639508 comm=*system*
psu_energy_ac_mcp_machine=56003911011
-------
timestamp=3408472198018255
iterations=6632
sample_ns=100000000
window_ns=1000000000
rapl_core_sum_uj=19717321465
rapl_psys_sum_uj=0
pid=0 energy=34485919075848145 alive=1 kernel=1 cpu_ns=6891423312000000 mem=445349888 instructions=5760503169629 wakeups=20254158 diski=8777728 disko=535506944 rx=72369669 tx=30639508 comm=*system*
psu_energy_ac_mcp_machine=56022496094
-------
timestamp=3408472327874404
iterations=6633
sample_ns=100000000
window_ns=1000000000
rapl_core_sum_uj=19725734062
rapl_psys_sum_uj=0
pid=0 energy=34485936475008990 alive=1 kernel=1 cpu_ns=6891423842000000 mem=445349888 instructions=5763453001798 wakeups=20254371 diski=8777728 disko=535506944 rx=72369669 tx=30639508 comm=*system*
psu_energy_ac_mcp_machine=56041171387
-------
timestamp=3408472458385893
iterations=6634
sample_ns=100000000
window_ns=1000000000
rapl_core_sum_uj=19734151115
rapl_psys_sum_uj=0
pid=0 energy=34485953895275610 alive=1 kernel=1 cpu_ns=6891424373000000 mem=445349888 instructions=5766406055122 wakeups=20254569 diski=8777728 disko=535506944 rx=72369669 tx=30639508 comm=*system*
psu_energy_ac_mcp_machine=56066169556
-------
timestamp=3408472593928424
iterations=6636
sample_ns=100000000
window_ns=1000000000
rapl_core_sum_uj=19750985953
rapl_psys_sum_uj=0
pid=0 energy=34485988700464815 alive=1 kernel=1 cpu_ns=6891425430000000 mem=446025728 instructions=5772310092963 wakeups=20254797 diski=8777728 disko=535506944 rx=72369669 tx=30639508 comm=*system*
psu_energy_ac_mcp_machine=56084706177
-------
timestamp=3408472723971916
iterations=6637
sample_ns=100000000
window_ns=1000000000
rapl_core_sum_uj=19759302054
rapl_psys_sum_uj=0
pid=0 energy=34486005911592650 alive=1 kernel=1 cpu_ns=6891425957000000 mem=445349888 instructions=5775225318530 wakeups=20255003 diski=8777728 disko=535506944 rx=72369669 tx=30639508 comm=*system*
psu_energy_ac_mcp_machine=56103408936
-------
timestamp=3408472854014677
iterations=6638
sample_ns=100000000
window_ns=1000000000
rapl_core_sum_uj=19767731802
rapl_psys_sum_uj=0
pid=0 energy=34486023360893370 alive=1 kernel=1 cpu_ns=6891426488000000 mem=445349888 instructions=5778184178674 wakeups=20255206 diski=8777728 disko=535506944 rx=72369669 tx=30639508 comm=*system*
psu_energy_ac_mcp_machine=56128379150
-------
timestamp=3408472988140239
iterations=6639
sample_ns=100000000
window_ns=1000000000
rapl_core_sum_uj=19776139944
rapl_psys_sum_uj=0
pid=0 energy=34486040760740745 alive=1 kernel=1 cpu_ns=6891427017000000 mem=445374464 instructions=5781135148149 wakeups=20255406 diski=8777728 disko=535506944 rx=72369669 tx=30639508 comm=*system*
psu_energy_ac_mcp_machine=56147026367
-------
timestamp=3408473118423540
iterations=6641
sample_ns=100000000
window_ns=1000000000
rapl_core_sum_uj=19793035207
rapl_psys_sum_uj=0
pid=0 energy=34486075545234615 alive=1 kernel=1 cpu_ns=6891428067000000 mem=445366272 instructions=5787042046923 wakeups=20255625 diski=8777728 disko=535506944 rx=72369669 tx=30639508 comm=*system*
psu_energy_ac_mcp_machine=56165722778
-------
timestamp=3408473247777490
iterations=6642
sample_ns=100000000
window_ns=1000000000
rapl_core_sum_uj=19801385426
rapl_psys_sum_uj=0
pid=0 energy=34486092885216045 alive=1 kernel=1 cpu_ns=6891428597000000 mem=445366272 instructions=5789980043209 wakeups=20255837 diski=8777728 disko=535506944 rx=72369669 tx=30639508 comm=*system*
psu_energy_ac_mcp_machine=56184358765
-------
timestamp=3408473377633004
iterations=6643
sample_ns=100000000
window_ns=1000000000
rapl_core_sum_uj=19809747059
rapl_psys_sum_uj=0
pid=0 energy=34486110252077495 alive=1 kernel=1 cpu_ns=6891429127000000 mem=445370368 instructions=5792923415499 wakeups=20256042 diski=8777728 disko=535506944 rx=72369669 tx=30639508 comm=*system*
psu_energy_ac_mcp_machine=56209368408
-------
timestamp=3408473511526345
iterations=6644
sample_ns=100000000
window_ns=1000000000
rapl_core_sum_uj=19818144642
rapl_psys_sum_uj=0
pid=0 energy=34486127615838765 alive=1 kernel=1 cpu_ns=6891429659000000 mem=445370368 instructions=5795864167753 wakeups=20256251 diski=8777728 disko=535506944 rx=72369671 tx=30639508 comm=*system*
psu_energy_ac_mcp_machine=56227937256
-------
timestamp=3408473643669416
iterations=6646
sample_ns=100000000
window_ns=1000000000
rapl_core_sum_uj=19835049121
rapl_psys_sum_uj=0
pid=0 energy=34486162382346830 alive=1 kernel=1 cpu_ns=6891430713000000 mem=445370368 instructions=5801763469366 wakeups=20256470 diski=8777728 disko=535506944 rx=72369671 tx=30639508 comm=*system*
psu_energy_ac_mcp_machine=56246646240
-------
timestamp=3408473774188239
iterations=6647
sample_ns=100000000
window_ns=1000000000
rapl_core_sum_uj=19843469348
rapl_psys_sum_uj=0
pid=0 energy=34486179771575285 alive=1 kernel=1 cpu_ns=6891431243000000 mem=445394944 instructions=5804711315057 wakeups=20256687 diski=8777728 disko=535547904 rx=72369671 tx=30639508 comm=*system*
psu_energy_ac_mcp_machine=56271615479
-------
timestamp=3408473907553120
iterations=6648
sample_ns=100000000
window_ns=1000000000
rapl_core_sum_uj=19851850695
rapl_psys_sum_uj=0
pid=0 energy=34486197187910075 alive=1 kernel=1 cpu_ns=6891431774000000 mem=445419520 instructions=5807663582015 wakeups=20256886 diski=8777728 disko=535547904 rx=72369671 tx=30639508 comm=*system*
psu_energy_ac_mcp_machine=56290310059
-------
timestamp=3408474038083157
iterations=6649
sample_ns=100000000
window_ns=1000000000
rapl_core_sum_uj=19860275560
rapl_psys_sum_uj=0
pid=0 energy=34486214589819680 alive=1 kernel=1 cpu_ns=6891432304000000 mem=445419520 instructions=5810613963936 wakeups=20257101 diski=8777728 disko=535547904 rx=72369671 tx=30639508 comm=*system*
psu_energy_ac_mcp_machine=56308987061
-------
timestamp=3408474169388924
iterations=6651
sample_ns=100000000
window_ns=1000000000
rapl_core_sum_uj=19877147995
rapl_psys_sum_uj=0
pid=0 energy=34486249372090735 alive=1 kernel=1 cpu_ns=6891433357000000 mem=445419520 instructions=5816517418147 wakeups=20257314 diski=8777728 disko=535547904 rx=72369671 tx=30639508 comm=*system*
psu_energy_ac_mcp_machine=56333899536
-------
timestamp=3408474302329288
iterations=6652
sample_ns=100000000
window_ns=1000000000
rapl_core_sum_uj=19885537887
rapl_psys_sum_uj=0
pid=0 energy=34486266756629210 alive=1 kernel=1 cpu_ns=6891433888000000 mem=445419520 instructions=5819463325842 wakeups=20257515 diski=8777728 disko=535547904 rx=72369671 tx=30639508 comm=*system*
psu_energy_ac_mcp_machine=56352720093
-------
timestamp=3408474436541547
iterations=6653
sample_ns=100000000
window_ns=1000000000
rapl_core_sum_uj=19893925216
rapl_psys_sum_uj=0
pid=0 energy=34486284150311605 alive=1 kernel=1 cpu_ns=6891434420000000 mem=445419520 instructions=5822410062321 wakeups=20257717 diski=8777728 disko=535547904 rx=72369671 tx=30639508 comm=*system*
psu_energy_ac_mcp_machine=56371291260
-------
timestamp=3408474568680944
iterations=6655
sample_ns=100000000
window_ns=1000000000
rapl_core_sum_uj=19910783309
rapl_psys_sum_uj=0
pid=0 energy=34486318963880130 alive=1 kernel=1 cpu_ns=6891435477000000 mem=446320640 instructions=5828315776026 wakeups=20257947 diski=8777728 disko=535547904 rx=72369671 tx=30639508 comm=*system*
psu_energy_ac_mcp_machine=56396137329
-------
timestamp=3408474702140040
iterations=6656
sample_ns=100000000
window_ns=1000000000
rapl_core_sum_uj=19919121321
rapl_psys_sum_uj=0
pid=0 energy=34486336113752310 alive=1 kernel=1 cpu_ns=6891436002000000 mem=445419520 instructions=5831220750462 wakeups=20258148 diski=8777728 disko=535547904 rx=72369671 tx=30639508 comm=*system*
psu_energy_ac_mcp_machine=56414834839
-------
timestamp=3408474834368919
iterations=6657
sample_ns=100000000
window_ns=1000000000
rapl_core_sum_uj=19927465376
rapl_psys_sum_uj=0
pid=0 energy=34486353440931385 alive=1 kernel=1 cpu_ns=6891436534000000 mem=445419520 instructions=5834154186277 wakeups=20258356 diski=8777728 disko=535547904 rx=72369671 tx=30639508 comm=*system*
psu_energy_ac_mcp_machine=56433426147
-------
timestamp=3408474964587112
iterations=6658
sample_ns=100000000
window_ns=1000000000
rapl_core_sum_uj=19935886579
rapl_psys_sum_uj=0
pid=0 energy=34486370836407305 alive=1 kernel=1 cpu_ns=6891437066000000 mem=445390848 instructions=5837101281461 wakeups=20258565 diski=8777728 disko=535547904 rx=72369671 tx=30639508 comm=*system*
psu_energy_ac_mcp_machine=56452081055
-------
timestamp=3408475094613471
iterations=6660
sample_ns=100000000
window_ns=1000000000
rapl_core_sum_uj=19952695843
rapl_psys_sum_uj=0
pid=0 energy=34486405511881610 alive=1 kernel=1 cpu_ns=6891438120000000 mem=445435904 instructions=5842982376322 wakeups=20258795 diski=8777728 disko=535547904 rx=72369671 tx=30639508 comm=*system*
psu_energy_ac_mcp_machine=56477018188
-------
timestamp=3408475226543598
iterations=6661
sample_ns=100000000
window_ns=1000000000
rapl_core_sum_uj=19961051738
rapl_psys_sum_uj=0
pid=0 energy=34486422851991900 alive=1 kernel=1 cpu_ns=6891438651000000 mem=445423616 instructions=5845919398380 wakeups=20259004 diski=8777728 disko=535547904 rx=72369671 tx=30639508 comm=*system*
psu_energy_ac_mcp_machine=56495641357
-------
timestamp=3408475357196209
iterations=6662
sample_ns=100000000
window_ns=1000000000
rapl_core_sum_uj=19969450114
rapl_psys_sum_uj=0
pid=0 energy=34486440285126145 alive=1 kernel=1 cpu_ns=6891439181000000 mem=445419520 instructions=5848876025229 wakeups=20259211 diski=8777728 disko=535547904 rx=72369671 tx=30639508 comm=*system*
psu_energy_ac_mcp_machine=56514312256
-------
timestamp=3408475487572955
iterations=6663
sample_ns=100000000
window_ns=1000000000
rapl_core_sum_uj=19977846659
rapl_psys_sum_uj=0
pid=0 energy=34486457721784085 alive=1 kernel=1 cpu_ns=6891439713000000 mem=445435904 instructions=5851831356817 wakeups=20259417 diski=8777728 disko=535547904 rx=72369673 tx=30639508 comm=*system*
psu_energy_ac_mcp_machine=56539229492
-------
timestamp=3408475621373134
iterations=6665
sample_ns=100000000
window_ns=1000000000
rapl_core_sum_uj=19994697976
rapl_psys_sum_uj=0
pid=0 energy=34486492438369925 alive=1 kernel=1 cpu_ns=6891440765000000 mem=445427712 instructions=5857722673985 wakeups=20259624 diski=8777728 disko=535547904 rx=72369673 tx=30639508 comm=*system*
psu_energy_ac_mcp_machine=56558026367
-------
timestamp=3408475755861288
iterations=6666
sample_ns=100000000
window_ns=1000000000
rapl_core_sum_uj=20003052834
rapl_psys_sum_uj=0
pid=0 energy=34486509767339940 alive=1 kernel=1 cpu_ns=6891441296000000 mem=445440000 instructions=5860657467988 wakeups=20259841 diski=8777728 disko=535547904 rx=72369673 tx=30639508 comm=*system*
psu_energy_ac_mcp_machine=56576617188
-------
timestamp=3408475886111551
iterations=6667
sample_ns=100000000
window_ns=1000000000
rapl_core_sum_uj=20011456703
rapl_psys_sum_uj=0
pid=0 energy=34486527177078335 alive=1 kernel=1 cpu_ns=6891441827000000 mem=445440000 instructions=5863608415667 wakeups=20260046 diski=8777728 disko=535547904 rx=72369673 tx=30639508 comm=*system*
psu_energy_ac_mcp_machine=56595305908
-------
timestamp=3408476015825889
iterations=6668
sample_ns=100000000
window_ns=1000000000
rapl_core_sum_uj=20019861671
rapl_psys_sum_uj=0
pid=0 energy=34486544541532425 alive=1 kernel=1 cpu_ns=6891442358000000 mem=445440000 instructions=5866550306485 wakeups=20260256 diski=8777728 disko=535547904 rx=72369673 tx=30639508 comm=*system*
psu_energy_ac_mcp_machine=56620369019
-------
timestamp=3408476149905980
iterations=6670
sample_ns=100000000
window_ns=1000000000
rapl_core_sum_uj=20036737952
rapl_psys_sum_uj=0
pid=0 energy=34486579282931560 alive=1 kernel=1 cpu_ns=6891443409000000 mem=445440000 instructions=5872447586312 wakeups=20260465 diski=8777728 disko=535547904 rx=72369673 tx=30639508 comm=*system*
psu_energy_ac_mcp_machine=56638992188
-------
timestamp=3408476279925567
iterations=6671
sample_ns=100000000
window_ns=1000000000
rapl_core_sum_uj=20045150000
rapl_psys_sum_uj=0
pid=0 energy=34486596689378545 alive=1 kernel=1 cpu_ns=6891443940000000 mem=445440000 instructions=5875397875709 wakeups=20260672 diski=8777728 disko=535547904 rx=72369673 tx=30639508 comm=*system*
psu_energy_ac_mcp_machine=56657651733
-------
timestamp=3408476409757769
iterations=6672
sample_ns=100000000
window_ns=1000000000
rapl_core_sum_uj=20053515905
rapl_psys_sum_uj=0
pid=0 energy=34486614061296330 alive=1 kernel=1 cpu_ns=6891444471000000 mem=445440000 instructions=5878341259266 wakeups=20260879 diski=8777728 disko=535547904 rx=72369673 tx=30639508 comm=*system*
psu_energy_ac_mcp_machine=56682493042
-------
timestamp=3408476544811763
iterations=6674
sample_ns=100000000
window_ns=1000000000
rapl_core_sum_uj=20070307836
rapl_psys_sum_uj=0
pid=0 energy=34486648761554450 alive=1 kernel=1 cpu_ns=6891445530000000 mem=446341120 instructions=5884222310890 wakeups=20261107 diski=8777728 disko=535547904 rx=72369673 tx=30639509 comm=*system*
psu_energy_ac_mcp_machine=56701088013
-------
timestamp=3408476677093331
iterations=6675
sample_ns=100000000
window_ns=1000000000
rapl_core_sum_uj=20078654942
rapl_psys_sum_uj=0
pid=0 energy=34486666001870740 alive=1 kernel=1 cpu_ns=6891446056000000 mem=445440000 instructions=5887144374148 wakeups=20261308 diski=8777728 disko=535547904 rx=72369674 tx=30639509 comm=*system*
psu_energy_ac_mcp_machine=56719604370
-------
timestamp=3408476807464024
iterations=6676
sample_ns=100000000
window_ns=1000000000
rapl_core_sum_uj=20086998508
rapl_psys_sum_uj=0
pid=0 energy=34486683334188725 alive=1 kernel=1 cpu_ns=6891446588000000 mem=445440000 instructions=5890078837745 wakeups=20261517 diski=8777728 disko=535547904 rx=72369674 tx=30639509 comm=*system*
psu_energy_ac_mcp_machine=56744313110
-------
timestamp=3408476941191065
iterations=6677
sample_ns=100000000
window_ns=1000000000
rapl_core_sum_uj=20095226718
rapl_psys_sum_uj=0
pid=0 energy=34486700397962740 alive=1 kernel=1 cpu_ns=6891447121000000 mem=445440000 instructions=5892958592548 wakeups=20261827 diski=8777728 disko=538435584 rx=72369674 tx=30639509 comm=*system*
psu_energy_ac_mcp_machine=56763229614
-------
timestamp=3408477076413005
iterations=6679
sample_ns=100000000
window_ns=1000000000
rapl_core_sum_uj=20112325899
rapl_psys_sum_uj=0
pid=0 energy=34486735952591655 alive=1 kernel=1 cpu_ns=6891448171000000 mem=445566976 instructions=5899019518331 wakeups=20262041 diski=8777728 disko=538435584 rx=72369674 tx=30639509 comm=*system*
psu_energy_ac_mcp_machine=56782018555
-------
timestamp=3408477206435651
iterations=6680
sample_ns=100000000
window_ns=1000000000
rapl_core_sum_uj=20120807283
rapl_psys_sum_uj=0
pid=0 energy=34486753705903740 alive=1 kernel=1 cpu_ns=6891448703000000 mem=445583360 instructions=5902038180748 wakeups=20262250 diski=8777728 disko=538435584 rx=72369674 tx=30639509 comm=*system*
psu_energy_ac_mcp_machine=56807082886
-------
timestamp=3408477340303482
iterations=6681
sample_ns=100000000
window_ns=1000000000
rapl_core_sum_uj=20129258027
rapl_psys_sum_uj=0
pid=0 energy=34486771464478790 alive=1 kernel=1 cpu_ns=6891449234000000 mem=445583360 instructions=5905058895758 wakeups=20262457 diski=8777728 disko=538435584 rx=72369674 tx=30639509 comm=*system*
psu_energy_ac_mcp_machine=56826046265
-------
timestamp=3408477490772618
iterations=6683
sample_ns=100000000
window_ns=1000000000
rapl_core_sum_uj=20145940094
rapl_psys_sum_uj=0
pid=0 energy=34486807839994690 alive=1 kernel=1 cpu_ns=6891450327000000 mem=446484480 instructions=5911240998938 wakeups=20262743 diski=8777728 disko=538435584 rx=72369680 tx=30639514 comm=*system*
psu_energy_ac_mcp_machine=56850872192
-------
timestamp=3408477636762136
iterations=6684
sample_ns=100000000
window_ns=1000000000
rapl_core_sum_uj=20154904266
rapl_psys_sum_uj=0
pid=0 energy=34486828360731655 alive=1 kernel=1 cpu_ns=6891450951000000 mem=446935040 instructions=5914721146331 wakeups=20262952 diski=8777728 disko=538435584 rx=72369680 tx=30639514 comm=*system*
psu_energy_ac_mcp_machine=56870584351
-------
timestamp=3408477781005126
iterations=6685
sample_ns=100000000
window_ns=1000000000
rapl_core_sum_uj=20163851348
rapl_psys_sum_uj=0
pid=0 energy=34486848861642970 alive=1 kernel=1 cpu_ns=6891451575000000 mem=447160320 instructions=5918197328594 wakeups=20263177 diski=8777728 disko=538435584 rx=72369680 tx=30639514 comm=*system*
psu_energy_ac_mcp_machine=56896889771
-------
timestamp=3408477926755974
iterations=6687
sample_ns=100000000
window_ns=1000000000
rapl_core_sum_uj=20181801481
rapl_psys_sum_uj=0
pid=0 energy=34486890041477565 alive=1 kernel=1 cpu_ns=6891452823000000 mem=446570496 instructions=5925185295513 wakeups=20263404 diski=8777728 disko=538435584 rx=72369680 tx=30639514 comm=*system*
psu_energy_ac_mcp_machine=56923187622
-------
timestamp=3408478074754628
iterations=6688
sample_ns=100000000
window_ns=1000000000
rapl_core_sum_uj=20190776578
rapl_psys_sum_uj=0
pid=0 energy=34486910546017200 alive=1 kernel=1 cpu_ns=6891453447000000 mem=446795776 instructions=5928662203440 wakeups=20263609 diski=8777728 disko=538435584 rx=72369680 tx=30639514 comm=*system*
psu_energy_ac_mcp_machine=56942889038
-------
timestamp=3408478215754883
iterations=6690
sample_ns=100000000
window_ns=1000000000
rapl_core_sum_uj=20208751248
rapl_psys_sum_uj=0
pid=0 energy=34486951679550550 alive=1 kernel=1 cpu_ns=6891454695000000 mem=447246336 instructions=5935640910110 wakeups=20263848 diski=8777728 disko=538435584 rx=72369680 tx=30639514 comm=*system*
psu_energy_ac_mcp_machine=56969234619
-------
timestamp=3408478364757853
iterations=6691
sample_ns=100000000
window_ns=1000000000
rapl_core_sum_uj=20217728848
rapl_psys_sum_uj=0
pid=0 energy=34486972204789350 alive=1 kernel=1 cpu_ns=6891455319000000 mem=446795776 instructions=5939121957870 wakeups=20264056 diski=8777728 disko=538435584 rx=72369680 tx=30639514 comm=*system*
psu_energy_ac_mcp_machine=56995553833
-------
timestamp=3408478512755461
iterations=6692
sample_ns=100000000
window_ns=1000000000
rapl_core_sum_uj=20226713223
rapl_psys_sum_uj=0
pid=0 energy=34486992712606015 alive=1 kernel=1 cpu_ns=6891455943000000 mem=446570496 instructions=5942599521203 wakeups=20264270 diski=8777728 disko=538435584 rx=72369680 tx=30639514 comm=*system*
psu_energy_ac_mcp_machine=57015293457
-------
timestamp=3408478658017404
iterations=6694
sample_ns=100000000
window_ns=1000000000
rapl_core_sum_uj=20244744411
rapl_psys_sum_uj=0
pid=0 energy=34487034083352110 alive=1 kernel=1 cpu_ns=6891457197000000 mem=446795776 instructions=5949619670422 wakeups=20264489 diski=8777728 disko=538435584 rx=72369680 tx=30639514 comm=*system*
psu_energy_ac_mcp_machine=57041564819
-------
timestamp=3408478804750075
iterations=6695
sample_ns=100000000
window_ns=1000000000
rapl_core_sum_uj=20253705531
rapl_psys_sum_uj=0
pid=0 energy=34487054585869545 alive=1 kernel=1 cpu_ns=6891457821000000 mem=446795776 instructions=5953096173909 wakeups=20264711 diski=8777728 disko=538468352 rx=72369680 tx=30639514 comm=*system*
psu_energy_ac_mcp_machine=57067861816
-------
timestamp=3408478952755148
iterations=6697
sample_ns=100000000
window_ns=1000000000
rapl_core_sum_uj=20271573634
rapl_psys_sum_uj=0
pid=0 energy=34487095553299640 alive=1 kernel=1 cpu_ns=6891459063000000 mem=446599168 instructions=5960047659928 wakeups=20264947 diski=8777728 disko=538468352 rx=72369680 tx=30639514 comm=*system*
psu_energy_ac_mcp_machine=57087559570
-------
timestamp=3408479100744730
iterations=6698
sample_ns=100000000
window_ns=1000000000
rapl_core_sum_uj=20280538721
rapl_psys_sum_uj=0
pid=0 energy=34487116057417890 alive=1 kernel=1 cpu_ns=6891459686000000 mem=446824448 instructions=5963525483578 wakeups=20265159 diski=8777728 disko=538468352 rx=72369680 tx=30639514 comm=*system*
psu_energy_ac_mcp_machine=57113828003
-------
timestamp=3408479247058330
iterations=6700
sample_ns=100000000
window_ns=1000000000
rapl_core_sum_uj=20298484948
rapl_psys_sum_uj=0
pid=0 energy=34487157147304995 alive=1 kernel=1 cpu_ns=6891460934000000 mem=447950848 instructions=5970495460999 wakeups=20265414 diski=8777728 disko=538468352 rx=72369680 tx=30639514 comm=*system*
psu_energy_ac_mcp_machine=57140105591
-------
timestamp=3408479398758063
iterations=6701
sample_ns=100000000
window_ns=1000000000
rapl_core_sum_uj=20307454857
rapl_psys_sum_uj=0
pid=0 energy=34487177716642480 alive=1 kernel=1 cpu_ns=6891461557000000 mem=446824448 instructions=5973986328496 wakeups=20265611 diski=8777728 disko=538468352 rx=72369682 tx=30639514 comm=*system*
psu_energy_ac_mcp_machine=57159838989
-------
timestamp=3408479545760962
iterations=6702
sample_ns=100000000
window_ns=1000000000
rapl_core_sum_uj=20316435386
rapl_psys_sum_uj=0
pid=0 energy=34487198203303625 alive=1 kernel=1 cpu_ns=6891462181000000 mem=446599168 instructions=5977459660725 wakeups=20265816 diski=8777728 disko=538468352 rx=72369682 tx=30639514 comm=*system*
psu_energy_ac_mcp_machine=57186126343
-------
timestamp=3408479695760180
iterations=6704
sample_ns=100000000
window_ns=1000000000
rapl_core_sum_uj=20334405050
rapl_psys_sum_uj=0
pid=0 energy=34487239373273785 alive=1 kernel=1 cpu_ns=6891463429000000 mem=446599168 instructions=5984445654757 wakeups=20266055 diski=8777728 disko=538468352 rx=72369682 tx=30639514 comm=*system*
psu_energy_ac_mcp_machine=57212433350
-------
timestamp=3408479843015828
iterations=6705
sample_ns=100000000
window_ns=1000000000
rapl_core_sum_uj=20343371541
rapl_psys_sum_uj=0
pid=0 energy=34487259880478605 alive=1 kernel=1 cpu_ns=6891464053000000 mem=446599168 instructions=5987923095721 wakeups=20266271 diski=8777728 disko=538468352 rx=72369682 tx=30639514 comm=*system*
psu_energy_ac_mcp_machine=57238739380
-------
timestamp=3408479993751081
iterations=6707
sample_ns=100000000
window_ns=1000000000
rapl_core_sum_uj=20361322223
rapl_psys_sum_uj=0
pid=0 energy=34487301080330965 alive=1 kernel=1 cpu_ns=6891465301000000 mem=446672896 instructions=5994915066193 wakeups=20266465 diski=8777728 disko=538468352 rx=72369682 tx=30639514 comm=*system*
psu_energy_ac_mcp_machine=57258477661
-------
timestamp=3408480140757982
iterations=6708
sample_ns=100000000
window_ns=1000000000
rapl_core_sum_uj=20370289630
rapl_psys_sum_uj=0
pid=0 energy=34487321580831440 alive=1 kernel=1 cpu_ns=6891465925000000 mem=446447616 instructions=5998391166288 wakeups=20266676 diski=8777728 disko=538468352 rx=72369682 tx=30639514 comm=*system*
psu_energy_ac_mcp_machine=57284794800
-------
timestamp=3408480286807797
iterations=6710
sample_ns=100000000
window_ns=1000000000
rapl_core_sum_uj=20388231219
rapl_psys_sum_uj=0
pid=0 energy=34487362656721190 alive=1 kernel=1 cpu_ns=6891467172000000 mem=448024576 instructions=6005359344238 wakeups=20266936 diski=8777728 disko=538468352 rx=72369682 tx=30639514 comm=*system*
psu_energy_ac_mcp_machine=57311096436
-------
timestamp=3408480436749115
iterations=6711
sample_ns=100000000
window_ns=1000000000
rapl_core_sum_uj=20397225969
rapl_psys_sum_uj=0
pid=0 energy=34487383244520310 alive=1 kernel=1 cpu_ns=6891467796000000 mem=446672896 instructions=6008852904062 wakeups=20267123 diski=8777728 disko=538468352 rx=72369682 tx=30639514 comm=*system*
psu_energy_ac_mcp_machine=57330839844
-------
timestamp=3408480584787991
iterations=6712
sample_ns=100000000
window_ns=1000000000
rapl_core_sum_uj=20406216752
rapl_psys_sum_uj=0
pid=0 energy=34487403757095115 alive=1 kernel=1 cpu_ns=6891468420000000 mem=446898176 instructions=6012331419023 wakeups=20267333 diski=8777728 disko=538468352 rx=72369682 tx=30639514 comm=*system*
psu_energy_ac_mcp_machine=57357162231
-------
timestamp=3408480728935726
iterations=6714
sample_ns=100000000
window_ns=1000000000
rapl_core_sum_uj=20424187637
rapl_psys_sum_uj=0
pid=0 energy=34487444921348860 alive=1 kernel=1 cpu_ns=6891469667000000 mem=446672896 instructions=6019317269772 wakeups=20267566 diski=8777728 disko=538468352 rx=72369682 tx=30639514 comm=*system*
psu_energy_ac_mcp_machine=57383505249
-------
timestamp=3408480877766328
iterations=6715
sample_ns=100000000
window_ns=1000000000
rapl_core_sum_uj=20433165176
rapl_psys_sum_uj=0
pid=0 energy=34487465411496525 alive=1 kernel=1 cpu_ns=6891470291000000 mem=446898176 instructions=6022791299305 wakeups=20267789 diski=8777728 disko=538468352 rx=72369682 tx=30639514 comm=*system*
psu_energy_ac_mcp_machine=57403243652
-------
timestamp=3408481022006597
iterations=6717
sample_ns=100000000
window_ns=1000000000
rapl_core_sum_uj=20451133376
rapl_psys_sum_uj=0
pid=0 energy=34487506563790105 alive=1 kernel=1 cpu_ns=6891471539000000 mem=446939136 instructions=6029773758021 wakeups=20268029 diski=8777728 disko=538468352 rx=72369682 tx=30639514 comm=*system*
psu_energy_ac_mcp_machine=57429571655
-------
timestamp=3408481165915593
iterations=6718
sample_ns=100000000
window_ns=1000000000
rapl_core_sum_uj=20460096999
rapl_psys_sum_uj=0
pid=0 energy=34487527085112815 alive=1 kernel=1 cpu_ns=6891472163000000 mem=446713856 instructions=6033254022563 wakeups=20268241 diski=8777728 disko=538468352 rx=72369682 tx=30639514 comm=*system*
psu_energy_ac_mcp_machine=57455861938
-------
timestamp=3408481315558006
iterations=6719
sample_ns=100000000
window_ns=1000000000
rapl_core_sum_uj=20469084975
rapl_psys_sum_uj=0
pid=0 energy=34487547583167100 alive=1 kernel=1 cpu_ns=6891472786000000 mem=446939136 instructions=6036730633420 wakeups=20268447 diski=8777728 disko=538468352 rx=72369682 tx=30639514 comm=*system*
psu_energy_ac_mcp_machine=57475609497
-------
timestamp=3408481462746810
iterations=6721
sample_ns=100000000
window_ns=1000000000
rapl_core_sum_uj=20487043226
rapl_psys_sum_uj=0
pid=0 energy=34487588759060390 alive=1 kernel=1 cpu_ns=6891474034000000 mem=446713856 instructions=6043717812078 wakeups=20268673 diski=8777728 disko=538468352 rx=72369684 tx=30639514 comm=*system*
psu_energy_ac_mcp_machine=57501896118
-------
timestamp=3408481609758286
iterations=6722
sample_ns=100000000
window_ns=1000000000
rapl_core_sum_uj=20496125806
rapl_psys_sum_uj=0
pid=0 energy=34487609456386545 alive=1 kernel=1 cpu_ns=6891474664000000 mem=446939136 instructions=6047227277309 wakeups=20268889 diski=8777728 disko=538468352 rx=72369684 tx=30639514 comm=*system*
psu_energy_ac_mcp_machine=57528172607
-------
timestamp=3408481756757439
iterations=6724
sample_ns=100000000
window_ns=1000000000
rapl_core_sum_uj=20514041577
rapl_psys_sum_uj=0
pid=0 energy=34487650419866830 alive=1 kernel=1 cpu_ns=6891475906000000 mem=446939136 instructions=6054177973366 wakeups=20269127 diski=8777728 disko=538468352 rx=72369684 tx=30639514 comm=*system*
psu_energy_ac_mcp_machine=57547865845
-------
timestamp=3408481903752485
iterations=6725
sample_ns=100000000
window_ns=1000000000
rapl_core_sum_uj=20523123242
rapl_psys_sum_uj=0
pid=0 energy=34487671114008800 alive=1 kernel=1 cpu_ns=6891476535000000 mem=446967808 instructions=6057687801760 wakeups=20269342 diski=8777728 disko=538468352 rx=72369684 tx=30639514 comm=*system*
psu_energy_ac_mcp_machine=57574107910
-------
timestamp=3408482050748159
iterations=6726
sample_ns=100000000
window_ns=1000000000
rapl_core_sum_uj=20532087841
rapl_psys_sum_uj=0
pid=0 energy=34487691618227585 alive=1 kernel=1 cpu_ns=6891477159000000 mem=446689280 instructions=6061164645517 wakeups=20269553 diski=8777728 disko=538468352 rx=72369684 tx=30639514 comm=*system*
psu_energy_ac_mcp_machine=57600407104
-------
timestamp=3408482199752284
iterations=6728
sample_ns=100000000
window_ns=1000000000
rapl_core_sum_uj=20549988536
rapl_psys_sum_uj=0
pid=0 energy=34487732568803775 alive=1 kernel=1 cpu_ns=6891478401000000 mem=446914560 instructions=6068112760755 wakeups=20269780 diski=8777728 disko=538468352 rx=72369684 tx=30639514 comm=*system*
psu_energy_ac_mcp_machine=57620050293
-------
timestamp=3408482343762774
iterations=6729
sample_ns=100000000
window_ns=1000000000
rapl_core_sum_uj=20558970896
rapl_psys_sum_uj=0
pid=0 energy=34487753076262560 alive=1 kernel=1 cpu_ns=6891479025000000 mem=446689280 instructions=6071590252512 wakeups=20269996 diski=8777728 disko=538468352 rx=72369684 tx=30639514 comm=*system*
psu_energy_ac_mcp_machine=57646289673
-------
timestamp=3408482490987160
iterations=6731
sample_ns=100000000
window_ns=1000000000
rapl_core_sum_uj=20576916390
rapl_psys_sum_uj=0
pid=0 energy=34487794262623810 alive=1 kernel=1 cpu_ns=6891480273000000 mem=446914560 instructions=6078579524762 wakeups=20270214 diski=8777728 disko=538468352 rx=72369686 tx=30639514 comm=*system*
psu_energy_ac_mcp_machine=57672514404
-------
timestamp=3408482640765850
iterations=6732
sample_ns=100000000
window_ns=1000000000
rapl_core_sum_uj=20585871223
rapl_psys_sum_uj=0
pid=0 energy=34487814769014810 alive=1 kernel=1 cpu_ns=6891480897000000 mem=447139840 instructions=6082056802962 wakeups=20270431 diski=8777728 disko=538468352 rx=72369686 tx=30639514 comm=*system*
psu_energy_ac_mcp_machine=57698776489
-------
timestamp=3408482788766224
iterations=6734
sample_ns=100000000
window_ns=1000000000
rapl_core_sum_uj=20603901922
rapl_psys_sum_uj=0
pid=0 energy=34487856074207960 alive=1 kernel=1 cpu_ns=6891482150000000 mem=447590400 instructions=6089064841592 wakeups=20270677 diski=8777728 disko=538468352 rx=72369686 tx=30639514 comm=*system*
psu_energy_ac_mcp_machine=57718473511
-------
timestamp=3408482929988292
iterations=6735
sample_ns=100000000
window_ns=1000000000
rapl_core_sum_uj=20612870672
rapl_psys_sum_uj=0
pid=0 energy=34487876623851555 alive=1 kernel=1 cpu_ns=6891482772000000 mem=446619648 instructions=6092552770311 wakeups=20270878 diski=8777728 disko=538468352 rx=72369686 tx=30639514 comm=*system*
psu_energy_ac_mcp_machine=57744754028
-------
timestamp=3408483079759148
iterations=6736
sample_ns=100000000
window_ns=1000000000
rapl_core_sum_uj=20621762334
rapl_psys_sum_uj=0
pid=0 energy=34487896940457315 alive=1 kernel=1 cpu_ns=6891483390000000 mem=446844928 instructions=6095998091463 wakeups=20271096 diski=8777728 disko=538468352 rx=72369686 tx=30639514 comm=*system*
psu_energy_ac_mcp_machine=57770999634
-------
timestamp=3408483229938943
iterations=6738
sample_ns=100000000
window_ns=1000000000
rapl_core_sum_uj=20639728947
rapl_psys_sum_uj=0
pid=0 energy=34487938113822760 alive=1 kernel=1 cpu_ns=6891484638000000 mem=446619648 instructions=6102984764552 wakeups=20271301 diski=8777728 disko=538468352 rx=72369686 tx=30639514 comm=*system*
psu_energy_ac_mcp_machine=57790699097
-------
timestamp=3408483378755043
iterations=6739
sample_ns=100000000
window_ns=1000000000
rapl_core_sum_uj=20648726566
rapl_psys_sum_uj=0
pid=0 energy=34487958619874395 alive=1 kernel=1 cpu_ns=6891485262000000 mem=446844928 instructions=6106461974879 wakeups=20271524 diski=8777728 disko=538468352 rx=72369686 tx=30639514 comm=*system*
psu_energy_ac_mcp_machine=57816953369
-------
timestamp=3408483522991233
iterations=6741
sample_ns=100000000
window_ns=1000000000
rapl_core_sum_uj=20666709170
rapl_psys_sum_uj=0
pid=0 energy=34487999786673085 alive=1 kernel=1 cpu_ns=6891486510000000 mem=446844928 instructions=6113447334617 wakeups=20271754 diski=8777728 disko=538468352 rx=72369688 tx=30639514 comm=*system*
psu_energy_ac_mcp_machine=57843190063
-------
timestamp=3408483668028694
iterations=6742
sample_ns=100000000
window_ns=1000000000
rapl_core_sum_uj=20675725649
rapl_psys_sum_uj=0
pid=0 energy=34488020325242780 alive=1 kernel=1 cpu_ns=6891487134000000 mem=446844928 instructions=6116931048556 wakeups=20271967 diski=8777728 disko=538468352 rx=72369688 tx=30639514 comm=*system*
psu_energy_ac_mcp_machine=57862881348
-------
timestamp=3408483813760010
iterations=6743
sample_ns=100000000
window_ns=1000000000
rapl_core_sum_uj=20684780275
rapl_psys_sum_uj=0
pid=0 energy=34488040969936630 alive=1 kernel=1 cpu_ns=6891487764000000 mem=446619648 instructions=6120429987326 wakeups=20272193 diski=8777728 disko=538488832 rx=72369688 tx=30639514 comm=*system*
psu_energy_ac_mcp_machine=57889153076
-------
timestamp=3408483962753066
iterations=6745
sample_ns=100000000
window_ns=1000000000
rapl_core_sum_uj=20702764100
rapl_psys_sum_uj=0
pid=0 energy=34488082151418015 alive=1 kernel=1 cpu_ns=6891489012000000 mem=446636032 instructions=6127418283603 wakeups=20272413 diski=8777728 disko=538488832 rx=72369688 tx=30639514 comm=*system*
psu_energy_ac_mcp_machine=57915449585
-------
timestamp=3408484110760105
iterations=6746
sample_ns=100000000
window_ns=1000000000
rapl_core_sum_uj=20711681031
rapl_psys_sum_uj=0
pid=0 energy=34488102446545835 alive=1 kernel=1 cpu_ns=6891489629000000 mem=446636032 instructions=6130860309167 wakeups=20272631 diski=8777728 disko=538488832 rx=72369688 tx=30639514 comm=*system*
psu_energy_ac_mcp_machine=57935174194
-------
timestamp=3408484255757119
iterations=6748
sample_ns=100000000
window_ns=1000000000
rapl_core_sum_uj=20729658996
rapl_psys_sum_uj=0
pid=0 energy=34488143611108675 alive=1 kernel=1 cpu_ns=6891490877000000 mem=446636032 instructions=6137845221735 wakeups=20272859 diski=8777728 disko=538488832 rx=72369688 tx=30639514 comm=*system*
psu_energy_ac_mcp_machine=57961459717
-------
timestamp=3408484403756851
iterations=6749
sample_ns=100000000
window_ns=1000000000
rapl_core_sum_uj=20738663634
rapl_psys_sum_uj=0
pid=0 energy=34488164100792725 alive=1 kernel=1 cpu_ns=6891491501000000 mem=446861312 instructions=6141319158545 wakeups=20273073 diski=8777728 disko=538488832 rx=72369688 tx=30639514 comm=*system*
psu_energy_ac_mcp_machine=57987783691
-------
timestamp=3408484553785284
iterations=6751
sample_ns=100000000
window_ns=1000000000
rapl_core_sum_uj=20756629331
rapl_psys_sum_uj=0
pid=0 energy=34488205206624630 alive=1 kernel=1 cpu_ns=6891492749000000 mem=447987712 instructions=6148292324926 wakeups=20273320 diski=8777728 disko=538517504 rx=72369688 tx=30639514 comm=*system*
psu_energy_ac_mcp_machine=58007524658
-------
timestamp=3408484697988900
iterations=6752
sample_ns=100000000
window_ns=1000000000
rapl_core_sum_uj=20765705624
rapl_psys_sum_uj=0
pid=0 energy=34488225981758875 alive=1 kernel=1 cpu_ns=6891493379000000 mem=446861312 instructions=6151817351775 wakeups=20273507 diski=8777728 disko=538517504 rx=72369688 tx=30639514 comm=*system*
psu_energy_ac_mcp_machine=58033819214
-------
timestamp=3408484843996649
iterations=6753
sample_ns=100000000
window_ns=1000000000
rapl_core_sum_uj=20774692318
rapl_psys_sum_uj=0
pid=0 energy=34488246487076070 alive=1 kernel=1 cpu_ns=6891494003000000 mem=446636032 instructions=6155294415214 wakeups=20273723 diski=8777728 disko=538517504 rx=72369688 tx=30639514 comm=*system*
psu_energy_ac_mcp_machine=58060144653
-------
timestamp=3408484991012659
iterations=6755
sample_ns=100000000
window_ns=1000000000
rapl_core_sum_uj=20792594600
rapl_psys_sum_uj=0
pid=0 energy=34488287444049095 alive=1 kernel=1 cpu_ns=6891495245000000 mem=446955520 instructions=6162243809819 wakeups=20273944 diski=8777728 disko=538517504 rx=72369688 tx=30639514 comm=*system*
psu_energy_ac_mcp_machine=58079853149
-------
timestamp=3408485137760201
iterations=6756
sample_ns=100000000
window_ns=1000000000
rapl_core_sum_uj=20801587153
rapl_psys_sum_uj=0
pid=0 energy=34488307933021045 alive=1 kernel=1 cpu_ns=6891495867000000 mem=446955520 instructions=6165719604209 wakeups=20274149 diski=8777728 disko=538517504 rx=72369688 tx=30639514 comm=*system*
psu_energy_ac_mcp_machine=58106168945
-------
timestamp=3408485280776378
iterations=6758
sample_ns=100000000
window_ns=1000000000
rapl_core_sum_uj=20819535089
rapl_psys_sum_uj=0
pid=0 energy=34488349048887550 alive=1 kernel=1 cpu_ns=6891497115000000 mem=448081920 instructions=6172694777510 wakeups=20274402 diski=8777728 disko=538517504 rx=72369688 tx=30639514 comm=*system*
psu_energy_ac_mcp_machine=58132458984
-------
timestamp=3408485432005147
iterations=6759
sample_ns=100000000
window_ns=1000000000
rapl_core_sum_uj=20828506463
rapl_psys_sum_uj=0
pid=0 energy=34488369619253950 alive=1 kernel=1 cpu_ns=6891497739000000 mem=447180800 instructions=6176184850790 wakeups=20274588 diski=8777728 disko=538517504 rx=72369690 tx=30639514 comm=*system*
psu_energy_ac_mcp_machine=58152214478
-------
timestamp=3408485577751866
iterations=6760
sample_ns=100000000
window_ns=1000000000
rapl_core_sum_uj=20837479912
rapl_psys_sum_uj=0
pid=0 energy=34488390128112190 alive=1 kernel=1 cpu_ns=6891498362000000 mem=447180800 instructions=6179663622438 wakeups=20274802 diski=8777728 disko=538517504 rx=72369690 tx=30639514 comm=*system*
psu_energy_ac_mcp_machine=58178549438
-------
timestamp=3408485721945483
iterations=6762
sample_ns=100000000
window_ns=1000000000
rapl_core_sum_uj=20855544364
rapl_psys_sum_uj=0
pid=0 energy=34488431496109245 alive=1 kernel=1 cpu_ns=6891499616000000 mem=446955520 instructions=6186683221849 wakeups=20275037 diski=8777728 disko=538517504 rx=72369690 tx=30639514 comm=*system*
psu_energy_ac_mcp_machine=58204905029
-------
timestamp=3408485868003220
iterations=6763
sample_ns=100000000
window_ns=1000000000
rapl_core_sum_uj=20864429312
rapl_psys_sum_uj=0
pid=0 energy=34488451797675240 alive=1 kernel=1 cpu_ns=6891500233000000 mem=446730240 instructions=6190126535048 wakeups=20275253 diski=8777728 disko=538517504 rx=72369690 tx=30639514 comm=*system*
psu_energy_ac_mcp_machine=58224602905
-------
timestamp=3408486017758270
iterations=6765
sample_ns=100000000
window_ns=1000000000
rapl_core_sum_uj=20882400258
rapl_psys_sum_uj=0
pid=0 energy=34488492933295055 alive=1 kernel=1 cpu_ns=6891501481000000 mem=447193088 instructions=6197105659011 wakeups=20275498 diski=8777728 disko=538517504 rx=72369690 tx=30639514 comm=*system*
psu_energy_ac_mcp_machine=58250885742
-------
timestamp=3408486165757789
iterations=6766
sample_ns=100000000
window_ns=1000000000
rapl_core_sum_uj=20891402211
rapl_psys_sum_uj=0
pid=0 energy=34488513459134345 alive=1 kernel=1 cpu_ns=6891502105000000 mem=446742528 instructions=6200586826869 wakeups=20275699 diski=8777728 disko=538517504 rx=72369690 tx=30639514 comm=*system*
psu_energy_ac_mcp_machine=58277182617
-------
timestamp=3408486311759215
iterations=6767
sample_ns=100000000
window_ns=1000000000
rapl_core_sum_uj=20900483998
rapl_psys_sum_uj=0
pid=0 energy=34488534166648200 alive=1 kernel=1 cpu_ns=6891502735000000 mem=446967808 instructions=6204098329640 wakeups=20275916 diski=8777728 disko=538517504 rx=72369690 tx=30639514 comm=*system*
psu_energy_ac_mcp_machine=58303483643
-------
timestamp=3408486463931769
iterations=6769
sample_ns=100000000
window_ns=1000000000
rapl_core_sum_uj=20919078784
rapl_psys_sum_uj=0
pid=0 energy=34488576707597955 alive=1 kernel=1 cpu_ns=6891504024000000 mem=446967808 instructions=6211317519591 wakeups=20276142 diski=8777728 disko=538517504 rx=72369691 tx=30639514 comm=*system*
psu_energy_ac_mcp_machine=58323188599
-------
timestamp=3408486616750419
iterations=6770
sample_ns=100000000
window_ns=1000000000
rapl_core_sum_uj=20928062853
rapl_psys_sum_uj=0
pid=0 energy=34488597206131520 alive=1 kernel=1 cpu_ns=6891504648000000 mem=446967808 instructions=6214793226304 wakeups=20276358 diski=8777728 disko=538517504 rx=72369691 tx=30639514 comm=*system*
psu_energy_ac_mcp_machine=58349463501
-------
timestamp=3408486760758763
iterations=6772
sample_ns=100000000
window_ns=1000000000
rapl_core_sum_uj=20946119004
rapl_psys_sum_uj=0
pid=0 energy=34488638569608895 alive=1 kernel=1 cpu_ns=6891505902000000 mem=446967808 instructions=6221811921779 wakeups=20276600 diski=8777728 disko=538517504 rx=72369692 tx=30639515 comm=*system*
psu_energy_ac_mcp_machine=58375703491
-------
timestamp=3408486906998827
iterations=6773
sample_ns=100000000
window_ns=1000000000
rapl_core_sum_uj=20955022324
rapl_psys_sum_uj=0
pid=0 energy=34488658863192960 alive=1 kernel=1 cpu_ns=6891506520000000 mem=446967808 instructions=6225252638592 wakeups=20276813 diski=8777728 disko=538517504 rx=72369692 tx=30639515 comm=*system*
psu_energy_ac_mcp_machine=58395418701
-------
timestamp=3408487058783373
iterations=6775
sample_ns=100000000
window_ns=1000000000
rapl_core_sum_uj=20973025374
rapl_psys_sum_uj=0
pid=0 energy=34488699968292555 alive=1 kernel=1 cpu_ns=6891507768000000 mem=447799296 instructions=6232225658511 wakeups=20277063 diski=8777728 disko=538517504 rx=72369692 tx=30639515 comm=*system*
psu_energy_ac_mcp_machine=58421713379
-------
timestamp=3408487203760056
iterations=6776
sample_ns=100000000
window_ns=1000000000
rapl_core_sum_uj=20982028669
rapl_psys_sum_uj=0
pid=0 energy=34488720540079160 alive=1 kernel=1 cpu_ns=6891508392000000 mem=446672896 instructions=6235716015832 wakeups=20277257 diski=8777728 disko=538517504 rx=72369692 tx=30639515 comm=*system*
psu_energy_ac_mcp_machine=58447990112
-------
timestamp=3408487353764825
iterations=6777
sample_ns=100000000
window_ns=1000000000
rapl_core_sum_uj=20991099713
rapl_psys_sum_uj=0
pid=0 energy=34488741240689815 alive=1 kernel=1 cpu_ns=6891509022000000 mem=446672896 instructions=6239226137963 wakeups=20277480 diski=8777728 disko=538517504 rx=72369692 tx=30639515 comm=*system*
psu_energy_ac_mcp_machine=58467688721
-------
timestamp=3408487495923129
iterations=6779
sample_ns=100000000
window_ns=1000000000
rapl_core_sum_uj=21008939433
rapl_psys_sum_uj=0
pid=0 energy=34488782206496950 alive=1 kernel=1 cpu_ns=6891510264000000 mem=446898176 instructions=6246177299390 wakeups=20277705 diski=8777728 disko=538517504 rx=72369694 tx=30639515 comm=*system*
psu_energy_ac_mcp_machine=58493951782
-------
timestamp=3408487644761558
iterations=6780
sample_ns=100000000
window_ns=1000000000
rapl_core_sum_uj=21017915446
rapl_psys_sum_uj=0
pid=0 energy=34488802711646720 alive=1 kernel=1 cpu_ns=6891510888000000 mem=446672896 instructions=6249654329344 wakeups=20277915 diski=8777728 disko=538517504 rx=72369694 tx=30639515 comm=*system*
psu_energy_ac_mcp_machine=58520258179
-------
timestamp=3408487792758462
iterations=6782
sample_ns=100000000
window_ns=1000000000
rapl_core_sum_uj=21035892191
rapl_psys_sum_uj=0
pid=0 energy=34488843869101335 alive=1 kernel=1 cpu_ns=6891512136000000 mem=446898176 instructions=6256637820267 wakeups=20278166 diski=8777728 disko=538517504 rx=72369694 tx=30639515 comm=*system*
psu_energy_ac_mcp_machine=58539966064
-------
timestamp=3408487942005413
iterations=6783
sample_ns=100000000
window_ns=1000000000
rapl_core_sum_uj=21044938638
rapl_psys_sum_uj=0
pid=0 energy=34488864582788350 alive=1 kernel=1 cpu_ns=6891512766000000 mem=446681088 instructions=6260150557670 wakeups=20278379 diski=8777728 disko=538517504 rx=72369694 tx=30639515 comm=*system*
psu_energy_ac_mcp_machine=58566219482
-------
timestamp=3408488087754768
iterations=6784
sample_ns=100000000
window_ns=1000000000
rapl_core_sum_uj=21053889321
rapl_psys_sum_uj=0
pid=0 energy=34488885081019370 alive=1 kernel=1 cpu_ns=6891513390000000 mem=446906368 instructions=6263626203874 wakeups=20278591 diski=8777728 disko=538517504 rx=72369694 tx=30639515 comm=*system*
psu_energy_ac_mcp_machine=58592474976
-------
timestamp=3408488235755194
iterations=6786
sample_ns=100000000
window_ns=1000000000
rapl_core_sum_uj=21071740394
rapl_psys_sum_uj=0
pid=0 energy=34488926049530210 alive=1 kernel=1 cpu_ns=6891514632000000 mem=446906368 instructions=6270577906042 wakeups=20278823 diski=8777728 disko=538517504 rx=72369694 tx=30639515 comm=*system*
psu_energy_ac_mcp_machine=58618760254
-------
timestamp=3408488380991408
iterations=6787
sample_ns=100000000
window_ns=1000000000
rapl_core_sum_uj=21080683692
rapl_psys_sum_uj=0
pid=0 energy=34488946557488530 alive=1 kernel=1 cpu_ns=6891515256000000 mem=446906368 instructions=6274055497706 wakeups=20279041 diski=8777728 disko=538517504 rx=72369694 tx=30639515 comm=*system*
psu_energy_ac_mcp_machine=58638418945
-------
timestamp=3408488528750112
iterations=6789
sample_ns=100000000
window_ns=1000000000
rapl_core_sum_uj=21098620824
rapl_psys_sum_uj=0
pid=0 energy=34488987731532270 alive=1 kernel=1 cpu_ns=6891516503000000 mem=446906368 instructions=6281043306454 wakeups=20279262 diski=8777728 disko=538517504 rx=72369694 tx=30639515 comm=*system*
psu_energy_ac_mcp_machine=58664621460
-------
timestamp=3408488676757714
iterations=6790
sample_ns=100000000
window_ns=1000000000
rapl_core_sum_uj=21107703038
rapl_psys_sum_uj=0
pid=0 energy=34489008441924935 alive=1 kernel=1 cpu_ns=6891517133000000 mem=446681088 instructions=6284555384987 wakeups=20279480 diski=8777728 disko=538517504 rx=72369694 tx=30639515 comm=*system*
psu_energy_ac_mcp_machine=58690854248
-------
timestamp=3408488823825455
iterations=6792
sample_ns=100000000
window_ns=1000000000
rapl_core_sum_uj=21125566318
rapl_psys_sum_uj=0
pid=0 energy=34489049329763640 alive=1 kernel=1 cpu_ns=6891518374000000 mem=448032768 instructions=6291491952728 wakeups=20279736 diski=8777728 disko=538537984 rx=72369694 tx=30639515 comm=*system*
psu_energy_ac_mcp_machine=58710555298
-------
timestamp=3408488969005517
iterations=6793
sample_ns=100000000
window_ns=1000000000
rapl_core_sum_uj=21134572299
rapl_psys_sum_uj=0
pid=0 energy=34489069904183270 alive=1 kernel=1 cpu_ns=6891518998000000 mem=446697472 instructions=6294982836654 wakeups=20279930 diski=8777728 disko=538537984 rx=72369694 tx=30639515 comm=*system*
psu_energy_ac_mcp_machine=58736857300
-------
timestamp=3408489121748954
iterations=6794
sample_ns=100000000
window_ns=1000000000
rapl_core_sum_uj=21143646761
rapl_psys_sum_uj=0
pid=0 energy=34489090581949975 alive=1 kernel=1 cpu_ns=6891519626000000 mem=446922752 instructions=6298490389995 wakeups=20280147 diski=8777728 disko=538537984 rx=72369694 tx=30639515 comm=*system*
psu_energy_ac_mcp_machine=58763147095
-------
timestamp=3408489269748345
iterations=6796
sample_ns=100000000
window_ns=1000000000
rapl_core_sum_uj=21161546175
rapl_psys_sum_uj=0
pid=0 energy=34489131569434535 alive=1 kernel=1 cpu_ns=6891520868000000 mem=446922752 instructions=6305445886907 wakeups=20280375 diski=8777728 disko=538537984 rx=72369694 tx=30639515 comm=*system*
psu_energy_ac_mcp_machine=58782868408
-------
timestamp=3408489417749721
iterations=6797
sample_ns=100000000
window_ns=1000000000
rapl_core_sum_uj=21170613557
rapl_psys_sum_uj=0
pid=0 energy=34489152278197190 alive=1 kernel=1 cpu_ns=6891521498000000 mem=446922752 instructions=6308957639438 wakeups=20280587 diski=8777728 disko=538537984 rx=72369696 tx=30639515 comm=*system*
psu_energy_ac_mcp_machine=58809176025
-------
timestamp=3408489563753851
iterations=6799
sample_ns=100000000
window_ns=1000000000
rapl_core_sum_uj=21188491180
rapl_psys_sum_uj=0
pid=0 energy=34489193244527975 alive=1 kernel=1 cpu_ns=6891522740000000 mem=446697472 instructions=6315908905595 wakeups=20280818 diski=8777728 disko=538537984 rx=72369696 tx=30639515 comm=*system*
psu_energy_ac_mcp_machine=58835465088
-------
timestamp=3408489708013255
iterations=6800
sample_ns=100000000
window_ns=1000000000
rapl_core_sum_uj=21197551238
rapl_psys_sum_uj=0
pid=0 energy=34489213966794875 alive=1 kernel=1 cpu_ns=6891523370000000 mem=446922752 instructions=6319423358975 wakeups=20281032 diski=8777728 disko=538537984 rx=72369696 tx=30639515 comm=*system*
psu_energy_ac_mcp_machine=58855192139
-------
timestamp=3408489854750304
iterations=6801
sample_ns=100000000
window_ns=1000000000
rapl_core_sum_uj=21206431914
rapl_psys_sum_uj=0
pid=0 energy=34489234267843400 alive=1 kernel=1 cpu_ns=6891523987000000 mem=446697472 instructions=6322866568680 wakeups=20281252 diski=8777728 disko=538537984 rx=72369696 tx=30639515 comm=*system*
psu_energy_ac_mcp_machine=58881489014
-------
timestamp=3408490001753269
iterations=6803
sample_ns=100000000
window_ns=1000000000
rapl_core_sum_uj=21224471769
rapl_psys_sum_uj=0
pid=0 energy=34489275638204530 alive=1 kernel=1 cpu_ns=6891525241000000 mem=446742528 instructions=6329886640906 wakeups=20281478 diski=8777728 disko=538537984 rx=72369696 tx=30639515 comm=*system*
psu_energy_ac_mcp_machine=58907791626
-------
timestamp=3408490148990224
iterations=6804
sample_ns=100000000
window_ns=1000000000
rapl_core_sum_uj=21233354886
rapl_psys_sum_uj=0
pid=0 energy=34489295950719520 alive=1 kernel=1 cpu_ns=6891525859000000 mem=446742528 instructions=6333331143904 wakeups=20281692 diski=8777728 disko=538537984 rx=72369696 tx=30639515 comm=*system*
psu_energy_ac_mcp_machine=58927506836
-------
timestamp=3408490294934377
iterations=6806
sample_ns=100000000
window_ns=1000000000
rapl_core_sum_uj=21251313564
rapl_psys_sum_uj=0
pid=0 energy=34489337124734655 alive=1 kernel=1 cpu_ns=6891527106000000 mem=446742528 instructions=6340318946931 wakeups=20281923 diski=8777728 disko=538542080 rx=72369696 tx=30639515 comm=*system*
psu_energy_ac_mcp_machine=58953814697
-------
timestamp=3408490441753029
iterations=6807
sample_ns=100000000
window_ns=1000000000
rapl_core_sum_uj=21260300929
rapl_psys_sum_uj=0
pid=0 energy=34489357626908595 alive=1 kernel=1 cpu_ns=6891527730000000 mem=447193088 instructions=6343795381719 wakeups=20282139 diski=8777728 disko=538542080 rx=72369696 tx=30639515 comm=*system*
psu_energy_ac_mcp_machine=58980130981
-------
timestamp=3408490588004255
iterations=6808
sample_ns=100000000
window_ns=1000000000
rapl_core_sum_uj=21269279749
rapl_psys_sum_uj=0
pid=0 energy=34489378127802180 alive=1 kernel=1 cpu_ns=6891528353000000 mem=446967808 instructions=6347272560436 wakeups=20282356 diski=8777728 disko=538542080 rx=72369696 tx=30639515 comm=*system*
psu_energy_ac_mcp_machine=58999857300
-------
timestamp=3408490731757429
iterations=6810
sample_ns=100000000
window_ns=1000000000
rapl_core_sum_uj=21287239159
rapl_psys_sum_uj=0
pid=0 energy=34489419283323140 alive=1 kernel=1 cpu_ns=6891529601000000 mem=446517248 instructions=6354255664628 wakeups=20282588 diski=8777728 disko=538542080 rx=72369696 tx=30639515 comm=*system*
psu_energy_ac_mcp_machine=59026141846
-------
timestamp=3408490878013855
iterations=6811
sample_ns=100000000
window_ns=1000000000
rapl_core_sum_uj=21296245750
rapl_psys_sum_uj=0
pid=0 energy=34489439789755060 alive=1 kernel=1 cpu_ns=6891530225000000 mem=446742528 instructions=6357732951012 wakeups=20282799 diski=8777728 disko=538542080 rx=72369696 tx=30639515 comm=*system*
psu_energy_ac_mcp_machine=59052449829
-------
timestamp=3408491029755865
iterations=6813
sample_ns=100000000
window_ns=1000000000
rapl_core_sum_uj=21314313986
rapl_psys_sum_uj=0
pid=0 energy=34489481159392230 alive=1 kernel=1 cpu_ns=6891531479000000 mem=446976000 instructions=6364752878446 wakeups=20283022 diski=8777728 disko=538542080 rx=72369696 tx=30639515 comm=*system*
psu_energy_ac_mcp_machine=59072152222
-------
timestamp=3408491173761244
iterations=6814
sample_ns=100000000
window_ns=1000000000
rapl_core_sum_uj=21323199117
rapl_psys_sum_uj=0
pid=0 energy=34489501467858755 alive=1 kernel=1 cpu_ns=6891532097000000 mem=446976000 instructions=6368196571751 wakeups=20283239 diski=8777728 disko=538542080 rx=72369696 tx=30639515 comm=*system*
psu_energy_ac_mcp_machine=59098456787
-------
timestamp=3408491318807363
iterations=6816
sample_ns=100000000
window_ns=1000000000
rapl_core_sum_uj=21341167072
rapl_psys_sum_uj=0
pid=0 energy=34489542547464510 alive=1 kernel=1 cpu_ns=6891533345000000 mem=448327680 instructions=6375164492902 wakeups=20283493 diski=8777728 disko=538542080 rx=72369696 tx=30639515 comm=*system*
psu_energy_ac_mcp_machine=59124764404
-------
timestamp=3408491465756102
iterations=6817
sample_ns=100000000
window_ns=1000000000
rapl_core_sum_uj=21350142657
rapl_psys_sum_uj=0
pid=0 energy=34489563123498930 alive=1 kernel=1 cpu_ns=6891533969000000 mem=447201280 instructions=6378655699786 wakeups=20283683 diski=8777728 disko=538542080 rx=72369698 tx=30639515 comm=*system*
psu_energy_ac_mcp_machine=59144480347
-------
timestamp=3408491613751547
iterations=6818
sample_ns=100000000
window_ns=1000000000
rapl_core_sum_uj=21359116289
rapl_psys_sum_uj=0
pid=0 energy=34489583629140805 alive=1 kernel=1 cpu_ns=6891534593000000 mem=446976000 instructions=6382132828161 wakeups=20283889 diski=8777728 disko=538542080 rx=72369698 tx=30639515 comm=*system*
psu_energy_ac_mcp_machine=59170797485
-------
timestamp=3408491761768828
iterations=6820
sample_ns=100000000
window_ns=1000000000
rapl_core_sum_uj=21377089371
rapl_psys_sum_uj=0
pid=0 energy=34489624806065755 alive=1 kernel=1 cpu_ns=6891535841000000 mem=446750720 instructions=6389120213151 wakeups=20284127 diski=8777728 disko=538542080 rx=72369698 tx=30639515 comm=*system*
psu_energy_ac_mcp_machine=59197073364
-------
timestamp=3408491910773156
iterations=6821
sample_ns=100000000
window_ns=1000000000
rapl_core_sum_uj=21386075943
rapl_psys_sum_uj=0
pid=0 energy=34489645301922255 alive=1 kernel=1 cpu_ns=6891536465000000 mem=446525440 instructions=6392595384451 wakeups=20284339 diski=8777728 disko=538542080 rx=72369698 tx=30639515 comm=*system*
psu_energy_ac_mcp_machine=59216805542
-------
timestamp=3408492053015347
iterations=6823
sample_ns=100000000
window_ns=1000000000
rapl_core_sum_uj=21404023574
rapl_psys_sum_uj=0
pid=0 energy=34489686443279380 alive=1 kernel=1 cpu_ns=6891537712000000 mem=447221760 instructions=6399576655876 wakeups=20284576 diski=8777728 disko=538542080 rx=72369698 tx=30639515 comm=*system*
psu_energy_ac_mcp_machine=59243077026
-------
timestamp=3408492197019731
iterations=6824
sample_ns=100000000
window_ns=1000000000
rapl_core_sum_uj=21413095107
rapl_psys_sum_uj=0
pid=0 energy=34489707176062780 alive=1 kernel=1 cpu_ns=6891538342000000 mem=446771200 instructions=6403093212556 wakeups=20284785 diski=8777728 disko=538542080 rx=72369698 tx=30639515 comm=*system*
psu_energy_ac_mcp_machine=59269407593
-------
timestamp=3408492349773168
iterations=6825
sample_ns=100000000
window_ns=1000000000
rapl_core_sum_uj=21422063612
rapl_psys_sum_uj=0
pid=0 energy=34489727668461545 alive=1 kernel=1 cpu_ns=6891538965000000 mem=446545920 instructions=6406568692309 wakeups=20284996 diski=8777728 disko=538542080 rx=72369698 tx=30639515 comm=*system*
psu_energy_ac_mcp_machine=59289094971
-------
timestamp=3408492498755627
iterations=6827
sample_ns=100000000
window_ns=1000000000
rapl_core_sum_uj=21439871838
rapl_psys_sum_uj=0
pid=0 energy=34489768635374660 alive=1 kernel=1 cpu_ns=6891540207000000 mem=446996480 instructions=6413520074932 wakeups=20285215 diski=8777728 disko=538542080 rx=72369698 tx=30639515 comm=*system*
psu_energy_ac_mcp_machine=59315390015
-------
timestamp=3408492641934627
iterations=6828
sample_ns=100000000
window_ns=1000000000
rapl_core_sum_uj=21448836620
rapl_psys_sum_uj=0
pid=0 energy=34489789129868075 alive=1 kernel=1 cpu_ns=6891540829000000 mem=446771200 instructions=6416996973615 wakeups=20285427 diski=8777728 disko=538542080 rx=72369698 tx=30639515 comm=*system*
psu_energy_ac_mcp_machine=59341708252
-------
timestamp=3408492791755958
iterations=6830
sample_ns=100000000
window_ns=1000000000
rapl_core_sum_uj=21466806956
rapl_psys_sum_uj=0
pid=0 energy=34489830311509170 alive=1 kernel=1 cpu_ns=6891542077000000 mem=446771200 instructions=6423985301834 wakeups=20285657 diski=8777728 disko=538542080 rx=72369698 tx=30639515 comm=*system*
psu_energy_ac_mcp_machine=59367989014
-------
timestamp=3408492943755899
iterations=6831
sample_ns=100000000
window_ns=1000000000
rapl_core_sum_uj=21475805002
rapl_psys_sum_uj=0
pid=0 energy=34489850797325335 alive=1 kernel=1 cpu_ns=6891542699000000 mem=446853120 instructions=6427460465067 wakeups=20285875 diski=8777728 disko=538542080 rx=72369698 tx=30639515 comm=*system*
psu_energy_ac_mcp_machine=59387704834
-------
timestamp=3408493090779198
iterations=6833
sample_ns=100000000
window_ns=1000000000
rapl_core_sum_uj=21493780282
rapl_psys_sum_uj=0
pid=0 energy=34489891886434830 alive=1 kernel=1 cpu_ns=6891543947000000 mem=447684608 instructions=6434430286966 wakeups=20286122 diski=8777728 disko=538542080 rx=72369698 tx=30639515 comm=*system*
psu_energy_ac_mcp_machine=59413955688
-------
timestamp=3408493238762018
iterations=6834
sample_ns=100000000
window_ns=1000000000
rapl_core_sum_uj=21502765694
rapl_psys_sum_uj=0
pid=0 energy=34489912465327965 alive=1 kernel=1 cpu_ns=6891544571000000 mem=446783488 instructions=6437922065593 wakeups=20286306 diski=8777728 disko=538542080 rx=72369698 tx=30639515 comm=*system*
psu_energy_ac_mcp_machine=59440196411
-------
timestamp=3408493385992087
iterations=6835
sample_ns=100000000
window_ns=1000000000
rapl_core_sum_uj=21511737190
rapl_psys_sum_uj=0
pid=0 energy=34489932964057080 alive=1 kernel=1 cpu_ns=6891545194000000 mem=447008768 instructions=6441398811416 wakeups=20286529 diski=8777728 disko=538542080 rx=72369698 tx=30639515 comm=*system*
psu_energy_ac_mcp_machine=59459881104
-------
timestamp=3408493531759218
iterations=6837
sample_ns=100000000
window_ns=1000000000
rapl_core_sum_uj=21529697333
rapl_psys_sum_uj=0
pid=0 energy=34489974154678295 alive=1 kernel=1 cpu_ns=6891546442000000 mem=447008768 instructions=6448388935659 wakeups=20286735 diski=8777728 disko=538542080 rx=72369700 tx=30639515 comm=*system*
psu_energy_ac_mcp_machine=59486136963
-------
timestamp=3408493672997646
iterations=6838
sample_ns=100000000
window_ns=1000000000
rapl_core_sum_uj=21538769842
rapl_psys_sum_uj=0
pid=0 energy=34489994863523980 alive=1 kernel=1 cpu_ns=6891547072000000 mem=447008768 instructions=6451900704796 wakeups=20286957 diski=8777728 disko=538542080 rx=72369700 tx=30639515 comm=*system*
psu_energy_ac_mcp_machine=59512386353
-------
timestamp=3408493828025440
iterations=6840
sample_ns=100000000
window_ns=1000000000
rapl_core_sum_uj=21556711369
rapl_psys_sum_uj=0
pid=0 energy=34490035983806510 alive=1 kernel=1 cpu_ns=6891548320000000 mem=447459328 instructions=6458876761302 wakeups=20287192 diski=8777728 disko=538542080 rx=72369700 tx=30639515 comm=*system*
psu_energy_ac_mcp_machine=59532087402
-------
timestamp=3408493973756318
iterations=6841
sample_ns=100000000
window_ns=1000000000
rapl_core_sum_uj=21565594364
rapl_psys_sum_uj=0
pid=0 energy=34490056302045265 alive=1 kernel=1 cpu_ns=6891548937000000 mem=446697472 instructions=6462323409053 wakeups=20287420 diski=8777728 disko=538562560 rx=72369700 tx=30639515 comm=*system*
psu_energy_ac_mcp_machine=59558428711
-------
timestamp=3408494116883354
iterations=6842
sample_ns=100000000
window_ns=1000000000
rapl_core_sum_uj=21574568790
rapl_psys_sum_uj=0
pid=0 energy=34490076814793620 alive=1 kernel=1 cpu_ns=6891549561000000 mem=446922752 instructions=6465801958724 wakeups=20287632 diski=8777728 disko=538562560 rx=72369700 tx=30639515 comm=*system*
psu_energy_ac_mcp_machine=59584731323
-------
timestamp=3408494266746184
iterations=6844
sample_ns=100000000
window_ns=1000000000
rapl_core_sum_uj=21592595217
rapl_psys_sum_uj=0
pid=0 energy=34490118184843150 alive=1 kernel=1 cpu_ns=6891550814000000 mem=446922752 instructions=6472822968630 wakeups=20287839 diski=8777728 disko=538562560 rx=72369700 tx=30639515 comm=*system*
psu_energy_ac_mcp_machine=59604460327
-------
timestamp=3408494411018549
iterations=6845
sample_ns=100000000
window_ns=1000000000
rapl_core_sum_uj=21601579103
rapl_psys_sum_uj=0
pid=0 energy=34490138690393120 alive=1 kernel=1 cpu_ns=6891551438000000 mem=446697472 instructions=6476300078624 wakeups=20288057 diski=8777728 disko=538562560 rx=72369700 tx=30639515 comm=*system*
psu_energy_ac_mcp_machine=59630737671
-------
timestamp=3408494556996034
iterations=6847
sample_ns=100000000
window_ns=1000000000
rapl_core_sum_uj=21619522279
rapl_psys_sum_uj=0
pid=0 energy=34490179860899475 alive=1 kernel=1 cpu_ns=6891552686000000 mem=446697472 instructions=6483286179895 wakeups=20288280 diski=8777728 disko=538562560 rx=72369700 tx=30639515 comm=*system*
psu_energy_ac_mcp_machine=59657018677
-------
timestamp=3408494704783592
iterations=6848
sample_ns=100000000
window_ns=1000000000
rapl_core_sum_uj=21628387330
rapl_psys_sum_uj=0
pid=0 energy=34490200163486520 alive=1 kernel=1 cpu_ns=6891553304000000 mem=446697472 instructions=6486728697304 wakeups=20288494 diski=8777728 disko=538562560 rx=72369700 tx=30639515 comm=*system*
psu_energy_ac_mcp_machine=59676739014
-------
timestamp=3408494848761754
iterations=6849
sample_ns=100000000
window_ns=1000000000
rapl_core_sum_uj=21637443726
rapl_psys_sum_uj=0
pid=0 energy=34490220861207400 alive=1 kernel=1 cpu_ns=6891553934000000 mem=446922752 instructions=6490238241480 wakeups=20288706 diski=8777728 disko=538562560 rx=72369700 tx=30639515 comm=*system*
psu_energy_ac_mcp_machine=59703036621
-------
timestamp=3408494997007259
iterations=6851
sample_ns=100000000
window_ns=1000000000
rapl_core_sum_uj=21655320190
rapl_psys_sum_uj=0
pid=0 energy=34490261825675785 alive=1 kernel=1 cpu_ns=6891555176000000 mem=446787584 instructions=6497189135157 wakeups=20288916 diski=8777728 disko=538562560 rx=72369700 tx=30639515 comm=*system*
psu_energy_ac_mcp_machine=59729329834
-------
timestamp=3408495148764206
iterations=6852
sample_ns=100000000
window_ns=1000000000
rapl_core_sum_uj=21664279540
rapl_psys_sum_uj=0
pid=0 energy=34490282341057355 alive=1 kernel=1 cpu_ns=6891555800000000 mem=447012864 instructions=6500668211471 wakeups=20289129 diski=8777728 disko=538562560 rx=72369700 tx=30639515 comm=*system*
psu_energy_ac_mcp_machine=59748994507
-------
timestamp=3408495293773626
iterations=6854
sample_ns=100000000
window_ns=1000000000
rapl_core_sum_uj=21682196165
rapl_psys_sum_uj=0
pid=0 energy=34490323498577165 alive=1 kernel=1 cpu_ns=6891557046000000 mem=447012864 instructions=6507653715433 wakeups=20289363 diski=8777728 disko=538562560 rx=72369700 tx=30639515 comm=*system*
psu_energy_ac_mcp_machine=59775271973
-------
timestamp=3408495440756696
iterations=6855
sample_ns=100000000
window_ns=1000000000
rapl_core_sum_uj=21691150571
rapl_psys_sum_uj=0
pid=0 energy=34490344003447530 alive=1 kernel=1 cpu_ns=6891557669000000 mem=446787584 instructions=6511131689506 wakeups=20289585 diski=8777728 disko=538562560 rx=72369702 tx=30639515 comm=*system*
psu_energy_ac_mcp_machine=59801605225
-------
timestamp=3408495589752830
iterations=6857
sample_ns=100000000
window_ns=1000000000
rapl_core_sum_uj=21709101681
rapl_psys_sum_uj=0
pid=0 energy=34490385135005325 alive=1 kernel=1 cpu_ns=6891558917000000 mem=447463424 instructions=6518110001065 wakeups=20289813 diski=8777728 disko=538562560 rx=72369702 tx=30639515 comm=*system*
psu_energy_ac_mcp_machine=59827901489
-------
timestamp=3408495740753298
iterations=6858
sample_ns=100000000
window_ns=1000000000
rapl_core_sum_uj=21718088192
rapl_psys_sum_uj=0
pid=0 energy=34490405678131235 alive=1 kernel=1 cpu_ns=6891559541000000 mem=446787584 instructions=6521594626247 wakeups=20290020 diski=8777728 disko=538562560 rx=72369702 tx=30639515 comm=*system*
psu_energy_ac_mcp_machine=59847604248
-------
timestamp=3408495882005101
iterations=6859
sample_ns=100000000
window_ns=1000000000
rapl_core_sum_uj=21727067379
rapl_psys_sum_uj=0
pid=0 energy=34490426179879035 alive=1 kernel=1 cpu_ns=6891560164000000 mem=446787584 instructions=6525071975807 wakeups=20290243 diski=8777728 disko=538562560 rx=72369702 tx=30639515 comm=*system*
psu_energy_ac_mcp_machine=59873878296
-------
timestamp=3408496033764687
iterations=6861
sample_ns=100000000
window_ns=1000000000
rapl_core_sum_uj=21745007991
rapl_psys_sum_uj=0
pid=0 energy=34490467329671910 alive=1 kernel=1 cpu_ns=6891561412000000 mem=447049728 instructions=6532053934382 wakeups=20290475 diski=8777728 disko=538562560 rx=72369702 tx=30639515 comm=*system*
psu_energy_ac_mcp_machine=59900111206
-------
timestamp=3408496182763102
iterations=6862
sample_ns=100000000
window_ns=1000000000
rapl_core_sum_uj=21754085078
rapl_psys_sum_uj=0
pid=0 energy=34490488035474630 alive=1 kernel=1 cpu_ns=6891562042000000 mem=447049728 instructions=6535565094926 wakeups=20290691 diski=8777728 disko=538562560 rx=72369702 tx=30639515 comm=*system*
psu_energy_ac_mcp_machine=59919770142
-------
timestamp=3408496326759659
iterations=6864
sample_ns=100000000
window_ns=1000000000
rapl_core_sum_uj=21771948419
rapl_psys_sum_uj=0
pid=0 energy=34490528997423980 alive=1 kernel=1 cpu_ns=6891563283000000 mem=447049728 instructions=6542516484796 wakeups=20290924 diski=8777728 disko=538562560 rx=72369702 tx=30639515 comm=*system*
psu_energy_ac_mcp_machine=59945981689
-------
timestamp=3408496474762248
iterations=6865
sample_ns=100000000
window_ns=1000000000
rapl_core_sum_uj=21780940118
rapl_psys_sum_uj=0
pid=0 energy=34490549497053770 alive=1 kernel=1 cpu_ns=6891563905000000 mem=447275008 instructions=6545994410754 wakeups=20291133 diski=8777728 disko=538562560 rx=72369702 tx=30639515 comm=*system*
psu_energy_ac_mcp_machine=59972219849
-------
timestamp=3408496624803797
iterations=6867
sample_ns=100000000
window_ns=1000000000
rapl_core_sum_uj=21798877678
rapl_psys_sum_uj=0
pid=0 energy=34490590592145450 alive=1 kernel=1 cpu_ns=6891565153000000 mem=448401408 instructions=6552965429090 wakeups=20291396 diski=8777728 disko=538562560 rx=72369703 tx=30639516 comm=*system*
psu_energy_ac_mcp_machine=59991907959
-------
timestamp=3408496769764330
iterations=6868
sample_ns=100000000
window_ns=1000000000
rapl_core_sum_uj=21807866630
rapl_psys_sum_uj=0
pid=0 energy=34490611164075355 alive=1 kernel=1 cpu_ns=6891565776000000 mem=447275008 instructions=6556456815071 wakeups=20291564 diski=8777728 disko=538562560 rx=72369703 tx=30639516 comm=*system*
psu_energy_ac_mcp_machine=60018121094
-------
timestamp=3408496918754027
iterations=6869
sample_ns=100000000
window_ns=1000000000
rapl_core_sum_uj=21816852591
rapl_psys_sum_uj=0
pid=0 energy=34490631644815350 alive=1 kernel=1 cpu_ns=6891566400000000 mem=447049728 instructions=6559928963070 wakeups=20291783 diski=8777728 disko=538562560 rx=72369703 tx=30639516 comm=*system*
psu_energy_ac_mcp_machine=60044332031
-------
timestamp=3408497069772150
iterations=6871
sample_ns=100000000
window_ns=1000000000
rapl_core_sum_uj=21834809927
rapl_psys_sum_uj=0
pid=0 energy=34490672819328405 alive=1 kernel=1 cpu_ns=6891567647000000 mem=447057920 instructions=6566916865681 wakeups=20292011 diski=8777728 disko=538562560 rx=72369703 tx=30639516 comm=*system*
psu_energy_ac_mcp_machine=60070553833
-------
timestamp=3408497218945283
iterations=6872
sample_ns=100000000
window_ns=1000000000
rapl_core_sum_uj=21843879079
rapl_psys_sum_uj=0
pid=0 energy=34490693526469490 alive=1 kernel=1 cpu_ns=6891568277000000 mem=447057920 instructions=6570428293898 wakeups=20292222 diski=8777728 disko=538562560 rx=72369703 tx=30639516 comm=*system*
psu_energy_ac_mcp_machine=60090208252
-------
timestamp=3408497366764614
iterations=6874
sample_ns=100000000
window_ns=1000000000
rapl_core_sum_uj=21861841602
rapl_psys_sum_uj=0
pid=0 energy=34490734681457410 alive=1 kernel=1 cpu_ns=6891569525000000 mem=447283200 instructions=6577411291482 wakeups=20292462 diski=8777728 disko=538562560 rx=72369705 tx=30639516 comm=*system*
psu_energy_ac_mcp_machine=60116443726
-------
timestamp=3408497502345790
iterations=6875
sample_ns=100000000
window_ns=1000000000
rapl_core_sum_uj=21866627002
rapl_psys_sum_uj=0
pid=0 energy=34490742519097520 alive=1 kernel=1 cpu_ns=6891569782000000 mem=613007360 instructions=6578721819504 wakeups=20292711 diski=8777728 disko=538562560 rx=72369710 tx=30639523 comm=*system*
psu_energy_ac_mcp_machine=60127261597
-------
timestamp=3408497632619153
iterations=6876
sample_ns=100000000
window_ns=1000000000
rapl_core_sum_uj=21869805957
rapl_psys_sum_uj=0
pid=0 energy=34490745234359255 alive=1 kernel=1 cpu_ns=6891569897000000 mem=937410560 instructions=6579149871851 wakeups=20292914 diski=8777728 disko=538562560 rx=72369710 tx=30639523 comm=*system*
psu_energy_ac_mcp_machine=60140588379
-------
timestamp=3408497766426519
iterations=6878
sample_ns=100000000
window_ns=1000000000
rapl_core_sum_uj=21874990465
rapl_psys_sum_uj=0
pid=0 energy=34490750980112600 alive=1 kernel=1 cpu_ns=6891570131000000 mem=922976256 instructions=6580065022520 wakeups=20293180 diski=8777728 disko=538562560 rx=72369710 tx=30639523 comm=*system*
psu_energy_ac_mcp_machine=60149609131
-------
timestamp=3408497900664378
iterations=6879
sample_ns=100000000
window_ns=1000000000
rapl_core_sum_uj=21877732042
rapl_psys_sum_uj=0
pid=0 energy=34490758872977445 alive=1 kernel=1 cpu_ns=6891570242000000 mem=978698240 instructions=6581532595489 wakeups=20293375 diski=8777728 disko=538562560 rx=72369710 tx=30639523 comm=*system*
psu_energy_ac_mcp_machine=60158724976
-------
timestamp=3408498029961168
iterations=6880
sample_ns=100000000
window_ns=1000000000
rapl_core_sum_uj=21880609361
rapl_psys_sum_uj=0
pid=0 energy=34490764706376720 alive=1 kernel=1 cpu_ns=6891570359000000 mem=585871360 instructions=6582582275344 wakeups=20293591 diski=8777728 disko=538562560 rx=72369710 tx=30639523 comm=*system*
psu_energy_ac_mcp_machine=60168044556
-------
timestamp=3408498160194530
iterations=6881
sample_ns=100000000
window_ns=1000000000
rapl_core_sum_uj=21883316392
rapl_psys_sum_uj=0
pid=0 energy=34490767445311010 alive=1 kernel=1 cpu_ns=6891570475000000 mem=864604160 instructions=6583014062202 wakeups=20293808 diski=8777728 disko=538562560 rx=72369710 tx=30639523 comm=*system*
psu_energy_ac_mcp_machine=60181181274
-------
timestamp=3408498293047835
iterations=6883
sample_ns=100000000
window_ns=1000000000
rapl_core_sum_uj=21888647385
rapl_psys_sum_uj=0
pid=0 energy=34490775839614625 alive=1 kernel=1 cpu_ns=6891570699000000 mem=517414912 instructions=6584468922925 wakeups=20294037 diski=8777728 disko=538562560 rx=72369710 tx=30639523 comm=*system*
psu_energy_ac_mcp_machine=60190012207
-------
timestamp=3408498422653718
iterations=6884
sample_ns=100000000
window_ns=1000000000
rapl_core_sum_uj=21891729233
rapl_psys_sum_uj=0
pid=0 energy=34490780979709680 alive=1 kernel=1 cpu_ns=6891570817000000 mem=660570112 instructions=6585378941936 wakeups=20294243 diski=8777728 disko=538562560 rx=72369710 tx=30639523 comm=*system*
psu_energy_ac_mcp_machine=60200217041
-------
timestamp=3408498552119078
iterations=6885
sample_ns=100000000
window_ns=1000000000
rapl_core_sum_uj=21894589096
rapl_psys_sum_uj=0
pid=0 energy=34490786117261850 alive=1 kernel=1 cpu_ns=6891570937000000 mem=803434496 instructions=6586286452370 wakeups=20294459 diski=8777728 disko=538562560 rx=72369710 tx=30639523 comm=*system*
psu_energy_ac_mcp_machine=60212961182
-------
timestamp=3408498685490448
iterations=6886
sample_ns=100000000
window_ns=1000000000
rapl_core_sum_uj=21897449203
rapl_psys_sum_uj=0
pid=0 energy=34490791229704700 alive=1 kernel=1 cpu_ns=6891571052000000 mem=946016256 instructions=6587193940940 wakeups=20294677 diski=8777728 disko=538562560 rx=72369710 tx=30639523 comm=*system*
psu_energy_ac_mcp_machine=60222230713
-------
timestamp=3408498818126814
iterations=6888
sample_ns=100000000
window_ns=1000000000
rapl_core_sum_uj=21903360334
rapl_psys_sum_uj=0
pid=0 energy=34490801545724515 alive=1 kernel=1 cpu_ns=6891571277000000 mem=978554880 instructions=6589032144903 wakeups=20294900 diski=8777728 disko=538562560 rx=72369710 tx=30639523 comm=*system*
psu_energy_ac_mcp_machine=60232619141
-------
timestamp=3408498947398531
iterations=6889
sample_ns=100000000
window_ns=1000000000
rapl_core_sum_uj=21906320050
rapl_psys_sum_uj=0
pid=0 energy=34490806758389070 alive=1 kernel=1 cpu_ns=6891571391000000 mem=978784256 instructions=6589960677814 wakeups=20295117 diski=8777728 disko=538562560 rx=72369710 tx=30639523 comm=*system*
psu_energy_ac_mcp_machine=60242520508
-------
timestamp=3408499076809030
iterations=6890
sample_ns=100000000
window_ns=1000000000
rapl_core_sum_uj=21909266155
rapl_psys_sum_uj=0
pid=0 energy=34490811988543200 alive=1 kernel=1 cpu_ns=6891571508000000 mem=978767872 instructions=6590889708640 wakeups=20295340 diski=8777728 disko=538591232 rx=72369710 tx=30639523 comm=*system*
psu_energy_ac_mcp_machine=60255772217
-------
timestamp=3408499209819118
iterations=6891
sample_ns=100000000
window_ns=1000000000
rapl_core_sum_uj=21912301738
rapl_psys_sum_uj=0
pid=0 energy=34490817230987645 alive=1 kernel=1 cpu_ns=6891571624000000 mem=978718720 instructions=6591822197529 wakeups=20295556 diski=8777728 disko=538591232 rx=72369710 tx=30639523 comm=*system*
psu_energy_ac_mcp_machine=60265763794
-------
timestamp=3408499340659636
iterations=6893
sample_ns=100000000
window_ns=1000000000
rapl_core_sum_uj=21918387980
rapl_psys_sum_uj=0
pid=0 energy=34490827595464525 alive=1 kernel=1 cpu_ns=6891571845000000 mem=978767872 instructions=6593674092905 wakeups=20295778 diski=8777728 disko=538591232 rx=72369710 tx=30639523 comm=*system*
psu_energy_ac_mcp_machine=60275741089
-------
timestamp=3408499469656398
iterations=6894
sample_ns=100000000
window_ns=1000000000
rapl_core_sum_uj=21921328653
rapl_psys_sum_uj=0
pid=0 energy=34490832836225865 alive=1 kernel=1 cpu_ns=6891571960000000 mem=978792448 instructions=6594607245173 wakeups=20295991 diski=8777728 disko=538591232 rx=72369712 tx=30639523 comm=*system*
psu_energy_ac_mcp_machine=60285916870
-------
timestamp=3408499598876449
iterations=6895
sample_ns=100000000
window_ns=1000000000
rapl_core_sum_uj=21924382241
rapl_psys_sum_uj=0
pid=0 energy=34490838103644235 alive=1 kernel=1 cpu_ns=6891572079000000 mem=978776064 instructions=6595541728847 wakeups=20296197 diski=8777728 disko=538591232 rx=72369712 tx=30639523 comm=*system*
psu_energy_ac_mcp_machine=60299343750
-------
timestamp=3408499731921462
iterations=6896
sample_ns=100000000
window_ns=1000000000
rapl_core_sum_uj=21927600685
rapl_psys_sum_uj=0
pid=0 energy=34490843383997415 alive=1 kernel=1 cpu_ns=6891572194000000 mem=978767872 instructions=6596482799483 wakeups=20296412 diski=8777728 disko=538591232 rx=72369712 tx=30639523 comm=*system*
psu_energy_ac_mcp_machine=60309325073
-------
timestamp=3408499861695381
iterations=6898
sample_ns=100000000
window_ns=1000000000
rapl_core_sum_uj=21933308203
rapl_psys_sum_uj=0
pid=0 energy=34490857380548165 alive=1 kernel=1 cpu_ns=6891572420000000 mem=978780160 instructions=6599056109633 wakeups=20296630 diski=8777728 disko=538591232 rx=72369712 tx=30639523 comm=*system*
psu_energy_ac_mcp_machine=60318842407
-------
timestamp=3408499990799147
iterations=6899
sample_ns=100000000
window_ns=1000000000
rapl_core_sum_uj=21936265478
rapl_psys_sum_uj=0
pid=0 energy=34490866297432060 alive=1 kernel=1 cpu_ns=6891572538000000 mem=978784256 instructions=6600721486412 wakeups=20296851 diski=8777728 disko=538591232 rx=72369712 tx=30639523 comm=*system*
psu_energy_ac_mcp_machine=60332051514
-------
timestamp=3408500124542702
iterations=6900
sample_ns=100000000
window_ns=1000000000
rapl_core_sum_uj=21939414647
rapl_psys_sum_uj=0
pid=0 energy=34490874688800245 alive=1 kernel=1 cpu_ns=6891572654000000 mem=672399360 instructions=6602283760049 wakeups=20297059 diski=8777728 disko=538591232 rx=72369712 tx=30639523 comm=*system*
psu_energy_ac_mcp_machine=60341719604
-------
timestamp=3408500257576288
iterations=6901
sample_ns=100000000
window_ns=1000000000
rapl_core_sum_uj=21942273350
rapl_psys_sum_uj=0
pid=0 energy=34490878636369095 alive=1 kernel=1 cpu_ns=6891572773000000 mem=561717248 instructions=6602954273819 wakeups=20297276 diski=8777728 disko=538591232 rx=72369712 tx=30639523 comm=*system*
psu_energy_ac_mcp_machine=60350970581
-------
timestamp=3408500388200764
iterations=6903
sample_ns=100000000
window_ns=1000000000
rapl_core_sum_uj=21947340853
rapl_psys_sum_uj=0
pid=0 energy=34490884440748775 alive=1 kernel=1 cpu_ns=6891572998000000 mem=978796544 instructions=6603890149755 wakeups=20297499 diski=8777728 disko=538681344 rx=72369712 tx=30639523 comm=*system*
psu_energy_ac_mcp_machine=60359823486
-------
timestamp=3408500518230994
iterations=6904
sample_ns=100000000
window_ns=1000000000
rapl_core_sum_uj=21950111299
rapl_psys_sum_uj=0
pid=0 energy=34490889400604050 alive=1 kernel=1 cpu_ns=6891573115000000 mem=978784256 instructions=6604765120810 wakeups=20297699 diski=8777728 disko=538681344 rx=72369712 tx=30639523 comm=*system*
psu_energy_ac_mcp_machine=60372709717
-------
timestamp=3408500651530722
iterations=6905
sample_ns=100000000
window_ns=1000000000
rapl_core_sum_uj=21952985566
rapl_psys_sum_uj=0
pid=0 energy=34490898790649970 alive=1 kernel=1 cpu_ns=6891573229000000 mem=978788352 instructions=6606529129994 wakeups=20297914 diski=8777728 disko=538681344 rx=72369712 tx=30639523 comm=*system*
psu_energy_ac_mcp_machine=60382572754
-------
timestamp=3408500780765656
iterations=6906
sample_ns=100000000
window_ns=1000000000
rapl_core_sum_uj=21955806366
rapl_psys_sum_uj=0
pid=0 energy=34490905115521365 alive=1 kernel=1 cpu_ns=6891573346000000 mem=527777792 instructions=6607677104273 wakeups=20298132 diski=8777728 disko=538681344 rx=72369712 tx=30639523 comm=*system*
psu_energy_ac_mcp_machine=60391829712
-------
timestamp=3408500912059307
iterations=6908
sample_ns=100000000
window_ns=1000000000
rapl_core_sum_uj=21961287810
rapl_psys_sum_uj=0
pid=0 energy=34490910590547750 alive=1 kernel=1 cpu_ns=6891573568000000 mem=740683776 instructions=6608550109550 wakeups=20298371 diski=8777728 disko=538681344 rx=72369712 tx=30639523 comm=*system*
psu_energy_ac_mcp_machine=60404967529
-------
timestamp=3408501046572847
iterations=6909
sample_ns=100000000
window_ns=1000000000
rapl_core_sum_uj=21964177885
rapl_psys_sum_uj=0
pid=0 energy=34490913711901150 alive=1 kernel=1 cpu_ns=6891573689000000 mem=441933824 instructions=6609053380230 wakeups=20298589 diski=8777728 disko=538681344 rx=72369712 tx=30639523 comm=*system*
psu_energy_ac_mcp_machine=60414640625
-------
timestamp=3408501180393015
iterations=6910
sample_ns=100000000
window_ns=1000000000
rapl_core_sum_uj=21967078947
rapl_psys_sum_uj=0
pid=0 energy=34490921823248315 alive=1 kernel=1 cpu_ns=6891573807000000 mem=666378240 instructions=6610557649663 wakeups=20298803 diski=8777728 disko=538681344 rx=72369712 tx=30639523 comm=*system*
psu_energy_ac_mcp_machine=60424105835
-------
timestamp=3408501310241809
iterations=6912
sample_ns=100000000
window_ns=1000000000
rapl_core_sum_uj=21972829313
rapl_psys_sum_uj=0
pid=0 energy=34490937741207690 alive=1 kernel=1 cpu_ns=6891574029000000 mem=979124224 instructions=6613519241538 wakeups=20299025 diski=8777728 disko=538681344 rx=72369712 tx=30639523 comm=*system*
psu_energy_ac_mcp_machine=60433929321
-------
timestamp=3408501439224923
iterations=6913
sample_ns=100000000
window_ns=1000000000
rapl_core_sum_uj=21975838346
rapl_psys_sum_uj=0
pid=0 energy=34490945493013040 alive=1 kernel=1 cpu_ns=6891574145000000 mem=978903040 instructions=6614953602608 wakeups=20299235 diski=8777728 disko=538681344 rx=72369714 tx=30639523 comm=*system*
psu_energy_ac_mcp_machine=60446851563
-------
timestamp=3408501571945821
iterations=6914
sample_ns=100000000
window_ns=1000000000
rapl_core_sum_uj=21978699185
rapl_psys_sum_uj=0
pid=0 energy=34490953333930215 alive=1 kernel=1 cpu_ns=6891574261000000 mem=979062784 instructions=6616405786043 wakeups=20299447 diski=8777728 disko=538681344 rx=72369714 tx=30639523 comm=*system*
psu_energy_ac_mcp_machine=60455915649
-------
timestamp=3408501701750195
iterations=6915
sample_ns=100000000
window_ns=1000000000
rapl_core_sum_uj=21981604031
rapl_psys_sum_uj=0
pid=0 energy=34490960553740650 alive=1 kernel=1 cpu_ns=6891574377000000 mem=491302912 instructions=6617733748130 wakeups=20299662 diski=8777728 disko=538681344 rx=72369714 tx=30639523 comm=*system*
psu_energy_ac_mcp_machine=60465869141
-------
timestamp=3408501831201187
iterations=6917
sample_ns=100000000
window_ns=1000000000
rapl_core_sum_uj=21987375270
rapl_psys_sum_uj=0
pid=0 energy=34490971673285035 alive=1 kernel=1 cpu_ns=6891574604000000 mem=877207552 instructions=6619730657007 wakeups=20299887 diski=8777728 disko=538681344 rx=72369714 tx=30639523 comm=*system*
psu_energy_ac_mcp_machine=60478936646
-------
timestamp=3408501963428469
iterations=6918
sample_ns=100000000
window_ns=1000000000
rapl_core_sum_uj=21990207118
rapl_psys_sum_uj=0
pid=0 energy=34490977839776905 alive=1 kernel=1 cpu_ns=6891574721000000 mem=978956288 instructions=6620846955381 wakeups=20300109 diski=8777728 disko=538681344 rx=72369714 tx=30639523 comm=*system*
psu_energy_ac_mcp_machine=60488325439
-------
timestamp=3408502095814927
iterations=6919
sample_ns=100000000
window_ns=1000000000
rapl_core_sum_uj=21993105006
rapl_psys_sum_uj=0
pid=0 energy=34490984717955280 alive=1 kernel=1 cpu_ns=6891574838000000 mem=978853888 instructions=6622105591056 wakeups=20300326 diski=8777728 disko=538681344 rx=72369714 tx=30639523 comm=*system*
psu_energy_ac_mcp_machine=60497496826
-------
timestamp=3408502226174167
iterations=6920
sample_ns=100000000
window_ns=1000000000
rapl_core_sum_uj=21996136805
rapl_psys_sum_uj=0
pid=0 energy=34490991595796565 alive=1 kernel=1 cpu_ns=6891574953000000 mem=979259392 instructions=6623366159313 wakeups=20300532 diski=8777728 disko=538681344 rx=72369714 tx=30639523 comm=*system*
psu_energy_ac_mcp_machine=60507398926
-------
timestamp=3408502355865312
iterations=6922
sample_ns=100000000
window_ns=1000000000
rapl_core_sum_uj=22001896936
rapl_psys_sum_uj=0
pid=0 energy=34491001539840600 alive=1 kernel=1 cpu_ns=6891575177000000 mem=978952192 instructions=6625130968120 wakeups=20300756 diski=8777728 disko=538681344 rx=72369714 tx=30639523 comm=*system*
psu_energy_ac_mcp_machine=60520769775
-------
timestamp=3408502488129624
iterations=6923
sample_ns=100000000
window_ns=1000000000
rapl_core_sum_uj=22004233422
rapl_psys_sum_uj=0
pid=0 energy=34491002965674585 alive=1 kernel=1 cpu_ns=6891575292000000 mem=978952192 instructions=6625301134917 wakeups=20300966 diski=8777728 disko=538681344 rx=72369714 tx=30639523 comm=*system*
psu_energy_ac_mcp_machine=60529133545
-------
timestamp=3408502620179661
iterations=6924
sample_ns=100000000
window_ns=1000000000
rapl_core_sum_uj=22007054039
rapl_psys_sum_uj=0
pid=0 energy=34491008045389695 alive=1 kernel=1 cpu_ns=6891575409000000 mem=897708032 instructions=6626200077939 wakeups=20301178 diski=8777728 disko=538681344 rx=72369714 tx=30639523 comm=*system*
psu_energy_ac_mcp_machine=60538745361
-------
timestamp=3408502749492562
iterations=6925
sample_ns=100000000
window_ns=1000000000
rapl_core_sum_uj=22009985557
rapl_psys_sum_uj=0
pid=0 energy=34491010820182005 alive=1 kernel=1 cpu_ns=6891575524000000 mem=679350272 instructions=6626640036401 wakeups=20301398 diski=8777728 disko=538681344 rx=72369714 tx=30639523 comm=*system*
psu_energy_ac_mcp_machine=60548349976
-------
timestamp=3408502879292207
iterations=6927
sample_ns=100000000
window_ns=1000000000
rapl_core_sum_uj=22015410178
rapl_psys_sum_uj=0
pid=0 energy=34491021627588355 alive=1 kernel=1 cpu_ns=6891575747000000 mem=978923520 instructions=6628578517671 wakeups=20301626 diski=8777728 disko=538681344 rx=72369714 tx=30639523 comm=*system*
psu_energy_ac_mcp_machine=60561426514
-------
timestamp=3408503011555133
iterations=6928
sample_ns=100000000
window_ns=1000000000
rapl_core_sum_uj=22018496481
rapl_psys_sum_uj=0
pid=0 energy=34491030425309655 alive=1 kernel=1 cpu_ns=6891575863000000 mem=979009536 instructions=6630222061931 wakeups=20301841 diski=8777728 disko=538681344 rx=72369714 tx=30639523 comm=*system*
psu_energy_ac_mcp_machine=60571127197
-------
timestamp=3408503141266130
iterations=6929
sample_ns=100000000
window_ns=1000000000
rapl_core_sum_uj=22021461568
rapl_psys_sum_uj=0
pid=0 energy=34491039324674855 alive=1 kernel=1 cpu_ns=6891575982000000 mem=979013632 instructions=6631882934971 wakeups=20302059 diski=8777728 disko=538681344 rx=72369714 tx=30639523 comm=*system*
psu_energy_ac_mcp_machine=60580923950
-------
timestamp=3408503270554736
iterations=6930
sample_ns=100000000
window_ns=1000000000
rapl_core_sum_uj=22024191304
rapl_psys_sum_uj=0
pid=0 energy=34491048085135460 alive=1 kernel=1 cpu_ns=6891576096000000 mem=978952192 instructions=6633521027092 wakeups=20302265 diski=8777728 disko=538681344 rx=72369714 tx=30639523 comm=*system*
psu_energy_ac_mcp_machine=60593283813
-------
timestamp=3408503403227033
iterations=6932
sample_ns=100000000
window_ns=1000000000
rapl_core_sum_uj=22029682148
rapl_psys_sum_uj=0
pid=0 energy=34491060241819955 alive=1 kernel=1 cpu_ns=6891576320000000 mem=595812352 instructions=6635728363991 wakeups=20302498 diski=8777728 disko=538681344 rx=72369716 tx=30639523 comm=*system*
psu_energy_ac_mcp_machine=60603011719
-------
timestamp=3408503535575924
iterations=6933
sample_ns=100000000
window_ns=1000000000
rapl_core_sum_uj=22032644428
rapl_psys_sum_uj=0
pid=0 energy=34491062590568210 alive=1 kernel=1 cpu_ns=6891576438000000 mem=889806848 instructions=6636080113642 wakeups=20302712 diski=8777728 disko=538681344 rx=72369716 tx=30639523 comm=*system*
psu_energy_ac_mcp_machine=60612545410
-------
timestamp=3408503665275913
iterations=6934
sample_ns=100000000
window_ns=1000000000
rapl_core_sum_uj=22035413165
rapl_psys_sum_uj=0
pid=0 energy=34491070026665560 alive=1 kernel=1 cpu_ns=6891576555000000 mem=979017728 instructions=6637450333112 wakeups=20302933 diski=8777728 disko=538681344 rx=72369716 tx=30639523 comm=*system*
psu_energy_ac_mcp_machine=60621509277
-------
timestamp=3408503794540140
iterations=6935
sample_ns=100000000
window_ns=1000000000
rapl_core_sum_uj=22038208880
rapl_psys_sum_uj=0
pid=0 energy=34491079789586535 alive=1 kernel=1 cpu_ns=6891576669000000 mem=979124224 instructions=6639288917307 wakeups=20303142 diski=8777728 disko=538681344 rx=72369716 tx=30639523 comm=*system*
psu_energy_ac_mcp_machine=60635135376
-------
timestamp=3408503927733073
iterations=6937
sample_ns=100000000
window_ns=1000000000
rapl_core_sum_uj=22044200029
rapl_psys_sum_uj=0
pid=0 energy=34491099462539670 alive=1 kernel=1 cpu_ns=6891576891000000 mem=979030016 instructions=6643001507934 wakeups=20303370 diski=8777728 disko=538681344 rx=72369716 tx=30639523 comm=*system*
psu_energy_ac_mcp_machine=60644866211
-------
timestamp=3408504058028667
iterations=6938
sample_ns=100000000
window_ns=1000000000
rapl_core_sum_uj=22047022233
rapl_psys_sum_uj=0
pid=0 energy=34491109167858460 alive=1 kernel=1 cpu_ns=6891577009000000 mem=978997248 instructions=6644824571692 wakeups=20303581 diski=8777728 disko=538681344 rx=72369716 tx=30639523 comm=*system*
psu_energy_ac_mcp_machine=60654158936
-------
timestamp=3408504187675661
iterations=6939
sample_ns=100000000
window_ns=1000000000
rapl_core_sum_uj=22049734879
rapl_psys_sum_uj=0
pid=0 energy=34491118732640160 alive=1 kernel=1 cpu_ns=6891577124000000 mem=894287872 instructions=6646622528032 wakeups=20303809 diski=8777728 disko=538714112 rx=72369716 tx=30639523 comm=*system*
psu_energy_ac_mcp_machine=60663866333
-------
timestamp=3408504317497227
iterations=6941
sample_ns=100000000
window_ns=1000000000
rapl_core_sum_uj=22055348281
rapl_psys_sum_uj=0
pid=0 energy=34491125016009550 alive=1 kernel=1 cpu_ns=6891577358000000 mem=956555264 instructions=6647645201910 wakeups=20304068 diski=8777728 disko=538714112 rx=72369716 tx=30639523 comm=*system*
psu_energy_ac_mcp_machine=60676536011
-------
timestamp=3408504451273426
iterations=6942
sample_ns=100000000
window_ns=1000000000
rapl_core_sum_uj=22058156569
rapl_psys_sum_uj=0
pid=0 energy=34491132110576950 alive=1 kernel=1 cpu_ns=6891577466000000 mem=978718720 instructions=6648956115390 wakeups=20304252 diski=8777728 disko=538734592 rx=72369716 tx=30639523 comm=*system*
psu_energy_ac_mcp_machine=60686081177
-------
timestamp=3408504581120839
iterations=6943
sample_ns=100000000
window_ns=1000000000
rapl_core_sum_uj=22060994520
rapl_psys_sum_uj=0
pid=0 energy=34491137023600935 alive=1 kernel=1 cpu_ns=6891577581000000 mem=548306944 instructions=6649823720187 wakeups=20304466 diski=8777728 disko=538734592 rx=72369716 tx=30639523 comm=*system*
psu_energy_ac_mcp_machine=60695433472
-------
timestamp=3408504711605633
iterations=6944
sample_ns=100000000
window_ns=1000000000
rapl_core_sum_uj=22063929090
rapl_psys_sum_uj=0
pid=0 energy=34491141981172045 alive=1 kernel=1 cpu_ns=6891577697000000 mem=704843776 instructions=6650699234409 wakeups=20304684 diski=8777728 disko=538734592 rx=72369716 tx=30639523 comm=*system*
psu_energy_ac_mcp_machine=60708552490
-------
timestamp=3408504843915520
iterations=6946
sample_ns=100000000
window_ns=1000000000
rapl_core_sum_uj=22069491772
rapl_psys_sum_uj=0
pid=0 energy=34491153351050560 alive=1 kernel=1 cpu_ns=6891577920000000 mem=979021824 instructions=6652750210112 wakeups=20304911 diski=8777728 disko=538734592 rx=72369716 tx=30639523 comm=*system*
psu_energy_ac_mcp_machine=60717880981
-------
timestamp=3408504976722966
iterations=6947
sample_ns=100000000
window_ns=1000000000
rapl_core_sum_uj=22072413402
rapl_psys_sum_uj=0
pid=0 energy=34491163103641390 alive=1 kernel=1 cpu_ns=6891578034000000 mem=979046400 instructions=6654586728278 wakeups=20305127 diski=8777728 disko=538734592 rx=72369716 tx=30639523 comm=*system*
psu_energy_ac_mcp_machine=60727494385
-------
timestamp=3408505106140233
iterations=6948
sample_ns=100000000
window_ns=1000000000
rapl_core_sum_uj=22075417064
rapl_psys_sum_uj=0
pid=0 energy=34491171337517480 alive=1 kernel=1 cpu_ns=6891578153000000 mem=460668928 instructions=6656114503496 wakeups=20305341 diski=8777728 disko=538734592 rx=72369716 tx=30639523 comm=*system*
psu_energy_ac_mcp_machine=60737125122
-------
timestamp=3408505236192003
iterations=6949
sample_ns=100000000
window_ns=1000000000
rapl_core_sum_uj=22078225535
rapl_psys_sum_uj=0
pid=0 energy=34491174455347455 alive=1 kernel=1 cpu_ns=6891578269000000 mem=749240320 instructions=6656622069491 wakeups=20305557 diski=8777728 disko=538734592 rx=72369716 tx=30639523 comm=*system*
psu_energy_ac_mcp_machine=60749598755
-------
timestamp=3408505366736418
iterations=6951
sample_ns=100000000
window_ns=1000000000
rapl_core_sum_uj=22083323800
rapl_psys_sum_uj=0
pid=0 energy=34491181257368540 alive=1 kernel=1 cpu_ns=6891578492000000 mem=442191872 instructions=6657759473708 wakeups=20305786 diski=8777728 disko=538734592 rx=72369718 tx=30639523 comm=*system*
psu_energy_ac_mcp_machine=60758743774
-------
timestamp=3408505497984463
iterations=6952
sample_ns=100000000
window_ns=1000000000
rapl_core_sum_uj=22086094185
rapl_psys_sum_uj=0
pid=0 energy=34491184389959780 alive=1 kernel=1 cpu_ns=6891578612000000 mem=480272384 instructions=6658265991956 wakeups=20306002 diski=8777728 disko=538734592 rx=72369718 tx=30639523 comm=*system*
psu_energy_ac_mcp_machine=60768236694
-------
timestamp=3408505627665600
iterations=6953
sample_ns=100000000
window_ns=1000000000
rapl_core_sum_uj=22089055122
rapl_psys_sum_uj=0
pid=0 energy=34491189301529985 alive=1 kernel=1 cpu_ns=6891578727000000 mem=639324160 instructions=6659133305997 wakeups=20306215 diski=8777728 disko=538734592 rx=72369718 tx=30639523 comm=*system*
psu_energy_ac_mcp_machine=60777848999
-------
timestamp=3408505757573933
iterations=6954
sample_ns=100000000
window_ns=1000000000
rapl_core_sum_uj=22091831122
rapl_psys_sum_uj=0
pid=0 energy=34491194285718185 alive=1 kernel=1 cpu_ns=6891578845000000 mem=800681984 instructions=6660012143637 wakeups=20306429 diski=8777728 disko=538734592 rx=72369718 tx=30639523 comm=*system*
psu_energy_ac_mcp_machine=60790191650
-------
timestamp=3408505890534255
iterations=6956
sample_ns=100000000
window_ns=1000000000
rapl_core_sum_uj=22097233953
rapl_psys_sum_uj=0
pid=0 energy=34491203536048005 alive=1 kernel=1 cpu_ns=6891579067000000 mem=979042304 instructions=6661640209601 wakeups=20306657 diski=8777728 disko=538734592 rx=72369718 tx=30639523 comm=*system*
psu_energy_ac_mcp_machine=60799773682
-------
timestamp=3408506019503053
iterations=6957
sample_ns=100000000
window_ns=1000000000
rapl_core_sum_uj=22100530461
rapl_psys_sum_uj=0
pid=0 energy=34491209585544420 alive=1 kernel=1 cpu_ns=6891579187000000 mem=979042304 instructions=6662730108884 wakeups=20306879 diski=8777728 disko=538734592 rx=72369718 tx=30639523 comm=*system*
psu_energy_ac_mcp_machine=60809913452
-------
timestamp=3408506149179567
iterations=6958
sample_ns=100000000
window_ns=1000000000
rapl_core_sum_uj=22103405461
rapl_psys_sum_uj=0
pid=0 energy=34491219038083155 alive=1 kernel=1 cpu_ns=6891579305000000 mem=979054592 instructions=6664502616631 wakeups=20307096 diski=8777728 disko=538734592 rx=72369718 tx=30639523 comm=*system*
psu_energy_ac_mcp_machine=60822764282
-------
timestamp=3408506281477288
iterations=6959
sample_ns=100000000
window_ns=1000000000
rapl_core_sum_uj=22106259770
rapl_psys_sum_uj=0
pid=0 energy=34491228116544990 alive=1 kernel=1 cpu_ns=6891579421000000 mem=780701696 instructions=6666202308998 wakeups=20307307 diski=8777728 disko=538734592 rx=72369718 tx=30639523 comm=*system*
psu_energy_ac_mcp_machine=60831604248
-------
timestamp=3408506414467510
iterations=6961
sample_ns=100000000
window_ns=1000000000
rapl_core_sum_uj=22111489444
rapl_psys_sum_uj=0
pid=0 energy=34491233784650260 alive=1 kernel=1 cpu_ns=6891579645000000 mem=675377152 instructions=6667111930052 wakeups=20307529 diski=8777728 disko=538734592 rx=72369718 tx=30639523 comm=*system*
psu_energy_ac_mcp_machine=60841173340
-------
timestamp=3408506544635029
iterations=6962
sample_ns=100000000
window_ns=1000000000
rapl_core_sum_uj=22114226199
rapl_psys_sum_uj=0
pid=0 energy=34491236716038805 alive=1 kernel=1 cpu_ns=6891579762000000 mem=976027648 instructions=6667581207761 wakeups=20307742 diski=8777728 disko=538734592 rx=72369718 tx=30639523 comm=*system*
psu_energy_ac_mcp_machine=60850107544
-------
timestamp=3408506674141390
iterations=6963
sample_ns=100000000
window_ns=1000000000
rapl_core_sum_uj=22116721926
rapl_psys_sum_uj=0
pid=0 energy=34491239930889500 alive=1 kernel=1 cpu_ns=6891579882000000 mem=1046306816 instructions=6668104177900 wakeups=20307961 diski=8777728 disko=538734592 rx=72369719 tx=30639524 comm=*system*
psu_energy_ac_mcp_machine=60862801392
-------
timestamp=3408506806594748
iterations=6964
sample_ns=100000000
window_ns=1000000000
rapl_core_sum_uj=22119274477
rapl_psys_sum_uj=0
pid=0 energy=34491243355366125 alive=1 kernel=1 cpu_ns=6891580001000000 mem=1046228992 instructions=6668670073225 wakeups=20308197 diski=8777728 disko=538734592 rx=72369719 tx=30639524 comm=*system*
psu_energy_ac_mcp_machine=60871926392
-------
timestamp=3408506937860418
iterations=6966
sample_ns=100000000
window_ns=1000000000
rapl_core_sum_uj=22124113343
rapl_psys_sum_uj=0
pid=0 energy=34491249789316340 alive=1 kernel=1 cpu_ns=6891580225000000 mem=1046196224 instructions=6669732863268 wakeups=20308428 diski=8777728 disko=538734592 rx=72369719 tx=30639524 comm=*system*
psu_energy_ac_mcp_machine=60881044434
-------
timestamp=3408507066946028
iterations=6967
sample_ns=100000000
window_ns=1000000000
rapl_core_sum_uj=22126584168
rapl_psys_sum_uj=0
pid=0 energy=34491253096471380 alive=1 kernel=1 cpu_ns=6891580340000000 mem=1046179840 instructions=6670279294276 wakeups=20308646 diski=8777728 disko=538734592 rx=72369719 tx=30639524 comm=*system*
psu_energy_ac_mcp_machine=60889826782
-------
timestamp=3408507196700219
iterations=6968
sample_ns=100000000
window_ns=1000000000
rapl_core_sum_uj=22129120972
rapl_psys_sum_uj=0
pid=0 energy=34491256401429585 alive=1 kernel=1 cpu_ns=6891580457000000 mem=1046380544 instructions=6670823285917 wakeups=20308856 diski=8777728 disko=538734592 rx=72369719 tx=30639524 comm=*system*
psu_energy_ac_mcp_machine=60902542969
-------
timestamp=3408507329820793
iterations=6969
sample_ns=100000000
window_ns=1000000000
rapl_core_sum_uj=22131778076
rapl_psys_sum_uj=0
pid=0 energy=34491259727299030 alive=1 kernel=1 cpu_ns=6891580576000000 mem=1046237184 instructions=6671369459806 wakeups=20309065 diski=8777728 disko=538734592 rx=72369719 tx=30639524 comm=*system*
psu_energy_ac_mcp_machine=60911049316
-------
timestamp=3408507459694849
iterations=6971
sample_ns=100000000
window_ns=1000000000
rapl_core_sum_uj=22136610412
rapl_psys_sum_uj=0
pid=0 energy=34491266145846415 alive=1 kernel=1 cpu_ns=6891580799000000 mem=1046036480 instructions=6672430169283 wakeups=20309295 diski=8777728 disko=538734592 rx=72369721 tx=30639524 comm=*system*
psu_energy_ac_mcp_machine=60920606689
-------
timestamp=3408507589840080
iterations=6972
sample_ns=100000000
window_ns=1000000000
rapl_core_sum_uj=22139216857
rapl_psys_sum_uj=0
pid=0 energy=34491269534692710 alive=1 kernel=1 cpu_ns=6891580920000000 mem=1046220800 instructions=6672986938542 wakeups=20309614 diski=8777728 disko=542056448 rx=72369721 tx=30639524 comm=*system*
psu_energy_ac_mcp_machine=60933070068
-------
timestamp=3408507723135078
iterations=6973
sample_ns=100000000
window_ns=1000000000
rapl_core_sum_uj=22141864989
rapl_psys_sum_uj=0
pid=0 energy=34491272837864595 alive=1 kernel=1 cpu_ns=6891581039000000 mem=1046032384 instructions=6673528572919 wakeups=20309825 diski=8777728 disko=542056448 rx=72369721 tx=30639524 comm=*system*
psu_energy_ac_mcp_machine=60942297363
-------
timestamp=3408507855892974
iterations=6975
sample_ns=100000000
window_ns=1000000000
rapl_core_sum_uj=22146621336
rapl_psys_sum_uj=0
pid=0 energy=34491279326717685 alive=1 kernel=1 cpu_ns=6891581267000000 mem=1046974464 instructions=6674598343537 wakeups=20310060 diski=8777728 disko=542056448 rx=72369721 tx=30639524 comm=*system*
psu_energy_ac_mcp_machine=60951247803
-------
timestamp=3408507985826139
iterations=6976
sample_ns=100000000
window_ns=1000000000
rapl_core_sum_uj=22149008176
rapl_psys_sum_uj=0
pid=0 energy=34491282516555405 alive=1 kernel=1 cpu_ns=6891581377000000 mem=1046220800 instructions=6675126311081 wakeups=20310268 diski=8777728 disko=542056448 rx=72369721 tx=30639524 comm=*system*
psu_energy_ac_mcp_machine=60959757080
-------
timestamp=3408508115427639
iterations=6977
sample_ns=100000000
window_ns=1000000000
rapl_core_sum_uj=22151713742
rapl_psys_sum_uj=0
pid=0 energy=34491285812875245 alive=1 kernel=1 cpu_ns=6891581497000000 mem=1046290432 instructions=6675665575049 wakeups=20310498 diski=8777728 disko=542056448 rx=72369721 tx=30639524 comm=*system*
psu_energy_ac_mcp_machine=60972605713
-------
timestamp=3408508248442787
iterations=6978
sample_ns=100000000
window_ns=1000000000
rapl_core_sum_uj=22154228512
rapl_psys_sum_uj=0
pid=0 energy=34491289142875965 alive=1 kernel=1 cpu_ns=6891581618000000 mem=1046269952 instructions=6676210575193 wakeups=20310723 diski=8777728 disko=542056448 rx=72369721 tx=30639524 comm=*system*
psu_energy_ac_mcp_machine=60981731445
-------
timestamp=3408508378435744
iterations=6980
sample_ns=100000000
window_ns=1000000000
rapl_core_sum_uj=22158916194
rapl_psys_sum_uj=0
pid=0 energy=34491295880148365 alive=1 kernel=1 cpu_ns=6891581842000000 mem=1046364160 instructions=6677334029673 wakeups=20310953 diski=8777728 disko=542056448 rx=72369721 tx=30639524 comm=*system*
psu_energy_ac_mcp_machine=60990757568
-------
timestamp=3408508508267525
iterations=6981
sample_ns=100000000
window_ns=1000000000
rapl_core_sum_uj=22161854426
rapl_psys_sum_uj=0
pid=0 energy=34491300963497535 alive=1 kernel=1 cpu_ns=6891581955000000 mem=741171200 instructions=6678237699507 wakeups=20311163 diski=8777728 disko=542056448 rx=72369721 tx=30639524 comm=*system*
psu_energy_ac_mcp_machine=61003630493
-------
timestamp=3408508640689206
iterations=6982
sample_ns=100000000
window_ns=1000000000
rapl_core_sum_uj=22164581598
rapl_psys_sum_uj=0
pid=0 energy=34491305770228555 alive=1 kernel=1 cpu_ns=6891582070000000 mem=564375552 instructions=6679084045711 wakeups=20311381 diski=8777728 disko=542056448 rx=72369721 tx=30639524 comm=*system*
psu_energy_ac_mcp_machine=61012617065
-------
timestamp=3408508772568022
iterations=6983
sample_ns=100000000
window_ns=1000000000
rapl_core_sum_uj=22167254388
rapl_psys_sum_uj=0
pid=0 energy=34491310619529895 alive=1 kernel=1 cpu_ns=6891582189000000 mem=706756608 instructions=6679934905979 wakeups=20311602 diski=8777728 disko=542056448 rx=72369721 tx=30639524 comm=*system*
psu_energy_ac_mcp_machine=61021791992
-------
timestamp=3408508902124924
iterations=6985
sample_ns=100000000
window_ns=1000000000
rapl_core_sum_uj=22172568779
rapl_psys_sum_uj=0
pid=0 energy=34491320257649800 alive=1 kernel=1 cpu_ns=6891582411000000 mem=979124224 instructions=6681640529960 wakeups=20311826 diski=8777728 disko=542056448 rx=72369721 tx=30639524 comm=*system*
psu_energy_ac_mcp_machine=61031311279
-------
timestamp=3408509031769138
iterations=6986
sample_ns=100000000
window_ns=1000000000
rapl_core_sum_uj=22175445426
rapl_psys_sum_uj=0
pid=0 energy=34491326871030215 alive=1 kernel=1 cpu_ns=6891582527000000 mem=979324928 instructions=6682847206043 wakeups=20312041 diski=8777728 disko=542056448 rx=72369721 tx=30639524 comm=*system*
psu_energy_ac_mcp_machine=61044110229
-------
timestamp=3408509164133139
iterations=6987
sample_ns=100000000
window_ns=1000000000
rapl_core_sum_uj=22178163870
rapl_psys_sum_uj=0
pid=0 energy=34491333374955355 alive=1 kernel=1 cpu_ns=6891582644000000 mem=979369984 instructions=6684030991071 wakeups=20312249 diski=8777728 disko=542056448 rx=72369721 tx=30639524 comm=*system*
psu_energy_ac_mcp_machine=61053379395
-------
timestamp=3408509296408246
iterations=6988
sample_ns=100000000
window_ns=1000000000
rapl_core_sum_uj=22180928274
rapl_psys_sum_uj=0
pid=0 energy=34491339836098115 alive=1 kernel=1 cpu_ns=6891582760000000 mem=979300352 instructions=6685207219623 wakeups=20312466 diski=8777728 disko=542089216 rx=72369721 tx=30639524 comm=*system*
psu_energy_ac_mcp_machine=61062965210
-------
timestamp=3408509425646266
iterations=6990
sample_ns=100000000
window_ns=1000000000
rapl_core_sum_uj=22186606801
rapl_psys_sum_uj=0
pid=0 energy=34491352700013245 alive=1 kernel=1 cpu_ns=6891582981000000 mem=979386368 instructions=6687559002649 wakeups=20312694 diski=8777728 disko=542089216 rx=72369723 tx=30639524 comm=*system*
psu_energy_ac_mcp_machine=61072819824
-------
timestamp=3408509554690923
iterations=6991
sample_ns=100000000
window_ns=1000000000
rapl_core_sum_uj=22189406422
rapl_psys_sum_uj=0
pid=0 energy=34491359230251415 alive=1 kernel=1 cpu_ns=6891583100000000 mem=979304448 instructions=6688746050283 wakeups=20312902 diski=8777728 disko=542089216 rx=72369723 tx=30639524 comm=*system*
psu_energy_ac_mcp_machine=61085166504
-------
timestamp=3408509687148307
iterations=6992
sample_ns=100000000
window_ns=1000000000
rapl_core_sum_uj=22192286060
rapl_psys_sum_uj=0
pid=0 energy=34491365802268615 alive=1 kernel=1 cpu_ns=6891583219000000 mem=979472384 instructions=6689941453723 wakeups=20313119 diski=8777728 disko=542089216 rx=72369723 tx=30639524 comm=*system*
psu_energy_ac_mcp_machine=61094834961
-------
timestamp=3408509816767006
iterations=6993
sample_ns=100000000
window_ns=1000000000
rapl_core_sum_uj=22195217578
rapl_psys_sum_uj=0
pid=0 energy=34491372512419005 alive=1 kernel=1 cpu_ns=6891583336000000 mem=979275776 instructions=6691166483801 wakeups=20313337 diski=8777728 disko=542089216 rx=72369723 tx=30639524 comm=*system*
psu_energy_ac_mcp_machine=61104573242
-------
timestamp=3408509945970001
iterations=6995
sample_ns=100000000
window_ns=1000000000
rapl_core_sum_uj=22200389513
rapl_psys_sum_uj=0
pid=0 energy=34491385330624860 alive=1 kernel=1 cpu_ns=6891583558000000 mem=979136512 instructions=6693508124972 wakeups=20313553 diski=8777728 disko=542089216 rx=72369723 tx=30639524 comm=*system*
psu_energy_ac_mcp_machine=61113750977
-------
timestamp=3408510075313011
iterations=6996
sample_ns=100000000
window_ns=1000000000
rapl_core_sum_uj=22203008104
rapl_psys_sum_uj=0
pid=0 energy=34491391664103485 alive=1 kernel=1 cpu_ns=6891583673000000 mem=979361792 instructions=6694659820697 wakeups=20313764 diski=8777728 disko=542089216 rx=72369723 tx=30639524 comm=*system*
psu_energy_ac_mcp_machine=61125882690
-------
timestamp=3408510207683884
iterations=6997
sample_ns=100000000
window_ns=1000000000
rapl_core_sum_uj=22205818895
rapl_psys_sum_uj=0
pid=0 energy=34491397334370145 alive=1 kernel=1 cpu_ns=6891583789000000 mem=469385216 instructions=6695677874029 wakeups=20313977 diski=8777728 disko=542089216 rx=72369723 tx=30639524 comm=*system*
psu_energy_ac_mcp_machine=61135490723
-------
timestamp=3408510338215672
iterations=6998
sample_ns=100000000
window_ns=1000000000
rapl_core_sum_uj=22208720689
rapl_psys_sum_uj=0
pid=0 energy=34491400123634475 alive=1 kernel=1 cpu_ns=6891583908000000 mem=791801856 instructions=6696116726895 wakeups=20314187 diski=8777728 disko=542089216 rx=72369723 tx=30639524 comm=*system*
psu_energy_ac_mcp_machine=61144923340
-------
timestamp=3408510468687838
iterations=7000
sample_ns=100000000
window_ns=1000000000
rapl_core_sum_uj=22214174729
rapl_psys_sum_uj=0
pid=0 energy=34491415092430970 alive=1 kernel=1 cpu_ns=6891584130000000 mem=979324928 instructions=6698888486194 wakeups=20314409 diski=8777728 disko=542089216 rx=72369723 tx=30639524 comm=*system*
psu_energy_ac_mcp_machine=61158464722
-------
timestamp=3408510601873480
iterations=7001
sample_ns=100000000
window_ns=1000000000
rapl_core_sum_uj=22217227707
rapl_psys_sum_uj=0
pid=0 energy=34491424288358070 alive=1 kernel=1 cpu_ns=6891584250000000 mem=979083264 instructions=6700607671614 wakeups=20314613 diski=8777728 disko=542089216 rx=72369723 tx=30639524 comm=*system*
psu_energy_ac_mcp_machine=61168548584
-------
timestamp=3408510734966928
iterations=7002
sample_ns=100000000
window_ns=1000000000
rapl_core_sum_uj=22220284774
rapl_psys_sum_uj=0
pid=0 energy=34491430753620935 alive=1 kernel=1 cpu_ns=6891584367000000 mem=979300352 instructions=6701783724187 wakeups=20314831 diski=8777728 disko=542089216 rx=72369723 tx=30639524 comm=*system*
psu_energy_ac_mcp_machine=61178722900
-------
timestamp=3408510864738256
iterations=7003
sample_ns=100000000
window_ns=1000000000
rapl_core_sum_uj=22223159651
rapl_psys_sum_uj=0
pid=0 energy=34491441818552750 alive=1 kernel=1 cpu_ns=6891584483000000 mem=979525632 instructions=6703880710550 wakeups=20315041 diski=8777728 disko=542089216 rx=72369723 tx=30639524 comm=*system*
psu_energy_ac_mcp_machine=61188670410
-------
timestamp=3408510994999499
iterations=7005
sample_ns=100000000
window_ns=1000000000
rapl_core_sum_uj=22228864667
rapl_psys_sum_uj=0
pid=0 energy=34491456963436660 alive=1 kernel=1 cpu_ns=6891584707000000 mem=979156992 instructions=6706685687332 wakeups=20315273 diski=8777728 disko=542089216 rx=72369723 tx=30639524 comm=*system*
psu_energy_ac_mcp_machine=61202152344
-------
timestamp=3408511128529220
iterations=7006
sample_ns=100000000
window_ns=1000000000
rapl_core_sum_uj=22231952557
rapl_psys_sum_uj=0
pid=0 energy=34491466383394920 alive=1 kernel=1 cpu_ns=6891584825000000 mem=979152896 instructions=6708451678984 wakeups=20315484 diski=8777728 disko=542089216 rx=72369723 tx=30639524 comm=*system*
psu_energy_ac_mcp_machine=61212141113
-------
timestamp=3408511258378326
iterations=7007
sample_ns=100000000
window_ns=1000000000
rapl_core_sum_uj=22234790508
rapl_psys_sum_uj=0
pid=0 energy=34491472930583515 alive=1 kernel=1 cpu_ns=6891584943000000 mem=979169280 instructions=6709643116703 wakeups=20315693 diski=8777728 disko=542089216 rx=72369723 tx=30639524 comm=*system*
psu_energy_ac_mcp_machine=61222036621
-------
timestamp=3408511388504216
iterations=7008
sample_ns=100000000
window_ns=1000000000
rapl_core_sum_uj=22237699565
rapl_psys_sum_uj=0
pid=0 energy=34491483839652915 alive=1 kernel=1 cpu_ns=6891585058000000 mem=979296256 instructions=6711709930583 wakeups=20315903 diski=8777728 disko=542089216 rx=72369723 tx=30639524 comm=*system*
psu_energy_ac_mcp_machine=61235877441
-------
timestamp=3408511521522350
iterations=7010
sample_ns=100000000
window_ns=1000000000
rapl_core_sum_uj=22243647989
rapl_psys_sum_uj=0
pid=0 energy=34491498409649270 alive=1 kernel=1 cpu_ns=6891585283000000 mem=979169280 instructions=6714398929854 wakeups=20316130 diski=8777728 disko=542089216 rx=72369725 tx=30639524 comm=*system*
psu_energy_ac_mcp_machine=61245813721
-------
timestamp=3408511655159165
iterations=7011
sample_ns=100000000
window_ns=1000000000
rapl_core_sum_uj=22246575601
rapl_psys_sum_uj=0
pid=0 energy=34491510092748265 alive=1 kernel=1 cpu_ns=6891585403000000 mem=979173376 instructions=6716615549653 wakeups=20316343 diski=8777728 disko=542089216 rx=72369725 tx=30639524 comm=*system*
psu_energy_ac_mcp_machine=61255507813
-------
timestamp=3408511785408786
iterations=7012
sample_ns=100000000
window_ns=1000000000
rapl_core_sum_uj=22249427956
rapl_psys_sum_uj=0
pid=0 energy=34491516586376970 alive=1 kernel=1 cpu_ns=6891585522000000 mem=979165184 instructions=6717795275394 wakeups=20316551 diski=8777728 disko=542089216 rx=72369725 tx=30639524 comm=*system*
psu_energy_ac_mcp_machine=61269335815
-------
timestamp=3408511919740683
iterations=7014
sample_ns=100000000
window_ns=1000000000
rapl_core_sum_uj=22255559120
rapl_psys_sum_uj=0
pid=0 energy=34491535598354180 alive=1 kernel=1 cpu_ns=6891585757000000 mem=979693568 instructions=6721362670836 wakeups=20316780 diski=8777728 disko=542089216 rx=72369725 tx=30639524 comm=*system*
psu_energy_ac_mcp_machine=61279415771
-------
timestamp=3408512052345834
iterations=7015
sample_ns=100000000
window_ns=1000000000
rapl_core_sum_uj=22258375587
rapl_psys_sum_uj=0
pid=0 energy=34491542193358335 alive=1 kernel=1 cpu_ns=6891585872000000 mem=979017728 instructions=6722566671667 wakeups=20316989 diski=8777728 disko=542089216 rx=72369725 tx=30639524 comm=*system*
psu_energy_ac_mcp_machine=61289367432
-------
timestamp=3408512182223786
iterations=7016
sample_ns=100000000
window_ns=1000000000
rapl_core_sum_uj=22261310096
rapl_psys_sum_uj=0
pid=0 energy=34491551799663315 alive=1 kernel=1 cpu_ns=6891585987000000 mem=978911232 instructions=6724372932663 wakeups=20317208 diski=8777728 disko=542089216 rx=72369725 tx=30639524 comm=*system*
psu_energy_ac_mcp_machine=61299629517
-------
timestamp=3408512313094387
iterations=7017
sample_ns=100000000
window_ns=1000000000
rapl_core_sum_uj=22264290808
rapl_psys_sum_uj=0
pid=0 energy=34491560733440280 alive=1 kernel=1 cpu_ns=6891586103000000 mem=979099648 instructions=6726043688056 wakeups=20317427 diski=8777728 disko=542089216 rx=72369725 tx=30639524 comm=*system*
psu_energy_ac_mcp_machine=61313120605
-------
timestamp=3408512446806420
iterations=7019
sample_ns=100000000
window_ns=1000000000
rapl_core_sum_uj=22269972509
rapl_psys_sum_uj=0
pid=0 energy=34491577924958980 alive=1 kernel=1 cpu_ns=6891586327000000 mem=979148800 instructions=6729257991796 wakeups=20317648 diski=8777728 disko=542089216 rx=72369725 tx=30639524 comm=*system*
psu_energy_ac_mcp_machine=61322992676
-------
timestamp=3408512576669983
iterations=7020
sample_ns=100000000
window_ns=1000000000
rapl_core_sum_uj=22272866490
rapl_psys_sum_uj=0
pid=0 energy=34491586203756585 alive=1 kernel=1 cpu_ns=6891586448000000 mem=978862080 instructions=6730792751317 wakeups=20317852 diski=8777728 disko=542089216 rx=72369725 tx=30639524 comm=*system*
psu_energy_ac_mcp_machine=61333101318
-------
timestamp=3408512706195747
iterations=7021
sample_ns=100000000
window_ns=1000000000
rapl_core_sum_uj=22275875950
rapl_psys_sum_uj=0
pid=0 energy=34491593017803650 alive=1 kernel=1 cpu_ns=6891586568000000 mem=979070976 instructions=6732035560730 wakeups=20318068 diski=8777728 disko=542089216 rx=72369725 tx=30639524 comm=*system*
psu_energy_ac_mcp_machine=61346656250
-------
timestamp=3408512838803762
iterations=7022
sample_ns=100000000
window_ns=1000000000
rapl_core_sum_uj=22278935520
rapl_psys_sum_uj=0
pid=0 energy=34491604214830165 alive=1 kernel=1 cpu_ns=6891586685000000 mem=979005440 instructions=6734157966033 wakeups=20318287 diski=8777728 disko=542089216 rx=72369725 tx=30639524 comm=*system*
psu_energy_ac_mcp_machine=61356621582
-------
timestamp=3408512972298509
iterations=7024
sample_ns=100000000
window_ns=1000000000
rapl_core_sum_uj=22284455233
rapl_psys_sum_uj=0
pid=0 energy=34491618960073230 alive=1 kernel=1 cpu_ns=6891586909000000 mem=979181568 instructions=6736883014646 wakeups=20318517 diski=8777728 disko=542089216 rx=72369725 tx=30639524 comm=*system*
psu_energy_ac_mcp_machine=61366416382
-------
timestamp=3408513102550228
iterations=7025
sample_ns=100000000
window_ns=1000000000
rapl_core_sum_uj=22287561922
rapl_psys_sum_uj=0
pid=0 energy=34491630109561480 alive=1 kernel=1 cpu_ns=6891587024000000 mem=979144704 instructions=6738997912296 wakeups=20318725 diski=8777728 disko=542089216 rx=72369725 tx=30639524 comm=*system*
psu_energy_ac_mcp_machine=61377002930
-------
timestamp=3408513232717827
iterations=7026
sample_ns=100000000
window_ns=1000000000
rapl_core_sum_uj=22290642549
rapl_psys_sum_uj=0
pid=0 energy=34491637890081305 alive=1 kernel=1 cpu_ns=6891587142000000 mem=979136512 instructions=6740436016261 wakeups=20318941 diski=8777728 disko=542089216 rx=72369725 tx=30639524 comm=*system*
psu_energy_ac_mcp_machine=61390498779
-------
timestamp=3408513366751492
iterations=7027
sample_ns=100000000
window_ns=1000000000
rapl_core_sum_uj=22293518037
rapl_psys_sum_uj=0
pid=0 energy=34491644721001770 alive=1 kernel=1 cpu_ns=6891587262000000 mem=979136512 instructions=6741682200354 wakeups=20319150 diski=8777728 disko=542089216 rx=72369725 tx=30639524 comm=*system*
psu_energy_ac_mcp_machine=61400353638
-------
timestamp=3408513496953596
iterations=7029
sample_ns=100000000
window_ns=1000000000
rapl_core_sum_uj=22299293488
rapl_psys_sum_uj=0
pid=0 energy=34491663732164415 alive=1 kernel=1 cpu_ns=6891587487000000 mem=979062784 instructions=6745259432883 wakeups=20319380 diski=8777728 disko=542089216 rx=72369727 tx=30639524 comm=*system*
psu_energy_ac_mcp_machine=61410902588
-------
timestamp=3408513626564267
iterations=7030
sample_ns=100000000
window_ns=1000000000
rapl_core_sum_uj=22302403229
rapl_psys_sum_uj=0
pid=0 energy=34491670690565565 alive=1 kernel=1 cpu_ns=6891587605000000 mem=979017728 instructions=6746533113113 wakeups=20319590 diski=8777728 disko=542089216 rx=72369727 tx=30639524 comm=*system*
psu_energy_ac_mcp_machine=61424470703
-------
timestamp=3408513760348713
iterations=7031
sample_ns=100000000
window_ns=1000000000
rapl_core_sum_uj=22305360382
rapl_psys_sum_uj=0
pid=0 energy=34491681694852710 alive=1 kernel=1 cpu_ns=6891587724000000 mem=979005440 instructions=6748614970542 wakeups=20319816 diski=8777728 disko=542089216 rx=72369727 tx=30639524 comm=*system*
psu_energy_ac_mcp_machine=61434440186
-------
timestamp=3408513892843492
iterations=7032
sample_ns=100000000
window_ns=1000000000
rapl_core_sum_uj=22308250457
rapl_psys_sum_uj=0
pid=0 energy=34491690315958195 alive=1 kernel=1 cpu_ns=6891587840000000 mem=979054592 instructions=6750223191639 wakeups=20320015 diski=8777728 disko=542089216 rx=72369727 tx=30639524 comm=*system*
psu_energy_ac_mcp_machine=61444763184
-------
timestamp=3408514022413013
iterations=7034
sample_ns=100000000
window_ns=1000000000
rapl_core_sum_uj=22314229155
rapl_psys_sum_uj=0
pid=0 energy=34491707173439290 alive=1 kernel=1 cpu_ns=6891588063000000 mem=979193856 instructions=6753371687858 wakeups=20320249 diski=8777728 disko=542089216 rx=72369727 tx=30639524 comm=*system*
psu_energy_ac_mcp_machine=61455182007
-------
timestamp=3408514151549952
iterations=7035
sample_ns=100000000
window_ns=1000000000
rapl_core_sum_uj=22316910978
rapl_psys_sum_uj=0
pid=0 energy=34491711383322930 alive=1 kernel=1 cpu_ns=6891588179000000 mem=467415040 instructions=6754097664586 wakeups=20320463 diski=8777728 disko=542089216 rx=72369727 tx=30639524 comm=*system*
psu_energy_ac_mcp_machine=61467091797
-------
timestamp=3408514282962158
iterations=7036
sample_ns=100000000
window_ns=1000000000
rapl_core_sum_uj=22319572721
rapl_psys_sum_uj=0
pid=0 energy=34491715412546320 alive=1 kernel=1 cpu_ns=6891588295000000 mem=503549952 instructions=6754787509264 wakeups=20320677 diski=8777728 disko=542089216 rx=72369727 tx=30639524 comm=*system*
psu_energy_ac_mcp_machine=61476520630
-------
timestamp=3408514414168242
iterations=7038
sample_ns=100000000
window_ns=1000000000
rapl_core_sum_uj=22325013271
rapl_psys_sum_uj=0
pid=0 energy=34491723430783880 alive=1 kernel=1 cpu_ns=6891588523000000 mem=576880640 instructions=6756163156776 wakeups=20320925 diski=8777728 disko=542109696 rx=72369727 tx=30639524 comm=*system*
psu_energy_ac_mcp_machine=61485921265
-------
timestamp=3408514543440073
iterations=7039
sample_ns=100000000
window_ns=1000000000
rapl_core_sum_uj=22327548671
rapl_psys_sum_uj=0
pid=0 energy=34491727308219675 alive=1 kernel=1 cpu_ns=6891588631000000 mem=611344384 instructions=6756830643935 wakeups=20321112 diski=8777728 disko=542109696 rx=72369727 tx=30639524 comm=*system*
psu_energy_ac_mcp_machine=61494426025
-------
timestamp=3408514672957848
iterations=7040
sample_ns=100000000
window_ns=1000000000
rapl_core_sum_uj=22330185694
rapl_psys_sum_uj=0
pid=0 energy=34491731349997230 alive=1 kernel=1 cpu_ns=6891588748000000 mem=647335936 instructions=6757521999446 wakeups=20321327 diski=8777728 disko=542109696 rx=72369727 tx=30639524 comm=*system*
psu_energy_ac_mcp_machine=61506488403
-------
timestamp=3408514805748654
iterations=7041
sample_ns=100000000
window_ns=1000000000
rapl_core_sum_uj=22332887354
rapl_psys_sum_uj=0
pid=0 energy=34491735352551250 alive=1 kernel=1 cpu_ns=6891588863000000 mem=683008000 instructions=6758207510250 wakeups=20321549 diski=8777728 disko=542109696 rx=72369727 tx=30639524 comm=*system*
psu_energy_ac_mcp_machine=61515860596
-------
timestamp=3408514935370589
iterations=7043
sample_ns=100000000
window_ns=1000000000
rapl_core_sum_uj=22338056786
rapl_psys_sum_uj=0
pid=0 energy=34491743315923545 alive=1 kernel=1 cpu_ns=6891589091000000 mem=756019200 instructions=6759572184709 wakeups=20321780 diski=8777728 disko=542109696 rx=72369727 tx=30639524 comm=*system*
psu_energy_ac_mcp_machine=61525029419
-------
timestamp=3408515064704005
iterations=7044
sample_ns=100000000
window_ns=1000000000
rapl_core_sum_uj=22340622948
rapl_psys_sum_uj=0
pid=0 energy=34491747210817045 alive=1 kernel=1 cpu_ns=6891589201000000 mem=790507520 instructions=6760241163409 wakeups=20321982 diski=8777728 disko=542109696 rx=72369727 tx=30639524 comm=*system*
psu_energy_ac_mcp_machine=61537219727
-------
timestamp=3408515197220921
iterations=7045
sample_ns=100000000
window_ns=1000000000
rapl_core_sum_uj=22343365440
rapl_psys_sum_uj=0
pid=0 energy=34491751238666970 alive=1 kernel=1 cpu_ns=6891589319000000 mem=826261504 instructions=6760928733394 wakeups=20322202 diski=8777728 disko=542109696 rx=72369727 tx=30639524 comm=*system*
psu_energy_ac_mcp_machine=61545857788
-------
timestamp=3408515330091325
iterations=7046
sample_ns=100000000
window_ns=1000000000
rapl_core_sum_uj=22346188804
rapl_psys_sum_uj=0
pid=0 energy=34491755266403325 alive=1 kernel=1 cpu_ns=6891589435000000 mem=861650944 instructions=6761618280665 wakeups=20322407 diski=8777728 disko=542109696 rx=72369727 tx=30639524 comm=*system*
psu_energy_ac_mcp_machine=61555276489
-------
timestamp=3408515459323002
iterations=7048
sample_ns=100000000
window_ns=1000000000
rapl_core_sum_uj=22351221152
rapl_psys_sum_uj=0
pid=0 energy=34491763118929945 alive=1 kernel=1 cpu_ns=6891589657000000 mem=933609472 instructions=6762966785989 wakeups=20322640 diski=8777728 disko=542109696 rx=72369729 tx=30639524 comm=*system*
psu_energy_ac_mcp_machine=61564482544
-------
timestamp=3408515589527581
iterations=7049
sample_ns=100000000
window_ns=1000000000
rapl_core_sum_uj=22354010580
rapl_psys_sum_uj=0
pid=0 energy=34491767161109420 alive=1 kernel=1 cpu_ns=6891589772000000 mem=969687040 instructions=6763660221884 wakeups=20322847 diski=8777728 disko=542109696 rx=72369729 tx=30639524 comm=*system*
psu_energy_ac_mcp_machine=61576872070
-------
timestamp=3408515721582356
iterations=7050
sample_ns=100000000
window_ns=1000000000
rapl_core_sum_uj=22356936788
rapl_psys_sum_uj=0
pid=0 energy=34491775165396095 alive=1 kernel=1 cpu_ns=6891589890000000 mem=978976768 instructions=6765143079219 wakeups=20323069 diski=8777728 disko=542109696 rx=72369729 tx=30639524 comm=*system*
psu_energy_ac_mcp_machine=61586107788
-------
timestamp=3408515852296333
iterations=7051
sample_ns=100000000
window_ns=1000000000
rapl_core_sum_uj=22359717732
rapl_psys_sum_uj=0
pid=0 energy=34491784566718360 alive=1 kernel=1 cpu_ns=6891590004000000 mem=979103744 instructions=6766909343672 wakeups=20323280 diski=8777728 disko=542109696 rx=72369732 tx=30639525 comm=*system*
psu_energy_ac_mcp_machine=61595540039
-------
timestamp=3408515981896438
iterations=7053
sample_ns=100000000
window_ns=1000000000
rapl_core_sum_uj=22365047443
rapl_psys_sum_uj=0
pid=0 energy=34491796669705460 alive=1 kernel=1 cpu_ns=6891590225000000 mem=979214336 instructions=6769108941092 wakeups=20323506 diski=8777728 disko=542109696 rx=72369732 tx=30639525 comm=*system*
psu_energy_ac_mcp_machine=61604292725
-------
timestamp=3408516111196695
iterations=7054
sample_ns=100000000
window_ns=1000000000
rapl_core_sum_uj=22368198932
rapl_psys_sum_uj=0
pid=0 energy=34491800881071485 alive=1 kernel=1 cpu_ns=6891590338000000 mem=979222528 instructions=6769838214297 wakeups=20323718 diski=8777728 disko=542109696 rx=72369732 tx=30639525 comm=*system*
psu_energy_ac_mcp_machine=61617760010
-------
timestamp=3408516243665944
iterations=7055
sample_ns=100000000
window_ns=1000000000
rapl_core_sum_uj=22370963580
rapl_psys_sum_uj=0
pid=0 energy=34491805072696165 alive=1 kernel=1 cpu_ns=6891590455000000 mem=979234816 instructions=6770559539233 wakeups=20323935 diski=8777728 disko=542109696 rx=72369732 tx=30639525 comm=*system*
psu_energy_ac_mcp_machine=61626501221
-------
timestamp=3408516372598748
iterations=7056
sample_ns=100000000
window_ns=1000000000
rapl_core_sum_uj=22373758013
rapl_psys_sum_uj=0
pid=0 energy=34491809245128905 alive=1 kernel=1 cpu_ns=6891590571000000 mem=979415040 instructions=6771278025781 wakeups=20324149 diski=8777728 disko=542109696 rx=72369732 tx=30639525 comm=*system*
psu_energy_ac_mcp_machine=61636108032
-------
timestamp=3408516502192932
iterations=7058
sample_ns=100000000
window_ns=1000000000
rapl_core_sum_uj=22379298905
rapl_psys_sum_uj=0
pid=0 energy=34491817404273585 alive=1 kernel=1 cpu_ns=6891590792000000 mem=979226624 instructions=6772688854717 wakeups=20324363 diski=8777728 disko=542109696 rx=72369733 tx=30639526 comm=*system*
psu_energy_ac_mcp_machine=61645800049
-------
timestamp=3408516631504736
iterations=7059
sample_ns=100000000
window_ns=1000000000
rapl_core_sum_uj=22382074356
rapl_psys_sum_uj=0
pid=0 energy=34491821569021680 alive=1 kernel=1 cpu_ns=6891590907000000 mem=979238912 instructions=6773406804336 wakeups=20324583 diski=8777728 disko=542109696 rx=72369733 tx=30639526 comm=*system*
psu_energy_ac_mcp_machine=61658278931
-------
timestamp=3408516764694231
iterations=7060
sample_ns=100000000
window_ns=1000000000
rapl_core_sum_uj=22384883926
rapl_psys_sum_uj=0
pid=0 energy=34491825754406165 alive=1 kernel=1 cpu_ns=6891591023000000 mem=979226624 instructions=6774127881233 wakeups=20324803 diski=8777728 disko=542109696 rx=72369734 tx=30639527 comm=*system*
psu_energy_ac_mcp_machine=61666750610
-------
timestamp=3408516893830906
iterations=7061
sample_ns=100000000
window_ns=1000000000
rapl_core_sum_uj=22387689773
rapl_psys_sum_uj=0
pid=0 energy=34491829927355100 alive=1 kernel=1 cpu_ns=6891591140000000 mem=979243008 instructions=6774845471020 wakeups=20325015 diski=8777728 disko=542109696 rx=72369736 tx=30639527 comm=*system*
psu_energy_ac_mcp_machine=61676739380
-------
timestamp=3408517023156030
iterations=7063
sample_ns=100000000
window_ns=1000000000
rapl_core_sum_uj=22393345656
rapl_psys_sum_uj=0
pid=0 energy=34491838108974985 alive=1 kernel=1 cpu_ns=6891591362000000 mem=979238912 instructions=6776259794997 wakeups=20325237 diski=8777728 disko=542109696 rx=72369736 tx=30639527 comm=*system*
psu_energy_ac_mcp_machine=61689376831
-------
timestamp=3408517155680014
iterations=7064
sample_ns=100000000
window_ns=1000000000
rapl_core_sum_uj=22396143446
rapl_psys_sum_uj=0
pid=0 energy=34491842275036490 alive=1 kernel=1 cpu_ns=6891591476000000 mem=979218432 instructions=6776979007298 wakeups=20325450 diski=8777728 disko=542109696 rx=72369736 tx=30639527 comm=*system*
psu_energy_ac_mcp_machine=61698743408
-------
timestamp=3408517288540008
iterations=7065
sample_ns=100000000
window_ns=1000000000
rapl_core_sum_uj=22399011121
rapl_psys_sum_uj=0
pid=0 energy=34491846478597070 alive=1 kernel=1 cpu_ns=6891591594000000 mem=979226624 instructions=6777701719414 wakeups=20325662 diski=8777728 disko=542109696 rx=72369736 tx=30639527 comm=*system*
psu_energy_ac_mcp_machine=61708177246
-------
timestamp=3408517417248718
iterations=7066
sample_ns=100000000
window_ns=1000000000
rapl_core_sum_uj=22401937024
rapl_psys_sum_uj=0
pid=0 energy=34491855061500940 alive=1 kernel=1 cpu_ns=6891591712000000 mem=979230720 instructions=6779300300188 wakeups=20325881 diski=8777728 disko=542109696 rx=72369736 tx=30639527 comm=*system*
psu_energy_ac_mcp_machine=61717213989
-------
timestamp=3408517559714727
iterations=7068
sample_ns=100000000
window_ns=1000000000
rapl_core_sum_uj=22407386914
rapl_psys_sum_uj=0
pid=0 energy=34491868774734990 alive=1 kernel=1 cpu_ns=6891591934000000 mem=441892864 instructions=6781820946998 wakeups=20326149 diski=8777728 disko=542109696 rx=72369740 tx=30639531 comm=*system*
psu_energy_ac_mcp_machine=61731790405
-------
timestamp=3408517715620236
iterations=7069
sample_ns=100000000
window_ns=1000000000
rapl_core_sum_uj=22413933544
rapl_psys_sum_uj=0
pid=0 energy=34491883460121540 alive=1 kernel=1 cpu_ns=6891592552000000 mem=912474112 instructions=6784140024308 wakeups=20326393 diski=8777728 disko=542109696 rx=72369742 tx=30639532 comm=*system*
psu_energy_ac_mcp_machine=61753209717
-------
timestamp=3408517871244649
iterations=7071
sample_ns=100000000
window_ns=1000000000
rapl_core_sum_uj=22428148753
rapl_psys_sum_uj=0
pid=0 energy=34491931116177405 alive=1 kernel=1 cpu_ns=6891593798000000 mem=979300352 instructions=6792425235481 wakeups=20326620 diski=8777728 disko=542109696 rx=72369744 tx=30639532 comm=*system*
psu_energy_ac_mcp_machine=61777011719
-------
timestamp=3408518021325023
iterations=7072
sample_ns=100000000
window_ns=1000000000
rapl_core_sum_uj=22435203318
rapl_psys_sum_uj=0
pid=0 energy=34491951635953740 alive=1 kernel=1 cpu_ns=6891594422000000 mem=980037632 instructions=6795905190748 wakeups=20326839 diski=8777728 disko=542109696 rx=72369744 tx=30639532 comm=*system*
psu_energy_ac_mcp_machine=61800166016
-------
timestamp=3408518179240222
iterations=7074
sample_ns=100000000
window_ns=1000000000
rapl_core_sum_uj=22449819711
rapl_psys_sum_uj=0
pid=0 energy=34492008007492170 alive=1 kernel=1 cpu_ns=6891595670000000 mem=802390016 instructions=6805931498434 wakeups=20327100 diski=8777728 disko=542109696 rx=72369744 tx=30639532 comm=*system*
psu_energy_ac_mcp_machine=61818072754
-------
timestamp=3408518324288564
iterations=7075
sample_ns=100000000
window_ns=1000000000
rapl_core_sum_uj=22456652718
rapl_psys_sum_uj=0
pid=0 energy=34492033288893915 alive=1 kernel=1 cpu_ns=6891596294000000 mem=742014976 instructions=6810363778783 wakeups=20327318 diski=8777728 disko=542109696 rx=72369744 tx=30639532 comm=*system*
psu_energy_ac_mcp_machine=61840772827
-------
timestamp=3408518474869929
iterations=7077
sample_ns=100000000
window_ns=1000000000
rapl_core_sum_uj=22471625373
rapl_psys_sum_uj=0
pid=0 energy=34492087729182835 alive=1 kernel=1 cpu_ns=6891597542000000 mem=896770048 instructions=6820003836567 wakeups=20327586 diski=8777728 disko=542109696 rx=72369744 tx=30639532 comm=*system*
psu_energy_ac_mcp_machine=61864613770
-------
timestamp=3408518629887896
iterations=7078
sample_ns=100000000
window_ns=1000000000
rapl_core_sum_uj=22479505866
rapl_psys_sum_uj=0
pid=0 energy=34492122780393250 alive=1 kernel=1 cpu_ns=6891598172000000 mem=894967808 instructions=6826384078650 wakeups=20327789 diski=8777728 disko=542109696 rx=72369744 tx=30639532 comm=*system*
psu_energy_ac_mcp_machine=61888434570
-------
timestamp=3408518779147430
iterations=7079
sample_ns=100000000
window_ns=1000000000
rapl_core_sum_uj=22486141913
rapl_psys_sum_uj=0
pid=0 energy=34492139866813820 alive=1 kernel=1 cpu_ns=6891598790000000 mem=979222528 instructions=6829183362764 wakeups=20328016 diski=8777728 disko=542109696 rx=72369744 tx=30639532 comm=*system*
psu_energy_ac_mcp_machine=61901810059
-------
timestamp=3408518927988411
iterations=7081
sample_ns=100000000
window_ns=1000000000
rapl_core_sum_uj=22498494451
rapl_psys_sum_uj=0
pid=0 energy=34492178448201075 alive=1 kernel=1 cpu_ns=6891600038000000 mem=904966144 instructions=6835651640215 wakeups=20328258 diski=8777728 disko=542109696 rx=72369744 tx=30639532 comm=*system*
psu_energy_ac_mcp_machine=61924799072
-------
timestamp=3408519077278112
iterations=7082
sample_ns=100000000
window_ns=1000000000
rapl_core_sum_uj=22505911626
rapl_psys_sum_uj=0
pid=0 energy=34492214508034440 alive=1 kernel=1 cpu_ns=6891600661000000 mem=922312704 instructions=6842240606888 wakeups=20328484 diski=8777728 disko=542109696 rx=72369744 tx=30639532 comm=*system*
psu_energy_ac_mcp_machine=61948649414
-------
timestamp=3408519228894853
iterations=7084
sample_ns=100000000
window_ns=1000000000
rapl_core_sum_uj=22520986393
rapl_psys_sum_uj=0
pid=0 energy=34492287411921580 alive=1 kernel=1 cpu_ns=6891601908000000 mem=821411840 instructions=6855574384316 wakeups=20328729 diski=8777728 disko=542109696 rx=72369744 tx=30639532 comm=*system*
psu_energy_ac_mcp_machine=61972588501
-------
timestamp=3408519377918988
iterations=7085
sample_ns=100000000
window_ns=1000000000
rapl_core_sum_uj=22528496952
rapl_psys_sum_uj=0
pid=0 energy=34492316249302140 alive=1 kernel=1 cpu_ns=6891602532000000 mem=679260160 instructions=6860717860428 wakeups=20328966 diski=8777728 disko=542109696 rx=72369744 tx=30639532 comm=*system*
psu_energy_ac_mcp_machine=61996191284
-------
timestamp=3408519532046757
iterations=7087
sample_ns=100000000
window_ns=1000000000
rapl_core_sum_uj=22543191958
rapl_psys_sum_uj=0
pid=0 energy=34492370410729705 alive=1 kernel=1 cpu_ns=6891603780000000 mem=897781760 instructions=6870302145941 wakeups=20329213 diski=8777728 disko=542138368 rx=72369746 tx=30639532 comm=*system*
psu_energy_ac_mcp_machine=62013483032
-------
timestamp=3408519684157746
iterations=7088
sample_ns=100000000
window_ns=1000000000
rapl_core_sum_uj=22548986147
rapl_psys_sum_uj=0
pid=0 energy=34492385476221555 alive=1 kernel=1 cpu_ns=6891604404000000 mem=1046691840 instructions=6872691244311 wakeups=20329400 diski=8777728 disko=542138368 rx=72369746 tx=30639532 comm=*system*
psu_energy_ac_mcp_machine=62033384033
-------
timestamp=3408519833979578
iterations=7090
sample_ns=100000000
window_ns=1000000000
rapl_core_sum_uj=22559993836
rapl_psys_sum_uj=0
pid=0 energy=34492415799991490 alive=1 kernel=1 cpu_ns=6891605652000000 mem=1047592960 instructions=6877507998298 wakeups=20329633 diski=8777728 disko=542138368 rx=72369746 tx=30639532 comm=*system*
psu_energy_ac_mcp_machine=62052958984
-------
timestamp=3408519987918923
iterations=7091
sample_ns=100000000
window_ns=1000000000
rapl_core_sum_uj=22566213684
rapl_psys_sum_uj=0
pid=0 energy=34492435329854830 alive=1 kernel=1 cpu_ns=6891606273000000 mem=771710976 instructions=6880792970966 wakeups=20329853 diski=8777728 disko=542138368 rx=72369746 tx=30639532 comm=*system*
psu_energy_ac_mcp_machine=62075227661
-------
timestamp=3408520138873775
iterations=7093
sample_ns=100000000
window_ns=1000000000
rapl_core_sum_uj=22580924132
rapl_psys_sum_uj=0
pid=0 energy=34492502997996930 alive=1 kernel=1 cpu_ns=6891607527000000 mem=980770816 instructions=6893072599386 wakeups=20330115 diski=8777728 disko=542138368 rx=72369746 tx=30639532 comm=*system*
psu_energy_ac_mcp_machine=62098656982
-------
timestamp=3408520300206590
iterations=7094
sample_ns=100000000
window_ns=1000000000
rapl_core_sum_uj=22588010191
rapl_psys_sum_uj=0
pid=0 energy=34492533748360850 alive=1 kernel=1 cpu_ns=6891608151000000 mem=832536576 instructions=6898598672170 wakeups=20330336 diski=8777728 disko=542138368 rx=72369746 tx=30639532 comm=*system*
psu_energy_ac_mcp_machine=62120633911
-------
timestamp=3408520469593634
iterations=7096
sample_ns=100000000
window_ns=1000000000
rapl_core_sum_uj=22600486142
rapl_psys_sum_uj=0
pid=0 energy=34492575642023965 alive=1 kernel=1 cpu_ns=6891609489000000 mem=980770816 instructions=6905639404793 wakeups=20330579 diski=8777728 disko=542138368 rx=72369746 tx=30639532 comm=*system*
psu_energy_ac_mcp_machine=62140830566
-------
timestamp=3408520638068277
iterations=7097
sample_ns=100000000
window_ns=1000000000
rapl_core_sum_uj=22606632199
rapl_psys_sum_uj=0
pid=0 energy=34492596298734020 alive=1 kernel=1 cpu_ns=6891610161000000 mem=980320256 instructions=6909098746804 wakeups=20330777 diski=8777728 disko=542138368 rx=72369746 tx=30639532 comm=*system*
psu_energy_ac_mcp_machine=62160931396
-------
timestamp=3408520801449806
iterations=7099
sample_ns=100000000
window_ns=1000000000
rapl_core_sum_uj=22618885067
rapl_psys_sum_uj=0
pid=0 energy=34492636615814970 alive=1 kernel=1 cpu_ns=6891611504000000 mem=981446656 instructions=6915819162994 wakeups=20331050 diski=8777728 disko=542138368 rx=72369746 tx=30639532 comm=*system*
psu_energy_ac_mcp_machine=62181091187
-------
timestamp=3408520960833441
iterations=7100
sample_ns=100000000
window_ns=1000000000
rapl_core_sum_uj=22624982112
rapl_psys_sum_uj=0
pid=0 energy=34492656475855125 alive=1 kernel=1 cpu_ns=6891612174000000 mem=980045824 instructions=6919121171025 wakeups=20331238 diski=8777728 disko=542138368 rx=72369746 tx=30639532 comm=*system*
psu_energy_ac_mcp_machine=62201206787
-------
timestamp=3408521128773415
iterations=7101
sample_ns=100000000
window_ns=1000000000
rapl_core_sum_uj=22631016841
rapl_psys_sum_uj=0
pid=0 energy=34492674455855425 alive=1 kernel=1 cpu_ns=6891612845000000 mem=980271104 instructions=6922046171085 wakeups=20331459 diski=8777728 disko=542138368 rx=72369746 tx=30639532 comm=*system*
psu_energy_ac_mcp_machine=62221090576
-------
timestamp=3408521290811014
iterations=7103
sample_ns=100000000
window_ns=1000000000
rapl_core_sum_uj=22643250605
rapl_psys_sum_uj=0
pid=0 energy=34492715227655175 alive=1 kernel=1 cpu_ns=6891614189000000 mem=980496384 instructions=6928856531035 wakeups=20331684 diski=8777728 disko=542138368 rx=72369746 tx=30639532 comm=*system*
psu_energy_ac_mcp_machine=62241210205
-------
timestamp=3408521457495382
iterations=7104
sample_ns=100000000
window_ns=1000000000
rapl_core_sum_uj=22649264582
rapl_psys_sum_uj=0
pid=0 energy=34492733012748505 alive=1 kernel=1 cpu_ns=6891614860000000 mem=980271104 instructions=6931742549701 wakeups=20331910 diski=8777728 disko=542138368 rx=72369748 tx=30639532 comm=*system*
psu_energy_ac_mcp_machine=62266560059
-------
timestamp=3408521621787511
iterations=7106
sample_ns=100000000
window_ns=1000000000
rapl_core_sum_uj=22661411676
rapl_psys_sum_uj=0
pid=0 energy=34492772887965490 alive=1 kernel=1 cpu_ns=6891616204000000 mem=980271104 instructions=6938373593098 wakeups=20332152 diski=8777728 disko=542138368 rx=72369748 tx=30639532 comm=*system*
psu_energy_ac_mcp_machine=62286494751
-------
timestamp=3408521791663596
iterations=7107
sample_ns=100000000
window_ns=1000000000
rapl_core_sum_uj=22667398492
rapl_psys_sum_uj=0
pid=0 energy=34492790716575105 alive=1 kernel=1 cpu_ns=6891616875000000 mem=980271104 instructions=6941268315021 wakeups=20332373 diski=8777728 disko=542138368 rx=72369748 tx=30639532 comm=*system*
psu_energy_ac_mcp_machine=62306522217
-------
timestamp=3408521955786497
iterations=7109
sample_ns=100000000
window_ns=1000000000
rapl_core_sum_uj=22679588554
rapl_psys_sum_uj=0
pid=0 energy=34492830416519305 alive=1 kernel=1 cpu_ns=6891618224000000 mem=979988480 instructions=6947859303861 wakeups=20332609 diski=8777728 disko=542138368 rx=72369748 tx=30639532 comm=*system*
psu_energy_ac_mcp_machine=62326470459
-------
timestamp=3408522114184813
iterations=7110
sample_ns=100000000
window_ns=1000000000
rapl_core_sum_uj=22686045096
rapl_psys_sum_uj=0
pid=0 energy=34492850954900055 alive=1 kernel=1 cpu_ns=6891618938000000 mem=979988480 instructions=6951252980011 wakeups=20332838 diski=8777728 disko=542138368 rx=72369748 tx=30639532 comm=*system*
psu_energy_ac_mcp_machine=62346403564
-------
timestamp=3408522262031721
iterations=7112
sample_ns=100000000
window_ns=1000000000
rapl_core_sum_uj=22699571645
rapl_psys_sum_uj=0
pid=0 energy=34492894803203715 alive=1 kernel=1 cpu_ns=6891620233000000 mem=675725312 instructions=6958727640743 wakeups=20333078 diski=8777728 disko=542138368 rx=72369748 tx=30639532 comm=*system*
psu_energy_ac_mcp_machine=62368350708
-------
timestamp=3408522414033010
iterations=7113
sample_ns=100000000
window_ns=1000000000
rapl_core_sum_uj=22706766530
rapl_psys_sum_uj=0
pid=0 energy=34492916868406745 alive=1 kernel=1 cpu_ns=6891620856000000 mem=886960128 instructions=6962517681349 wakeups=20333286 diski=8777728 disko=542138368 rx=72369748 tx=30639532 comm=*system*
psu_energy_ac_mcp_machine=62384900269
-------
timestamp=3408522559734640
iterations=7114
sample_ns=100000000
window_ns=1000000000
rapl_core_sum_uj=22714168690
rapl_psys_sum_uj=0
pid=0 energy=34492951955285630 alive=1 kernel=1 cpu_ns=6891621480000000 mem=979759104 instructions=6968911057126 wakeups=20333502 diski=8777728 disko=542138368 rx=72369748 tx=30639532 comm=*system*
psu_energy_ac_mcp_machine=62408205811
-------
timestamp=3408522705771407
iterations=7116
sample_ns=100000000
window_ns=1000000000
rapl_core_sum_uj=22729446887
rapl_psys_sum_uj=0
pid=0 energy=34492998745335550 alive=1 kernel=1 cpu_ns=6891622727000000 mem=979759104 instructions=6977022067110 wakeups=20333730 diski=8777728 disko=542138368 rx=72369748 tx=30639532 comm=*system*
psu_energy_ac_mcp_machine=62431449829
-------
timestamp=3408522860700871
iterations=7117
sample_ns=100000000
window_ns=1000000000
rapl_core_sum_uj=22736193346
rapl_psys_sum_uj=0
pid=0 energy=34493025130230350 alive=1 kernel=1 cpu_ns=6891623351000000 mem=739033088 instructions=6981675046070 wakeups=20333964 diski=8777728 disko=542138368 rx=72369748 tx=30639532 comm=*system*
psu_energy_ac_mcp_machine=62451726563
-------
timestamp=3408523035986892
iterations=7119
sample_ns=100000000
window_ns=1000000000
rapl_core_sum_uj=22747816453
rapl_psys_sum_uj=0
pid=0 energy=34493040894696755 alive=1 kernel=1 cpu_ns=6891624646000000 mem=953131008 instructions=6983532939351 wakeups=20334210 diski=8777728 disko=542138368 rx=72369748 tx=30639532 comm=*system*
psu_energy_ac_mcp_machine=62470846558
-------
timestamp=3408523197461925
iterations=7120
sample_ns=100000000
window_ns=1000000000
rapl_core_sum_uj=22753506028
rapl_psys_sum_uj=0
pid=0 energy=34493045934018035 alive=1 kernel=1 cpu_ns=6891625317000000 mem=931504128 instructions=6983869803607 wakeups=20334434 diski=8777728 disko=542138368 rx=72369748 tx=30639532 comm=*system*
psu_energy_ac_mcp_machine=62489917114
-------
timestamp=3408523374799284
iterations=7122
sample_ns=100000000
window_ns=1000000000
rapl_core_sum_uj=22764874313
rapl_psys_sum_uj=0
pid=0 energy=34493057888541000 alive=1 kernel=1 cpu_ns=6891626660000000 mem=928030720 instructions=6984917708200 wakeups=20334672 diski=8777728 disko=542138368 rx=72369748 tx=30639532 comm=*system*
psu_energy_ac_mcp_machine=62513264282
-------
timestamp=3408523542893830
iterations=7123
sample_ns=100000000
window_ns=1000000000
rapl_core_sum_uj=22770519637
rapl_psys_sum_uj=0
pid=0 energy=34493062910441910 alive=1 kernel=1 cpu_ns=6891627379000000 mem=959516672 instructions=6985203088382 wakeups=20334901 diski=8777728 disko=542138368 rx=72369750 tx=30639532 comm=*system*
psu_energy_ac_mcp_machine=62531707153
-------
timestamp=3408523716383113
iterations=7125
sample_ns=100000000
window_ns=1000000000
rapl_core_sum_uj=22781881086
rapl_psys_sum_uj=0
pid=0 energy=34493074679364145 alive=1 kernel=1 cpu_ns=6891628722000000 mem=951783424 instructions=6986213872829 wakeups=20335161 diski=8777728 disko=542138368 rx=72369750 tx=30639532 comm=*system*
psu_energy_ac_mcp_machine=62551091675
-------
timestamp=3408523895921384
iterations=7126
sample_ns=100000000
window_ns=1000000000
rapl_core_sum_uj=22787645246
rapl_psys_sum_uj=0
pid=0 energy=34493079813913520 alive=1 kernel=1 cpu_ns=6891629393000000 mem=979521536 instructions=6986569782704 wakeups=20335375 diski=8777728 disko=542138368 rx=72369750 tx=30639532 comm=*system*
psu_energy_ac_mcp_machine=62574828613
-------
timestamp=3408524079355993
iterations=7128
sample_ns=100000000
window_ns=1000000000
rapl_core_sum_uj=22798975201
rapl_psys_sum_uj=0
pid=0 energy=34493091432992625 alive=1 kernel=1 cpu_ns=6891630736000000 mem=917344256 instructions=6987550598525 wakeups=20335625 diski=8777728 disko=542138368 rx=72369750 tx=30639532 comm=*system*
psu_energy_ac_mcp_machine=62593886597
-------
timestamp=3408524239245833
iterations=7130
sample_ns=100000000
window_ns=1000000000
rapl_core_sum_uj=22810418132
rapl_psys_sum_uj=0
pid=0 energy=34493111093410090 alive=1 kernel=1 cpu_ns=6891632080000000 mem=980873216 instructions=6990138682018 wakeups=20335884 diski=8777728 disko=542138368 rx=72369750 tx=30639532 comm=*system*
psu_energy_ac_mcp_machine=62613101318
-------
timestamp=3408524385976160
iterations=7131
sample_ns=100000000
window_ns=1000000000
rapl_core_sum_uj=22817642985
rapl_psys_sum_uj=0
pid=0 energy=34493142696929080 alive=1 kernel=1 cpu_ns=6891632752000000 mem=914190336 instructions=6995787385816 wakeups=20336089 diski=8777728 disko=542138368 rx=72369750 tx=30639532 comm=*system*
psu_energy_ac_mcp_machine=62634768677
-------
timestamp=3408524535821459
iterations=7132
sample_ns=100000000
window_ns=1000000000
rapl_core_sum_uj=22824829874
rapl_psys_sum_uj=0
pid=0 energy=34493176157078780 alive=1 kernel=1 cpu_ns=6891633376000000 mem=898420736 instructions=7001855415756 wakeups=20336321 diski=8777728 disko=542158848 rx=72369750 tx=30639532 comm=*system*
psu_energy_ac_mcp_machine=62656462891
-------
timestamp=3408524685870971
iterations=7134
sample_ns=100000000
window_ns=1000000000
rapl_core_sum_uj=22838138345
rapl_psys_sum_uj=0
pid=0 energy=34493233972569900 alive=1 kernel=1 cpu_ns=6891634624000000 mem=874078208 instructions=7012170513980 wakeups=20336572 diski=8777728 disko=542158848 rx=72369750 tx=30639532 comm=*system*
psu_energy_ac_mcp_machine=62672018799
-------
timestamp=3408524835108506
iterations=7135
sample_ns=100000000
window_ns=1000000000
rapl_core_sum_uj=22844931802
rapl_psys_sum_uj=0
pid=0 energy=34493261228159755 alive=1 kernel=1 cpu_ns=6891635248000000 mem=733429760 instructions=7016997631951 wakeups=20336801 diski=8777728 disko=542158848 rx=72369750 tx=30639532 comm=*system*
psu_energy_ac_mcp_machine=62693953735
-------
timestamp=3408524998104666
iterations=7137
sample_ns=100000000
window_ns=1000000000
rapl_core_sum_uj=22858526283
rapl_psys_sum_uj=0
pid=0 energy=34493302890276865 alive=1 kernel=1 cpu_ns=6891636502000000 mem=850997248 instructions=7024076055373 wakeups=20337060 diski=8777728 disko=542158848 rx=72369750 tx=30639532 comm=*system*
psu_energy_ac_mcp_machine=62715827148
-------
timestamp=3408525159315336
iterations=7138
sample_ns=100000000
window_ns=1000000000
rapl_core_sum_uj=22865384437
rapl_psys_sum_uj=0
pid=0 energy=34493317295477670 alive=1 kernel=1 cpu_ns=6891637168000000 mem=825794560 instructions=7026291095534 wakeups=20337272 diski=8777728 disko=542158848 rx=72369750 tx=30639532 comm=*system*
psu_energy_ac_mcp_machine=62737145020
-------
timestamp=3408525306988752
iterations=7140
sample_ns=100000000
window_ns=1000000000
rapl_core_sum_uj=22879345434
rapl_psys_sum_uj=0
pid=0 energy=34493346053612760 alive=1 kernel=1 cpu_ns=6891638463000000 mem=758964224 instructions=7030747722552 wakeups=20337545 diski=8777728 disko=542158848 rx=72369750 tx=30639532 comm=*system*
psu_energy_ac_mcp_machine=62759861938
-------
timestamp=3408525462408324
iterations=7141
sample_ns=100000000
window_ns=1000000000
rapl_core_sum_uj=22886295141
rapl_psys_sum_uj=0
pid=0 energy=34493364353367960 alive=1 kernel=1 cpu_ns=6891639087000000 mem=838537216 instructions=7033783673592 wakeups=20337764 diski=8777728 disko=542158848 rx=72369752 tx=30639532 comm=*system*
psu_energy_ac_mcp_machine=62782638428
-------
timestamp=3408525617991310
iterations=7143
sample_ns=100000000
window_ns=1000000000
rapl_core_sum_uj=22901031957
rapl_psys_sum_uj=0
pid=0 energy=34493413082452105 alive=1 kernel=1 cpu_ns=6891640335000000 mem=939057152 instructions=7042281490421 wakeups=20338023 diski=8777728 disko=542158848 rx=72369752 tx=30639532 comm=*system*
psu_energy_ac_mcp_machine=62807138916
-------
timestamp=3408525774150714
iterations=7144
sample_ns=100000000
window_ns=1000000000
rapl_core_sum_uj=22908361790
rapl_psys_sum_uj=0
pid=0 energy=34493435495724045 alive=1 kernel=1 cpu_ns=6891640959000000 mem=979832832 instructions=7046140144809 wakeups=20338244 diski=8777728 disko=542158848 rx=72369752 tx=30639532 comm=*system*
psu_energy_ac_mcp_machine=62824815186
-------
timestamp=3408525921939235
iterations=7146
sample_ns=100000000
window_ns=1000000000
rapl_core_sum_uj=22923323581
rapl_psys_sum_uj=0
pid=0 energy=34493492000523275 alive=1 kernel=1 cpu_ns=6891642207000000 mem=969347072 instructions=7056193104655 wakeups=20338511 diski=8777728 disko=542158848 rx=72369752 tx=30639532 comm=*system*
psu_energy_ac_mcp_machine=62848783813
-------
timestamp=3408526072144514
iterations=7147
sample_ns=100000000
window_ns=1000000000
rapl_core_sum_uj=22930723483
rapl_psys_sum_uj=0
pid=0 energy=34493519432212085 alive=1 kernel=1 cpu_ns=6891642831000000 mem=781012992 instructions=7061055442417 wakeups=20338715 diski=8777728 disko=542158848 rx=72369752 tx=30639532 comm=*system*
psu_energy_ac_mcp_machine=62872481079
-------
timestamp=3408526218808268
iterations=7148
sample_ns=100000000
window_ns=1000000000
rapl_core_sum_uj=22938396883
rapl_psys_sum_uj=0
pid=0 energy=34493545160811445 alive=1 kernel=1 cpu_ns=6891643455000000 mem=748228608 instructions=7065577162289 wakeups=20338943 diski=8777728 disko=542158848 rx=72369752 tx=30639532 comm=*system*
psu_energy_ac_mcp_machine=62896306396
-------
timestamp=3408526370914879
iterations=7150
sample_ns=100000000
window_ns=1000000000
rapl_core_sum_uj=22953934175
rapl_psys_sum_uj=0
pid=0 energy=34493607508178800 alive=1 kernel=1 cpu_ns=6891644756000000 mem=756801536 instructions=7076745635760 wakeups=20339174 diski=8777728 disko=542158848 rx=72369752 tx=30639532 comm=*system*
psu_energy_ac_mcp_machine=62913655029
-------
timestamp=3408526523959288
iterations=7151
sample_ns=100000000
window_ns=1000000000
rapl_core_sum_uj=22959791291
rapl_psys_sum_uj=0
pid=0 energy=34493620660891700 alive=1 kernel=1 cpu_ns=6891645373000000 mem=861106176 instructions=7078759178340 wakeups=20339406 diski=8777728 disko=542158848 rx=72369752 tx=30639532 comm=*system*
psu_energy_ac_mcp_machine=62933590576
-------
timestamp=3408526672018899
iterations=7153
sample_ns=100000000
window_ns=1000000000
rapl_core_sum_uj=22974206695
rapl_psys_sum_uj=0
pid=0 energy=34493681018251355 alive=1 kernel=1 cpu_ns=6891646669000000 mem=768065536 instructions=7089534650271 wakeups=20339676 diski=8777728 disko=542158848 rx=72369753 tx=30639533 comm=*system*
psu_energy_ac_mcp_machine=62957270264
-------
timestamp=3408526820142805
iterations=7154
sample_ns=100000000
window_ns=1000000000
rapl_core_sum_uj=22981834136
rapl_psys_sum_uj=0
pid=0 energy=34493719199668090 alive=1 kernel=1 cpu_ns=6891647293000000 mem=896925696 instructions=7096546933618 wakeups=20339888 diski=8777728 disko=542158848 rx=72369753 tx=30639533 comm=*system*
psu_energy_ac_mcp_machine=62981151855
-------
timestamp=3408526973055123
iterations=7156
sample_ns=100000000
window_ns=1000000000
rapl_core_sum_uj=22997025542
rapl_psys_sum_uj=0
pid=0 energy=34493784344488765 alive=1 kernel=1 cpu_ns=6891648541000000 mem=800055296 instructions=7108327897753 wakeups=20340168 diski=8777728 disko=542158848 rx=72369753 tx=30639533 comm=*system*
psu_energy_ac_mcp_machine=62999277222
-------
timestamp=3408527120875160
iterations=7157
sample_ns=100000000
window_ns=1000000000
rapl_core_sum_uj=23004437407
rapl_psys_sum_uj=0
pid=0 energy=34493808020684095 alive=1 kernel=1 cpu_ns=6891649165000000 mem=936611840 instructions=7112439136819 wakeups=20340359 diski=8777728 disko=542158848 rx=72369753 tx=30639533 comm=*system*
psu_energy_ac_mcp_machine=63022848511
-------
timestamp=3408527270011266
iterations=7158
sample_ns=100000000
window_ns=1000000000
rapl_core_sum_uj=23011771635
rapl_psys_sum_uj=0
pid=0 energy=34493835749911500 alive=1 kernel=1 cpu_ns=6891649789000000 mem=770830336 instructions=7117360982300 wakeups=20340590 diski=8777728 disko=542158848 rx=72369753 tx=30639533 comm=*system*
psu_energy_ac_mcp_machine=63045246460
-------
timestamp=3408527423940492
iterations=7160
sample_ns=100000000
window_ns=1000000000
rapl_core_sum_uj=23023738065
rapl_psys_sum_uj=0
pid=0 energy=34493869074535240 alive=1 kernel=1 cpu_ns=6891651037000000 mem=1047023616 instructions=7122777907048 wakeups=20340833 diski=8777728 disko=542158848 rx=72369755 tx=30639533 comm=*system*
psu_energy_ac_mcp_machine=63065193359
-------
timestamp=3408527572945426
iterations=7161
sample_ns=100000000
window_ns=1000000000
rapl_core_sum_uj=23029705838
rapl_psys_sum_uj=0
pid=0 energy=34493886541123485 alive=1 kernel=1 cpu_ns=6891651660000000 mem=1046798336 instructions=7125648224697 wakeups=20341043 diski=8777728 disko=542158848 rx=72369755 tx=30639533 comm=*system*
psu_energy_ac_mcp_machine=63086136230
-------
timestamp=3408527723938744
iterations=7163
sample_ns=100000000
window_ns=1000000000
rapl_core_sum_uj=23043008022
rapl_psys_sum_uj=0
pid=0 energy=34493937126473150 alive=1 kernel=1 cpu_ns=6891652908000000 mem=959856640 instructions=7134517294630 wakeups=20341297 diski=8777728 disko=542158848 rx=72369755 tx=30639533 comm=*system*
psu_energy_ac_mcp_machine=63103159058
-------
timestamp=3408527874516993
iterations=7164
sample_ns=100000000
window_ns=1000000000
rapl_core_sum_uj=23050355495
rapl_psys_sum_uj=0
pid=0 energy=34493970396727990 alive=1 kernel=1 cpu_ns=6891653529000000 mem=983736320 instructions=7140550345598 wakeups=20341510 diski=8777728 disko=542158848 rx=72369755 tx=30639533 comm=*system*
psu_energy_ac_mcp_machine=63126373169
-------
timestamp=3408528030394676
iterations=7166
sample_ns=100000000
window_ns=1000000000
rapl_core_sum_uj=23063497706
rapl_psys_sum_uj=0
pid=0 energy=34494025046640090 alive=1 kernel=1 cpu_ns=6891654775000000 mem=1047392256 instructions=7150234328018 wakeups=20341760 diski=8777728 disko=542158848 rx=72369755 tx=30639533 comm=*system*
psu_energy_ac_mcp_machine=63148029053
-------
timestamp=3408528187753995
iterations=7167
sample_ns=100000000
window_ns=1000000000
rapl_core_sum_uj=23069877955
rapl_psys_sum_uj=0
pid=0 energy=34494046755345215 alive=1 kernel=1 cpu_ns=6891655447000000 mem=1046941696 instructions=7153904069043 wakeups=20341971 diski=8777728 disko=542158848 rx=72369755 tx=30639533 comm=*system*
psu_energy_ac_mcp_machine=63168471924
-------
timestamp=3408528351526225
iterations=7169
sample_ns=100000000
window_ns=1000000000
rapl_core_sum_uj=23082243310
rapl_psys_sum_uj=0
pid=0 energy=34494088134042685 alive=1 kernel=1 cpu_ns=6891656790000000 mem=1048293376 instructions=7160836808537 wakeups=20342239 diski=8777728 disko=542158848 rx=72369755 tx=30639533 comm=*system*
psu_energy_ac_mcp_machine=63188640747
-------
timestamp=3408528514973561
iterations=7170
sample_ns=100000000
window_ns=1000000000
rapl_core_sum_uj=23088361413
rapl_psys_sum_uj=0
pid=0 energy=34494107997436870 alive=1 kernel=1 cpu_ns=6891657462000000 mem=1047166976 instructions=7164137487374 wakeups=20342427 diski=8777728 disko=542158848 rx=72369755 tx=30639533 comm=*system*
psu_energy_ac_mcp_machine=63208809692
-------
timestamp=3408528678549270
iterations=7171
sample_ns=100000000
window_ns=1000000000
rapl_core_sum_uj=23094444603
rapl_psys_sum_uj=0
pid=0 energy=34494126426525360 alive=1 kernel=1 cpu_ns=6891658133000000 mem=1047166976 instructions=7167152305072 wakeups=20342654 diski=8777728 disko=542158848 rx=72369755 tx=30639533 comm=*system*
psu_energy_ac_mcp_machine=63228871460
-------
timestamp=3408528841878644
iterations=7173
sample_ns=100000000
window_ns=1000000000
rapl_core_sum_uj=23106703941
rapl_psys_sum_uj=0
pid=0 energy=34494166450867850 alive=1 kernel=1 cpu_ns=6891659477000000 mem=1047617536 instructions=7173813173570 wakeups=20342895 diski=8777728 disko=542158848 rx=72369755 tx=30639533 comm=*system*
psu_energy_ac_mcp_machine=63248674438
-------
timestamp=3408529013705624
iterations=7174
sample_ns=100000000
window_ns=1000000000
rapl_core_sum_uj=23112717185
rapl_psys_sum_uj=0
pid=0 energy=34494183986704025 alive=1 kernel=1 cpu_ns=6891660147000000 mem=1047232512 instructions=7176650340805 wakeups=20343126 diski=8777728 disko=542158848 rx=72369755 tx=30639533 comm=*system*
psu_energy_ac_mcp_machine=63274023926
-------
timestamp=3408529182807501
iterations=7176
sample_ns=100000000
window_ns=1000000000
rapl_core_sum_uj=23124542380
rapl_psys_sum_uj=0
pid=0 energy=34494222940319105 alive=1 kernel=1 cpu_ns=6891661443000000 mem=1047457792 instructions=7183145063821 wakeups=20343353 diski=8777728 disko=542158848 rx=72369755 tx=30639533 comm=*system*
psu_energy_ac_mcp_machine=63293974121
-------
timestamp=3408529349509829
iterations=7178
sample_ns=100000000
window_ns=1000000000
rapl_core_sum_uj=23136755514
rapl_psys_sum_uj=0
pid=0 energy=34494261650946505 alive=1 kernel=1 cpu_ns=6891662787000000 mem=1048584192 instructions=7189543189301 wakeups=20343609 diski=8777728 disko=542158848 rx=72369757 tx=30639533 comm=*system*
psu_energy_ac_mcp_machine=63313994751
-------
timestamp=3408529508375868
iterations=7179
sample_ns=100000000
window_ns=1000000000
rapl_core_sum_uj=23142904012
rapl_psys_sum_uj=0
pid=0 energy=34494281295494470 alive=1 kernel=1 cpu_ns=6891663459000000 mem=966651904 instructions=7192800098894 wakeups=20343797 diski=8777728 disko=542158848 rx=72369757 tx=30639533 comm=*system*
psu_energy_ac_mcp_machine=63334376099
-------
timestamp=3408529666722712
iterations=7180
sample_ns=100000000
window_ns=1000000000
rapl_core_sum_uj=23149341695
rapl_psys_sum_uj=0
pid=0 energy=34494303317814310 alive=1 kernel=1 cpu_ns=6891664130000000 mem=995631104 instructions=7196533562862 wakeups=20344022 diski=8777728 disko=542179328 rx=72369757 tx=30639533 comm=*system*
psu_energy_ac_mcp_machine=63355598755
-------
timestamp=3408529818067753
iterations=7182
sample_ns=100000000
window_ns=1000000000
rapl_core_sum_uj=23163639179
rapl_psys_sum_uj=0
pid=0 energy=34494357102890885 alive=1 kernel=1 cpu_ns=6891665474000000 mem=806649856 instructions=7205946578177 wakeups=20344272 diski=8777728 disko=542179328 rx=72369757 tx=30639533 comm=*system*
psu_energy_ac_mcp_machine=63378344849
-------
timestamp=3408529962733078
iterations=7183
sample_ns=100000000
window_ns=1000000000
rapl_core_sum_uj=23171072528
rapl_psys_sum_uj=0
pid=0 energy=34494382151522400 alive=1 kernel=1 cpu_ns=6891666098000000 mem=866168832 instructions=7210332304480 wakeups=20344498 diski=8777728 disko=542179328 rx=72369757 tx=30639533 comm=*system*
psu_energy_ac_mcp_machine=63395328491
-------
timestamp=3408530108930549
iterations=7184
sample_ns=100000000
window_ns=1000000000
rapl_core_sum_uj=23178522601
rapl_psys_sum_uj=0
pid=0 energy=34494404900349185 alive=1 kernel=1 cpu_ns=6891666721000000 mem=1002012672 instructions=7214259069837 wakeups=20344707 diski=8777728 disko=542179328 rx=72369757 tx=30639533 comm=*system*
psu_energy_ac_mcp_machine=63418100586
-------
timestamp=3408530258908165
iterations=7186
sample_ns=100000000
window_ns=1000000000
rapl_core_sum_uj=23193273393
rapl_psys_sum_uj=0
pid=0 energy=34494458423398080 alive=1 kernel=1 cpu_ns=6891667968000000 mem=892252160 instructions=7223716679616 wakeups=20344942 diski=8777728 disko=542183424 rx=72369757 tx=30639533 comm=*system*
psu_energy_ac_mcp_machine=63441503540
-------
timestamp=3408530410339072
iterations=7187
sample_ns=100000000
window_ns=1000000000
rapl_core_sum_uj=23200536820
rapl_psys_sum_uj=0
pid=0 energy=34494478700642640 alive=1 kernel=1 cpu_ns=6891668592000000 mem=918159360 instructions=7227148128528 wakeups=20345170 diski=8777728 disko=542183424 rx=72369757 tx=30639533 comm=*system*
psu_energy_ac_mcp_machine=63463319092
-------
timestamp=3408530577857811
iterations=7189
sample_ns=100000000
window_ns=1000000000
rapl_core_sum_uj=23213220596
rapl_psys_sum_uj=0
pid=0 energy=34494505133345030 alive=1 kernel=1 cpu_ns=6891669888000000 mem=943165440 instructions=7231138669006 wakeups=20345413 diski=8777728 disko=542183424 rx=72369757 tx=30639533 comm=*system*
psu_energy_ac_mcp_machine=63483299561
-------
timestamp=3408530742766742
iterations=7190
sample_ns=100000000
window_ns=1000000000
rapl_core_sum_uj=23218929336
rapl_psys_sum_uj=0
pid=0 energy=34494510487080375 alive=1 kernel=1 cpu_ns=6891670560000000 mem=1047019520 instructions=7231537416075 wakeups=20345648 diski=8777728 disko=542183424 rx=72369757 tx=30639533 comm=*system*
psu_energy_ac_mcp_machine=63502090942
-------
timestamp=3408530917773865
iterations=7192
sample_ns=100000000
window_ns=1000000000
rapl_core_sum_uj=23230964247
rapl_psys_sum_uj=0
pid=0 energy=34494528135749985 alive=1 kernel=1 cpu_ns=6891671903000000 mem=1016524800 instructions=7233724149997 wakeups=20345901 diski=8777728 disko=542183424 rx=72369757 tx=30639533 comm=*system*
psu_energy_ac_mcp_machine=63522345581
-------
timestamp=3408531080786364
iterations=7193
sample_ns=100000000
window_ns=1000000000
rapl_core_sum_uj=23236640638
rapl_psys_sum_uj=0
pid=0 energy=34494536380096485 alive=1 kernel=1 cpu_ns=6891672575000000 mem=1047388160 instructions=7234701019297 wakeups=20346122 diski=8777728 disko=542183424 rx=72369757 tx=30639533 comm=*system*
psu_energy_ac_mcp_machine=63541408936
-------
timestamp=3408531249874024
iterations=7195
sample_ns=100000000
window_ns=1000000000
rapl_core_sum_uj=23248502454
rapl_psys_sum_uj=0
pid=0 energy=34494555899299705 alive=1 kernel=1 cpu_ns=6891673919000000 mem=1029283840 instructions=7237260859941 wakeups=20346358 diski=8777728 disko=542183424 rx=72369757 tx=30639533 comm=*system*
psu_energy_ac_mcp_machine=63565935791
-------
timestamp=3408531414158001
iterations=7196
sample_ns=100000000
window_ns=1000000000
rapl_core_sum_uj=23254244031
rapl_psys_sum_uj=0
pid=0 energy=34494563992329635 alive=1 kernel=1 cpu_ns=6891674591000000 mem=973541376 instructions=7238207465927 wakeups=20346588 diski=8777728 disko=542183424 rx=72369757 tx=30639533 comm=*system*
psu_energy_ac_mcp_machine=63586340210
-------
timestamp=3408531585318165
iterations=7198
sample_ns=100000000
window_ns=1000000000
rapl_core_sum_uj=23266941052
rapl_psys_sum_uj=0
pid=0 energy=34494591121076915 alive=1 kernel=1 cpu_ns=6891675934000000 mem=1003278336 instructions=7242290215383 wakeups=20346826 diski=8777728 disko=542183424 rx=72369759 tx=30639533 comm=*system*
psu_energy_ac_mcp_machine=63605981445
-------
timestamp=3408531738851047
iterations=7199
sample_ns=100000000
window_ns=1000000000
rapl_core_sum_uj=23273316113
rapl_psys_sum_uj=0
pid=0 energy=34494603398747955 alive=1 kernel=1 cpu_ns=6891676605000000 mem=840400896 instructions=7244074749591 wakeups=20347057 diski=8777728 disko=542183424 rx=72369759 tx=30639533 comm=*system*
psu_energy_ac_mcp_machine=63627925415
-------
timestamp=3408531888853826
iterations=7201
sample_ns=100000000
window_ns=1000000000
rapl_core_sum_uj=23287499462
rapl_psys_sum_uj=0
pid=0 energy=34494662438707435 alive=1 kernel=1 cpu_ns=6891677853000000 mem=760459264 instructions=7254634741487 wakeups=20347306 diski=8777728 disko=542183424 rx=72369759 tx=30639533 comm=*system*
psu_energy_ac_mcp_machine=63650177734
-------
timestamp=3408532042882480
iterations=7202
sample_ns=100000000
window_ns=1000000000
rapl_core_sum_uj=23294205150
rapl_psys_sum_uj=0
pid=0 energy=34494690947738525 alive=1 kernel=1 cpu_ns=6891678477000000 mem=837013504 instructions=7259712547705 wakeups=20347527 diski=8777728 disko=542183424 rx=72369759 tx=30639533 comm=*system*
psu_energy_ac_mcp_machine=63666073120
-------
timestamp=3408532188890516
iterations=7204
sample_ns=100000000
window_ns=1000000000
rapl_core_sum_uj=23308053416
rapl_psys_sum_uj=0
pid=0 energy=34494745120269815 alive=1 kernel=1 cpu_ns=6891679723000000 mem=794136576 instructions=7269301053963 wakeups=20347773 diski=8777728 disko=542183424 rx=72369759 tx=30639533 comm=*system*
psu_energy_ac_mcp_machine=63688628174
-------
timestamp=3408532342736783
iterations=7205
sample_ns=100000000
window_ns=1000000000
rapl_core_sum_uj=23315127878
rapl_psys_sum_uj=0
pid=0 energy=34494769367360650 alive=1 kernel=1 cpu_ns=6891680346000000 mem=912502784 instructions=7273527472130 wakeups=20347999 diski=8777728 disko=542183424 rx=72369759 tx=30639533 comm=*system*
psu_energy_ac_mcp_machine=63711444092
-------
timestamp=3408532495719934
iterations=7207
sample_ns=100000000
window_ns=1000000000
rapl_core_sum_uj=23329233224
rapl_psys_sum_uj=0
pid=0 energy=34494807382595360 alive=1 kernel=1 cpu_ns=6891681648000000 mem=905048064 instructions=7279828519072 wakeups=20348275 diski=8777728 disko=542183424 rx=72369759 tx=30639533 comm=*system*
psu_energy_ac_mcp_machine=63733455078
-------
timestamp=3408532655943512
iterations=7208
sample_ns=100000000
window_ns=1000000000
rapl_core_sum_uj=23336506539
rapl_psys_sum_uj=0
pid=0 energy=34494821211116110 alive=1 kernel=1 cpu_ns=6891682314000000 mem=813166592 instructions=7281928223222 wakeups=20348504 diski=8777728 disko=542183424 rx=72369759 tx=30639533 comm=*system*
psu_energy_ac_mcp_machine=63755848877
-------
timestamp=3408532808298705
iterations=7209
sample_ns=100000000
window_ns=1000000000
rapl_core_sum_uj=23343576912
rapl_psys_sum_uj=0
pid=0 energy=34494838260438225 alive=1 kernel=1 cpu_ns=6891682937000000 mem=954228736 instructions=7284715087645 wakeups=20348733 diski=8777728 disko=542183424 rx=72369759 tx=30639533 comm=*system*
psu_energy_ac_mcp_machine=63773111816
-------
timestamp=3408532958549175
iterations=7211
sample_ns=100000000
window_ns=1000000000
rapl_core_sum_uj=23358039863
rapl_psys_sum_uj=0
pid=0 energy=34494888850434305 alive=1 kernel=1 cpu_ns=6891684185000000 mem=882540544 instructions=7293585086861 wakeups=20348980 diski=8777728 disko=542183424 rx=72369759 tx=30639533 comm=*system*
psu_energy_ac_mcp_machine=63796709351
-------
timestamp=3408533109056697
iterations=7212
sample_ns=100000000
window_ns=1000000000
rapl_core_sum_uj=23365138251
rapl_psys_sum_uj=0
pid=0 energy=34494910952190480 alive=1 kernel=1 cpu_ns=6891684808000000 mem=960540672 instructions=7297382438096 wakeups=20349196 diski=8777728 disko=542183424 rx=72369759 tx=30639533 comm=*system*
psu_energy_ac_mcp_machine=63819849487
-------
timestamp=3408533261011470
iterations=7214
sample_ns=100000000
window_ns=1000000000
rapl_core_sum_uj=23379999273
rapl_psys_sum_uj=0
pid=0 energy=34494963864711460 alive=1 kernel=1 cpu_ns=6891686055000000 mem=1046822912 instructions=7306717942292 wakeups=20349428 diski=8777728 disko=542183424 rx=72369759 tx=30639533 comm=*system*
psu_energy_ac_mcp_machine=63843826538
-------
timestamp=3408533416948002
iterations=7215
sample_ns=100000000
window_ns=1000000000
rapl_core_sum_uj=23387257390
rapl_psys_sum_uj=0
pid=0 energy=34494992404523220 alive=1 kernel=1 cpu_ns=6891686679000000 mem=877846528 instructions=7311801904644 wakeups=20349661 diski=8777728 disko=542183424 rx=72369759 tx=30639533 comm=*system*
psu_energy_ac_mcp_machine=63867238159
-------
timestamp=3408533570890841
iterations=7217
sample_ns=100000000
window_ns=1000000000
rapl_core_sum_uj=23401875004
rapl_psys_sum_uj=0
pid=0 energy=34495046536872950 alive=1 kernel=1 cpu_ns=6891687927000000 mem=1046900736 instructions=7321380374590 wakeups=20349919 diski=8777728 disko=542183424 rx=72369761 tx=30639533 comm=*system*
psu_energy_ac_mcp_machine=63890380005
-------
timestamp=3408533725305052
iterations=7218
sample_ns=100000000
window_ns=1000000000
rapl_core_sum_uj=23409422245
rapl_psys_sum_uj=0
pid=0 energy=34495078022629875 alive=1 kernel=1 cpu_ns=6891688551000000 mem=820514816 instructions=7327053525975 wakeups=20350148 diski=8777728 disko=542183424 rx=72369761 tx=30639533 comm=*system*
psu_energy_ac_mcp_machine=63907641724
-------
timestamp=3408533876884817
iterations=7220
sample_ns=100000000
window_ns=1000000000
rapl_core_sum_uj=23422458621
rapl_psys_sum_uj=0
pid=0 energy=34495116287768230 alive=1 kernel=1 cpu_ns=6891689797000000 mem=1004019712 instructions=7333460553646 wakeups=20350399 diski=8777728 disko=542183424 rx=72369761 tx=30639533 comm=*system*
psu_energy_ac_mcp_machine=63928576172
-------
timestamp=3408534023089486
iterations=7221
sample_ns=100000000
window_ns=1000000000
rapl_core_sum_uj=23429292239
rapl_psys_sum_uj=0
pid=0 energy=34495143943401335 alive=1 kernel=1 cpu_ns=6891690420000000 mem=944545792 instructions=7338368680267 wakeups=20350632 diski=8777728 disko=542183424 rx=72369761 tx=30639533 comm=*system*
psu_energy_ac_mcp_machine=63951442383
-------
timestamp=3408534176972824
iterations=7223
sample_ns=100000000
window_ns=1000000000
rapl_core_sum_uj=23443613832
rapl_psys_sum_uj=0
pid=0 energy=34495210433519515 alive=1 kernel=1 cpu_ns=6891691668000000 mem=814415872 instructions=7350418703903 wakeups=20350902 diski=8777728 disko=542183424 rx=72369761 tx=30639533 comm=*system*
psu_energy_ac_mcp_machine=63974530884
-------
timestamp=3408534327244275
iterations=7224
sample_ns=100000000
window_ns=1000000000
rapl_core_sum_uj=23451244508
rapl_psys_sum_uj=0
pid=0 energy=34495240537290880 alive=1 kernel=1 cpu_ns=6891692291000000 mem=943501312 instructions=7355816458176 wakeups=20351126 diski=8777728 disko=542183424 rx=72369761 tx=30639533 comm=*system*
psu_energy_ac_mcp_machine=63998461792
-------
timestamp=3408534479963587
iterations=7226
sample_ns=100000000
window_ns=1000000000
rapl_core_sum_uj=23465954651
rapl_psys_sum_uj=0
pid=0 energy=34495295751241600 alive=1 kernel=1 cpu_ns=6891693539000000 mem=909656064 instructions=7365611248320 wakeups=20351396 diski=8777728 disko=542183424 rx=72369761 tx=30639533 comm=*system*
psu_energy_ac_mcp_machine=64015844971
-------
timestamp=3408534629079854
iterations=7227
sample_ns=100000000
window_ns=1000000000
rapl_core_sum_uj=23473012695
rapl_psys_sum_uj=0
pid=0 energy=34495321322598640 alive=1 kernel=1 cpu_ns=6891694163000000 mem=997740544 instructions=7370101519728 wakeups=20351597 diski=8777728 disko=542183424 rx=72369761 tx=30639533 comm=*system*
psu_energy_ac_mcp_machine=64038176880
-------
timestamp=3408534780874902
iterations=7228
sample_ns=100000000
window_ns=1000000000
rapl_core_sum_uj=23479027282
rapl_psys_sum_uj=0
pid=0 energy=34495339412400550 alive=1 kernel=1 cpu_ns=6891694785000000 mem=1047076864 instructions=7373097480110 wakeups=20351830 diski=8777728 disko=542203904 rx=72369761 tx=30639533 comm=*system*
psu_energy_ac_mcp_machine=64058475464
-------
timestamp=3408534930264366
iterations=7230
sample_ns=100000000
window_ns=1000000000
rapl_core_sum_uj=23490649961
rapl_psys_sum_uj=0
pid=0 energy=34495376837741240 alive=1 kernel=1 cpu_ns=6891696032000000 mem=1047326720 instructions=7379335548248 wakeups=20352058 diski=8777728 disko=542203904 rx=72369761 tx=30639533 comm=*system*
psu_energy_ac_mcp_machine=64079127441
-------
timestamp=3408535086169973
iterations=7231
sample_ns=100000000
window_ns=1000000000
rapl_core_sum_uj=23497439267
rapl_psys_sum_uj=0
pid=0 energy=34495401131682550 alive=1 kernel=1 cpu_ns=6891696704000000 mem=1012183040 instructions=7383522336510 wakeups=20352276 diski=8777728 disko=542203904 rx=72369761 tx=30639533 comm=*system*
psu_energy_ac_mcp_machine=64095708374
-------
timestamp=3408535238189013
iterations=7233
sample_ns=100000000
window_ns=1000000000
rapl_core_sum_uj=23511177120
rapl_psys_sum_uj=0
pid=0 energy=34495458170788310 alive=1 kernel=1 cpu_ns=6891697950000000 mem=1047101440 instructions=7393684157662 wakeups=20352480 diski=8777728 disko=542302208 rx=72369761 tx=30639533 comm=*system*
psu_energy_ac_mcp_machine=64118558960
-------
timestamp=3408535398605626
iterations=7234
sample_ns=100000000
window_ns=1000000000
rapl_core_sum_uj=23517958003
rapl_psys_sum_uj=0
pid=0 energy=34495487859577810 alive=1 kernel=1 cpu_ns=6891698574000000 mem=1022996480 instructions=7398997915562 wakeups=20352712 diski=8777728 disko=542302208 rx=72369761 tx=30639533 comm=*system*
psu_energy_ac_mcp_machine=64140624023
-------
timestamp=3408535567612142
iterations=7236
sample_ns=100000000
window_ns=1000000000
rapl_core_sum_uj=23530782221
rapl_psys_sum_uj=0
pid=0 energy=34495536880818755 alive=1 kernel=1 cpu_ns=6891699867000000 mem=1000919040 instructions=7407509163751 wakeups=20352951 diski=8777728 disko=542302208 rx=72369763 tx=30639533 comm=*system*
psu_energy_ac_mcp_machine=64166985107
-------
timestamp=3408535730255751
iterations=7237
sample_ns=100000000
window_ns=1000000000
rapl_core_sum_uj=23537355280
rapl_psys_sum_uj=0
pid=0 energy=34495559317747260 alive=1 kernel=1 cpu_ns=6891700539000000 mem=977264640 instructions=7411324549452 wakeups=20353175 diski=8777728 disko=542302208 rx=72369763 tx=30639533 comm=*system*
psu_energy_ac_mcp_machine=64188061279
-------
timestamp=3408535894852233
iterations=7239
sample_ns=100000000
window_ns=1000000000
rapl_core_sum_uj=23550718865
rapl_psys_sum_uj=0
pid=0 energy=34495605034309625 alive=1 kernel=1 cpu_ns=6891701883000000 mem=1044307968 instructions=7419123861925 wakeups=20353420 diski=8777728 disko=542302208 rx=72369763 tx=30639533 comm=*system*
psu_energy_ac_mcp_machine=64209123413
-------
timestamp=3408536064205869
iterations=7240
sample_ns=100000000
window_ns=1000000000
rapl_core_sum_uj=23557099968
rapl_psys_sum_uj=0
pid=0 energy=34495628013745315 alive=1 kernel=1 cpu_ns=6891702555000000 mem=1047236608 instructions=7423047749063 wakeups=20353634 diski=8777728 disko=542302208 rx=72369763 tx=30639533 comm=*system*
psu_energy_ac_mcp_machine=64230125610
-------
timestamp=3408536219278092
iterations=7242
sample_ns=100000000
window_ns=1000000000
rapl_core_sum_uj=23570243705
rapl_psys_sum_uj=0
pid=0 energy=34495672654337445 alive=1 kernel=1 cpu_ns=6891703898000000 mem=1047687168 instructions=7430632867489 wakeups=20353877 diski=8777728 disko=542302208 rx=72369763 tx=30639533 comm=*system*
psu_energy_ac_mcp_machine=64251285889
-------
timestamp=3408536377305101
iterations=7243
sample_ns=100000000
window_ns=1000000000
rapl_core_sum_uj=23576674735
rapl_psys_sum_uj=0
pid=0 energy=34495695562184740 alive=1 kernel=1 cpu_ns=6891704570000000 mem=1047236608 instructions=7434542436948 wakeups=20354090 diski=8777728 disko=542302208 rx=72369763 tx=30639533 comm=*system*
psu_energy_ac_mcp_machine=64271726074
-------
timestamp=3408536539097592
iterations=7244
sample_ns=100000000
window_ns=1000000000
rapl_core_sum_uj=23583035574
rapl_psys_sum_uj=0
pid=0 energy=34495716223417110 alive=1 kernel=1 cpu_ns=6891705242000000 mem=1015021568 instructions=7438002683422 wakeups=20354305 diski=8777728 disko=542302208 rx=72369763 tx=30639533 comm=*system*
psu_energy_ac_mcp_machine=64292226563
-------
timestamp=3408536699502523
iterations=7246
sample_ns=100000000
window_ns=1000000000
rapl_core_sum_uj=23595504323
rapl_psys_sum_uj=0
pid=0 energy=34495753146304795 alive=1 kernel=1 cpu_ns=6891706586000000 mem=966811648 instructions=7444043260959 wakeups=20354545 diski=8777728 disko=542302208 rx=72369763 tx=30639533 comm=*system*
psu_energy_ac_mcp_machine=64312655884
-------
timestamp=3408536861417836
iterations=7247
sample_ns=100000000
window_ns=1000000000
rapl_core_sum_uj=23601951344
rapl_psys_sum_uj=0
pid=0 energy=34495770808510265 alive=1 kernel=1 cpu_ns=6891707257000000 mem=1000603648 instructions=7446904702053 wakeups=20354781 diski=8777728 disko=542302208 rx=72369764 tx=30639534 comm=*system*
psu_energy_ac_mcp_machine=64333628418
-------
timestamp=3408537017488638
iterations=7249
sample_ns=100000000
window_ns=1000000000
rapl_core_sum_uj=23614966114
rapl_psys_sum_uj=0
pid=0 energy=34495811805919995 alive=1 kernel=1 cpu_ns=6891708606000000 mem=970117120 instructions=7453755183999 wakeups=20355029 diski=8777728 disko=542302208 rx=72369764 tx=30639534 comm=*system*
psu_energy_ac_mcp_machine=64354458984
-------
timestamp=3408537174860176
iterations=7250
sample_ns=100000000
window_ns=1000000000
rapl_core_sum_uj=23622246753
rapl_psys_sum_uj=0
pid=0 energy=34495834611546160 alive=1 kernel=1 cpu_ns=6891709272000000 mem=845516800 instructions=7457650309232 wakeups=20355245 diski=8777728 disko=542302208 rx=72369764 tx=30639534 comm=*system*
psu_energy_ac_mcp_machine=64377444824
-------
timestamp=3408537324994606
iterations=7252
sample_ns=100000000
window_ns=1000000000
rapl_core_sum_uj=23636782396
rapl_psys_sum_uj=0
pid=0 energy=34495881943189015 alive=1 kernel=1 cpu_ns=6891710519000000 mem=920760320 instructions=7465869637803 wakeups=20355486 diski=8777728 disko=542302208 rx=72369764 tx=30639534 comm=*system*
psu_energy_ac_mcp_machine=64400228271
-------
timestamp=3408537474091557
iterations=7253
sample_ns=100000000
window_ns=1000000000
rapl_core_sum_uj=23644051072
rapl_psys_sum_uj=0
pid=0 energy=34495908921996600 alive=1 kernel=1 cpu_ns=6891711141000000 mem=978206720 instructions=7470643399320 wakeups=20355702 diski=8777728 disko=542302208 rx=72369766 tx=30639534 comm=*system*
psu_energy_ac_mcp_machine=64417576172
-------
timestamp=3408537610375370
iterations=7254
sample_ns=100000000
window_ns=1000000000
rapl_core_sum_uj=23651587998
rapl_psys_sum_uj=0
pid=0 energy=34495933262091670 alive=1 kernel=1 cpu_ns=6891711765000000 mem=919408640 instructions=7474887418334 wakeups=20355929 diski=8777728 disko=542302208 rx=72369766 tx=30639534 comm=*system*
psu_energy_ac_mcp_machine=64436672607
-------
timestamp=3408537744216394
iterations=7256
sample_ns=100000000
window_ns=1000000000
rapl_core_sum_uj=23658934311
rapl_psys_sum_uj=0
pid=0 energy=34495946405363810 alive=1 kernel=1 cpu_ns=6891712126000000 mem=555143168 instructions=7477155072762 wakeups=20356221 diski=8777728 disko=542302208 rx=72369771 tx=30639540 comm=*system*
psu_energy_ac_mcp_machine=64446613403
-------
timestamp=3408537877987429
iterations=7257
sample_ns=100000000
window_ns=1000000000
rapl_core_sum_uj=23662032699
rapl_psys_sum_uj=0
pid=0 energy=34495949841694625 alive=1 kernel=1 cpu_ns=6891712242000000 mem=555143168 instructions=7477726338925 wakeups=20356428 diski=8777728 disko=542302208 rx=72369771 tx=30639540 comm=*system*
psu_energy_ac_mcp_machine=64457221680
-------
timestamp=3408538008237943
iterations=7258
sample_ns=100000000
window_ns=1000000000
rapl_core_sum_uj=23665196761
rapl_psys_sum_uj=0
pid=0 energy=34495953293944235 alive=1 kernel=1 cpu_ns=6891712361000000 mem=555401216 instructions=7478297788847 wakeups=20356642 diski=8777728 disko=542302208 rx=72369771 tx=30639540 comm=*system*
psu_energy_ac_mcp_machine=64471190430
-------
timestamp=3408538141892200
iterations=7260
sample_ns=100000000
window_ns=1000000000
rapl_core_sum_uj=23671014753
rapl_psys_sum_uj=0
pid=0 energy=34495960160765490 alive=1 kernel=1 cpu_ns=6891712593000000 mem=556539904 instructions=7479439153098 wakeups=20356884 diski=8777728 disko=542302208 rx=72369771 tx=30639540 comm=*system*
psu_energy_ac_mcp_machine=64481388184
-------
timestamp=3408538275233623
iterations=7261
sample_ns=100000000
window_ns=1000000000
rapl_core_sum_uj=23674007733
rapl_psys_sum_uj=0
pid=0 energy=34495963638870515 alive=1 kernel=1 cpu_ns=6891712705000000 mem=555433984 instructions=7480022774103 wakeups=20357186 diski=8777728 disko=545304576 rx=72369771 tx=30639540 comm=*system*
psu_energy_ac_mcp_machine=64492060547
-------
timestamp=3408538404951879
iterations=7262
sample_ns=100000000
window_ns=1000000000
rapl_core_sum_uj=23677113018
rapl_psys_sum_uj=0
pid=0 energy=34495967077950290 alive=1 kernel=1 cpu_ns=6891712821000000 mem=555433984 instructions=7480594590058 wakeups=20357394 diski=8777728 disko=545304576 rx=72369771 tx=30639540 comm=*system*
psu_energy_ac_mcp_machine=64502524292
-------
timestamp=3408538534598143
iterations=7263
sample_ns=100000000
window_ns=1000000000
rapl_core_sum_uj=23680060527
rapl_psys_sum_uj=0
pid=0 energy=34495970415919840 alive=1 kernel=1 cpu_ns=6891712939000000 mem=555450368 instructions=7481144183968 wakeups=20357608 diski=8777728 disko=545304576 rx=72369771 tx=30639540 comm=*system*
psu_energy_ac_mcp_machine=64516017944
-------
timestamp=3408538668928863
iterations=7265
sample_ns=100000000
window_ns=1000000000
rapl_core_sum_uj=23685885477
rapl_psys_sum_uj=0
pid=0 energy=34495977152349625 alive=1 kernel=1 cpu_ns=6891713164000000 mem=555442176 instructions=7482266469925 wakeups=20357830 diski=8777728 disko=545304576 rx=72369771 tx=30639540 comm=*system*
psu_energy_ac_mcp_machine=64526517578
-------
timestamp=3408538798838431
iterations=7266
sample_ns=100000000
window_ns=1000000000
rapl_core_sum_uj=23689041910
rapl_psys_sum_uj=0
pid=0 energy=34495980578727335 alive=1 kernel=1 cpu_ns=6891713283000000 mem=555438080 instructions=7482832745467 wakeups=20358058 diski=8777728 disko=545304576 rx=72369771 tx=30639540 comm=*system*
psu_energy_ac_mcp_machine=64537156494
-------
timestamp=3408538928835370
iterations=7267
sample_ns=100000000
window_ns=1000000000
rapl_core_sum_uj=23691955545
rapl_psys_sum_uj=0
pid=0 energy=34495984038379870 alive=1 kernel=1 cpu_ns=6891713400000000 mem=555454464 instructions=7483407675974 wakeups=20358266 diski=8777728 disko=545304576 rx=72369771 tx=30639540 comm=*system*
psu_energy_ac_mcp_machine=64550902588
-------
timestamp=3408539062700928
iterations=7268
sample_ns=100000000
window_ns=1000000000
rapl_core_sum_uj=23694856607
rapl_psys_sum_uj=0
pid=0 energy=34495987492862235 alive=1 kernel=1 cpu_ns=6891713517000000 mem=555429888 instructions=7483981572447 wakeups=20358486 diski=8777728 disko=545304576 rx=72369771 tx=30639540 comm=*system*
psu_energy_ac_mcp_machine=64561029663
-------
timestamp=3408539196134266
iterations=7270
sample_ns=100000000
window_ns=1000000000
rapl_core_sum_uj=23700674111
rapl_psys_sum_uj=0
pid=0 energy=34495994214551890 alive=1 kernel=1 cpu_ns=6891713742000000 mem=555458560 instructions=7485100910378 wakeups=20358703 diski=8777728 disko=545304576 rx=72369771 tx=30639540 comm=*system*
psu_energy_ac_mcp_machine=64571651245
-------
timestamp=3408539326496640
iterations=7271
sample_ns=100000000
window_ns=1000000000
rapl_core_sum_uj=23703764687
rapl_psys_sum_uj=0
pid=0 energy=34495997674121225 alive=1 kernel=1 cpu_ns=6891713862000000 mem=555442176 instructions=7485672824245 wakeups=20358904 diski=8777728 disko=545304576 rx=72369771 tx=30639540 comm=*system*
psu_energy_ac_mcp_machine=64582109863
-------
timestamp=3408539456222248
iterations=7272
sample_ns=100000000
window_ns=1000000000
rapl_core_sum_uj=23706663734
rapl_psys_sum_uj=0
pid=0 energy=34496001007276175 alive=1 kernel=1 cpu_ns=6891713977000000 mem=555442176 instructions=7486224455235 wakeups=20359112 diski=8777728 disko=545304576 rx=72369773 tx=30639540 comm=*system*
psu_energy_ac_mcp_machine=64595765259
-------
timestamp=3408539589903531
iterations=7273
sample_ns=100000000
window_ns=1000000000
rapl_core_sum_uj=23709635535
rapl_psys_sum_uj=0
pid=0 energy=34496004448477720 alive=1 kernel=1 cpu_ns=6891714095000000 mem=555442176 instructions=7486794695544 wakeups=20359325 diski=8777728 disko=545304576 rx=72369773 tx=30639540 comm=*system*
psu_energy_ac_mcp_machine=64606309326
-------
timestamp=3408539719876426
iterations=7275
sample_ns=100000000
window_ns=1000000000
rapl_core_sum_uj=23715655248
rapl_psys_sum_uj=0
pid=0 energy=34496011173646010 alive=1 kernel=1 cpu_ns=6891714318000000 mem=555462656 instructions=7487916729202 wakeups=20359556 diski=8777728 disko=545304576 rx=72369773 tx=30639540 comm=*system*
psu_energy_ac_mcp_machine=64616841553
-------
timestamp=3408539850051165
iterations=7276
sample_ns=100000000
window_ns=1000000000
rapl_core_sum_uj=23718539769
rapl_psys_sum_uj=0
pid=0 energy=34496014639466725 alive=1 kernel=1 cpu_ns=6891714435000000 mem=555450368 instructions=7488492893345 wakeups=20359766 diski=8777728 disko=545349632 rx=72369773 tx=30639540 comm=*system*
psu_energy_ac_mcp_machine=64630410522
-------
timestamp=3408539984524383
iterations=7277
sample_ns=100000000
window_ns=1000000000
rapl_core_sum_uj=23721569371
rapl_psys_sum_uj=0
pid=0 energy=34496018098662640 alive=1 kernel=1 cpu_ns=6891714555000000 mem=555466752 instructions=7489064732528 wakeups=20359985 diski=8777728 disko=545349632 rx=72369773 tx=30639540 comm=*system*
psu_energy_ac_mcp_machine=64641075439
-------
timestamp=3408540116095334
iterations=7278
sample_ns=100000000
window_ns=1000000000
rapl_core_sum_uj=23724723484
rapl_psys_sum_uj=0
pid=0 energy=34496021552230050 alive=1 kernel=1 cpu_ns=6891714670000000 mem=555499520 instructions=7489640446010 wakeups=20360190 diski=8777728 disko=545349632 rx=72369773 tx=30639540 comm=*system*
psu_energy_ac_mcp_machine=64651595947
-------
timestamp=3408540246224451
iterations=7280
sample_ns=100000000
window_ns=1000000000
rapl_core_sum_uj=23730472079
rapl_psys_sum_uj=0
pid=0 energy=34496028137618750 alive=1 kernel=1 cpu_ns=6891714894000000 mem=555470848 instructions=7490733523750 wakeups=20360426 diski=8777728 disko=545349632 rx=72369773 tx=30639540 comm=*system*
psu_energy_ac_mcp_machine=64661859375
-------
timestamp=3408540376094212
iterations=7281
sample_ns=100000000
window_ns=1000000000
rapl_core_sum_uj=23733525912
rapl_psys_sum_uj=0
pid=0 energy=34496031573849460 alive=1 kernel=1 cpu_ns=6891715009000000 mem=555470848 instructions=7491305769892 wakeups=20360636 diski=8777728 disko=545378304 rx=72369773 tx=30639540 comm=*system*
psu_energy_ac_mcp_machine=64675774902
-------
timestamp=3408540508764908
iterations=7282
sample_ns=100000000
window_ns=1000000000
rapl_core_sum_uj=23736665926
rapl_psys_sum_uj=0
pid=0 energy=34496035018953110 alive=1 kernel=1 cpu_ns=6891715128000000 mem=555466752 instructions=7491875790622 wakeups=20360854 diski=8777728 disko=545378304 rx=72369773 tx=30639540 comm=*system*
psu_energy_ac_mcp_machine=64686214600
-------
timestamp=3408540639152724
iterations=7284
sample_ns=100000000
window_ns=1000000000
rapl_core_sum_uj=23742418428
rapl_psys_sum_uj=0
pid=0 energy=34496041853490575 alive=1 kernel=1 cpu_ns=6891715360000000 mem=556134400 instructions=7493010698115 wakeups=20361091 diski=8777728 disko=545378304 rx=72369773 tx=30639540 comm=*system*
psu_energy_ac_mcp_machine=64696560791
-------
timestamp=3408540769578357
iterations=7285
sample_ns=100000000
window_ns=1000000000
rapl_core_sum_uj=23745278230
rapl_psys_sum_uj=0
pid=0 energy=34496045193951120 alive=1 kernel=1 cpu_ns=6891715472000000 mem=555466752 instructions=7493566790224 wakeups=20361291 diski=8777728 disko=545378304 rx=72369773 tx=30639540 comm=*system*
psu_energy_ac_mcp_machine=64710101318
-------
timestamp=3408540903844159
iterations=7286
sample_ns=100000000
window_ns=1000000000
rapl_core_sum_uj=23748423676
rapl_psys_sum_uj=0
pid=0 energy=34496048632266745 alive=1 kernel=1 cpu_ns=6891715589000000 mem=555479040 instructions=7494137453349 wakeups=20361508 diski=8777728 disko=545378304 rx=72369773 tx=30639540 comm=*system*
psu_energy_ac_mcp_machine=64720406006
-------
timestamp=3408541035439495
iterations=7287
sample_ns=100000000
window_ns=1000000000
rapl_core_sum_uj=23751374725
rapl_psys_sum_uj=0
pid=0 energy=34496052098079975 alive=1 kernel=1 cpu_ns=6891715705000000 mem=555454464 instructions=7494714615995 wakeups=20361732 diski=8777728 disko=545378304 rx=72369773 tx=30639540 comm=*system*
psu_energy_ac_mcp_machine=64730894043
-------
timestamp=3408541165689517
iterations=7289
sample_ns=100000000
window_ns=1000000000
rapl_core_sum_uj=23757205901
rapl_psys_sum_uj=0
pid=0 energy=34496058717980530 alive=1 kernel=1 cpu_ns=6891715928000000 mem=555466752 instructions=7495815596106 wakeups=20361962 diski=8777728 disko=545378304 rx=72369773 tx=30639540 comm=*system*
psu_energy_ac_mcp_machine=64744772461
-------
timestamp=3408541299673730
iterations=7290
sample_ns=100000000
window_ns=1000000000
rapl_core_sum_uj=23760384734
rapl_psys_sum_uj=0
pid=0 energy=34496062177818600 alive=1 kernel=1 cpu_ns=6891716048000000 mem=555470848 instructions=7496387563720 wakeups=20362170 diski=8777728 disko=545378304 rx=72369773 tx=30639540 comm=*system*
psu_energy_ac_mcp_machine=64755297852
-------
timestamp=3408541431910087
iterations=7291
sample_ns=100000000
window_ns=1000000000
rapl_core_sum_uj=23763313383
rapl_psys_sum_uj=0
pid=0 energy=34496065640236005 alive=1 kernel=1 cpu_ns=6891716166000000 mem=555483136 instructions=7496962047201 wakeups=20362376 diski=8777728 disko=545378304 rx=72369775 tx=30639540 comm=*system*
psu_energy_ac_mcp_machine=64765445068
-------
timestamp=3408541561777050
iterations=7292
sample_ns=100000000
window_ns=1000000000
rapl_core_sum_uj=23766208402
rapl_psys_sum_uj=0
pid=0 energy=34496069095412195 alive=1 kernel=1 cpu_ns=6891716281000000 mem=555495424 instructions=7497538082439 wakeups=20362594 diski=8777728 disko=545378304 rx=72369775 tx=30639540 comm=*system*
psu_energy_ac_mcp_machine=64775696655
-------
timestamp=3408541691808285
iterations=7294
sample_ns=100000000
window_ns=1000000000
rapl_core_sum_uj=23772079861
rapl_psys_sum_uj=0
pid=0 energy=34496075826616010 alive=1 kernel=1 cpu_ns=6891716508000000 mem=555491328 instructions=7498657323202 wakeups=20362827 diski=8777728 disko=545378304 rx=72369775 tx=30639540 comm=*system*
psu_energy_ac_mcp_machine=64789854492
-------
timestamp=3408541824310641
iterations=7295
sample_ns=100000000
window_ns=1000000000
rapl_core_sum_uj=23775198086
rapl_psys_sum_uj=0
pid=0 energy=34496079272518590 alive=1 kernel=1 cpu_ns=6891716626000000 mem=555474944 instructions=7499228503718 wakeups=20363030 diski=8777728 disko=545378304 rx=72369775 tx=30639540 comm=*system*
psu_energy_ac_mcp_machine=64800172119
-------
timestamp=3408541954835473
iterations=7296
sample_ns=100000000
window_ns=1000000000
rapl_core_sum_uj=23778127712
rapl_psys_sum_uj=0
pid=0 energy=34496082609154050 alive=1 kernel=1 cpu_ns=6891716742000000 mem=555474944 instructions=7499779830810 wakeups=20363255 diski=8777728 disko=545378304 rx=72369775 tx=30639540 comm=*system*
psu_energy_ac_mcp_machine=64810539307
-------
timestamp=3408542084756955
iterations=7297
sample_ns=100000000
window_ns=1000000000
rapl_core_sum_uj=23781077113
rapl_psys_sum_uj=0
pid=0 energy=34496086068931125 alive=1 kernel=1 cpu_ns=6891716860000000 mem=555438080 instructions=7500353786225 wakeups=20363458 diski=8777728 disko=545378304 rx=72369775 tx=30639540 comm=*system*
psu_energy_ac_mcp_machine=64821013184
-------
timestamp=3408542214919074
iterations=7299
sample_ns=100000000
window_ns=1000000000
rapl_core_sum_uj=23787077540
rapl_psys_sum_uj=0
pid=0 energy=34496092789735210 alive=1 kernel=1 cpu_ns=6891717086000000 mem=555491328 instructions=7501471947042 wakeups=20363680 diski=8777728 disko=545378304 rx=72369775 tx=30639540 comm=*system*
psu_energy_ac_mcp_machine=64834855469
-------
timestamp=3408542347530654
iterations=7300
sample_ns=100000000
window_ns=1000000000
rapl_core_sum_uj=23790033777
rapl_psys_sum_uj=0
pid=0 energy=34496096241535520 alive=1 kernel=1 cpu_ns=6891717204000000 mem=555491328 instructions=7502044307104 wakeups=20363890 diski=8777728 disko=545378304 rx=72369775 tx=30639540 comm=*system*
psu_energy_ac_mcp_machine=64845199829
-------
timestamp=3408542477826526
iterations=7301
sample_ns=100000000
window_ns=1000000000
rapl_core_sum_uj=23793028100
rapl_psys_sum_uj=0
pid=0 energy=34496099690036615 alive=1 kernel=1 cpu_ns=6891717323000000 mem=555479040 instructions=7502615007323 wakeups=20364103 diski=8777728 disko=545378304 rx=72369775 tx=30639540 comm=*system*
psu_energy_ac_mcp_machine=64855746216
-------
timestamp=3408542608420795
iterations=7302
sample_ns=100000000
window_ns=1000000000
rapl_core_sum_uj=23796152794
rapl_psys_sum_uj=0
pid=0 energy=34496103140084505 alive=1 kernel=1 cpu_ns=6891717441000000 mem=555499520 instructions=7503187016901 wakeups=20364309 diski=8777728 disko=545378304 rx=72369775 tx=30639540 comm=*system*
psu_energy_ac_mcp_machine=64869540771
-------
timestamp=3408542742530257
iterations=7304
sample_ns=100000000
window_ns=1000000000
rapl_core_sum_uj=23801899131
rapl_psys_sum_uj=0
pid=0 energy=34496109725074095 alive=1 kernel=1 cpu_ns=6891717662000000 mem=555499520 instructions=7504283014819 wakeups=20364543 diski=8777728 disko=545378304 rx=72369775 tx=30639540 comm=*system*
psu_energy_ac_mcp_machine=64879452637
-------
timestamp=3408542874481879
iterations=7305
sample_ns=100000000
window_ns=1000000000
rapl_core_sum_uj=23804953696
rapl_psys_sum_uj=0
pid=0 energy=34496113184957710 alive=1 kernel=1 cpu_ns=6891717780000000 mem=555503616 instructions=7504856991542 wakeups=20364757 diski=8777728 disko=545378304 rx=72369775 tx=30639540 comm=*system*
psu_energy_ac_mcp_machine=64890322754
-------
timestamp=3408543004436285
iterations=7306
sample_ns=100000000
window_ns=1000000000
rapl_core_sum_uj=23808129355
rapl_psys_sum_uj=0
pid=0 energy=34496116635988550 alive=1 kernel=1 cpu_ns=6891717897000000 mem=555491328 instructions=7505430197710 wakeups=20364985 diski=8777728 disko=545378304 rx=72369775 tx=30639540 comm=*system*
psu_energy_ac_mcp_machine=64904116455
-------
timestamp=3408543138381365
iterations=7308
sample_ns=100000000
window_ns=1000000000
rapl_core_sum_uj=23813812703
rapl_psys_sum_uj=0
pid=0 energy=34496123377031180 alive=1 kernel=1 cpu_ns=6891718121000000 mem=555491328 instructions=7506554406236 wakeups=20365212 diski=8777728 disko=545378304 rx=72369775 tx=30639540 comm=*system*
psu_energy_ac_mcp_machine=64914114136
-------
timestamp=3408543270947249
iterations=7309
sample_ns=100000000
window_ns=1000000000
rapl_core_sum_uj=23816873677
rapl_psys_sum_uj=0
pid=0 energy=34496126792684875 alive=1 kernel=1 cpu_ns=6891718235000000 mem=555495424 instructions=7507123536975 wakeups=20365409 diski=8777728 disko=545378304 rx=72369775 tx=30639540 comm=*system*
psu_energy_ac_mcp_machine=64924771606
-------
timestamp=3408543400895745
iterations=7310
sample_ns=100000000
window_ns=1000000000
rapl_core_sum_uj=23820166828
rapl_psys_sum_uj=0
pid=0 energy=34496130208002465 alive=1 kernel=1 cpu_ns=6891718353000000 mem=555511808 instructions=7507688600493 wakeups=20365633 diski=8777728 disko=545378304 rx=72369777 tx=30639540 comm=*system*
psu_energy_ac_mcp_machine=64935479858
-------
timestamp=3408543531171847
iterations=7311
sample_ns=100000000
window_ns=1000000000
rapl_core_sum_uj=23823138385
rapl_psys_sum_uj=0
pid=0 energy=34496133648213300 alive=1 kernel=1 cpu_ns=6891718467000000 mem=555294720 instructions=7508262642660 wakeups=20365841 diski=8777728 disko=545378304 rx=72369777 tx=30639540 comm=*system*
psu_energy_ac_mcp_machine=64949018921
-------
timestamp=3408543662227546
iterations=7313
sample_ns=100000000
window_ns=1000000000
rapl_core_sum_uj=23828679217
rapl_psys_sum_uj=0
pid=0 energy=34496140233759200 alive=1 kernel=1 cpu_ns=6891718688000000 mem=555507712 instructions=7509358751840 wakeups=20366065 diski=8777728 disko=545378304 rx=72369777 tx=30639540 comm=*system*
psu_energy_ac_mcp_machine=64959185791
-------
timestamp=3408543793621970
iterations=7314
sample_ns=100000000
window_ns=1000000000
rapl_core_sum_uj=23831814592
rapl_psys_sum_uj=0
pid=0 energy=34496143670283775 alive=1 kernel=1 cpu_ns=6891718803000000 mem=555520000 instructions=7509931056755 wakeups=20366282 diski=8777728 disko=545378304 rx=72369777 tx=30639540 comm=*system*
psu_energy_ac_mcp_machine=64969703857
-------
timestamp=3408543923755499
iterations=7315
sample_ns=100000000
window_ns=1000000000
rapl_core_sum_uj=23834730546
rapl_psys_sum_uj=0
pid=0 energy=34496147145801380 alive=1 kernel=1 cpu_ns=6891718922000000 mem=555520000 instructions=7510507160276 wakeups=20366500 diski=8777728 disko=545378304 rx=72369777 tx=30639540 comm=*system*
psu_energy_ac_mcp_machine=64983394653
-------
timestamp=3408544057252884
iterations=7316
sample_ns=100000000
window_ns=1000000000
rapl_core_sum_uj=23837645279
rapl_psys_sum_uj=0
pid=0 energy=34496150626836095 alive=1 kernel=1 cpu_ns=6891719043000000 mem=555524096 instructions=7511082367219 wakeups=20366709 diski=8777728 disko=545378304 rx=72369777 tx=30639540 comm=*system*
psu_energy_ac_mcp_machine=64993502075
-------
timestamp=3408544190325987
iterations=7318
sample_ns=100000000
window_ns=1000000000
rapl_core_sum_uj=23843461684
rapl_psys_sum_uj=0
pid=0 energy=34496157333899555 alive=1 kernel=1 cpu_ns=6891719265000000 mem=555515904 instructions=7512201779911 wakeups=20366925 diski=8777728 disko=545378304 rx=72369777 tx=30639540 comm=*system*
psu_energy_ac_mcp_machine=65003999146
-------
timestamp=3408544320673768
iterations=7319
sample_ns=100000000
window_ns=1000000000
rapl_core_sum_uj=23846563490
rapl_psys_sum_uj=0
pid=0 energy=34496160770598875 alive=1 kernel=1 cpu_ns=6891719382000000 mem=555528192 instructions=7512772119775 wakeups=20367133 diski=8777728 disko=545378304 rx=72369777 tx=30639540 comm=*system*
psu_energy_ac_mcp_machine=65014465820
-------
timestamp=3408544450362709
iterations=7320
sample_ns=100000000
window_ns=1000000000
rapl_core_sum_uj=23849478345
rapl_psys_sum_uj=0
pid=0 energy=34496164113366280 alive=1 kernel=1 cpu_ns=6891719502000000 mem=555532288 instructions=7513320673256 wakeups=20367349 diski=8777728 disko=545378304 rx=72369777 tx=30639540 comm=*system*
psu_energy_ac_mcp_machine=65028104492
-------
timestamp=3408544584179874
iterations=7321
sample_ns=100000000
window_ns=1000000000
rapl_core_sum_uj=23852369275
rapl_psys_sum_uj=0
pid=0 energy=34496167547211725 alive=1 kernel=1 cpu_ns=6891719617000000 mem=555642880 instructions=7513892442345 wakeups=20367552 diski=8777728 disko=545378304 rx=72369777 tx=30639540 comm=*system*
psu_energy_ac_mcp_machine=65038545044
-------
timestamp=3408544714345218
iterations=7323
sample_ns=100000000
window_ns=1000000000
rapl_core_sum_uj=23858318493
rapl_psys_sum_uj=0
pid=0 energy=34496174257355785 alive=1 kernel=1 cpu_ns=6891719838000000 mem=555524096 instructions=7515013471157 wakeups=20367786 diski=8777728 disko=545378304 rx=72369777 tx=30639540 comm=*system*
psu_energy_ac_mcp_machine=65049015869
-------
timestamp=3408544844566171
iterations=7324
sample_ns=100000000
window_ns=1000000000
rapl_core_sum_uj=23861227306
rapl_psys_sum_uj=0
pid=0 energy=34496177711134875 alive=1 kernel=1 cpu_ns=6891719954000000 mem=555528192 instructions=7515588226975 wakeups=20367991 diski=8777728 disko=545378304 rx=72369777 tx=30639540 comm=*system*
psu_energy_ac_mcp_machine=65062678833
-------
timestamp=3408544978439132
iterations=7325
sample_ns=100000000
window_ns=1000000000
rapl_core_sum_uj=23864218028
rapl_psys_sum_uj=0
pid=0 energy=34496181169086040 alive=1 kernel=1 cpu_ns=6891720072000000 mem=555540480 instructions=7516161817208 wakeups=20368217 diski=8777728 disko=545398784 rx=72369777 tx=30639540 comm=*system*
psu_energy_ac_mcp_machine=65073198120
-------
timestamp=3408545112336362
iterations=7327
sample_ns=100000000
window_ns=1000000000
rapl_core_sum_uj=23870204416
rapl_psys_sum_uj=0
pid=0 energy=34496187953143575 alive=1 kernel=1 cpu_ns=6891720297000000 mem=555978752 instructions=7517293628715 wakeups=20368447 diski=8777728 disko=545398784 rx=72369777 tx=30639540 comm=*system*
psu_energy_ac_mcp_machine=65083710327
-------
timestamp=3408545242478606
iterations=7328
sample_ns=100000000
window_ns=1000000000
rapl_core_sum_uj=23873067086
rapl_psys_sum_uj=0
pid=0 energy=34496191206815660 alive=1 kernel=1 cpu_ns=6891720409000000 mem=555544576 instructions=7517832363132 wakeups=20368645 diski=8777728 disko=545398784 rx=72369777 tx=30639540 comm=*system*
psu_energy_ac_mcp_machine=65097393799
-------
timestamp=3408545376586356
iterations=7329
sample_ns=100000000
window_ns=1000000000
rapl_core_sum_uj=23876114144
rapl_psys_sum_uj=0
pid=0 energy=34496194644204720 alive=1 kernel=1 cpu_ns=6891720525000000 mem=555536384 instructions=7518403840944 wakeups=20368859 diski=8777728 disko=545398784 rx=72369777 tx=30639540 comm=*system*
psu_energy_ac_mcp_machine=65107935181
-------
timestamp=3408545509226262
iterations=7330
sample_ns=100000000
window_ns=1000000000
rapl_core_sum_uj=23879240364
rapl_psys_sum_uj=0
pid=0 energy=34496198067744420 alive=1 kernel=1 cpu_ns=6891720642000000 mem=555610112 instructions=7518971548884 wakeups=20369066 diski=8777728 disko=545398784 rx=72369779 tx=30639540 comm=*system*
psu_energy_ac_mcp_machine=65118392822
-------
timestamp=3408545638835536
iterations=7332
sample_ns=100000000
window_ns=1000000000
rapl_core_sum_uj=23884909003
rapl_psys_sum_uj=0
pid=0 energy=34496204787178035 alive=1 kernel=1 cpu_ns=6891720864000000 mem=555540480 instructions=7520093435607 wakeups=20369295 diski=8777728 disko=545398784 rx=72369779 tx=30639540 comm=*system*
psu_energy_ac_mcp_machine=65128728516
-------
timestamp=3408545769115315
iterations=7333
sample_ns=100000000
window_ns=1000000000
rapl_core_sum_uj=23887825934
rapl_psys_sum_uj=0
pid=0 energy=34496208222822005 alive=1 kernel=1 cpu_ns=6891720979000000 mem=555556864 instructions=7520665564401 wakeups=20369500 diski=8777728 disko=545398784 rx=72369779 tx=30639540 comm=*system*
psu_energy_ac_mcp_machine=65142373169
-------
timestamp=3408545902781317
iterations=7334
sample_ns=100000000
window_ns=1000000000
rapl_core_sum_uj=23891020575
rapl_psys_sum_uj=0
pid=0 energy=34496211628849480 alive=1 kernel=1 cpu_ns=6891721097000000 mem=555552768 instructions=7521228769896 wakeups=20369724 diski=8777728 disko=545398784 rx=72369779 tx=30639540 comm=*system*
psu_energy_ac_mcp_machine=65152985840
-------
timestamp=3408546032314743
iterations=7335
sample_ns=100000000
window_ns=1000000000
rapl_core_sum_uj=23894011236
rapl_psys_sum_uj=0
pid=0 energy=34496215094976615 alive=1 kernel=1 cpu_ns=6891721214000000 mem=555474944 instructions=7521804995323 wakeups=20369944 diski=8777728 disko=545398784 rx=72369779 tx=30639540 comm=*system*
psu_energy_ac_mcp_machine=65163178101
-------
timestamp=3408546162220907
iterations=7337
sample_ns=100000000
window_ns=1000000000
rapl_core_sum_uj=23899590764
rapl_psys_sum_uj=0
pid=0 energy=34496221699090610 alive=1 kernel=1 cpu_ns=6891721437000000 mem=555544576 instructions=7522902818122 wakeups=20370168 diski=8777728 disko=545398784 rx=72369779 tx=30639540 comm=*system*
psu_energy_ac_mcp_machine=65176932129
-------
timestamp=3408546295647396
iterations=7338
sample_ns=100000000
window_ns=1000000000
rapl_core_sum_uj=23902714665
rapl_psys_sum_uj=0
pid=0 energy=34496225137927615 alive=1 kernel=1 cpu_ns=6891721555000000 mem=555548672 instructions=7523472585523 wakeups=20370370 diski=8777728 disko=545398784 rx=72369779 tx=30639540 comm=*system*
psu_energy_ac_mcp_machine=65187388062
-------
timestamp=3408546428481525
iterations=7339
sample_ns=100000000
window_ns=1000000000
rapl_core_sum_uj=23905691654
rapl_psys_sum_uj=0
pid=0 energy=34496228621830590 alive=1 kernel=1 cpu_ns=6891721677000000 mem=555544576 instructions=7524047366118 wakeups=20370585 diski=8777728 disko=545398784 rx=72369779 tx=30639540 comm=*system*
psu_energy_ac_mcp_machine=65197572876
-------
timestamp=3408546558400857
iterations=7340
sample_ns=100000000
window_ns=1000000000
rapl_core_sum_uj=23908606937
rapl_psys_sum_uj=0
pid=0 energy=34496232077599515 alive=1 kernel=1 cpu_ns=6891721794000000 mem=555470848 instructions=7524621519903 wakeups=20370793 diski=8777728 disko=545398784 rx=72369780 tx=30639540 comm=*system*
psu_energy_ac_mcp_machine=65207910522
-------
timestamp=3408546688431826
iterations=7342
sample_ns=100000000
window_ns=1000000000
rapl_core_sum_uj=23914458682
rapl_psys_sum_uj=0
pid=0 energy=34496238775910345 alive=1 kernel=1 cpu_ns=6891722017000000 mem=555548672 instructions=7525738182069 wakeups=20371035 diski=8777728 disko=545398784 rx=72369781 tx=30639541 comm=*system*
psu_energy_ac_mcp_machine=65221899658
-------
timestamp=3408546822135954
iterations=7343
sample_ns=100000000
window_ns=1000000000
rapl_core_sum_uj=23917390810
rapl_psys_sum_uj=0
pid=0 energy=34496242219492790 alive=1 kernel=1 cpu_ns=6891722131000000 mem=555548672 instructions=7526312898558 wakeups=20371243 diski=8777728 disko=545398784 rx=72369781 tx=30639541 comm=*system*
psu_energy_ac_mcp_machine=65232068481
-------
timestamp=3408546952472128
iterations=7344
sample_ns=100000000
window_ns=1000000000
rapl_core_sum_uj=23920329835
rapl_psys_sum_uj=0
pid=0 energy=34496245701184120 alive=1 kernel=1 cpu_ns=6891722248000000 mem=555552768 instructions=7526892236824 wakeups=20371459 diski=8777728 disko=545398784 rx=72369781 tx=30639541 comm=*system*
psu_energy_ac_mcp_machine=65242316406
-------
timestamp=3408547083211898
iterations=7345
sample_ns=100000000
window_ns=1000000000
rapl_core_sum_uj=23923243348
rapl_psys_sum_uj=0
pid=0 energy=34496249022168460 alive=1 kernel=1 cpu_ns=6891722362000000 mem=555552768 instructions=7527442433692 wakeups=20371660 diski=8777728 disko=545398784 rx=72369781 tx=30639541 comm=*system*
psu_energy_ac_mcp_machine=65256448608
-------
timestamp=3408547216762149
iterations=7347
sample_ns=100000000
window_ns=1000000000
rapl_core_sum_uj=23929248107
rapl_psys_sum_uj=0
pid=0 energy=34496255740382725 alive=1 kernel=1 cpu_ns=6891722586000000 mem=555556864 instructions=7528562076545 wakeups=20371885 diski=8777728 disko=545398784 rx=72369781 tx=30639541 comm=*system*
psu_energy_ac_mcp_machine=65266749023
-------
timestamp=3408547350684909
iterations=7348
sample_ns=100000000
window_ns=1000000000
rapl_core_sum_uj=23932194823
rapl_psys_sum_uj=0
pid=0 energy=34496259214331795 alive=1 kernel=1 cpu_ns=6891722706000000 mem=555569152 instructions=7529136866359 wakeups=20372105 diski=8777728 disko=545398784 rx=72369781 tx=30639541 comm=*system*
psu_energy_ac_mcp_machine=65277010010
-------
timestamp=3408547480624994
iterations=7349
sample_ns=100000000
window_ns=1000000000
rapl_core_sum_uj=23935216917
rapl_psys_sum_uj=0
pid=0 energy=34496262661789495 alive=1 kernel=1 cpu_ns=6891722826000000 mem=555495424 instructions=7529706357899 wakeups=20372320 diski=8777728 disko=545398784 rx=72369783 tx=30639541 comm=*system*
psu_energy_ac_mcp_machine=65291046509
-------
timestamp=3408547614416856
iterations=7351
sample_ns=100000000
window_ns=1000000000
rapl_core_sum_uj=23941014768
rapl_psys_sum_uj=0
pid=0 energy=34496269393797505 alive=1 kernel=1 cpu_ns=6891723053000000 mem=555573248 instructions=7530825759501 wakeups=20372557 diski=8777728 disko=545398784 rx=72369783 tx=30639541 comm=*system*
psu_energy_ac_mcp_machine=65301217651
-------
timestamp=3408547747722941
iterations=7352
sample_ns=100000000
window_ns=1000000000
rapl_core_sum_uj=23943988400
rapl_psys_sum_uj=0
pid=0 energy=34496272830554360 alive=1 kernel=1 cpu_ns=6891723168000000 mem=555573248 instructions=7531398110872 wakeups=20372771 diski=8777728 disko=545398784 rx=72369783 tx=30639541 comm=*system*
psu_energy_ac_mcp_machine=65311488770
-------
timestamp=3408547877850244
iterations=7353
sample_ns=100000000
window_ns=1000000000
rapl_core_sum_uj=23947068905
rapl_psys_sum_uj=0
pid=0 energy=34496276309464095 alive=1 kernel=1 cpu_ns=6891723290000000 mem=555560960 instructions=7531971892819 wakeups=20373012 diski=8777728 disko=545398784 rx=72369783 tx=30639541 comm=*system*
psu_energy_ac_mcp_machine=65321955444
-------
timestamp=3408548008414253
iterations=7354
sample_ns=100000000
window_ns=1000000000
rapl_core_sum_uj=23950214046
rapl_psys_sum_uj=0
pid=0 energy=34496279759685575 alive=1 kernel=1 cpu_ns=6891723408000000 mem=555450368 instructions=7532543937115 wakeups=20373225 diski=8777728 disko=545398784 rx=72369783 tx=30639541 comm=*system*
psu_energy_ac_mcp_machine=65335832520
-------
timestamp=3408548141800295
iterations=7356
sample_ns=100000000
window_ns=1000000000
rapl_core_sum_uj=23955963923
rapl_psys_sum_uj=0
pid=0 energy=34496286466033170 alive=1 kernel=1 cpu_ns=6891723630000000 mem=555560960 instructions=7533663206634 wakeups=20373449 diski=8777728 disko=545398784 rx=72369783 tx=30639541 comm=*system*
psu_energy_ac_mcp_machine=65346116821
-------
timestamp=3408548271861603
iterations=7357
sample_ns=100000000
window_ns=1000000000
rapl_core_sum_uj=23958911432
rapl_psys_sum_uj=0
pid=0 energy=34496289920113175 alive=1 kernel=1 cpu_ns=6891723747000000 mem=555577344 instructions=7534237022635 wakeups=20373672 diski=8777728 disko=545398784 rx=72369783 tx=30639541 comm=*system*
psu_energy_ac_mcp_machine=65356368530
-------
timestamp=3408548402102008
iterations=7358
sample_ns=100000000
window_ns=1000000000
rapl_core_sum_uj=23962006768
rapl_psys_sum_uj=0
pid=0 energy=34496293337179100 alive=1 kernel=1 cpu_ns=6891723863000000 mem=555581440 instructions=7534804435820 wakeups=20373892 diski=8777728 disko=545398784 rx=72369783 tx=30639541 comm=*system*
psu_energy_ac_mcp_machine=65370216309
-------
timestamp=3408548535239305
iterations=7359
sample_ns=100000000
window_ns=1000000000
rapl_core_sum_uj=23965001946
rapl_psys_sum_uj=0
pid=0 energy=34496296795198000 alive=1 kernel=1 cpu_ns=6891723982000000 mem=555552768 instructions=7535377039600 wakeups=20374098 diski=8777728 disko=545398784 rx=72369783 tx=30639541 comm=*system*
psu_energy_ac_mcp_machine=65380355469
-------
timestamp=3408548668645181
iterations=7361
sample_ns=100000000
window_ns=1000000000
rapl_core_sum_uj=23970629142
rapl_psys_sum_uj=0
pid=0 energy=34496303383498500 alive=1 kernel=1 cpu_ns=6891724203000000 mem=555577344 instructions=7536473699700 wakeups=20374337 diski=8777728 disko=545583104 rx=72369783 tx=30639541 comm=*system*
psu_energy_ac_mcp_machine=65390694092
-------
timestamp=3408548798833405
iterations=7362
sample_ns=100000000
window_ns=1000000000
rapl_core_sum_uj=23973740470
rapl_psys_sum_uj=0
pid=0 energy=34496306833711555 alive=1 kernel=1 cpu_ns=6891724322000000 mem=555573248 instructions=7537044742311 wakeups=20374557 diski=8777728 disko=545583104 rx=72369783 tx=30639541 comm=*system*
psu_energy_ac_mcp_machine=65401130371
-------
timestamp=3408548929384912
iterations=7363
sample_ns=100000000
window_ns=1000000000
rapl_core_sum_uj=23976684500
rapl_psys_sum_uj=0
pid=0 energy=34496310288845670 alive=1 kernel=1 cpu_ns=6891724440000000 mem=555585536 instructions=7537617769134 wakeups=20374768 diski=8777728 disko=545583104 rx=72369783 tx=30639541 comm=*system*
psu_energy_ac_mcp_machine=65414773315
-------
timestamp=3408549061950253
iterations=7365
sample_ns=100000000
window_ns=1000000000
rapl_core_sum_uj=23982381764
rapl_psys_sum_uj=0
pid=0 energy=34496317122230480 alive=1 kernel=1 cpu_ns=6891724668000000 mem=556716032 instructions=7538756446096 wakeups=20375012 diski=8777728 disko=545583104 rx=72369783 tx=30639541 comm=*system*
psu_energy_ac_mcp_machine=65425062134
-------
timestamp=3408549191739285
iterations=7366
sample_ns=100000000
window_ns=1000000000
rapl_core_sum_uj=23985606251
rapl_psys_sum_uj=0
pid=0 energy=34496320412164840 alive=1 kernel=1 cpu_ns=6891724778000000 mem=555577344 instructions=7539304432968 wakeups=20375190 diski=8777728 disko=545583104 rx=72369783 tx=30639541 comm=*system*
psu_energy_ac_mcp_machine=65435733032
-------
timestamp=3408549321848169
iterations=7367
sample_ns=100000000
window_ns=1000000000
rapl_core_sum_uj=23988547840
rapl_psys_sum_uj=0
pid=0 energy=34496323871654960 alive=1 kernel=1 cpu_ns=6891724897000000 mem=555589632 instructions=7539877330992 wakeups=20375406 diski=8777728 disko=545583104 rx=72369784 tx=30639541 comm=*system*
psu_energy_ac_mcp_machine=65449396240
-------
timestamp=3408549454601471
iterations=7368
sample_ns=100000000
window_ns=1000000000
rapl_core_sum_uj=23991472095
rapl_psys_sum_uj=0
pid=0 energy=34496327324421350 alive=1 kernel=1 cpu_ns=6891725015000000 mem=555589632 instructions=7540449884270 wakeups=20375615 diski=8777728 disko=545583104 rx=72369786 tx=30639541 comm=*system*
psu_energy_ac_mcp_machine=65459537231
-------
timestamp=3408549587919688
iterations=7370
sample_ns=100000000
window_ns=1000000000
rapl_core_sum_uj=23997270861
rapl_psys_sum_uj=0
pid=0 energy=34496333929769935 alive=1 kernel=1 cpu_ns=6891725241000000 mem=555593728 instructions=7541544953987 wakeups=20375845 diski=8777728 disko=545583104 rx=72369786 tx=30639541 comm=*system*
psu_energy_ac_mcp_machine=65470043579
-------
timestamp=3408549717613464
iterations=7371
sample_ns=100000000
window_ns=1000000000
rapl_core_sum_uj=24000197008
rapl_psys_sum_uj=0
pid=0 energy=34496337375836205 alive=1 kernel=1 cpu_ns=6891725357000000 mem=555585536 instructions=7542118167241 wakeups=20376058 diski=8777728 disko=545583104 rx=72369786 tx=30639541 comm=*system*
psu_energy_ac_mcp_machine=65480389404
-------
timestamp=3408549847600651
iterations=7372
sample_ns=100000000
window_ns=1000000000
rapl_core_sum_uj=24003114244
rapl_psys_sum_uj=0
pid=0 energy=34496340843861970 alive=1 kernel=1 cpu_ns=6891725476000000 mem=555597824 instructions=7542692772394 wakeups=20376277 diski=8777728 disko=545583104 rx=72369786 tx=30639541 comm=*system*
psu_energy_ac_mcp_machine=65493975220
-------
timestamp=3408549981163431
iterations=7373
sample_ns=100000000
window_ns=1000000000
rapl_core_sum_uj=24006122544
rapl_psys_sum_uj=0
pid=0 energy=34496344288773045 alive=1 kernel=1 cpu_ns=6891725594000000 mem=555524096 instructions=7543263754609 wakeups=20376494 diski=8777728 disko=545611776 rx=72369786 tx=30639541 comm=*system*
psu_energy_ac_mcp_machine=65504469971
-------
timestamp=3408550110869715
iterations=7375
sample_ns=100000000
window_ns=1000000000
rapl_core_sum_uj=24012114120
rapl_psys_sum_uj=0
pid=0 energy=34496350998591080 alive=1 kernel=1 cpu_ns=6891725818000000 mem=555601920 instructions=7544381718216 wakeups=20376715 diski=8777728 disko=545611776 rx=72369786 tx=30639541 comm=*system*
psu_energy_ac_mcp_machine=65514928101
-------
timestamp=3408550240858194
iterations=7376
sample_ns=100000000
window_ns=1000000000
rapl_core_sum_uj=24015029098
rapl_psys_sum_uj=0
pid=0 energy=34496354466330020 alive=1 kernel=1 cpu_ns=6891725935000000 mem=555601920 instructions=7544958266004 wakeups=20376919 diski=8777728 disko=545611776 rx=72369786 tx=30639541 comm=*system*
psu_energy_ac_mcp_machine=65528632813
-------
timestamp=3408550373992757
iterations=7377
sample_ns=100000000
window_ns=1000000000
rapl_core_sum_uj=24018070723
rapl_psys_sum_uj=0
pid=0 energy=34496357808470635 alive=1 kernel=1 cpu_ns=6891726052000000 mem=555601920 instructions=7545509694127 wakeups=20377132 diski=8777728 disko=545611776 rx=72369786 tx=30639541 comm=*system*
psu_energy_ac_mcp_machine=65539134277
-------
timestamp=3408550506586848
iterations=7378
sample_ns=100000000
window_ns=1000000000
rapl_core_sum_uj=24021221723
rapl_psys_sum_uj=0
pid=0 energy=34496361244965420 alive=1 kernel=1 cpu_ns=6891726169000000 mem=555589632 instructions=7546079993084 wakeups=20377335 diski=8777728 disko=545611776 rx=72369786 tx=30639541 comm=*system*
psu_energy_ac_mcp_machine=65549606445
-------
timestamp=3408550637188397
iterations=7380
sample_ns=100000000
window_ns=1000000000
rapl_core_sum_uj=24026904218
rapl_psys_sum_uj=0
pid=0 energy=34496367979228170 alive=1 kernel=1 cpu_ns=6891726392000000 mem=555589632 instructions=7547203845634 wakeups=20377559 diski=8777728 disko=545611776 rx=72369786 tx=30639541 comm=*system*
psu_energy_ac_mcp_machine=65559945679
-------
timestamp=3408550766889175
iterations=7381
sample_ns=100000000
window_ns=1000000000
rapl_core_sum_uj=24029814618
rapl_psys_sum_uj=0
pid=0 energy=34496371447250330 alive=1 kernel=1 cpu_ns=6891726510000000 mem=555593728 instructions=7547779450066 wakeups=20377773 diski=8777728 disko=545611776 rx=72369786 tx=30639541 comm=*system*
psu_energy_ac_mcp_machine=65573522827
-------
timestamp=3408550900388092
iterations=7382
sample_ns=100000000
window_ns=1000000000
rapl_core_sum_uj=24032858807
rapl_psys_sum_uj=0
pid=0 energy=34496374873944120 alive=1 kernel=1 cpu_ns=6891726626000000 mem=555593728 instructions=7548348788824 wakeups=20377982 diski=8777728 disko=545611776 rx=72369786 tx=30639541 comm=*system*
psu_energy_ac_mcp_machine=65583948975
-------
timestamp=3408551030488682
iterations=7383
sample_ns=100000000
window_ns=1000000000
rapl_core_sum_uj=24035861614
rapl_psys_sum_uj=0
pid=0 energy=34496378327448655 alive=1 kernel=1 cpu_ns=6891726741000000 mem=555376640 instructions=7548924489731 wakeups=20378200 diski=8777728 disko=545611776 rx=72369786 tx=30639541 comm=*system*
psu_energy_ac_mcp_machine=65594260376
-------
timestamp=3408551160724920
iterations=7385
sample_ns=100000000
window_ns=1000000000
rapl_core_sum_uj=24041454081
rapl_psys_sum_uj=0
pid=0 energy=34496384932065315 alive=1 kernel=1 cpu_ns=6891726963000000 mem=555778048 instructions=7550023413063 wakeups=20378425 diski=8777728 disko=545611776 rx=72369786 tx=30639541 comm=*system*
psu_energy_ac_mcp_machine=65607894409
-------
timestamp=3408551293296055
iterations=7386
sample_ns=100000000
window_ns=1000000000
rapl_core_sum_uj=24044697794
rapl_psys_sum_uj=0
pid=0 energy=34496388390822270 alive=1 kernel=1 cpu_ns=6891727085000000 mem=555659264 instructions=7550593164454 wakeups=20378632 diski=8777728 disko=545611776 rx=72369786 tx=30639541 comm=*system*
psu_energy_ac_mcp_machine=65618539063
-------
timestamp=3408551426308431
iterations=7387
sample_ns=100000000
window_ns=1000000000
rapl_core_sum_uj=24047691812
rapl_psys_sum_uj=0
pid=0 energy=34496391842303790 alive=1 kernel=1 cpu_ns=6891727201000000 mem=555773952 instructions=7551167460758 wakeups=20378838 diski=8777728 disko=545611776 rx=72369788 tx=30639541 comm=*system*
psu_energy_ac_mcp_machine=65628697021
-------
timestamp=3408551556228169
iterations=7388
sample_ns=100000000
window_ns=1000000000
rapl_core_sum_uj=24050558633
rapl_psys_sum_uj=0
pid=0 energy=34496395297790815 alive=1 kernel=1 cpu_ns=6891727316000000 mem=555425792 instructions=7551743558163 wakeups=20379041 diski=8777728 disko=545611776 rx=72369788 tx=30639541 comm=*system*
psu_energy_ac_mcp_machine=65639155029
-------
timestamp=3408551686415785
iterations=7390
sample_ns=100000000
window_ns=1000000000
rapl_core_sum_uj=24056672524
rapl_psys_sum_uj=0
pid=0 energy=34496402001681745 alive=1 kernel=1 cpu_ns=6891727537000000 mem=555630592 instructions=7552863336349 wakeups=20379267 diski=8777728 disko=545611776 rx=72369788 tx=30639541 comm=*system*
psu_energy_ac_mcp_machine=65653339478
-------
timestamp=3408551820122858
iterations=7391
sample_ns=100000000
window_ns=1000000000
rapl_core_sum_uj=24059803139
rapl_psys_sum_uj=0
pid=0 energy=34496405408649875 alive=1 kernel=1 cpu_ns=6891727651000000 mem=555548672 instructions=7553430729975 wakeups=20379486 diski=8777728 disko=545611776 rx=72369788 tx=30639541 comm=*system*
psu_energy_ac_mcp_machine=65663652710
-------
timestamp=3408551950007138
iterations=7392
sample_ns=100000000
window_ns=1000000000
rapl_core_sum_uj=24062721779
rapl_psys_sum_uj=0
pid=0 energy=34496408879072885 alive=1 kernel=1 cpu_ns=6891727769000000 mem=555556864 instructions=7554006814577 wakeups=20379703 diski=8777728 disko=545611776 rx=72369788 tx=30639541 comm=*system*
psu_energy_ac_mcp_machine=65673877808
-------
timestamp=3408552081018614
iterations=7394
sample_ns=100000000
window_ns=1000000000
rapl_core_sum_uj=24068583350
rapl_psys_sum_uj=0
pid=0 energy=34496415533824245 alive=1 kernel=1 cpu_ns=6891727997000000 mem=556060672 instructions=7555109764849 wakeups=20379931 diski=8777728 disko=545611776 rx=72369788 tx=30639541 comm=*system*
psu_energy_ac_mcp_machine=65687838623
-------
timestamp=3408552214437033
iterations=7395
sample_ns=100000000
window_ns=1000000000
rapl_core_sum_uj=24071464453
rapl_psys_sum_uj=0
pid=0 energy=34496418932956560 alive=1 kernel=1 cpu_ns=6891728112000000 mem=555610112 instructions=7555674591312 wakeups=20380144 diski=8777728 disko=545611776 rx=72369788 tx=30639541 comm=*system*
psu_energy_ac_mcp_machine=65697934937
-------
timestamp=3408552346591770
iterations=7396
sample_ns=100000000
window_ns=1000000000
rapl_core_sum_uj=24074403173
rapl_psys_sum_uj=0
pid=0 energy=34496422375870355 alive=1 kernel=1 cpu_ns=6891728227000000 mem=555622400 instructions=7556248174071 wakeups=20380359 diski=8777728 disko=545611776 rx=72369788 tx=30639541 comm=*system*
psu_energy_ac_mcp_machine=65708198242
-------
timestamp=3408552476902005
iterations=7397
sample_ns=100000000
window_ns=1000000000
rapl_core_sum_uj=24077388402
rapl_psys_sum_uj=0
pid=0 energy=34496425813307680 alive=1 kernel=1 cpu_ns=6891728344000000 mem=555610112 instructions=7556818661536 wakeups=20380565 diski=8777728 disko=545611776 rx=72369788 tx=30639541 comm=*system*
psu_energy_ac_mcp_machine=65722184204
-------
timestamp=3408552610382149
iterations=7399
sample_ns=100000000
window_ns=1000000000
rapl_core_sum_uj=24083389560
rapl_psys_sum_uj=0
pid=0 energy=34496432507710085 alive=1 kernel=1 cpu_ns=6891728566000000 mem=555614208 instructions=7557935542017 wakeups=20380791 diski=8777728 disko=545611776 rx=72369788 tx=30639541 comm=*system*
psu_energy_ac_mcp_machine=65732431519
-------
timestamp=3408552743332674
iterations=7400
sample_ns=100000000
window_ns=1000000000
rapl_core_sum_uj=24086315158
rapl_psys_sum_uj=0
pid=0 energy=34496435964986505 alive=1 kernel=1 cpu_ns=6891728681000000 mem=555626496 instructions=7558511997301 wakeups=20381008 diski=8777728 disko=545611776 rx=72369788 tx=30639541 comm=*system*
psu_energy_ac_mcp_machine=65742730103
-------
timestamp=3408552873561734
iterations=7401
sample_ns=100000000
window_ns=1000000000
rapl_core_sum_uj=24089326632
rapl_psys_sum_uj=0
pid=0 energy=34496439411841790 alive=1 kernel=1 cpu_ns=6891728798000000 mem=555634688 instructions=7559084368358 wakeups=20381208 diski=8777728 disko=545611776 rx=72369788 tx=30639541 comm=*system*
psu_energy_ac_mcp_machine=65753068115
-------
timestamp=3408553003719678
iterations=7402
sample_ns=100000000
window_ns=1000000000
rapl_core_sum_uj=24092459505
rapl_psys_sum_uj=0
pid=0 energy=34496442747068530 alive=1 kernel=1 cpu_ns=6891728915000000 mem=555634688 instructions=7559634413706 wakeups=20381421 diski=8777728 disko=545611776 rx=72369788 tx=30639541 comm=*system*
psu_energy_ac_mcp_machine=65766973267
-------
timestamp=3408553137253453
iterations=7404
sample_ns=100000000
window_ns=1000000000
rapl_core_sum_uj=24098144685
rapl_psys_sum_uj=0
pid=0 energy=34496449494357355 alive=1 kernel=1 cpu_ns=6891729140000000 mem=555786240 instructions=7560758871471 wakeups=20381642 diski=8777728 disko=545611776 rx=72369788 tx=30639541 comm=*system*
psu_energy_ac_mcp_machine=65777233276
-------
timestamp=3408553266943144
iterations=7405
sample_ns=100000000
window_ns=1000000000
rapl_core_sum_uj=24101226044
rapl_psys_sum_uj=0
pid=0 energy=34496452937891400 alive=1 kernel=1 cpu_ns=6891729255000000 mem=555573248 instructions=7561332578280 wakeups=20381853 diski=8777728 disko=545611776 rx=72369788 tx=30639541 comm=*system*
psu_energy_ac_mcp_machine=65787601318
-------
timestamp=3408553397311169
iterations=7406
sample_ns=100000000
window_ns=1000000000
rapl_core_sum_uj=24104386078
rapl_psys_sum_uj=0
pid=0 energy=34496456387146880 alive=1 kernel=1 cpu_ns=6891729372000000 mem=555753472 instructions=7561905429376 wakeups=20382060 diski=8777728 disko=545611776 rx=72369788 tx=30639541 comm=*system*
psu_energy_ac_mcp_machine=65801566772
-------
timestamp=3408553529786292
iterations=7407
sample_ns=100000000
window_ns=1000000000
rapl_core_sum_uj=24107401397
rapl_psys_sum_uj=0
pid=0 energy=34496459834390955 alive=1 kernel=1 cpu_ns=6891729489000000 mem=555888640 instructions=7562477878191 wakeups=20382260 diski=8777728 disko=545611776 rx=72369790 tx=30639541 comm=*system*
psu_energy_ac_mcp_machine=65811800049
-------
timestamp=3408553662472046
iterations=7409
sample_ns=100000000
window_ns=1000000000
rapl_core_sum_uj=24112980742
rapl_psys_sum_uj=0
pid=0 energy=34496466564386525 alive=1 kernel=1 cpu_ns=6891729713000000 mem=555565056 instructions=7563599877305 wakeups=20382482 diski=8777728 disko=545611776 rx=72369790 tx=30639541 comm=*system*
psu_energy_ac_mcp_machine=65822048462
-------
timestamp=3408553792323254
iterations=7410
sample_ns=100000000
window_ns=1000000000
rapl_core_sum_uj=24116059294
rapl_psys_sum_uj=0
pid=0 energy=34496469901966115 alive=1 kernel=1 cpu_ns=6891729832000000 mem=555585536 instructions=7564148393223 wakeups=20382699 diski=8777728 disko=545611776 rx=72369790 tx=30639541 comm=*system*
psu_energy_ac_mcp_machine=65832445068
-------
timestamp=3408553921797395
iterations=7411
sample_ns=100000000
window_ns=1000000000
rapl_core_sum_uj=24119027738
rapl_psys_sum_uj=0
pid=0 energy=34496473347588235 alive=1 kernel=1 cpu_ns=6891729948000000 mem=555757568 instructions=7564721517647 wakeups=20382904 diski=8777728 disko=545611776 rx=72369790 tx=30639541 comm=*system*
psu_energy_ac_mcp_machine=65846071289
-------
timestamp=3408554054257389
iterations=7413
sample_ns=100000000
window_ns=1000000000
rapl_core_sum_uj=24124711453
rapl_psys_sum_uj=0
pid=0 energy=34496480195334770 alive=1 kernel=1 cpu_ns=6891730178000000 mem=556756992 instructions=7565861066954 wakeups=20383148 diski=8777728 disko=545611776 rx=72369790 tx=30639541 comm=*system*
psu_energy_ac_mcp_machine=65856299072
-------
timestamp=3408554185411475
iterations=7414
sample_ns=100000000
window_ns=1000000000
rapl_core_sum_uj=24127785061
rapl_psys_sum_uj=0
pid=0 energy=34496483519006030 alive=1 kernel=1 cpu_ns=6891730288000000 mem=555646976 instructions=7566415801206 wakeups=20383341 diski=8777728 disko=545611776 rx=72369790 tx=30639541 comm=*system*
psu_energy_ac_mcp_machine=65866754761
-------
timestamp=3408554314895604
iterations=7415
sample_ns=100000000
window_ns=1000000000
rapl_core_sum_uj=24130947597
rapl_psys_sum_uj=0
pid=0 energy=34496486949031450 alive=1 kernel=1 cpu_ns=6891730404000000 mem=555646976 instructions=7566985806290 wakeups=20383556 diski=8777728 disko=545611776 rx=72369790 tx=30639541 comm=*system*
psu_energy_ac_mcp_machine=65877308594
-------
timestamp=3408554444529547
iterations=7416
sample_ns=100000000
window_ns=1000000000
rapl_core_sum_uj=24133885646
rapl_psys_sum_uj=0
pid=0 energy=34496490403943710 alive=1 kernel=1 cpu_ns=6891730518000000 mem=555646976 instructions=7567562788742 wakeups=20383767 diski=8777728 disko=545611776 rx=72369790 tx=30639541 comm=*system*
psu_energy_ac_mcp_machine=65890858643
-------
timestamp=3408554578492452
iterations=7418
sample_ns=100000000
window_ns=1000000000
rapl_core_sum_uj=24139790613
rapl_psys_sum_uj=0
pid=0 energy=34496497045766985 alive=1 kernel=1 cpu_ns=6891730744000000 mem=555864064 instructions=7568665153397 wakeups=20383995 diski=8777728 disko=545611776 rx=72369790 tx=30639541 comm=*system*
psu_energy_ac_mcp_machine=65901321777
-------
timestamp=3408554708445817
iterations=7419
sample_ns=100000000
window_ns=1000000000
rapl_core_sum_uj=24142878747
rapl_psys_sum_uj=0
pid=0 energy=34496500450139095 alive=1 kernel=1 cpu_ns=6891730858000000 mem=555646976 instructions=7569232027819 wakeups=20384217 diski=8777728 disko=545611776 rx=72369790 tx=30639541 comm=*system*
psu_energy_ac_mcp_machine=65911814209
-------
timestamp=3408554837856437
iterations=7420
sample_ns=100000000
window_ns=1000000000
rapl_core_sum_uj=24145796898
rapl_psys_sum_uj=0
pid=0 energy=34496503903367145 alive=1 kernel=1 cpu_ns=6891730974000000 mem=555638784 instructions=7569806673429 wakeups=20384426 diski=8777728 disko=545611776 rx=72369790 tx=30639541 comm=*system*
psu_energy_ac_mcp_machine=65925462158
-------
timestamp=3408554970935770
iterations=7421
sample_ns=100000000
window_ns=1000000000
rapl_core_sum_uj=24148782554
rapl_psys_sum_uj=0
pid=0 energy=34496507357493810 alive=1 kernel=1 cpu_ns=6891731091000000 mem=555638784 instructions=7570380498762 wakeups=20384641 diski=8777728 disko=545611776 rx=72369790 tx=30639541 comm=*system*
psu_energy_ac_mcp_machine=65935931885
-------
timestamp=3408555104733505
iterations=7423
sample_ns=100000000
window_ns=1000000000
rapl_core_sum_uj=24154794760
rapl_psys_sum_uj=0
pid=0 energy=34496514045089760 alive=1 kernel=1 cpu_ns=6891731313000000 mem=555646976 instructions=7571496017952 wakeups=20384868 diski=8777728 disko=545632256 rx=72369790 tx=30639541 comm=*system*
psu_energy_ac_mcp_machine=65946425171
-------
timestamp=3408555234729461
iterations=7424
sample_ns=100000000
window_ns=1000000000
rapl_core_sum_uj=24157705648
rapl_psys_sum_uj=0
pid=0 energy=34496517522586565 alive=1 kernel=1 cpu_ns=6891731433000000 mem=555708416 instructions=7572071517313 wakeups=20385083 diski=8777728 disko=545632256 rx=72369790 tx=30639541 comm=*system*
psu_energy_ac_mcp_machine=65960091553
-------
timestamp=3408555368728003
iterations=7425
sample_ns=100000000
window_ns=1000000000
rapl_core_sum_uj=24160628560
rapl_psys_sum_uj=0
pid=0 energy=34496520998014290 alive=1 kernel=1 cpu_ns=6891731553000000 mem=555712512 instructions=7572646602858 wakeups=20385292 diski=8777728 disko=545632256 rx=72369790 tx=30639541 comm=*system*
psu_energy_ac_mcp_machine=65970300659
-------
timestamp=3408555501479799
iterations=7426
sample_ns=100000000
window_ns=1000000000
rapl_core_sum_uj=24163626973
rapl_psys_sum_uj=0
pid=0 energy=34496524320354245 alive=1 kernel=1 cpu_ns=6891731672000000 mem=555483136 instructions=7573192070849 wakeups=20385508 diski=8777728 disko=545632256 rx=72369792 tx=30639541 comm=*system*
psu_energy_ac_mcp_machine=65980817627
-------
timestamp=3408555631696139
iterations=7428
sample_ns=100000000
window_ns=1000000000
rapl_core_sum_uj=24169316364
rapl_psys_sum_uj=0
pid=0 energy=34496531038370055 alive=1 kernel=1 cpu_ns=6891731893000000 mem=555679744 instructions=7574314674011 wakeups=20385734 diski=8777728 disko=545632256 rx=72369792 tx=30639541 comm=*system*
psu_energy_ac_mcp_machine=65991171509
-------
timestamp=3408555762416842
iterations=7429
sample_ns=100000000
window_ns=1000000000
rapl_core_sum_uj=24172229327
rapl_psys_sum_uj=0
pid=0 energy=34496534528280395 alive=1 kernel=1 cpu_ns=6891732015000000 mem=555667456 instructions=7574890656079 wakeups=20385953 diski=8777728 disko=545632256 rx=72369792 tx=30639541 comm=*system*
psu_energy_ac_mcp_machine=66004785156
-------
timestamp=3408555895786953
iterations=7430
sample_ns=100000000
window_ns=1000000000
rapl_core_sum_uj=24175253802
rapl_psys_sum_uj=0
pid=0 energy=34496537964595885 alive=1 kernel=1 cpu_ns=6891732133000000 mem=555687936 instructions=7575459919177 wakeups=20386165 diski=8777728 disko=545632256 rx=72369792 tx=30639541 comm=*system*
psu_energy_ac_mcp_machine=66015468384
-------
timestamp=3408556025536726
iterations=7431
sample_ns=100000000
window_ns=1000000000
rapl_core_sum_uj=24178369158
rapl_psys_sum_uj=0
pid=0 energy=34496541827538820 alive=1 kernel=1 cpu_ns=6891732260000000 mem=555540480 instructions=7576105507764 wakeups=20386417 diski=8777728 disko=545632256 rx=72369792 tx=30639541 comm=*system*
psu_energy_ac_mcp_machine=66025554565
-------
timestamp=3408556155846307
iterations=7433
sample_ns=100000000
window_ns=1000000000
rapl_core_sum_uj=24183927751
rapl_psys_sum_uj=0
pid=0 energy=34496548547067480 alive=1 kernel=1 cpu_ns=6891732484000000 mem=555728896 instructions=7577225413496 wakeups=20386640 diski=8777728 disko=545632256 rx=72369792 tx=30639541 comm=*system*
psu_energy_ac_mcp_machine=66039288086
-------
timestamp=3408556288258443
iterations=7434
sample_ns=100000000
window_ns=1000000000
rapl_core_sum_uj=24186988908
rapl_psys_sum_uj=0
pid=0 energy=34496551864039075 alive=1 kernel=1 cpu_ns=6891732601000000 mem=555732992 instructions=7577771807815 wakeups=20386857 diski=8777728 disko=545632256 rx=72369792 tx=30639541 comm=*system*
psu_energy_ac_mcp_machine=66049776001
-------
timestamp=3408556421167215
iterations=7435
sample_ns=100000000
window_ns=1000000000
rapl_core_sum_uj=24189965897
rapl_psys_sum_uj=0
pid=0 energy=34496555319519360 alive=1 kernel=1 cpu_ns=6891732718000000 mem=555732992 instructions=7578345903872 wakeups=20387067 diski=8777728 disko=545632256 rx=72369792 tx=30639541 comm=*system*
psu_energy_ac_mcp_machine=66059954956
-------
timestamp=3408556551635460
iterations=7437
sample_ns=100000000
window_ns=1000000000
rapl_core_sum_uj=24195605483
rapl_psys_sum_uj=0
pid=0 energy=34496562129008575 alive=1 kernel=1 cpu_ns=6891732946000000 mem=556634112 instructions=7579479801715 wakeups=20387306 diski=8777728 disko=545632256 rx=72369793 tx=30639542 comm=*system*
psu_energy_ac_mcp_machine=66070336548
-------
timestamp=3408556681719898
iterations=7438
sample_ns=100000000
window_ns=1000000000
rapl_core_sum_uj=24198670607
rapl_psys_sum_uj=0
pid=0 energy=34496565490169710 alive=1 kernel=1 cpu_ns=6891733061000000 mem=555741184 instructions=7580037033942 wakeups=20387521 diski=8777728 disko=545632256 rx=72369793 tx=30639542 comm=*system*
psu_energy_ac_mcp_machine=66084225586
-------
timestamp=3408556815454859
iterations=7439
sample_ns=100000000
window_ns=1000000000
rapl_core_sum_uj=24201565748
rapl_psys_sum_uj=0
pid=0 energy=34496568977134570 alive=1 kernel=1 cpu_ns=6891733183000000 mem=555745280 instructions=7580612426914 wakeups=20387730 diski=8777728 disko=545632256 rx=72369793 tx=30639542 comm=*system*
psu_energy_ac_mcp_machine=66094358154
-------
timestamp=3408556945164963
iterations=7440
sample_ns=100000000
window_ns=1000000000
rapl_core_sum_uj=24204473035
rapl_psys_sum_uj=0
pid=0 energy=34496572425156295 alive=1 kernel=1 cpu_ns=6891733297000000 mem=555745280 instructions=7581188031259 wakeups=20387946 diski=8777728 disko=545632256 rx=72369793 tx=30639542 comm=*system*
psu_energy_ac_mcp_machine=66104576294
-------
timestamp=3408557075910300
iterations=7442
sample_ns=100000000
window_ns=1000000000
rapl_core_sum_uj=24210267712
rapl_psys_sum_uj=0
pid=0 energy=34496579026357840 alive=1 kernel=1 cpu_ns=6891733521000000 mem=555745280 instructions=7582284271568 wakeups=20388157 diski=8777728 disko=545632256 rx=72369793 tx=30639542 comm=*system*
psu_energy_ac_mcp_machine=66118701904
-------
timestamp=3408557209502621
iterations=7443
sample_ns=100000000
window_ns=1000000000
rapl_core_sum_uj=24213356274
rapl_psys_sum_uj=0
pid=0 energy=34496582443726460 alive=1 kernel=1 cpu_ns=6891733636000000 mem=555741184 instructions=7582852745292 wakeups=20388370 diski=8777728 disko=545632256 rx=72369793 tx=30639542 comm=*system*
psu_energy_ac_mcp_machine=66128995850
-------
timestamp=3408557343544092
iterations=7444
sample_ns=100000000
window_ns=1000000000
rapl_core_sum_uj=24216273693
rapl_psys_sum_uj=0
pid=0 energy=34496585909902825 alive=1 kernel=1 cpu_ns=6891733755000000 mem=555704320 instructions=7583426980565 wakeups=20388577 diski=8777728 disko=545632256 rx=72369793 tx=30639542 comm=*system*
psu_energy_ac_mcp_machine=66139201416
-------
timestamp=3408557474110549
iterations=7445
sample_ns=100000000
window_ns=1000000000
rapl_core_sum_uj=24219243663
rapl_psys_sum_uj=0
pid=0 energy=34496589361999745 alive=1 kernel=1 cpu_ns=6891733872000000 mem=555659264 instructions=7584000399949 wakeups=20388800 diski=8777728 disko=545632256 rx=72369795 tx=30639542 comm=*system*
psu_energy_ac_mcp_machine=66153296753
-------
timestamp=3408557611897755
iterations=7447
sample_ns=100000000
window_ns=1000000000
rapl_core_sum_uj=24225280039
rapl_psys_sum_uj=0
pid=0 energy=34496596193695440 alive=1 kernel=1 cpu_ns=6891734097000000 mem=416878592 instructions=7585141739088 wakeups=20389031 diski=8777728 disko=545632256 rx=72369797 tx=30639544 comm=*system*
psu_energy_ac_mcp_machine=66163588257
-------
timestamp=3408557774417659
iterations=7448
sample_ns=100000000
window_ns=1000000000
rapl_core_sum_uj=24230135568
rapl_psys_sum_uj=0
pid=0 energy=34496602473363100 alive=1 kernel=1 cpu_ns=6891734648000000 mem=556326912 instructions=7585846672620 wakeups=20389290 diski=8777728 disko=545632256 rx=72369801 tx=30639549 comm=*system*
psu_energy_ac_mcp_machine=66182249512
-------
timestamp=3408557932412842
iterations=7450
sample_ns=100000000
window_ns=1000000000
rapl_core_sum_uj=24240754768
rapl_psys_sum_uj=0
pid=0 energy=34496616078974320 alive=1 kernel=1 cpu_ns=6891735991000000 mem=556707840 instructions=7587224794864 wakeups=20389531 diski=8777728 disko=545632256 rx=72369801 tx=30639549 comm=*system*
psu_energy_ac_mcp_machine=66200589600
-------
timestamp=3408558086408851
iterations=7451
sample_ns=100000000
window_ns=1000000000
rapl_core_sum_uj=24246075263
rapl_psys_sum_uj=0
pid=0 energy=34496622877891235 alive=1 kernel=1 cpu_ns=6891736661000000 mem=556482560 instructions=7587914578247 wakeups=20389729 diski=8777728 disko=545632256 rx=72369801 tx=30639549 comm=*system*
psu_energy_ac_mcp_machine=66218950195
-------
timestamp=3408558246338393
iterations=7452
sample_ns=100000000
window_ns=1000000000
rapl_core_sum_uj=24251435553
rapl_psys_sum_uj=0
pid=0 energy=34496629739224485 alive=1 kernel=1 cpu_ns=6891737332000000 mem=556707840 instructions=7588615844897 wakeups=20389952 diski=8777728 disko=545632256 rx=72369801 tx=30639549 comm=*system*
psu_energy_ac_mcp_machine=66237281494
-------
timestamp=3408558409424595
iterations=7454
sample_ns=100000000
window_ns=1000000000
rapl_core_sum_uj=24262100225
rapl_psys_sum_uj=0
pid=0 energy=34496643186673020 alive=1 kernel=1 cpu_ns=6891738676000000 mem=556707840 instructions=7589961334604 wakeups=20390192 diski=8777728 disko=545632256 rx=72369801 tx=30639549 comm=*system*
psu_energy_ac_mcp_machine=66255659790
-------
timestamp=3408558563867977
iterations=7455
sample_ns=100000000
window_ns=1000000000
rapl_core_sum_uj=24267486211
rapl_psys_sum_uj=0
pid=0 energy=34496650022781520 alive=1 kernel=1 cpu_ns=6891739348000000 mem=556707840 instructions=7590656556304 wakeups=20390405 diski=8777728 disko=545632256 rx=72369801 tx=30639549 comm=*system*
psu_energy_ac_mcp_machine=66274018066
-------
timestamp=3408558725370926
iterations=7457
sample_ns=100000000
window_ns=1000000000
rapl_core_sum_uj=24278134221
rapl_psys_sum_uj=0
pid=0 energy=34496663598000370 alive=1 kernel=1 cpu_ns=6891740690000000 mem=556707840 instructions=7592029600074 wakeups=20390666 diski=8777728 disko=546390016 rx=72369801 tx=30639549 comm=*system*
psu_energy_ac_mcp_machine=66292400146
-------
timestamp=3408558885416468
iterations=7458
sample_ns=100000000
window_ns=1000000000
rapl_core_sum_uj=24283551945
rapl_psys_sum_uj=0
pid=0 energy=34496670510881455 alive=1 kernel=1 cpu_ns=6891741368000000 mem=556933120 instructions=7592734176291 wakeups=20390958 diski=8777728 disko=548204544 rx=72369801 tx=30639549 comm=*system*
psu_energy_ac_mcp_machine=66310806396
-------
timestamp=3408559045256494
iterations=7460
sample_ns=100000000
window_ns=1000000000
rapl_core_sum_uj=24294240725
rapl_psys_sum_uj=0
pid=0 energy=34496684125090280 alive=1 kernel=1 cpu_ns=6891742712000000 mem=557125632 instructions=7594113018056 wakeups=20391210 diski=8777728 disko=548204544 rx=72369801 tx=30639549 comm=*system*
psu_energy_ac_mcp_machine=66329224487
-------
timestamp=3408559205356831
iterations=7461
sample_ns=100000000
window_ns=1000000000
rapl_core_sum_uj=24299548647
rapl_psys_sum_uj=0
pid=0 energy=34496690657934080 alive=1 kernel=1 cpu_ns=6891743375000000 mem=556449792 instructions=7594756586816 wakeups=20391418 diski=8777728 disko=548204544 rx=72369801 tx=30639549 comm=*system*
psu_energy_ac_mcp_machine=66347653931
-------
timestamp=3408559365395648
iterations=7462
sample_ns=100000000
window_ns=1000000000
rapl_core_sum_uj=24304919496
rapl_psys_sum_uj=0
pid=0 energy=34496697516066610 alive=1 kernel=1 cpu_ns=6891744047000000 mem=556675072 instructions=7595456213322 wakeups=20391631 diski=8777728 disko=548204544 rx=72369801 tx=30639549 comm=*system*
psu_energy_ac_mcp_machine=66366062744
-------
timestamp=3408559524725159
iterations=7464
sample_ns=100000000
window_ns=1000000000
rapl_core_sum_uj=24315570008
rapl_psys_sum_uj=0
pid=0 energy=34496711073111025 alive=1 kernel=1 cpu_ns=6891745390000000 mem=556449792 instructions=7596824622205 wakeups=20391847 diski=8777728 disko=548204544 rx=72369803 tx=30639549 comm=*system*
psu_energy_ac_mcp_machine=66384437012
-------
timestamp=3408559688491325
iterations=7465
sample_ns=100000000
window_ns=1000000000
rapl_core_sum_uj=24320943421
rapl_psys_sum_uj=0
pid=0 energy=34496717925749355 alive=1 kernel=1 cpu_ns=6891746062000000 mem=556675072 instructions=7597523149871 wakeups=20392086 diski=8777728 disko=548204544 rx=72369803 tx=30639549 comm=*system*
psu_energy_ac_mcp_machine=66402824341
-------
timestamp=3408559848676583
iterations=7467
sample_ns=100000000
window_ns=1000000000
rapl_core_sum_uj=24331579833
rapl_psys_sum_uj=0
pid=0 energy=34496731473181910 alive=1 kernel=1 cpu_ns=6891747406000000 mem=556675072 instructions=7598888636382 wakeups=20392319 diski=8777728 disko=548204544 rx=72369803 tx=30639549 comm=*system*
psu_energy_ac_mcp_machine=66421283203
-------
timestamp=3408560004833112
iterations=7468
sample_ns=100000000
window_ns=1000000000
rapl_core_sum_uj=24337014281
rapl_psys_sum_uj=0
pid=0 energy=34496738264812545 alive=1 kernel=1 cpu_ns=6891748084000000 mem=556687360 instructions=7599568962509 wakeups=20392533 diski=8777728 disko=548204544 rx=72369803 tx=30639549 comm=*system*
psu_energy_ac_mcp_machine=66439694580
-------
timestamp=3408560162622432
iterations=7470
sample_ns=100000000
window_ns=1000000000
rapl_core_sum_uj=24347719297
rapl_psys_sum_uj=0
pid=0 energy=34496751870934115 alive=1 kernel=1 cpu_ns=6891749428000000 mem=557588480 instructions=7600946186823 wakeups=20392798 diski=8777728 disko=548241408 rx=72369803 tx=30639549 comm=*system*
psu_energy_ac_mcp_machine=66458090820
-------
timestamp=3408560327397162
iterations=7471
sample_ns=100000000
window_ns=1000000000
rapl_core_sum_uj=24353000730
rapl_psys_sum_uj=0
pid=0 energy=34496758584178010 alive=1 kernel=1 cpu_ns=6891750094000000 mem=556462080 instructions=7601622835602 wakeups=20392999 diski=8777728 disko=548241408 rx=72369803 tx=30639549 comm=*system*
psu_energy_ac_mcp_machine=66476493530
-------
timestamp=3408560485395615
iterations=7472
sample_ns=100000000
window_ns=1000000000
rapl_core_sum_uj=24358422482
rapl_psys_sum_uj=0
pid=0 energy=34496765483328015 alive=1 kernel=1 cpu_ns=6891750770000000 mem=556687360 instructions=7602326665603 wakeups=20393222 diski=8777728 disko=548241408 rx=72369803 tx=30639549 comm=*system*
psu_energy_ac_mcp_machine=66494892090
-------
timestamp=3408560645410701
iterations=7474
sample_ns=100000000
window_ns=1000000000
rapl_core_sum_uj=24369059383
rapl_psys_sum_uj=0
pid=0 energy=34496778829308760 alive=1 kernel=1 cpu_ns=6891752108000000 mem=556462080 instructions=7603657861752 wakeups=20393455 diski=8777728 disko=548241408 rx=72369803 tx=30639549 comm=*system*
psu_energy_ac_mcp_machine=66513341553
-------
timestamp=3408560805836596
iterations=7475
sample_ns=100000000
window_ns=1000000000
rapl_core_sum_uj=24374476192
rapl_psys_sum_uj=0
pid=0 energy=34496785746945400 alive=1 kernel=1 cpu_ns=6891752786000000 mem=556236800 instructions=7604363389080 wakeups=20393675 diski=8777728 disko=548241408 rx=72369803 tx=30639549 comm=*system*
psu_energy_ac_mcp_machine=66531713623
-------
timestamp=3408560966406617
iterations=7477
sample_ns=100000000
window_ns=1000000000
rapl_core_sum_uj=24385066157
rapl_psys_sum_uj=0
pid=0 energy=34496799242252270 alive=1 kernel=1 cpu_ns=6891754124000000 mem=556457984 instructions=7605724450454 wakeups=20393931 diski=8777728 disko=548241408 rx=72369803 tx=30639549 comm=*system*
psu_energy_ac_mcp_machine=66550108154
-------
timestamp=3408561123866597
iterations=7478
sample_ns=100000000
window_ns=1000000000
rapl_core_sum_uj=24390423456
rapl_psys_sum_uj=0
pid=0 energy=34496806103285920 alive=1 kernel=1 cpu_ns=6891754796000000 mem=556457984 instructions=7606424657184 wakeups=20394148 diski=8777728 disko=548241408 rx=72369803 tx=30639549 comm=*system*
psu_energy_ac_mcp_machine=66568527588
-------
timestamp=3408561286378205
iterations=7480
sample_ns=100000000
window_ns=1000000000
rapl_core_sum_uj=24401156121
rapl_psys_sum_uj=0
pid=0 energy=34496819864468600 alive=1 kernel=1 cpu_ns=6891756146000000 mem=557359104 instructions=7607826893720 wakeups=20394391 diski=8777728 disko=548241408 rx=72369803 tx=30639549 comm=*system*
psu_energy_ac_mcp_machine=66586940552
-------
timestamp=3408561447883230
iterations=7481
sample_ns=100000000
window_ns=1000000000
rapl_core_sum_uj=24406473503
rapl_psys_sum_uj=0
pid=0 energy=34496826475060520 alive=1 kernel=1 cpu_ns=6891756812000000 mem=556683264 instructions=7608483012104 wakeups=20394594 diski=8777728 disko=548241408 rx=72369805 tx=30639549 comm=*system*
psu_energy_ac_mcp_machine=66605399902
-------
timestamp=3408561603771701
iterations=7482
sample_ns=100000000
window_ns=1000000000
rapl_core_sum_uj=24411840446
rapl_psys_sum_uj=0
pid=0 energy=34496833334134355 alive=1 kernel=1 cpu_ns=6891757484000000 mem=556683264 instructions=7609182826871 wakeups=20394805 diski=8777728 disko=548241408 rx=72369805 tx=30639549 comm=*system*
psu_energy_ac_mcp_machine=66623807007
-------
timestamp=3408561766353102
iterations=7484
sample_ns=100000000
window_ns=1000000000
rapl_core_sum_uj=24422484854
rapl_psys_sum_uj=0
pid=0 energy=34496846901150855 alive=1 kernel=1 cpu_ns=6891758834000000 mem=556908544 instructions=7610546230171 wakeups=20395031 diski=8777728 disko=548241408 rx=72369805 tx=30639549 comm=*system*
psu_energy_ac_mcp_machine=66642205322
-------
timestamp=3408561922845240
iterations=7485
sample_ns=100000000
window_ns=1000000000
rapl_core_sum_uj=24427804800
rapl_psys_sum_uj=0
pid=0 energy=34496853689297740 alive=1 kernel=1 cpu_ns=6891759499000000 mem=556560384 instructions=7611238859548 wakeups=20395254 diski=8777728 disko=548241408 rx=72369805 tx=30639549 comm=*system*
psu_energy_ac_mcp_machine=66660620361
-------
timestamp=3408562083424332
iterations=7487
sample_ns=100000000
window_ns=1000000000
rapl_core_sum_uj=24438524647
rapl_psys_sum_uj=0
pid=0 energy=34496867188308245 alive=1 kernel=1 cpu_ns=6891760849000000 mem=556462080 instructions=7612588661649 wakeups=20395481 diski=8777728 disko=548241408 rx=72369805 tx=30639549 comm=*system*
psu_energy_ac_mcp_machine=66679086548
-------
timestamp=3408562244460169
iterations=7488
sample_ns=100000000
window_ns=1000000000
rapl_core_sum_uj=24443818165
rapl_psys_sum_uj=0
pid=0 energy=34496873878878005 alive=1 kernel=1 cpu_ns=6891761515000000 mem=556687360 instructions=7613260775601 wakeups=20395686 diski=8777728 disko=548241408 rx=72369805 tx=30639549 comm=*system*
psu_energy_ac_mcp_machine=66697475464
-------
timestamp=3408562410465954
iterations=7490
sample_ns=100000000
window_ns=1000000000
rapl_core_sum_uj=24454545398
rapl_psys_sum_uj=0
pid=0 energy=34496887558096940 alive=1 kernel=1 cpu_ns=6891762864000000 mem=557137920 instructions=7614647619388 wakeups=20395940 diski=8777728 disko=548241408 rx=72369805 tx=30639549 comm=*system*
psu_energy_ac_mcp_machine=66715888184
-------
timestamp=3408562567418037
iterations=7491
sample_ns=100000000
window_ns=1000000000
rapl_core_sum_uj=24459819201
rapl_psys_sum_uj=0
pid=0 energy=34496894284028770 alive=1 kernel=1 cpu_ns=6891763529000000 mem=556236800 instructions=7615327805754 wakeups=20396149 diski=8777728 disko=548241408 rx=72369805 tx=30639549 comm=*system*
psu_energy_ac_mcp_machine=66734290649
-------
timestamp=3408562725432760
iterations=7492
sample_ns=100000000
window_ns=1000000000
rapl_core_sum_uj=24465228991
rapl_psys_sum_uj=0
pid=0 energy=34496901194770085 alive=1 kernel=1 cpu_ns=6891764207000000 mem=556462080 instructions=7616031954017 wakeups=20396376 diski=8777728 disko=548241408 rx=72369805 tx=30639549 comm=*system*
psu_energy_ac_mcp_machine=66752670654
-------
timestamp=3408562884356067
iterations=7494
sample_ns=100000000
window_ns=1000000000
rapl_core_sum_uj=24475865404
rapl_psys_sum_uj=0
pid=0 energy=34496914568537865 alive=1 kernel=1 cpu_ns=6891765544000000 mem=556486656 instructions=7617369707573 wakeups=20396616 diski=8777728 disko=548241408 rx=72369805 tx=30639549 comm=*system*
psu_energy_ac_mcp_machine=66771110596
-------
timestamp=3408563042963923
iterations=7495
sample_ns=100000000
window_ns=1000000000
rapl_core_sum_uj=24481225206
rapl_psys_sum_uj=0
pid=0 energy=34496921373611900 alive=1 kernel=1 cpu_ns=6891766215000000 mem=556486656 instructions=7618059722380 wakeups=20396826 diski=8777728 disko=548241408 rx=72369805 tx=30639549 comm=*system*
psu_energy_ac_mcp_machine=66789500000
-------
timestamp=3408563200899625
iterations=7497
sample_ns=100000000
window_ns=1000000000
rapl_core_sum_uj=24491861741
rapl_psys_sum_uj=0
pid=0 energy=34496934913273505 alive=1 kernel=1 cpu_ns=6891767557000000 mem=556486656 instructions=7619425654701 wakeups=20397026 diski=8777728 disko=548241408 rx=72369805 tx=30639549 comm=*system*
psu_energy_ac_mcp_machine=66807885498
-------
timestamp=3408563359394354
iterations=7498
sample_ns=100000000
window_ns=1000000000
rapl_core_sum_uj=24497218186
rapl_psys_sum_uj=0
pid=0 energy=34496941772799295 alive=1 kernel=1 cpu_ns=6891768229000000 mem=556711936 instructions=7620125559859 wakeups=20397249 diski=8777728 disko=548241408 rx=72369805 tx=30639549 comm=*system*
psu_energy_ac_mcp_machine=66826275146
-------
timestamp=3408563523284118
iterations=7500
sample_ns=100000000
window_ns=1000000000
rapl_core_sum_uj=24507876876
rapl_psys_sum_uj=0
pid=0 energy=34496955389290540 alive=1 kernel=1 cpu_ns=6891769573000000 mem=557613056 instructions=7621504858108 wakeups=20397505 diski=8777728 disko=548241408 rx=72369807 tx=30639549 comm=*system*
psu_energy_ac_mcp_machine=66844686768
-------
timestamp=3408563684396386
iterations=7501
sample_ns=100000000
window_ns=1000000000
rapl_core_sum_uj=24513217513
rapl_psys_sum_uj=0
pid=0 energy=34496962055360220 alive=1 kernel=1 cpu_ns=6891770244000000 mem=556711936 instructions=7622167072044 wakeups=20397700 diski=8777728 disko=548241408 rx=72369807 tx=30639549 comm=*system*
psu_energy_ac_mcp_machine=66863106079
-------
timestamp=3408563842813446
iterations=7502
sample_ns=100000000
window_ns=1000000000
rapl_core_sum_uj=24518623824
rapl_psys_sum_uj=0
pid=0 energy=34496968981731805 alive=1 kernel=1 cpu_ns=6891770922000000 mem=556486656 instructions=7622874346361 wakeups=20397924 diski=8777728 disko=548241408 rx=72369807 tx=30639549 comm=*system*
psu_energy_ac_mcp_machine=66881484253
-------
timestamp=3408564000872846
iterations=7504
sample_ns=100000000
window_ns=1000000000
rapl_core_sum_uj=24529187177
rapl_psys_sum_uj=0
pid=0 energy=34496982491802590 alive=1 kernel=1 cpu_ns=6891772258000000 mem=556457984 instructions=7624240360518 wakeups=20398153 diski=8777728 disko=548241408 rx=72369807 tx=30639549 comm=*system*
psu_energy_ac_mcp_machine=66899898560
-------
timestamp=3408564158771223
iterations=7505
sample_ns=100000000
window_ns=1000000000
rapl_core_sum_uj=24534554608
rapl_psys_sum_uj=0
pid=0 energy=34496989336272035 alive=1 kernel=1 cpu_ns=6891772929000000 mem=556457984 instructions=7624938254407 wakeups=20398365 diski=8777728 disko=548241408 rx=72369807 tx=30639549 comm=*system*
psu_energy_ac_mcp_machine=66918302612
-------
timestamp=3408564321370930
iterations=7507
sample_ns=100000000
window_ns=1000000000
rapl_core_sum_uj=24545182293
rapl_psys_sum_uj=0
pid=0 energy=34497002839953470 alive=1 kernel=1 cpu_ns=6891774273000000 mem=556908544 instructions=7626294990694 wakeups=20398608 diski=8777728 disko=548241408 rx=72369807 tx=30639549 comm=*system*
psu_energy_ac_mcp_machine=66936729248
-------
timestamp=3408564485476581
iterations=7508
sample_ns=100000000
window_ns=1000000000
rapl_core_sum_uj=24550580303
rapl_psys_sum_uj=0
pid=0 energy=34497009698977440 alive=1 kernel=1 cpu_ns=6891774951000000 mem=556683264 instructions=7626988795488 wakeups=20398812 diski=8777728 disko=548241408 rx=72369807 tx=30639549 comm=*system*
psu_energy_ac_mcp_machine=66955095337
-------
timestamp=3408564643343957
iterations=7510
sample_ns=100000000
window_ns=1000000000
rapl_core_sum_uj=24561201762
rapl_psys_sum_uj=0
pid=0 energy=34497023304908425 alive=1 kernel=1 cpu_ns=6891776288000000 mem=557584384 instructions=7628372981685 wakeups=20399075 diski=8777728 disko=548241408 rx=72369807 tx=30639549 comm=*system*
psu_energy_ac_mcp_machine=66973492065
-------
timestamp=3408564801937615
iterations=7511
sample_ns=100000000
window_ns=1000000000
rapl_core_sum_uj=24566507792
rapl_psys_sum_uj=0
pid=0 energy=34497030069554860 alive=1 kernel=1 cpu_ns=6891776960000000 mem=556683264 instructions=7629053910972 wakeups=20399261 diski=8777728 disko=548241408 rx=72369807 tx=30639549 comm=*system*
psu_energy_ac_mcp_machine=66991886963
-------
timestamp=3408564965366646
iterations=7512
sample_ns=100000000
window_ns=1000000000
rapl_core_sum_uj=24571854349
rapl_psys_sum_uj=0
pid=0 energy=34497036926426875 alive=1 kernel=1 cpu_ns=6891777631000000 mem=556531712 instructions=7629754285375 wakeups=20399489 diski=8777728 disko=548241408 rx=72369807 tx=30639549 comm=*system*
psu_energy_ac_mcp_machine=67010252563
-------
timestamp=3408565118819011
iterations=7514
sample_ns=100000000
window_ns=1000000000
rapl_core_sum_uj=24582516579
rapl_psys_sum_uj=0
pid=0 energy=34497050384845370 alive=1 kernel=1 cpu_ns=6891778975000000 mem=556548096 instructions=7631101969074 wakeups=20399725 diski=8777728 disko=548241408 rx=72369807 tx=30639549 comm=*system*
psu_energy_ac_mcp_machine=67028705688
-------
timestamp=3408565282837798
iterations=7515
sample_ns=100000000
window_ns=1000000000
rapl_core_sum_uj=24587881935
rapl_psys_sum_uj=0
pid=0 energy=34497057201803010 alive=1 kernel=1 cpu_ns=6891779647000000 mem=556548096 instructions=7631793360602 wakeups=20399950 diski=8777728 disko=548261888 rx=72369807 tx=30639549 comm=*system*
psu_energy_ac_mcp_machine=67047115356
-------
timestamp=3408565442823319
iterations=7517
sample_ns=100000000
window_ns=1000000000
rapl_core_sum_uj=24598536109
rapl_psys_sum_uj=0
pid=0 energy=34497070763866970 alive=1 kernel=1 cpu_ns=6891780991000000 mem=556548096 instructions=7633161773394 wakeups=20400191 diski=8777728 disko=548261888 rx=72369809 tx=30639549 comm=*system*
psu_energy_ac_mcp_machine=67065535522
-------
timestamp=3408565607415339
iterations=7518
sample_ns=100000000
window_ns=1000000000
rapl_core_sum_uj=24603911536
rapl_psys_sum_uj=0
pid=0 energy=34497077585595130 alive=1 kernel=1 cpu_ns=6891781661000000 mem=556773376 instructions=7633856119026 wakeups=20400410 diski=8777728 disko=548261888 rx=72369809 tx=30639549 comm=*system*
psu_energy_ac_mcp_machine=67083929321
-------
timestamp=3408565763310446
iterations=7520
sample_ns=100000000
window_ns=1000000000
rapl_core_sum_uj=24614628515
rapl_psys_sum_uj=0
pid=0 energy=34497091129180085 alive=1 kernel=1 cpu_ns=6891783005000000 mem=557674496 instructions=7635220836017 wakeups=20400668 diski=8777728 disko=548261888 rx=72369809 tx=30639549 comm=*system*
psu_energy_ac_mcp_machine=67102388306
-------
timestamp=3408565921395865
iterations=7521
sample_ns=100000000
window_ns=1000000000
rapl_core_sum_uj=24619965368
rapl_psys_sum_uj=0
pid=0 energy=34497097857243115 alive=1 kernel=1 cpu_ns=6891783676000000 mem=556507136 instructions=7635895448623 wakeups=20400875 diski=8777728 disko=548352000 rx=72369809 tx=30639549 comm=*system*
psu_energy_ac_mcp_machine=67120840454
-------
timestamp=3408566079797186
iterations=7522
sample_ns=100000000
window_ns=1000000000
rapl_core_sum_uj=24625375219
rapl_psys_sum_uj=0
pid=0 energy=34497104774577035 alive=1 kernel=1 cpu_ns=6891784354000000 mem=556507136 instructions=7636600915407 wakeups=20401096 diski=8777728 disko=548352000 rx=72369809 tx=30639549 comm=*system*
psu_energy_ac_mcp_machine=67139276611
-------
timestamp=3408566235395081
iterations=7524
sample_ns=100000000
window_ns=1000000000
rapl_core_sum_uj=24635946629
rapl_psys_sum_uj=0
pid=0 energy=34497118271392605 alive=1 kernel=1 cpu_ns=6891785691000000 mem=556732416 instructions=7637963278521 wakeups=20401309 diski=8777728 disko=548352000 rx=72369809 tx=30639549 comm=*system*
psu_energy_ac_mcp_machine=67157709106
-------
timestamp=3408566395881757
iterations=7525
sample_ns=100000000
window_ns=1000000000
rapl_core_sum_uj=24641354649
rapl_psys_sum_uj=0
pid=0 energy=34497125169529305 alive=1 kernel=1 cpu_ns=6891786369000000 mem=556957696 instructions=7638664905861 wakeups=20401527 diski=8777728 disko=548352000 rx=72369809 tx=30639549 comm=*system*
psu_energy_ac_mcp_machine=67176119507
-------
timestamp=3408566556441726
iterations=7527
sample_ns=100000000
window_ns=1000000000
rapl_core_sum_uj=24651979893
rapl_psys_sum_uj=0
pid=0 energy=34497138636142755 alive=1 kernel=1 cpu_ns=6891787705000000 mem=557182976 instructions=7640022228551 wakeups=20401772 diski=8777728 disko=548352000 rx=72369810 tx=30639550 comm=*system*
psu_energy_ac_mcp_machine=67194589600
-------
timestamp=3408566717425593
iterations=7528
sample_ns=100000000
window_ns=1000000000
rapl_core_sum_uj=24657311069
rapl_psys_sum_uj=0
pid=0 energy=34497145354985135 alive=1 kernel=1 cpu_ns=6891788374000000 mem=556732416 instructions=7640696997027 wakeups=20401985 diski=8777728 disko=548352000 rx=72369810 tx=30639550 comm=*system*
psu_energy_ac_mcp_machine=67213004395
-------
timestamp=3408566879526809
iterations=7530
sample_ns=100000000
window_ns=1000000000
rapl_core_sum_uj=24668013277
rapl_psys_sum_uj=0
pid=0 energy=34497159023240300 alive=1 kernel=1 cpu_ns=6891789724000000 mem=557748224 instructions=7642080648060 wakeups=20402240 diski=8777728 disko=548352000 rx=72369810 tx=30639550 comm=*system*
psu_energy_ac_mcp_machine=67231409058
-------
timestamp=3408567045363289
iterations=7531
sample_ns=100000000
window_ns=1000000000
rapl_core_sum_uj=24673301607
rapl_psys_sum_uj=0
pid=0 energy=34497165764260855 alive=1 kernel=1 cpu_ns=6891790394000000 mem=556621824 instructions=7642758852171 wakeups=20402434 diski=8777728 disko=548352000 rx=72369810 tx=30639550 comm=*system*
psu_energy_ac_mcp_machine=67249801025
-------
timestamp=3408567200571144
iterations=7532
sample_ns=100000000
window_ns=1000000000
rapl_core_sum_uj=24678651277
rapl_psys_sum_uj=0
pid=0 energy=34497172620912950 alive=1 kernel=1 cpu_ns=6891791065000000 mem=556621824 instructions=7643459182590 wakeups=20402648 diski=8777728 disko=548352000 rx=72369810 tx=30639550 comm=*system*
psu_energy_ac_mcp_machine=67268255127
-------
timestamp=3408567361879170
iterations=7534
sample_ns=100000000
window_ns=1000000000
rapl_core_sum_uj=24689257295
rapl_psys_sum_uj=0
pid=0 energy=34497186007037640 alive=1 kernel=1 cpu_ns=6891792402000000 mem=556621824 instructions=7644799407528 wakeups=20402870 diski=8777728 disko=548352000 rx=72369810 tx=30639550 comm=*system*
psu_energy_ac_mcp_machine=67286685791
-------
timestamp=3408567521342305
iterations=7535
sample_ns=100000000
window_ns=1000000000
rapl_core_sum_uj=24694661408
rapl_psys_sum_uj=0
pid=0 energy=34497192908799100 alive=1 kernel=1 cpu_ns=6891793080000000 mem=556621824 instructions=7645501759820 wakeups=20403087 diski=8777728 disko=548352000 rx=72369812 tx=30639550 comm=*system*
psu_energy_ac_mcp_machine=67305124634
-------
timestamp=3408567681891419
iterations=7537
sample_ns=100000000
window_ns=1000000000
rapl_core_sum_uj=24705258697
rapl_psys_sum_uj=0
pid=0 energy=34497206411645735 alive=1 kernel=1 cpu_ns=6891794418000000 mem=556847104 instructions=7646864329147 wakeups=20403336 diski=8777728 disko=548352000 rx=72369812 tx=30639550 comm=*system*
psu_energy_ac_mcp_machine=67323555298
-------
timestamp=3408567838787446
iterations=7538
sample_ns=100000000
window_ns=1000000000
rapl_core_sum_uj=24710614043
rapl_psys_sum_uj=0
pid=0 energy=34497213258188265 alive=1 kernel=1 cpu_ns=6891795090000000 mem=557072384 instructions=7647561637653 wakeups=20403556 diski=8777728 disko=548352000 rx=72369812 tx=30639550 comm=*system*
psu_energy_ac_mcp_machine=67341981812
-------
timestamp=3408568000292373
iterations=7540
sample_ns=100000000
window_ns=1000000000
rapl_core_sum_uj=24721325407
rapl_psys_sum_uj=0
pid=0 energy=34497226818117380 alive=1 kernel=1 cpu_ns=6891796432000000 mem=557785088 instructions=7648931623476 wakeups=20403814 diski=8777728 disko=548352000 rx=72369812 tx=30639550 comm=*system*
psu_energy_ac_mcp_machine=67360455078
-------
timestamp=3408568164475046
iterations=7541
sample_ns=100000000
window_ns=1000000000
rapl_core_sum_uj=24726652799
rapl_psys_sum_uj=0
pid=0 energy=34497233513530870 alive=1 kernel=1 cpu_ns=6891797103000000 mem=556433408 instructions=7649599706174 wakeups=20404002 diski=8777728 disko=548352000 rx=72369812 tx=30639550 comm=*system*
psu_energy_ac_mcp_machine=67378871704
-------
timestamp=3408568324439079
iterations=7542
sample_ns=100000000
window_ns=1000000000
rapl_core_sum_uj=24732021512
rapl_psys_sum_uj=0
pid=0 energy=34497240356649410 alive=1 kernel=1 cpu_ns=6891797774000000 mem=556658688 instructions=7650297329882 wakeups=20404239 diski=8777728 disko=548352000 rx=72369812 tx=30639550 comm=*system*
psu_energy_ac_mcp_machine=67397297974
-------
timestamp=3408568483433659
iterations=7544
sample_ns=100000000
window_ns=1000000000
rapl_core_sum_uj=24742629543
rapl_psys_sum_uj=0
pid=0 energy=34497253928116360 alive=1 kernel=1 cpu_ns=6891799117000000 mem=556658688 instructions=7651668623272 wakeups=20404465 diski=8777728 disko=548352000 rx=72369812 tx=30639550 comm=*system*
psu_energy_ac_mcp_machine=67415752808
-------
timestamp=3408568641391178
iterations=7545
sample_ns=100000000
window_ns=1000000000
rapl_core_sum_uj=24747992824
rapl_psys_sum_uj=0
pid=0 energy=34497260795623720 alive=1 kernel=1 cpu_ns=6891799789000000 mem=556433408 instructions=7652370124744 wakeups=20404687 diski=8777728 disko=548352000 rx=72369812 tx=30639550 comm=*system*
psu_energy_ac_mcp_machine=67434228882
-------
timestamp=3408568801410547
iterations=7547
sample_ns=100000000
window_ns=1000000000
rapl_core_sum_uj=24758696619
rapl_psys_sum_uj=0
pid=0 energy=34497274288024430 alive=1 kernel=1 cpu_ns=6891801133000000 mem=556883968 instructions=7653724604886 wakeups=20404942 diski=8777728 disko=548352000 rx=72369812 tx=30639550 comm=*system*
psu_energy_ac_mcp_machine=67452671631
-------
timestamp=3408568960404524
iterations=7548
sample_ns=100000000
window_ns=1000000000
rapl_core_sum_uj=24764079004
rapl_psys_sum_uj=0
pid=0 energy=34497281073895165 alive=1 kernel=1 cpu_ns=6891801804000000 mem=556552192 instructions=7654410779033 wakeups=20405158 diski=8777728 disko=548352000 rx=72369812 tx=30639550 comm=*system*
psu_energy_ac_mcp_machine=67471109497
-------
timestamp=3408569120229985
iterations=7550
sample_ns=100000000
window_ns=1000000000
rapl_core_sum_uj=24774831628
rapl_psys_sum_uj=0
pid=0 energy=34497294776301560 alive=1 kernel=1 cpu_ns=6891803148000000 mem=558129152 instructions=7655807260312 wakeups=20405494 diski=8777728 disko=549797888 rx=72369812 tx=30639550 comm=*system*
psu_energy_ac_mcp_machine=67489565186
-------
timestamp=3408569282453682
iterations=7551
sample_ns=100000000
window_ns=1000000000
rapl_core_sum_uj=24780156640
rapl_psys_sum_uj=0
pid=0 energy=34497301544660860 alive=1 kernel=1 cpu_ns=6891803820000000 mem=557228032 instructions=7656488932172 wakeups=20405683 diski=8777728 disko=549797888 rx=72369812 tx=30639550 comm=*system*
psu_energy_ac_mcp_machine=67508001221
-------
timestamp=3408569441974201
iterations=7552
sample_ns=100000000
window_ns=1000000000
rapl_core_sum_uj=24785592431
rapl_psys_sum_uj=0
pid=0 energy=34497308443287405 alive=1 kernel=1 cpu_ns=6891804497000000 mem=557002752 instructions=7657191657481 wakeups=20405900 diski=8777728 disko=549797888 rx=72369812 tx=30639550 comm=*system*
psu_energy_ac_mcp_machine=67526496094
-------
timestamp=3408569600371639
iterations=7554
sample_ns=100000000
window_ns=1000000000
rapl_core_sum_uj=24796246727
rapl_psys_sum_uj=0
pid=0 energy=34497321844233940 alive=1 kernel=1 cpu_ns=6891805835000000 mem=557002752 instructions=7658533846788 wakeups=20406137 diski=8777728 disko=549797888 rx=72369814 tx=30639550 comm=*system*
psu_energy_ac_mcp_machine=67544963989
-------
timestamp=3408569764383903
iterations=7555
sample_ns=100000000
window_ns=1000000000
rapl_core_sum_uj=24801638938
rapl_psys_sum_uj=0
pid=0 energy=34497328642653555 alive=1 kernel=1 cpu_ns=6891806505000000 mem=557002752 instructions=7659223530711 wakeups=20406368 diski=8777728 disko=549797888 rx=72369814 tx=30639550 comm=*system*
psu_energy_ac_mcp_machine=67563388428
-------
timestamp=3408569918646064
iterations=7557
sample_ns=100000000
window_ns=1000000000
rapl_core_sum_uj=24812367514
rapl_psys_sum_uj=0
pid=0 energy=34497342286834410 alive=1 kernel=1 cpu_ns=6891807854000000 mem=557019136 instructions=7660603366882 wakeups=20406606 diski=8777728 disko=549797888 rx=72369814 tx=30639550 comm=*system*
psu_energy_ac_mcp_machine=67581855469
-------
timestamp=3408570082746074
iterations=7558
sample_ns=100000000
window_ns=1000000000
rapl_core_sum_uj=24817686361
rapl_psys_sum_uj=0
pid=0 energy=34497349047237115 alive=1 kernel=1 cpu_ns=6891808519000000 mem=556568576 instructions=7661290447423 wakeups=20406819 diski=8777728 disko=549797888 rx=72369814 tx=30639550 comm=*system*
psu_energy_ac_mcp_machine=67600275879
-------
timestamp=3408570245279122
iterations=7560
sample_ns=100000000
window_ns=1000000000
rapl_core_sum_uj=24828477986
rapl_psys_sum_uj=0
pid=0 energy=34497362667725035 alive=1 kernel=1 cpu_ns=6891809869000000 mem=557469696 instructions=7662664545007 wakeups=20407078 diski=8777728 disko=549830656 rx=72369814 tx=30639550 comm=*system*
psu_energy_ac_mcp_machine=67618764648
-------
timestamp=3408570404398234
iterations=7561
sample_ns=100000000
window_ns=1000000000
rapl_core_sum_uj=24833822590
rapl_psys_sum_uj=0
pid=0 energy=34497369394060720 alive=1 kernel=1 cpu_ns=6891810541000000 mem=556793856 instructions=7663337812144 wakeups=20407277 diski=8777728 disko=549834752 rx=72369814 tx=30639550 comm=*system*
psu_energy_ac_mcp_machine=67637231689
-------
timestamp=3408570563437893
iterations=7562
sample_ns=100000000
window_ns=1000000000
rapl_core_sum_uj=24839152362
rapl_psys_sum_uj=0
pid=0 energy=34497376200466735 alive=1 kernel=1 cpu_ns=6891811207000000 mem=556793856 instructions=7664033093347 wakeups=20407499 diski=8777728 disko=549834752 rx=72369814 tx=30639550 comm=*system*
psu_energy_ac_mcp_machine=67655681274
-------
timestamp=3408570724353650
iterations=7564
sample_ns=100000000
window_ns=1000000000
rapl_core_sum_uj=24849824236
rapl_psys_sum_uj=0
pid=0 energy=34497389771368270 alive=1 kernel=1 cpu_ns=6891812551000000 mem=556793856 instructions=7665403273654 wakeups=20407740 diski=8777728 disko=549834752 rx=72369814 tx=30639550 comm=*system*
psu_energy_ac_mcp_machine=67674117676
-------
timestamp=3408570883352732
iterations=7565
sample_ns=100000000
window_ns=1000000000
rapl_core_sum_uj=24855217790
rapl_psys_sum_uj=0
pid=0 energy=34497396635061580 alive=1 kernel=1 cpu_ns=6891813223000000 mem=556793856 instructions=7666104012316 wakeups=20407950 diski=8777728 disko=549834752 rx=72369814 tx=30639550 comm=*system*
psu_energy_ac_mcp_machine=67692610718
-------
timestamp=3408571040387536
iterations=7567
sample_ns=100000000
window_ns=1000000000
rapl_core_sum_uj=24865928422
rapl_psys_sum_uj=0
pid=0 energy=34497410130582905 alive=1 kernel=1 cpu_ns=6891814566000000 mem=556814336 instructions=7667460116581 wakeups=20408185 diski=8777728 disko=549842944 rx=72369814 tx=30639550 comm=*system*
psu_energy_ac_mcp_machine=67711096680
-------
timestamp=3408571200387554
iterations=7568
sample_ns=100000000
window_ns=1000000000
rapl_core_sum_uj=24871317826
rapl_psys_sum_uj=0
pid=0 energy=34497416929751700 alive=1 kernel=1 cpu_ns=6891815238000000 mem=556814336 instructions=7668147950340 wakeups=20408391 diski=8777728 disko=549842944 rx=72369814 tx=30639550 comm=*system*
psu_energy_ac_mcp_machine=67729562866
-------
timestamp=3408571358657622
iterations=7570
sample_ns=100000000
window_ns=1000000000
rapl_core_sum_uj=24882073624
rapl_psys_sum_uj=0
pid=0 energy=34497430610248165 alive=1 kernel=1 cpu_ns=6891816588000000 mem=557715456 instructions=7669534049633 wakeups=20408646 diski=8777728 disko=549842944 rx=72369816 tx=30639550 comm=*system*
psu_energy_ac_mcp_machine=67747999756
-------
timestamp=3408571521376907
iterations=7571
sample_ns=100000000
window_ns=1000000000
rapl_core_sum_uj=24887351150
rapl_psys_sum_uj=0
pid=0 energy=34497437314217785 alive=1 kernel=1 cpu_ns=6891817253000000 mem=556814336 instructions=7670209843557 wakeups=20408834 diski=8777728 disko=549842944 rx=72369816 tx=30639550 comm=*system*
psu_energy_ac_mcp_machine=67766449219
-------
timestamp=3408571679328663
iterations=7572
sample_ns=100000000
window_ns=1000000000
rapl_core_sum_uj=24892737990
rapl_psys_sum_uj=0
pid=0 energy=34497444123036540 alive=1 kernel=1 cpu_ns=6891817925000000 mem=556814336 instructions=7670899607308 wakeups=20409054 diski=8777728 disko=549842944 rx=72369816 tx=30639550 comm=*system*
psu_energy_ac_mcp_machine=67784938354
-------
timestamp=3408571836486598
iterations=7574
sample_ns=100000000
window_ns=1000000000
rapl_core_sum_uj=24903422925
rapl_psys_sum_uj=0
pid=0 energy=34497457625355280 alive=1 kernel=1 cpu_ns=6891819269000000 mem=556589056 instructions=7672256071056 wakeups=20409282 diski=8777728 disko=549842944 rx=72369816 tx=30639550 comm=*system*
psu_energy_ac_mcp_machine=67803407959
-------
timestamp=3408572001451169
iterations=7575
sample_ns=100000000
window_ns=1000000000
rapl_core_sum_uj=24908810009
rapl_psys_sum_uj=0
pid=0 energy=34497464441977230 alive=1 kernel=1 cpu_ns=6891819940000000 mem=556625920 instructions=7672948395446 wakeups=20409506 diski=8777728 disko=549842944 rx=72369816 tx=30639550 comm=*system*
psu_energy_ac_mcp_machine=67821826416
-------
timestamp=3408572161402308
iterations=7577
sample_ns=100000000
window_ns=1000000000
rapl_core_sum_uj=24919515574
rapl_psys_sum_uj=0
pid=0 energy=34497478035229640 alive=1 kernel=1 cpu_ns=6891821284000000 mem=557076480 instructions=7674323045928 wakeups=20409740 diski=8777728 disko=549842944 rx=72369816 tx=30639550 comm=*system*
psu_energy_ac_mcp_machine=67840287231
-------
timestamp=3408572320402905
iterations=7578
sample_ns=100000000
window_ns=1000000000
rapl_core_sum_uj=24924874704
rapl_psys_sum_uj=0
pid=0 energy=34497484867221665 alive=1 kernel=1 cpu_ns=6891821956000000 mem=556625920 instructions=7675017444333 wakeups=20409963 diski=8777728 disko=549842944 rx=72369816 tx=30639550 comm=*system*
psu_energy_ac_mcp_machine=67858727905
-------
timestamp=3408572480792907
iterations=7580
sample_ns=100000000
window_ns=1000000000
rapl_core_sum_uj=24935654305
rapl_psys_sum_uj=0
pid=0 energy=34497498504927855 alive=1 kernel=1 cpu_ns=6891823305000000 mem=557977600 instructions=7676395985571 wakeups=20410220 diski=8777728 disko=549842944 rx=72369816 tx=30639550 comm=*system*
psu_energy_ac_mcp_machine=67877183960
-------
timestamp=3408572640376951
iterations=7581
sample_ns=100000000
window_ns=1000000000
rapl_core_sum_uj=24940925911
rapl_psys_sum_uj=0
pid=0 energy=34497505187617185 alive=1 kernel=1 cpu_ns=6891823971000000 mem=556625920 instructions=7677066523437 wakeups=20410410 diski=8777728 disko=549842944 rx=72369816 tx=30639550 comm=*system*
psu_energy_ac_mcp_machine=67895605225
-------
timestamp=3408572802875406
iterations=7582
sample_ns=100000000
window_ns=1000000000
rapl_core_sum_uj=24946343574
rapl_psys_sum_uj=0
pid=0 energy=34497512047372570 alive=1 kernel=1 cpu_ns=6891824642000000 mem=556625920 instructions=7677767474514 wakeups=20410639 diski=8777728 disko=549842944 rx=72369816 tx=30639550 comm=*system*
psu_energy_ac_mcp_machine=67914035889
-------
timestamp=3408572969398703
iterations=7584
sample_ns=100000000
window_ns=1000000000
rapl_core_sum_uj=24956990790
rapl_psys_sum_uj=0
pid=0 energy=34497525659492650 alive=1 kernel=1 cpu_ns=6891825990000000 mem=556568576 instructions=7679141898530 wakeups=20410854 diski=8777728 disko=549842944 rx=72369816 tx=30639550 comm=*system*
psu_energy_ac_mcp_machine=67932453979
-------
timestamp=3408573123864930
iterations=7585
sample_ns=100000000
window_ns=1000000000
rapl_core_sum_uj=24962364386
rapl_psys_sum_uj=0
pid=0 energy=34497532460092705 alive=1 kernel=1 cpu_ns=6891826662000000 mem=556793856 instructions=7679830018541 wakeups=20411067 diski=8777728 disko=549842944 rx=72369816 tx=30639550 comm=*system*
psu_energy_ac_mcp_machine=67950917114
-------
timestamp=3408573279410983
iterations=7587
sample_ns=100000000
window_ns=1000000000
rapl_core_sum_uj=24973016790
rapl_psys_sum_uj=0
pid=0 energy=34497545956900940 alive=1 kernel=1 cpu_ns=6891828005000000 mem=556793856 instructions=7681186380188 wakeups=20411302 diski=8777728 disko=549842944 rx=72369816 tx=30639550 comm=*system*
psu_energy_ac_mcp_machine=67969392334
-------
timestamp=3408573438357723
iterations=7588
sample_ns=100000000
window_ns=1000000000
rapl_core_sum_uj=24978332524
rapl_psys_sum_uj=0
pid=0 energy=34497552684664075 alive=1 kernel=1 cpu_ns=6891828670000000 mem=556568576 instructions=7681866932815 wakeups=20411523 diski=8777728 disko=549842944 rx=72369818 tx=30639550 comm=*system*
psu_energy_ac_mcp_machine=67987854614
-------
timestamp=3408573598375633
iterations=7590
sample_ns=100000000
window_ns=1000000000
rapl_core_sum_uj=24989064822
rapl_psys_sum_uj=0
pid=0 energy=34497566415473620 alive=1 kernel=1 cpu_ns=6891830019000000 mem=557920256 instructions=7683264094724 wakeups=20411793 diski=8777728 disko=549842944 rx=72369818 tx=30639550 comm=*system*
psu_energy_ac_mcp_machine=68006309937
-------
timestamp=3408573763479098
iterations=7591
sample_ns=100000000
window_ns=1000000000
rapl_core_sum_uj=24994325014
rapl_psys_sum_uj=0
pid=0 energy=34497573121547740 alive=1 kernel=1 cpu_ns=6891830684000000 mem=556793856 instructions=7683940309548 wakeups=20411983 diski=8777728 disko=549842944 rx=72369818 tx=30639550 comm=*system*
psu_energy_ac_mcp_machine=68024770264
-------
timestamp=3408573917912676
iterations=7592
sample_ns=100000000
window_ns=1000000000
rapl_core_sum_uj=24999702943
rapl_psys_sum_uj=0
pid=0 energy=34497579909472695 alive=1 kernel=1 cpu_ns=6891831355000000 mem=556793856 instructions=7684626894539 wakeups=20412204 diski=8777728 disko=549842944 rx=72369818 tx=30639550 comm=*system*
psu_energy_ac_mcp_machine=68043256714
-------
timestamp=3408574080445062
iterations=7594
sample_ns=100000000
window_ns=1000000000
rapl_core_sum_uj=25010335327
rapl_psys_sum_uj=0
pid=0 energy=34497593430096270 alive=1 kernel=1 cpu_ns=6891832698000000 mem=556605440 instructions=7685988019254 wakeups=20412435 diski=8777728 disko=549842944 rx=72369818 tx=30639550 comm=*system*
psu_energy_ac_mcp_machine=68061701538
-------
timestamp=3408574243409036
iterations=7595
sample_ns=100000000
window_ns=1000000000
rapl_core_sum_uj=25015704467
rapl_psys_sum_uj=0
pid=0 energy=34497600252094685 alive=1 kernel=1 cpu_ns=6891833369000000 mem=556605440 instructions=7686681418937 wakeups=20412652 diski=8777728 disko=549842944 rx=72369818 tx=30639550 comm=*system*
psu_energy_ac_mcp_machine=68080098389
-------
timestamp=3408574401423895
iterations=7597
sample_ns=100000000
window_ns=1000000000
rapl_core_sum_uj=25026393858
rapl_psys_sum_uj=0
pid=0 energy=34497613929494675 alive=1 kernel=1 cpu_ns=6891834719000000 mem=556830720 instructions=7688066898935 wakeups=20412887 diski=8777728 disko=549842944 rx=72369818 tx=30639550 comm=*system*
psu_energy_ac_mcp_machine=68098520752
-------
timestamp=3408574566410927
iterations=7598
sample_ns=100000000
window_ns=1000000000
rapl_core_sum_uj=25031682981
rapl_psys_sum_uj=0
pid=0 energy=34497620668129060 alive=1 kernel=1 cpu_ns=6891835385000000 mem=556380160 instructions=7688748625812 wakeups=20413092 diski=8777728 disko=549842944 rx=72369818 tx=30639550 comm=*system*
psu_energy_ac_mcp_machine=68116915771
-------
timestamp=3408574725421757
iterations=7600
sample_ns=100000000
window_ns=1000000000
rapl_core_sum_uj=25042433956
rapl_psys_sum_uj=0
pid=0 energy=34497634297438510 alive=1 kernel=1 cpu_ns=6891836734000000 mem=557506560 instructions=7690125487702 wakeups=20413346 diski=8777728 disko=549842944 rx=72369818 tx=30639550 comm=*system*
psu_energy_ac_mcp_machine=68135327148
-------
timestamp=3408574881432346
iterations=7601
sample_ns=100000000
window_ns=1000000000
rapl_core_sum_uj=25047719051
rapl_psys_sum_uj=0
pid=0 energy=34497640996135085 alive=1 kernel=1 cpu_ns=6891837400000000 mem=556605440 instructions=7690799227017 wakeups=20413546 diski=8777728 disko=549842944 rx=72369818 tx=30639550 comm=*system*
psu_energy_ac_mcp_machine=68153748535
-------
timestamp=3408575046410819
iterations=7602
sample_ns=100000000
window_ns=1000000000
rapl_core_sum_uj=25053092403
rapl_psys_sum_uj=0
pid=0 energy=34497647811084960 alive=1 kernel=1 cpu_ns=6891838072000000 mem=556699648 instructions=7691490216992 wakeups=20413773 diski=8777728 disko=549842944 rx=72369818 tx=30639550 comm=*system*
psu_energy_ac_mcp_machine=68172083862
-------
timestamp=3408575201399053
iterations=7604
sample_ns=100000000
window_ns=1000000000
rapl_core_sum_uj=25063760859
rapl_psys_sum_uj=0
pid=0 energy=34497661369106935 alive=1 kernel=1 cpu_ns=6891839415000000 mem=556699648 instructions=7692858821387 wakeups=20414004 diski=8777728 disko=549842944 rx=72369818 tx=30639550 comm=*system*
psu_energy_ac_mcp_machine=68190522095
-------
timestamp=3408575356821094
iterations=7605
sample_ns=100000000
window_ns=1000000000
rapl_core_sum_uj=25069174189
rapl_psys_sum_uj=0
pid=0 energy=34497668162293830 alive=1 kernel=1 cpu_ns=6891840086000000 mem=556699648 instructions=7693546458766 wakeups=20414225 diski=8777728 disko=549842944 rx=72369818 tx=30639550 comm=*system*
psu_energy_ac_mcp_machine=68208979004
-------
timestamp=3408575513510593
iterations=7607
sample_ns=100000000
window_ns=1000000000
rapl_core_sum_uj=25080022943
rapl_psys_sum_uj=0
pid=0 energy=34497681939066390 alive=1 kernel=1 cpu_ns=6891841447000000 mem=557375488 instructions=7694940813278 wakeups=20414471 diski=8777728 disko=549879808 rx=72369820 tx=30639550 comm=*system*
psu_energy_ac_mcp_machine=68227492798
-------
timestamp=3408575678408534
iterations=7608
sample_ns=100000000
window_ns=1000000000
rapl_core_sum_uj=25085227288
rapl_psys_sum_uj=0
pid=0 energy=34497688546857860 alive=1 kernel=1 cpu_ns=6891842101000000 mem=557150208 instructions=7695608371572 wakeups=20414685 diski=8777728 disko=549879808 rx=72369820 tx=30639550 comm=*system*
psu_energy_ac_mcp_machine=68245943848
-------
timestamp=3408575832819756
iterations=7609
sample_ns=100000000
window_ns=1000000000
rapl_core_sum_uj=25090655327
rapl_psys_sum_uj=0
pid=0 energy=34497695444030515 alive=1 kernel=1 cpu_ns=6891842779000000 mem=556699648 instructions=7696309806103 wakeups=20414895 diski=8777728 disko=549879808 rx=72369820 tx=30639550 comm=*system*
psu_energy_ac_mcp_machine=68264425903
-------
timestamp=3408575994420638
iterations=7611
sample_ns=100000000
window_ns=1000000000
rapl_core_sum_uj=25101253898
rapl_psys_sum_uj=0
pid=0 energy=34497708947661450 alive=1 kernel=1 cpu_ns=6891844115000000 mem=556556288 instructions=7697674532290 wakeups=20415134 diski=8777728 disko=549879808 rx=72369820 tx=30639550 comm=*system*
psu_energy_ac_mcp_machine=68282888550
-------
timestamp=3408576154751668
iterations=7612
sample_ns=100000000
window_ns=1000000000
rapl_core_sum_uj=25106631278
rapl_psys_sum_uj=0
pid=0 energy=34497715737445830 alive=1 kernel=1 cpu_ns=6891844787000000 mem=556781568 instructions=7698360489166 wakeups=20415358 diski=8777728 disko=549879808 rx=72369820 tx=30639550 comm=*system*
psu_energy_ac_mcp_machine=68301397583
-------
timestamp=3408576314841451
iterations=7614
sample_ns=100000000
window_ns=1000000000
rapl_core_sum_uj=25117292227
rapl_psys_sum_uj=0
pid=0 energy=34497729293172280 alive=1 kernel=1 cpu_ns=6891846129000000 mem=556781568 instructions=7699729634456 wakeups=20415589 diski=8777728 disko=549916672 rx=72369820 tx=30639550 comm=*system*
psu_energy_ac_mcp_machine=68319881104
-------
timestamp=3408576472880782
iterations=7615
sample_ns=100000000
window_ns=1000000000
rapl_core_sum_uj=25122667593
rapl_psys_sum_uj=0
pid=0 energy=34497736114812540 alive=1 kernel=1 cpu_ns=6891846801000000 mem=556781568 instructions=7700421962508 wakeups=20415807 diski=8777728 disko=549916672 rx=72369820 tx=30639550 comm=*system*
psu_energy_ac_mcp_machine=68338357910
-------
timestamp=3408576631428017
iterations=7617
sample_ns=100000000
window_ns=1000000000
rapl_core_sum_uj=25133394582
rapl_psys_sum_uj=0
pid=0 energy=34497749741052355 alive=1 kernel=1 cpu_ns=6891848144000000 mem=557232128 instructions=7701804210471 wakeups=20416057 diski=8777728 disko=549916672 rx=72369822 tx=30639552 comm=*system*
psu_energy_ac_mcp_machine=68356837402
-------
timestamp=3408576787799254
iterations=7618
sample_ns=100000000
window_ns=1000000000
rapl_core_sum_uj=25138763051
rapl_psys_sum_uj=0
pid=0 energy=34497756500489010 alive=1 kernel=1 cpu_ns=6891848815000000 mem=556781568 instructions=7702485097802 wakeups=20416270 diski=8777728 disko=549916672 rx=72369822 tx=30639552 comm=*system*
psu_energy_ac_mcp_machine=68375315674
-------
timestamp=3408576945374527
iterations=7619
sample_ns=100000000
window_ns=1000000000
rapl_core_sum_uj=25144209645
rapl_psys_sum_uj=0
pid=0 energy=34497763373675365 alive=1 kernel=1 cpu_ns=6891849492000000 mem=557006848 instructions=7703182735073 wakeups=20416489 diski=8777728 disko=549916672 rx=72369822 tx=30639552 comm=*system*
psu_energy_ac_mcp_machine=68393768066
-------
timestamp=3408577106365773
iterations=7621
sample_ns=100000000
window_ns=1000000000
rapl_core_sum_uj=25154838306
rapl_psys_sum_uj=0
pid=0 energy=34497776868841670 alive=1 kernel=1 cpu_ns=6891850830000000 mem=556646400 instructions=7704543768334 wakeups=20416719 diski=8777728 disko=549916672 rx=72369822 tx=30639552 comm=*system*
psu_energy_ac_mcp_machine=68412231567
-------
timestamp=3408577269393712
iterations=7622
sample_ns=100000000
window_ns=1000000000
rapl_core_sum_uj=25160238574
rapl_psys_sum_uj=0
pid=0 energy=34497783697562205 alive=1 kernel=1 cpu_ns=6891851501000000 mem=556871680 instructions=7705238512441 wakeups=20416929 diski=8777728 disko=549916672 rx=72369822 tx=30639552 comm=*system*
psu_energy_ac_mcp_machine=68430690674
-------
timestamp=3408577431425074
iterations=7624
sample_ns=100000000
window_ns=1000000000
rapl_core_sum_uj=25170937792
rapl_psys_sum_uj=0
pid=0 energy=34497797260150310 alive=1 kernel=1 cpu_ns=6891852845000000 mem=556871680 instructions=7706607030062 wakeups=20417170 diski=8777728 disko=549916672 rx=72369824 tx=30639552 comm=*system*
psu_energy_ac_mcp_machine=68449151978
-------
timestamp=3408577591399942
iterations=7625
sample_ns=100000000
window_ns=1000000000
rapl_core_sum_uj=25176399461
rapl_psys_sum_uj=0
pid=0 energy=34497804095928355 alive=1 kernel=1 cpu_ns=6891853522000000 mem=556871680 instructions=7707297185671 wakeups=20417386 diski=8777728 disko=549916672 rx=72369824 tx=30639552 comm=*system*
psu_energy_ac_mcp_machine=68467616333
-------
timestamp=3408577729583029
iterations=7626
sample_ns=100000000
window_ns=1000000000
rapl_core_sum_uj=25181491807
rapl_psys_sum_uj=0
pid=0 energy=34497810377312190 alive=1 kernel=1 cpu_ns=6891854076000000 mem=471511040 instructions=7707999462438 wakeups=20417644 diski=8777728 disko=549916672 rx=72369831 tx=30639560 comm=*system*
psu_energy_ac_mcp_machine=68477752197
-------
timestamp=3408577860170456
iterations=7628
sample_ns=100000000
window_ns=1000000000
rapl_core_sum_uj=25187668991
rapl_psys_sum_uj=0
pid=0 energy=34497817183217060 alive=1 kernel=1 cpu_ns=6891854299000000 mem=479875072 instructions=7709137643412 wakeups=20417896 diski=8777728 disko=549916672 rx=72369831 tx=30639560 comm=*system*
psu_energy_ac_mcp_machine=68487880981
-------
timestamp=3408577989481543
iterations=7629
sample_ns=100000000
window_ns=1000000000
rapl_core_sum_uj=25190574325
rapl_psys_sum_uj=0
pid=0 energy=34497820296729075 alive=1 kernel=1 cpu_ns=6891854412000000 mem=840781824 instructions=7709647345815 wakeups=20418117 diski=8777728 disko=549916672 rx=72369831 tx=30639560 comm=*system*
psu_energy_ac_mcp_machine=68501182129
-------
timestamp=3408578122396740
iterations=7630
sample_ns=100000000
window_ns=1000000000
rapl_core_sum_uj=25193513717
rapl_psys_sum_uj=0
pid=0 energy=34497824200095665 alive=1 kernel=1 cpu_ns=6891854528000000 mem=488280064 instructions=7710312019133 wakeups=20418340 diski=8777728 disko=549916672 rx=72369831 tx=30639560 comm=*system*
psu_energy_ac_mcp_machine=68510701782
-------
timestamp=3408578255290070
iterations=7632
sample_ns=100000000
window_ns=1000000000
rapl_core_sum_uj=25199123701
rapl_psys_sum_uj=0
pid=0 energy=34497831137178135 alive=1 kernel=1 cpu_ns=6891854754000000 mem=502923264 instructions=7711473435627 wakeups=20418608 diski=8777728 disko=549916672 rx=72369831 tx=30639560 comm=*system*
psu_energy_ac_mcp_machine=68520288086
-------
timestamp=3408578385084781
iterations=7633
sample_ns=100000000
window_ns=1000000000
rapl_core_sum_uj=25202125287
rapl_psys_sum_uj=0
pid=0 energy=34497834201045180 alive=1 kernel=1 cpu_ns=6891854867000000 mem=869232640 instructions=7711973209036 wakeups=20418807 diski=8777728 disko=549916672 rx=72369831 tx=30639560 comm=*system*
psu_energy_ac_mcp_machine=68530477905
-------
timestamp=3408578514900760
iterations=7634
sample_ns=100000000
window_ns=1000000000
rapl_core_sum_uj=25204979046
rapl_psys_sum_uj=0
pid=0 energy=34497838038691500 alive=1 kernel=1 cpu_ns=6891854981000000 mem=532443136 instructions=7712626738300 wakeups=20419041 diski=8777728 disko=549916672 rx=72369831 tx=30639560 comm=*system*
psu_energy_ac_mcp_machine=68543244751
-------
timestamp=3408578647295978
iterations=7635
sample_ns=100000000
window_ns=1000000000
rapl_core_sum_uj=25207838054
rapl_psys_sum_uj=0
pid=0 energy=34497841150596540 alive=1 kernel=1 cpu_ns=6891855095000000 mem=898736128 instructions=7713135119308 wakeups=20419251 diski=8777728 disko=549916672 rx=72369831 tx=30639560 comm=*system*
psu_energy_ac_mcp_machine=68552803345
-------
timestamp=3408578778191178
iterations=7637
sample_ns=100000000
window_ns=1000000000
rapl_core_sum_uj=25213570170
rapl_psys_sum_uj=0
pid=0 energy=34497847987381780 alive=1 kernel=1 cpu_ns=6891855322000000 mem=937717760 instructions=7714275476356 wakeups=20419519 diski=8777728 disko=549916672 rx=72369831 tx=30639560 comm=*system*
psu_energy_ac_mcp_machine=68562654175
-------
timestamp=3408578907917645
iterations=7638
sample_ns=100000000
window_ns=1000000000
rapl_core_sum_uj=25216420816
rapl_psys_sum_uj=0
pid=0 energy=34497851830354875 alive=1 kernel=1 cpu_ns=6891855436000000 mem=582877184 instructions=7714930070975 wakeups=20419744 diski=8777728 disko=549916672 rx=72369831 tx=30639560 comm=*system*
psu_energy_ac_mcp_machine=68575641113
-------
timestamp=3408579041342726
iterations=7639
sample_ns=100000000
window_ns=1000000000
rapl_core_sum_uj=25219336831
rapl_psys_sum_uj=0
pid=0 energy=34497854966560235 alive=1 kernel=1 cpu_ns=6891855553000000 mem=943673344 instructions=7715440312047 wakeups=20419960 diski=8777728 disko=549916672 rx=72369831 tx=30639560 comm=*system*
psu_energy_ac_mcp_machine=68585405518
-------
timestamp=3408579174771589
iterations=7640
sample_ns=100000000
window_ns=1000000000
rapl_core_sum_uj=25222345436
rapl_psys_sum_uj=0
pid=0 energy=34497858792774605 alive=1 kernel=1 cpu_ns=6891855670000000 mem=600899584 instructions=7716088554921 wakeups=20420191 diski=8777728 disko=549916672 rx=72369831 tx=30639560 comm=*system*
psu_energy_ac_mcp_machine=68595509521
-------
timestamp=3408579305260522
iterations=7642
sample_ns=100000000
window_ns=1000000000
rapl_core_sum_uj=25228084510
rapl_psys_sum_uj=0
pid=0 energy=34497865596684310 alive=1 kernel=1 cpu_ns=6891855896000000 mem=640716800 instructions=7717223336862 wakeups=20420429 diski=8777728 disko=549916672 rx=72369831 tx=30639560 comm=*system*
psu_energy_ac_mcp_machine=68604865601
-------
timestamp=3408579435782105
iterations=7643
sample_ns=100000000
window_ns=1000000000
rapl_core_sum_uj=25230964270
rapl_psys_sum_uj=0
pid=0 energy=34497868932499990 alive=1 kernel=1 cpu_ns=6891856011000000 mem=793665536 instructions=7717775499998 wakeups=20420643 diski=8777728 disko=549916672 rx=72369833 tx=30639560 comm=*system*
psu_energy_ac_mcp_machine=68618033936
-------
timestamp=3408579570586088
iterations=7644
sample_ns=100000000
window_ns=1000000000
rapl_core_sum_uj=25233963781
rapl_psys_sum_uj=0
pid=0 energy=34497872587876395 alive=1 kernel=1 cpu_ns=6891856130000000 mem=673656832 instructions=7718387575279 wakeups=20420866 diski=8777728 disko=549916672 rx=72369833 tx=30639560 comm=*system*
psu_energy_ac_mcp_machine=68627902832
-------
timestamp=3408579700708214
iterations=7645
sample_ns=100000000
window_ns=1000000000
rapl_core_sum_uj=25237028905
rapl_psys_sum_uj=0
pid=0 energy=34497876143626315 alive=1 kernel=1 cpu_ns=6891856249000000 mem=665260032 instructions=7718979725263 wakeups=20421091 diski=8777728 disko=549916672 rx=72369833 tx=30639560 comm=*system*
psu_energy_ac_mcp_machine=68637631958
-------
timestamp=3408579831491806
iterations=7647
sample_ns=100000000
window_ns=1000000000
rapl_core_sum_uj=25242627536
rapl_psys_sum_uj=0
pid=0 energy=34497883072459375 alive=1 kernel=1 cpu_ns=6891856475000000 mem=548126720 instructions=7720139491875 wakeups=20421342 diski=8777728 disko=549916672 rx=72369833 tx=30639560 comm=*system*
psu_energy_ac_mcp_machine=68650739136
-------
timestamp=3408579965908804
iterations=7648
sample_ns=100000000
window_ns=1000000000
rapl_core_sum_uj=25245659884
rapl_psys_sum_uj=0
pid=0 energy=34497886420093180 alive=1 kernel=1 cpu_ns=6891856592000000 mem=750993408 instructions=7720692018636 wakeups=20421569 diski=8777728 disko=549916672 rx=72369833 tx=30639560 comm=*system*
psu_energy_ac_mcp_machine=68660597778
-------
timestamp=3408580097248700
iterations=7649
sample_ns=100000000
window_ns=1000000000
rapl_core_sum_uj=25248699678
rapl_psys_sum_uj=0
pid=0 energy=34497890237273290 alive=1 kernel=1 cpu_ns=6891856707000000 mem=430239744 instructions=7721340454658 wakeups=20421787 diski=8777728 disko=549916672 rx=72369833 tx=30639560 comm=*system*
psu_energy_ac_mcp_machine=68670178589
-------
timestamp=3408580227872588
iterations=7650
sample_ns=100000000
window_ns=1000000000
rapl_core_sum_uj=25251585908
rapl_psys_sum_uj=0
pid=0 energy=34497893409165415 alive=1 kernel=1 cpu_ns=6891856824000000 mem=783253504 instructions=7721857833083 wakeups=20421994 diski=8777728 disko=549916672 rx=72369833 tx=30639560 comm=*system*
psu_energy_ac_mcp_machine=68683396118
-------
timestamp=3408580361934068
iterations=7652
sample_ns=100000000
window_ns=1000000000
rapl_core_sum_uj=25257305511
rapl_psys_sum_uj=0
pid=0 energy=34497900203350060 alive=1 kernel=1 cpu_ns=6891857046000000 mem=819015680 instructions=7722994670012 wakeups=20422234 diski=8777728 disko=549916672 rx=72369833 tx=30639560 comm=*system*
psu_energy_ac_mcp_machine=68693164063
-------
timestamp=3408580494571381
iterations=7653
sample_ns=100000000
window_ns=1000000000
rapl_core_sum_uj=25260418059
rapl_psys_sum_uj=0
pid=0 energy=34497904027139640 alive=1 kernel=1 cpu_ns=6891857165000000 mem=473071616 instructions=7723640427928 wakeups=20422473 diski=8777728 disko=549937152 rx=72369833 tx=30639560 comm=*system*
psu_energy_ac_mcp_machine=68702839111
-------
timestamp=3408580624498111
iterations=7654
sample_ns=100000000
window_ns=1000000000
rapl_core_sum_uj=25263316984
rapl_psys_sum_uj=0
pid=0 energy=34497907176392340 alive=1 kernel=1 cpu_ns=6891857283000000 mem=841863168 instructions=7724152278468 wakeups=20422678 diski=8777728 disko=549937152 rx=72369833 tx=30639560 comm=*system*
psu_energy_ac_mcp_machine=68712632324
-------
timestamp=3408580754987798
iterations=7656
sample_ns=100000000
window_ns=1000000000
rapl_core_sum_uj=25268858548
rapl_psys_sum_uj=0
pid=0 energy=34497913995276595 alive=1 kernel=1 cpu_ns=6891857507000000 mem=882098176 instructions=7725292055319 wakeups=20422935 diski=8777728 disko=549937152 rx=72369833 tx=30639560 comm=*system*
psu_energy_ac_mcp_machine=68725682373
-------
timestamp=3408580888812097
iterations=7657
sample_ns=100000000
window_ns=1000000000
rapl_core_sum_uj=25272064785
rapl_psys_sum_uj=0
pid=0 energy=34497917826795630 alive=1 kernel=1 cpu_ns=6891857624000000 mem=541704192 instructions=7725941359126 wakeups=20423156 diski=8777728 disko=549937152 rx=72369833 tx=30639560 comm=*system*
psu_energy_ac_mcp_machine=68735514526
-------
timestamp=3408581018417927
iterations=7658
sample_ns=100000000
window_ns=1000000000
rapl_core_sum_uj=25274926601
rapl_psys_sum_uj=0
pid=0 energy=34497920968651460 alive=1 kernel=1 cpu_ns=6891857743000000 mem=906477568 instructions=7726450730292 wakeups=20423382 diski=8777728 disko=549937152 rx=72369833 tx=30639560 comm=*system*
psu_energy_ac_mcp_machine=68745191772
-------
timestamp=3408581149125803
iterations=7659
sample_ns=100000000
window_ns=1000000000
rapl_core_sum_uj=25277827663
rapl_psys_sum_uj=0
pid=0 energy=34497924829831935 alive=1 kernel=1 cpu_ns=6891857860000000 mem=568463360 instructions=7727105966387 wakeups=20423616 diski=8777728 disko=549937152 rx=72369833 tx=30639560 comm=*system*
psu_energy_ac_mcp_machine=68758472290
-------
timestamp=3408581281569204
iterations=7661
sample_ns=100000000
window_ns=1000000000
rapl_core_sum_uj=25283540979
rapl_psys_sum_uj=0
pid=0 energy=34497931610131330 alive=1 kernel=1 cpu_ns=6891858085000000 mem=601387008 instructions=7728237026266 wakeups=20423854 diski=8777728 disko=549937152 rx=72369833 tx=30639560 comm=*system*
psu_energy_ac_mcp_machine=68767966431
-------
timestamp=3408581413920671
iterations=7662
sample_ns=100000000
window_ns=1000000000
rapl_core_sum_uj=25286415856
rapl_psys_sum_uj=0
pid=0 energy=34497934751619910 alive=1 kernel=1 cpu_ns=6891858203000000 mem=938627072 instructions=7728747323982 wakeups=20424068 diski=8777728 disko=549937152 rx=72369835 tx=30639560 comm=*system*
psu_energy_ac_mcp_machine=68777821655
-------
timestamp=3408581544283892
iterations=7663
sample_ns=100000000
window_ns=1000000000
rapl_core_sum_uj=25289270775
rapl_psys_sum_uj=0
pid=0 energy=34497938599504180 alive=1 kernel=1 cpu_ns=6891858319000000 mem=630468608 instructions=7729400900836 wakeups=20424299 diski=8777728 disko=549937152 rx=72369835 tx=30639560 comm=*system*
psu_energy_ac_mcp_machine=68787317017
-------
timestamp=3408581674775890
iterations=7664
sample_ns=100000000
window_ns=1000000000
rapl_core_sum_uj=25292179832
rapl_psys_sum_uj=0
pid=0 energy=34497941848333660 alive=1 kernel=1 cpu_ns=6891858435000000 mem=845537280 instructions=7729934666732 wakeups=20424520 diski=8777728 disko=549937152 rx=72369835 tx=30639560 comm=*system*
psu_energy_ac_mcp_machine=68800685303
-------
timestamp=3408581808250778
iterations=7666
sample_ns=100000000
window_ns=1000000000
rapl_core_sum_uj=25297831016
rapl_psys_sum_uj=0
pid=0 energy=34497948792551870 alive=1 kernel=1 cpu_ns=6891858659000000 mem=718778368 instructions=7731099510374 wakeups=20424782 diski=8777728 disko=549937152 rx=72369835 tx=30639560 comm=*system*
psu_energy_ac_mcp_machine=68810285400
-------
timestamp=3408581938562068
iterations=7667
sample_ns=100000000
window_ns=1000000000
rapl_core_sum_uj=25300686545
rapl_psys_sum_uj=0
pid=0 energy=34497952355923420 alive=1 kernel=1 cpu_ns=6891858776000000 mem=697417728 instructions=7731695184684 wakeups=20425004 diski=8777728 disko=549937152 rx=72369835 tx=30639560 comm=*system*
psu_energy_ac_mcp_machine=68820010986
-------
timestamp=3408582068733779
iterations=7668
sample_ns=100000000
window_ns=1000000000
rapl_core_sum_uj=25303665182
rapl_psys_sum_uj=0
pid=0 energy=34497955895394485 alive=1 kernel=1 cpu_ns=6891858895000000 mem=629047296 instructions=7732284078897 wakeups=20425227 diski=8777728 disko=549937152 rx=72369835 tx=30639560 comm=*system*
psu_energy_ac_mcp_machine=68833218506
-------
timestamp=3408582202298953
iterations=7669
sample_ns=100000000
window_ns=1000000000
rapl_core_sum_uj=25306589010
rapl_psys_sum_uj=0
pid=0 energy=34497959307917795 alive=1 kernel=1 cpu_ns=6891859012000000 mem=717860864 instructions=7732849583559 wakeups=20425450 diski=8777728 disko=549937152 rx=72369835 tx=30639560 comm=*system*
psu_energy_ac_mcp_machine=68842627197
-------
timestamp=3408582336277146
iterations=7671
sample_ns=100000000
window_ns=1000000000
rapl_core_sum_uj=25312048726
rapl_psys_sum_uj=0
pid=0 energy=34497966095823040 alive=1 kernel=1 cpu_ns=6891859232000000 mem=756387840 instructions=7733987164608 wakeups=20425692 diski=8777728 disko=549937152 rx=72369835 tx=30639560 comm=*system*
psu_energy_ac_mcp_machine=68852266479
-------
timestamp=3408582465998335
iterations=7672
sample_ns=100000000
window_ns=1000000000
rapl_core_sum_uj=25315062886
rapl_psys_sum_uj=0
pid=0 energy=34497969895059000 alive=1 kernel=1 cpu_ns=6891859348000000 mem=430075904 instructions=7734631011800 wakeups=20425924 diski=8777728 disko=549937152 rx=72369835 tx=30639560 comm=*system*
psu_energy_ac_mcp_machine=68862168335
-------
timestamp=3408582596374278
iterations=7673
sample_ns=100000000
window_ns=1000000000
rapl_core_sum_uj=25318016560
rapl_psys_sum_uj=0
pid=0 energy=34497973051259340 alive=1 kernel=1 cpu_ns=6891859464000000 mem=781492224 instructions=7735146251868 wakeups=20426140 diski=8777728 disko=549937152 rx=72369835 tx=30639560 comm=*system*
psu_energy_ac_mcp_machine=68875445557
-------
timestamp=3408582729853883
iterations=7675
sample_ns=100000000
window_ns=1000000000
rapl_core_sum_uj=25323490558
rapl_psys_sum_uj=0
pid=0 energy=34497979922826830 alive=1 kernel=1 cpu_ns=6891859689000000 mem=822599680 instructions=7736295565366 wakeups=20426394 diski=8777728 disko=549937152 rx=72369835 tx=30639560 comm=*system*
psu_energy_ac_mcp_machine=68885032104
-------
timestamp=3408582860497334
iterations=7676
sample_ns=100000000
window_ns=1000000000
rapl_core_sum_uj=25326496661
rapl_psys_sum_uj=0
pid=0 energy=34497983704005785 alive=1 kernel=1 cpu_ns=6891859803000000 mem=484102144 instructions=7736937801157 wakeups=20426625 diski=8777728 disko=549937152 rx=72369835 tx=30639560 comm=*system*
psu_energy_ac_mcp_machine=68894993164
-------
timestamp=3408582990071938
iterations=7677
sample_ns=100000000
window_ns=1000000000
rapl_core_sum_uj=25329570635
rapl_psys_sum_uj=0
pid=0 energy=34497986836026790 alive=1 kernel=1 cpu_ns=6891859919000000 mem=852250624 instructions=7737448205358 wakeups=20426844 diski=8777728 disko=549937152 rx=72369835 tx=30639560 comm=*system*
psu_energy_ac_mcp_machine=68908205566
-------
timestamp=3408583122900235
iterations=7678
sample_ns=100000000
window_ns=1000000000
rapl_core_sum_uj=25332460954
rapl_psys_sum_uj=0
pid=0 energy=34497990701600005 alive=1 kernel=1 cpu_ns=6891860035000000 mem=517394432 instructions=7738105320001 wakeups=20427074 diski=8777728 disko=549937152 rx=72369835 tx=30639560 comm=*system*
psu_energy_ac_mcp_machine=68917877930
-------
timestamp=3408583257220921
iterations=7680
sample_ns=100000000
window_ns=1000000000
rapl_core_sum_uj=25338131791
rapl_psys_sum_uj=0
pid=0 energy=34497997484888935 alive=1 kernel=1 cpu_ns=6891860256000000 mem=553443328 instructions=7739240977787 wakeups=20427324 diski=8777728 disko=549937152 rx=72369835 tx=30639560 comm=*system*
psu_energy_ac_mcp_machine=68927635376
-------
timestamp=3408583386954106
iterations=7681
sample_ns=100000000
window_ns=1000000000
rapl_core_sum_uj=25341198990
rapl_psys_sum_uj=0
pid=0 energy=34498000649050075 alive=1 kernel=1 cpu_ns=6891860373000000 mem=924258304 instructions=7739756810015 wakeups=20427541 diski=8777728 disko=549937152 rx=72369835 tx=30639560 comm=*system*
psu_energy_ac_mcp_machine=68940854004
-------
timestamp=3408583520820402
iterations=7682
sample_ns=100000000
window_ns=1000000000
rapl_core_sum_uj=25344040359
rapl_psys_sum_uj=0
pid=0 energy=34498004497689720 alive=1 kernel=1 cpu_ns=6891860488000000 mem=590680064 instructions=7740411537944 wakeups=20427766 diski=8777728 disko=549937152 rx=72369837 tx=30639560 comm=*system*
psu_energy_ac_mcp_machine=68950407715
-------
timestamp=3408583653948211
iterations=7683
sample_ns=100000000
window_ns=1000000000
rapl_core_sum_uj=25346895766
rapl_psys_sum_uj=0
pid=0 energy=34498007640667190 alive=1 kernel=1 cpu_ns=6891860607000000 mem=955142144 instructions=7740921133438 wakeups=20427976 diski=8777728 disko=549937152 rx=72369837 tx=30639560 comm=*system*
psu_energy_ac_mcp_machine=68960344360
-------
timestamp=3408583783706307
iterations=7685
sample_ns=100000000
window_ns=1000000000
rapl_core_sum_uj=25352769483
rapl_psys_sum_uj=0
pid=0 energy=34498014584460895 alive=1 kernel=1 cpu_ns=6891860831000000 mem=831897600 instructions=7742085892179 wakeups=20428240 diski=8777728 disko=549937152 rx=72369837 tx=30639560 comm=*system*
psu_energy_ac_mcp_machine=68970443604
-------
timestamp=3408583913578642
iterations=7686
sample_ns=100000000
window_ns=1000000000
rapl_core_sum_uj=25355604993
rapl_psys_sum_uj=0
pid=0 energy=34498018309139865 alive=1 kernel=1 cpu_ns=6891860948000000 mem=664133632 instructions=7742713827973 wakeups=20428472 diski=8777728 disko=549937152 rx=72369837 tx=30639560 comm=*system*
psu_energy_ac_mcp_machine=68983290039
-------
timestamp=3408584045935446
iterations=7687
sample_ns=100000000
window_ns=1000000000
rapl_core_sum_uj=25358512890
rapl_psys_sum_uj=0
pid=0 energy=34498021735836260 alive=1 kernel=1 cpu_ns=6891861067000000 mem=729305088 instructions=7743280167252 wakeups=20428700 diski=8777728 disko=549937152 rx=72369837 tx=30639560 comm=*system*
psu_energy_ac_mcp_machine=68992970215
-------
timestamp=3408584176755389
iterations=7688
sample_ns=100000000
window_ns=1000000000
rapl_core_sum_uj=25361596386
rapl_psys_sum_uj=0
pid=0 energy=34498025298999655 alive=1 kernel=1 cpu_ns=6891861184000000 mem=690089984 instructions=7743875799931 wakeups=20428922 diski=8777728 disko=549937152 rx=72369837 tx=30639560 comm=*system*
psu_energy_ac_mcp_machine=69002969360
-------
timestamp=3408584307083963
iterations=7690
sample_ns=100000000
window_ns=1000000000
rapl_core_sum_uj=25367267283
rapl_psys_sum_uj=0
pid=0 energy=34498032135714655 alive=1 kernel=1 cpu_ns=6891861408000000 mem=733917184 instructions=7745019142931 wakeups=20429159 diski=8777728 disko=549937152 rx=72369837 tx=30639560 comm=*system*
psu_energy_ac_mcp_machine=69015927612
-------
timestamp=3408584440634668
iterations=7691
sample_ns=100000000
window_ns=1000000000
rapl_core_sum_uj=25370146250
rapl_psys_sum_uj=0
pid=0 energy=34498035844862210 alive=1 kernel=1 cpu_ns=6891861526000000 mem=501198848 instructions=7745642972442 wakeups=20429390 diski=8777728 disko=549937152 rx=72369837 tx=30639560 comm=*system*
psu_energy_ac_mcp_machine=69025442383
-------
timestamp=3408584574105702
iterations=7692
sample_ns=100000000
window_ns=1000000000
rapl_core_sum_uj=25373111582
rapl_psys_sum_uj=0
pid=0 energy=34498039108634385 alive=1 kernel=1 cpu_ns=6891861648000000 mem=755433472 instructions=7746173726877 wakeups=20429610 diski=8777728 disko=549937152 rx=72369837 tx=30639560 comm=*system*
psu_energy_ac_mcp_machine=69035337158
-------
timestamp=3408584704312598
iterations=7694
sample_ns=100000000
window_ns=1000000000
rapl_core_sum_uj=25378732125
rapl_psys_sum_uj=0
pid=0 energy=34498046051459310 alive=1 kernel=1 cpu_ns=6891861876000000 mem=804212736 instructions=7747334291862 wakeups=20429866 diski=8777728 disko=549937152 rx=72369837 tx=30639560 comm=*system*
psu_energy_ac_mcp_machine=69044661255
-------
timestamp=3408584834473600
iterations=7695
sample_ns=100000000
window_ns=1000000000
rapl_core_sum_uj=25381569893
rapl_psys_sum_uj=0
pid=0 energy=34498049815233715 alive=1 kernel=1 cpu_ns=6891861989000000 mem=469442560 instructions=7747974046743 wakeups=20430094 diski=8777728 disko=549937152 rx=72369837 tx=30639560 comm=*system*
psu_energy_ac_mcp_machine=69057816895
-------
timestamp=3408584967525819
iterations=7696
sample_ns=100000000
window_ns=1000000000
rapl_core_sum_uj=25384547615
rapl_psys_sum_uj=0
pid=0 energy=34498052931124465 alive=1 kernel=1 cpu_ns=6891862104000000 mem=835608576 instructions=7748482224893 wakeups=20430310 diski=8777728 disko=549937152 rx=72369837 tx=30639560 comm=*system*
psu_energy_ac_mcp_machine=69067570557
-------
timestamp=3408585097558827
iterations=7697
sample_ns=100000000
window_ns=1000000000
rapl_core_sum_uj=25387647773
rapl_psys_sum_uj=0
pid=0 energy=34498056807651725 alive=1 kernel=1 cpu_ns=6891862222000000 mem=500019200 instructions=7749139530345 wakeups=20430543 diski=8777728 disko=549937152 rx=72369837 tx=30639560 comm=*system*
psu_energy_ac_mcp_machine=69077484985
-------
timestamp=3408585227729722
iterations=7699
sample_ns=100000000
window_ns=1000000000
rapl_core_sum_uj=25393207343
rapl_psys_sum_uj=0
pid=0 energy=34498063624913250 alive=1 kernel=1 cpu_ns=6891862446000000 mem=523968512 instructions=7750278982650 wakeups=20430793 diski=8777728 disko=549937152 rx=72369837 tx=30639560 comm=*system*
psu_energy_ac_mcp_machine=69090581909
-------
timestamp=3408585359781551
iterations=7700
sample_ns=100000000
window_ns=1000000000
rapl_core_sum_uj=25396226324
rapl_psys_sum_uj=0
pid=0 energy=34498066765112585 alive=1 kernel=1 cpu_ns=6891862564000000 mem=887349248 instructions=7750789022517 wakeups=20431005 diski=8777728 disko=549937152 rx=72369837 tx=30639560 comm=*system*
psu_energy_ac_mcp_machine=69100342773
-------
timestamp=3408585493199798
iterations=7701
sample_ns=100000000
window_ns=1000000000
rapl_core_sum_uj=25399317754
rapl_psys_sum_uj=0
pid=0 energy=34498070621097405 alive=1 kernel=1 cpu_ns=6891862680000000 mem=553033728 instructions=7751444219481 wakeups=20431236 diski=8777728 disko=549957632 rx=72369839 tx=30639560 comm=*system*
psu_energy_ac_mcp_machine=69110066162
-------
timestamp=3408585623518519
iterations=7702
sample_ns=100000000
window_ns=1000000000
rapl_core_sum_uj=25402207036
rapl_psys_sum_uj=0
pid=0 energy=34498073765788135 alive=1 kernel=1 cpu_ns=6891862798000000 mem=920330240 instructions=7751955157627 wakeups=20431451 diski=8777728 disko=549957632 rx=72369839 tx=30639560 comm=*system*
psu_energy_ac_mcp_machine=69119378540
-------
timestamp=3408585753414108
iterations=7704
sample_ns=100000000
window_ns=1000000000
rapl_core_sum_uj=25407744145
rapl_psys_sum_uj=0
pid=0 energy=34498080542536035 alive=1 kernel=1 cpu_ns=6891863020000000 mem=955158528 instructions=7753088507207 wakeups=20431716 diski=8777728 disko=549957632 rx=72369839 tx=30639560 comm=*system*
psu_energy_ac_mcp_machine=69132975342
-------
timestamp=3408585884880382
iterations=7705
sample_ns=100000000
window_ns=1000000000
rapl_core_sum_uj=25410805424
rapl_psys_sum_uj=0
pid=0 energy=34498084400702730 alive=1 kernel=1 cpu_ns=6891863135000000 mem=623276032 instructions=7753745140546 wakeups=20431943 diski=8777728 disko=549957632 rx=72369839 tx=30639560 comm=*system*
psu_energy_ac_mcp_machine=69142661865
-------
timestamp=3408586016198409
iterations=7706
sample_ns=100000000
window_ns=1000000000
rapl_core_sum_uj=25413692264
rapl_psys_sum_uj=0
pid=0 energy=34498087641794520 alive=1 kernel=1 cpu_ns=6891863252000000 mem=861847552 instructions=7754276358904 wakeups=20432161 diski=8777728 disko=549957632 rx=72369839 tx=30639560 comm=*system*
psu_energy_ac_mcp_machine=69152105957
-------
timestamp=3408586146944546
iterations=7707
sample_ns=100000000
window_ns=1000000000
rapl_core_sum_uj=25416587466
rapl_psys_sum_uj=0
pid=0 energy=34498091325943585 alive=1 kernel=1 cpu_ns=6891863367000000 mem=642899968 instructions=7754898188717 wakeups=20432396 diski=8777728 disko=549957632 rx=72369839 tx=30639560 comm=*system*
psu_energy_ac_mcp_machine=69165410278
-------
timestamp=3408586279792391
iterations=7709
sample_ns=100000000
window_ns=1000000000
rapl_core_sum_uj=25422387575
rapl_psys_sum_uj=0
pid=0 energy=34498098148405330 alive=1 kernel=1 cpu_ns=6891863589000000 mem=685137920 instructions=7756040681066 wakeups=20432626 diski=8777728 disko=549957632 rx=72369839 tx=30639560 comm=*system*
psu_energy_ac_mcp_machine=69175224609
-------
timestamp=3408586412796147
iterations=7710
sample_ns=100000000
window_ns=1000000000
rapl_core_sum_uj=25425295839
rapl_psys_sum_uj=0
pid=0 energy=34498101667265140 alive=1 kernel=1 cpu_ns=6891863708000000 mem=658345984 instructions=7756625453028 wakeups=20432853 diski=8777728 disko=549957632 rx=72369839 tx=30639560 comm=*system*
psu_energy_ac_mcp_machine=69184650757
-------
timestamp=3408586542861755
iterations=7711
sample_ns=100000000
window_ns=1000000000
rapl_core_sum_uj=25428149293
rapl_psys_sum_uj=0
pid=0 energy=34498105131084875 alive=1 kernel=1 cpu_ns=6891863825000000 mem=707457024 instructions=7757201216975 wakeups=20433080 diski=8777728 disko=549957632 rx=72369839 tx=30639560 comm=*system*
psu_energy_ac_mcp_machine=69194460571
-------
timestamp=3408586672460833
iterations=7712
sample_ns=100000000
window_ns=1000000000
rapl_core_sum_uj=25430997559
rapl_psys_sum_uj=0
pid=0 energy=34498108797567980 alive=1 kernel=1 cpu_ns=6891863944000000 mem=570712064 instructions=7757815513596 wakeups=20433304 diski=8777728 disko=549957632 rx=72369840 tx=30639561 comm=*system*
psu_energy_ac_mcp_machine=69207640503
-------
timestamp=3408586806865650
iterations=7714
sample_ns=100000000
window_ns=1000000000
rapl_core_sum_uj=25436666808
rapl_psys_sum_uj=0
pid=0 energy=34498115734170930 alive=1 kernel=1 cpu_ns=6891864168000000 mem=449560576 instructions=7758978834186 wakeups=20433570 diski=8777728 disko=549957632 rx=72369840 tx=30639561 comm=*system*
psu_energy_ac_mcp_machine=69217133545
-------
timestamp=3408586937620316
iterations=7715
sample_ns=100000000
window_ns=1000000000
rapl_core_sum_uj=25439564024
rapl_psys_sum_uj=0
pid=0 energy=34498118908942045 alive=1 kernel=1 cpu_ns=6891864284000000 mem=773541888 instructions=7759497788409 wakeups=20433793 diski=8777728 disko=549957632 rx=72369840 tx=30639561 comm=*system*
psu_energy_ac_mcp_machine=69226916260
-------
timestamp=3408587067492620
iterations=7716
sample_ns=100000000
window_ns=1000000000
rapl_core_sum_uj=25442481077
rapl_psys_sum_uj=0
pid=0 energy=34498122764426000 alive=1 kernel=1 cpu_ns=6891864401000000 mem=435531776 instructions=7760151885200 wakeups=20434017 diski=8777728 disko=549957632 rx=72369840 tx=30639561 comm=*system*
psu_energy_ac_mcp_machine=69240064941
-------
timestamp=3408587201459215
iterations=7718
sample_ns=100000000
window_ns=1000000000
rapl_core_sum_uj=25448108639
rapl_psys_sum_uj=0
pid=0 energy=34498129625346180 alive=1 kernel=1 cpu_ns=6891864629000000 mem=470827008 instructions=7761296069236 wakeups=20434280 diski=8777728 disko=549957632 rx=72369840 tx=30639561 comm=*system*
psu_energy_ac_mcp_machine=69249502808
-------
timestamp=3408587335502660
iterations=7719
sample_ns=100000000
window_ns=1000000000
rapl_core_sum_uj=25450952450
rapl_psys_sum_uj=0
pid=0 energy=34498132698728420 alive=1 kernel=1 cpu_ns=6891864745000000 mem=836231168 instructions=7761794745684 wakeups=20434484 diski=8777728 disko=549957632 rx=72369840 tx=30639561 comm=*system*
psu_energy_ac_mcp_machine=69259270386
-------
timestamp=3408587465842132
iterations=7720
sample_ns=100000000
window_ns=1000000000
rapl_core_sum_uj=25453916500
rapl_psys_sum_uj=0
pid=0 energy=34498136538859070 alive=1 kernel=1 cpu_ns=6891864860000000 mem=496508928 instructions=7762447771814 wakeups=20434716 diski=8777728 disko=549957632 rx=72369842 tx=30639561 comm=*system*
psu_energy_ac_mcp_machine=69272504883
-------
timestamp=3408587599560011
iterations=7721
sample_ns=100000000
window_ns=1000000000
rapl_core_sum_uj=25456874812
rapl_psys_sum_uj=0
pid=0 energy=34498139664277755 alive=1 kernel=1 cpu_ns=6891864977000000 mem=862347264 instructions=7762955855551 wakeups=20434931 diski=8777728 disko=549957632 rx=72369842 tx=30639561 comm=*system*
psu_energy_ac_mcp_machine=69282032593
-------
timestamp=3408587732248639
iterations=7723
sample_ns=100000000
window_ns=1000000000
rapl_core_sum_uj=25462384577
rapl_psys_sum_uj=0
pid=0 energy=34498146452071710 alive=1 kernel=1 cpu_ns=6891865201000000 mem=899772416 instructions=7764089414342 wakeups=20435196 diski=8777728 disko=549957632 rx=72369842 tx=30639561 comm=*system*
psu_energy_ac_mcp_machine=69291460815
-------
timestamp=3408587862474743
iterations=7724
sample_ns=100000000
window_ns=1000000000
rapl_core_sum_uj=25465408502
rapl_psys_sum_uj=0
pid=0 energy=34498150314100215 alive=1 kernel=1 cpu_ns=6891865317000000 mem=556044288 instructions=7764745820043 wakeups=20435420 diski=8777728 disko=549957632 rx=72369842 tx=30639561 comm=*system*
psu_energy_ac_mcp_machine=69301315552
-------
timestamp=3408587992667526
iterations=7725
sample_ns=100000000
window_ns=1000000000
rapl_core_sum_uj=25468482476
rapl_psys_sum_uj=0
pid=0 energy=34498153417625550 alive=1 kernel=1 cpu_ns=6891865433000000 mem=916103168 instructions=7765250525110 wakeups=20435640 diski=8777728 disko=549957632 rx=72369842 tx=30639561 comm=*system*
psu_energy_ac_mcp_machine=69314687622
-------
timestamp=3408588126903229
iterations=7726
sample_ns=100000000
window_ns=1000000000
rapl_core_sum_uj=25471393425
rapl_psys_sum_uj=0
pid=0 energy=34498157251300855 alive=1 kernel=1 cpu_ns=6891865551000000 mem=572690432 instructions=7765899260171 wakeups=20435873 diski=8777728 disko=549957632 rx=72369842 tx=30639561 comm=*system*
psu_energy_ac_mcp_machine=69324301392
-------
timestamp=3408588256976050
iterations=7728
sample_ns=100000000
window_ns=1000000000
rapl_core_sum_uj=25477052177
rapl_psys_sum_uj=0
pid=0 energy=34498164047501805 alive=1 kernel=1 cpu_ns=6891865771000000 mem=611868672 instructions=7767038500361 wakeups=20436127 diski=8777728 disko=549957632 rx=72369842 tx=30639561 comm=*system*
psu_energy_ac_mcp_machine=69333911011
-------
timestamp=3408588387675900
iterations=7729
sample_ns=100000000
window_ns=1000000000
rapl_core_sum_uj=25480146964
rapl_psys_sum_uj=0
pid=0 energy=34498167279955520 alive=1 kernel=1 cpu_ns=6891865892000000 mem=896618496 instructions=7767563991104 wakeups=20436345 diski=8777728 disko=549957632 rx=72369842 tx=30639561 comm=*system*
psu_energy_ac_mcp_machine=69347242798
-------
timestamp=3408588520721146
iterations=7730
sample_ns=100000000
window_ns=1000000000
rapl_core_sum_uj=25482988821
rapl_psys_sum_uj=0
pid=0 energy=34498171041930675 alive=1 kernel=1 cpu_ns=6891866013000000 mem=637546496 instructions=7768195386135 wakeups=20436573 diski=8777728 disko=549957632 rx=72369842 tx=30639561 comm=*system*
psu_energy_ac_mcp_machine=69356833374
-------
timestamp=3408588654547799
iterations=7732
sample_ns=100000000
window_ns=1000000000
rapl_core_sum_uj=25488807851
rapl_psys_sum_uj=0
pid=0 energy=34498177982769330 alive=1 kernel=1 cpu_ns=6891866245000000 mem=673435648 instructions=7769351553866 wakeups=20436841 diski=8777728 disko=549957632 rx=72369842 tx=30639561 comm=*system*
psu_energy_ac_mcp_machine=69366758057
-------
timestamp=3408588785432760
iterations=7733
sample_ns=100000000
window_ns=1000000000
rapl_core_sum_uj=25491816579
rapl_psys_sum_uj=0
pid=0 energy=34498181361475555 alive=1 kernel=1 cpu_ns=6891866357000000 mem=686370816 instructions=7769915295111 wakeups=20437053 diski=8777728 disko=549957632 rx=72369842 tx=30639561 comm=*system*
psu_energy_ac_mcp_machine=69380063599
-------
timestamp=3408588918685086
iterations=7734
sample_ns=100000000
window_ns=1000000000
rapl_core_sum_uj=25494717579
rapl_psys_sum_uj=0
pid=0 energy=34498184824498155 alive=1 kernel=1 cpu_ns=6891866474000000 mem=699940864 instructions=7770490899631 wakeups=20437273 diski=8777728 disko=549957632 rx=72369842 tx=30639561 comm=*system*
psu_energy_ac_mcp_machine=69389658813
-------
timestamp=3408589051406001
iterations=7735
sample_ns=100000000
window_ns=1000000000
rapl_core_sum_uj=25497609180
rapl_psys_sum_uj=0
pid=0 energy=34498188410022290 alive=1 kernel=1 cpu_ns=6891866593000000 mem=605679616 instructions=7771089004458 wakeups=20437500 diski=8777728 disko=549957632 rx=72369842 tx=30639561 comm=*system*
psu_energy_ac_mcp_machine=69399355103
-------
timestamp=3408589181385842
iterations=7737
sample_ns=100000000
window_ns=1000000000
rapl_core_sum_uj=25503781054
rapl_psys_sum_uj=0
pid=0 energy=34498195841929110 alive=1 kernel=1 cpu_ns=6891866830000000 mem=423100416 instructions=7772338385822 wakeups=20437778 diski=8777728 disko=549957632 rx=72369842 tx=30639561 comm=*system*
psu_energy_ac_mcp_machine=69409229614
-------
timestamp=3408589311613360
iterations=7738
sample_ns=100000000
window_ns=1000000000
rapl_core_sum_uj=25506526232
rapl_psys_sum_uj=0
pid=0 energy=34498198841350220 alive=1 kernel=1 cpu_ns=6891866940000000 mem=793231360 instructions=7772828270044 wakeups=20437968 diski=8777728 disko=549957632 rx=72369842 tx=30639561 comm=*system*
psu_energy_ac_mcp_machine=69422374878
-------
timestamp=3408589445602214
iterations=7739
sample_ns=100000000
window_ns=1000000000
rapl_core_sum_uj=25509511888
rapl_psys_sum_uj=0
pid=0 energy=34498202688661675 alive=1 kernel=1 cpu_ns=6891867057000000 mem=452227072 instructions=7773480732335 wakeups=20438201 diski=8777728 disko=549957632 rx=72369844 tx=30639561 comm=*system*
psu_energy_ac_mcp_machine=69432096802
-------
timestamp=3408589575265852
iterations=7740
sample_ns=100000000
window_ns=1000000000
rapl_core_sum_uj=25512585496
rapl_psys_sum_uj=0
pid=0 energy=34498205851268720 alive=1 kernel=1 cpu_ns=6891867176000000 mem=822030336 instructions=7773994253744 wakeups=20438416 diski=8777728 disko=549957632 rx=72369844 tx=30639561 comm=*system*
psu_energy_ac_mcp_machine=69441858887
-------
timestamp=3408589705776770
iterations=7742
sample_ns=100000000
window_ns=1000000000
rapl_core_sum_uj=25518143844
rapl_psys_sum_uj=0
pid=0 energy=34498212724392745 alive=1 kernel=1 cpu_ns=6891867402000000 mem=866004992 instructions=7775142878549 wakeups=20438679 diski=8777728 disko=549957632 rx=72369844 tx=30639561 comm=*system*
psu_energy_ac_mcp_machine=69455084106
-------
timestamp=3408589840086933
iterations=7743
sample_ns=100000000
window_ns=1000000000
rapl_core_sum_uj=25521008651
rapl_psys_sum_uj=0
pid=0 energy=34498216502974260 alive=1 kernel=1 cpu_ns=6891867517000000 mem=527474688 instructions=7775783594852 wakeups=20438899 diski=8777728 disko=549957632 rx=72369844 tx=30639561 comm=*system*
psu_energy_ac_mcp_machine=69464610840
-------
timestamp=3408589973600642
iterations=7744
sample_ns=100000000
window_ns=1000000000
rapl_core_sum_uj=25524016341
rapl_psys_sum_uj=0
pid=0 energy=34498219650510560 alive=1 kernel=1 cpu_ns=6891867635000000 mem=896008192 instructions=7776295102112 wakeups=20439115 diski=8777728 disko=549957632 rx=72369844 tx=30639561 comm=*system*
psu_energy_ac_mcp_machine=69474530151
-------
timestamp=3408590103901006
iterations=7745
sample_ns=100000000
window_ns=1000000000
rapl_core_sum_uj=25526933760
rapl_psys_sum_uj=0
pid=0 energy=34498223528324280 alive=1 kernel=1 cpu_ns=6891867754000000 mem=560136192 instructions=7776951664856 wakeups=20439354 diski=8777728 disko=549957632 rx=72369844 tx=30639561 comm=*system*
psu_energy_ac_mcp_machine=69487496216
-------
timestamp=3408590237920024
iterations=7747
sample_ns=100000000
window_ns=1000000000
rapl_core_sum_uj=25532418073
rapl_psys_sum_uj=0
pid=0 energy=34498230330667990 alive=1 kernel=1 cpu_ns=6891867975000000 mem=599166976 instructions=7778091133598 wakeups=20439602 diski=8777728 disko=549957632 rx=72369844 tx=30639561 comm=*system*
psu_energy_ac_mcp_machine=69496920654
-------
timestamp=3408590370515655
iterations=7748
sample_ns=100000000
window_ns=1000000000
rapl_core_sum_uj=25535448468
rapl_psys_sum_uj=0
pid=0 energy=34498233476838050 alive=1 kernel=1 cpu_ns=6891868092000000 mem=941817856 instructions=7778603367610 wakeups=20439809 diski=8777728 disko=549957632 rx=72369844 tx=30639561 comm=*system*
psu_energy_ac_mcp_machine=69506842407
-------
timestamp=3408590500946769
iterations=7749
sample_ns=100000000
window_ns=1000000000
rapl_core_sum_uj=25538372051
rapl_psys_sum_uj=0
pid=0 energy=34498237324052255 alive=1 kernel=1 cpu_ns=6891868209000000 mem=631267328 instructions=7779255810451 wakeups=20440043 diski=8777728 disko=549957632 rx=72369844 tx=30639561 comm=*system*
psu_energy_ac_mcp_machine=69516056763
-------
timestamp=3408590630798324
iterations=7750
sample_ns=100000000
window_ns=1000000000
rapl_core_sum_uj=25541276653
rapl_psys_sum_uj=0
pid=0 energy=34498240629228000 alive=1 kernel=1 cpu_ns=6891868325000000 mem=823656448 instructions=7779800845600 wakeups=20440264 diski=8777728 disko=549978112 rx=72369844 tx=30639561 comm=*system*
psu_energy_ac_mcp_machine=69529453003
-------
timestamp=3408590762704014
iterations=7752
sample_ns=100000000
window_ns=1000000000
rapl_core_sum_uj=25546924357
rapl_psys_sum_uj=0
pid=0 energy=34498247606293340 alive=1 kernel=1 cpu_ns=6891868549000000 mem=688062464 instructions=7780972258668 wakeups=20440527 diski=8777728 disko=549978112 rx=72369844 tx=30639561 comm=*system*
psu_energy_ac_mcp_machine=69538987061
-------
timestamp=3408590894207959
iterations=7753
sample_ns=100000000
window_ns=1000000000
rapl_core_sum_uj=25549750773
rapl_psys_sum_uj=0
pid=0 energy=34498251108613860 alive=1 kernel=1 cpu_ns=6891868666000000 mem=705613824 instructions=7781555722772 wakeups=20440742 diski=8777728 disko=549978112 rx=72369844 tx=30639561 comm=*system*
psu_energy_ac_mcp_machine=69548709839
-------
timestamp=3408591024749614
iterations=7754
sample_ns=100000000
window_ns=1000000000
rapl_core_sum_uj=25552622293
rapl_psys_sum_uj=0
pid=0 energy=34498254725209655 alive=1 kernel=1 cpu_ns=6891868783000000 mem=582553600 instructions=7782162041931 wakeups=20440982 diski=8777728 disko=549978112 rx=72369844 tx=30639561 comm=*system*
psu_energy_ac_mcp_machine=69561815796
-------
timestamp=3408591157151615
iterations=7756
sample_ns=100000000
window_ns=1000000000
rapl_core_sum_uj=25558370155
rapl_psys_sum_uj=0
pid=0 energy=34498258102555895 alive=1 kernel=1 cpu_ns=6891868902000000 mem=733913088 instructions=7782718511179 wakeups=20441199 diski=8777728 disko=549978112 rx=72369844 tx=30639561 comm=*system*
psu_energy_ac_mcp_machine=69571408447
-------
timestamp=3408591290513736
iterations=7757
sample_ns=100000000
window_ns=1000000000
rapl_core_sum_uj=25561076270
rapl_psys_sum_uj=0
pid=0 energy=34498264976999795 alive=1 kernel=1 cpu_ns=6891869125000000 mem=756334592 instructions=7783870399959 wakeups=20441445 diski=8777728 disko=549978112 rx=72369844 tx=30639561 comm=*system*
psu_energy_ac_mcp_machine=69581083740
-------
timestamp=3408591420964432
iterations=7758
sample_ns=100000000
window_ns=1000000000
rapl_core_sum_uj=25563953589
rapl_psys_sum_uj=0
pid=0 energy=34498268822843590 alive=1 kernel=1 cpu_ns=6891869243000000 mem=436305920 instructions=7784521568718 wakeups=20441671 diski=8777728 disko=549978112 rx=72369844 tx=30639561 comm=*system*
psu_energy_ac_mcp_machine=69590825806
-------
timestamp=3408591550418905
iterations=7759
sample_ns=100000000
window_ns=1000000000
rapl_core_sum_uj=25566854223
rapl_psys_sum_uj=0
pid=0 energy=34498271971443565 alive=1 kernel=1 cpu_ns=6891869358000000 mem=777527296 instructions=7785036288713 wakeups=20441889 diski=8777728 disko=549978112 rx=72369846 tx=30639561 comm=*system*
psu_energy_ac_mcp_machine=69603996582
-------
timestamp=3408591682595375
iterations=7761
sample_ns=100000000
window_ns=1000000000
rapl_core_sum_uj=25572657384
rapl_psys_sum_uj=0
pid=0 energy=34498278829516630 alive=1 kernel=1 cpu_ns=6891869583000000 mem=813756416 instructions=7786182903326 wakeups=20442142 diski=8777728 disko=549978112 rx=72369846 tx=30639561 comm=*system*
psu_energy_ac_mcp_machine=69613968994
-------
timestamp=3408591812894923
iterations=7762
sample_ns=100000000
window_ns=1000000000
rapl_core_sum_uj=25575480931
rapl_psys_sum_uj=0
pid=0 energy=34498282645991240 alive=1 kernel=1 cpu_ns=6891869701000000 mem=471396352 instructions=7786828198248 wakeups=20442375 diski=8777728 disko=549978112 rx=72369846 tx=30639561 comm=*system*
psu_energy_ac_mcp_machine=69623647583
-------
timestamp=3408591942287738
iterations=7763
sample_ns=100000000
window_ns=1000000000
rapl_core_sum_uj=25578306004
rapl_psys_sum_uj=0
pid=0 energy=34498285787237880 alive=1 kernel=1 cpu_ns=6891869816000000 mem=841248768 instructions=7787341447576 wakeups=20442594 diski=8777728 disko=549978112 rx=72369846 tx=30639561 comm=*system*
psu_energy_ac_mcp_machine=69633129883
-------
timestamp=3408592072453456
iterations=7764
sample_ns=100000000
window_ns=1000000000
rapl_core_sum_uj=25581241611
rapl_psys_sum_uj=0
pid=0 energy=34498289634588605 alive=1 kernel=1 cpu_ns=6891869931000000 mem=503631872 instructions=7787995917721 wakeups=20442822 diski=8777728 disko=549978112 rx=72369846 tx=30639561 comm=*system*
psu_energy_ac_mcp_machine=69646467529
-------
timestamp=3408592205851990
iterations=7766
sample_ns=100000000
window_ns=1000000000
rapl_core_sum_uj=25586805575
rapl_psys_sum_uj=0
pid=0 energy=34498296452376555 alive=1 kernel=1 cpu_ns=6891870154000000 mem=542756864 instructions=7789136475311 wakeups=20443077 diski=8777728 disko=549978112 rx=72369846 tx=30639561 comm=*system*
psu_energy_ac_mcp_machine=69656103027
-------
timestamp=3408592335254696
iterations=7767
sample_ns=100000000
window_ns=1000000000
rapl_core_sum_uj=25589615450
rapl_psys_sum_uj=0
pid=0 energy=34498299592002200 alive=1 kernel=1 cpu_ns=6891870272000000 mem=909967360 instructions=7789646400440 wakeups=20443287 diski=8777728 disko=549978112 rx=72369846 tx=30639561 comm=*system*
psu_energy_ac_mcp_machine=69665556396
-------
timestamp=3408592465274524
iterations=7768
sample_ns=100000000
window_ns=1000000000
rapl_core_sum_uj=25592587984
rapl_psys_sum_uj=0
pid=0 energy=34498303428721385 alive=1 kernel=1 cpu_ns=6891870387000000 mem=570925056 instructions=7790298744277 wakeups=20443517 diski=8777728 disko=549978112 rx=72369846 tx=30639561 comm=*system*
psu_energy_ac_mcp_machine=69679040039
-------
timestamp=3408592598599348
iterations=7769
sample_ns=100000000
window_ns=1000000000
rapl_core_sum_uj=25595527620
rapl_psys_sum_uj=0
pid=0 energy=34498306597124265 alive=1 kernel=1 cpu_ns=6891870503000000 mem=943079424 instructions=7790816424853 wakeups=20443732 diski=8777728 disko=549978112 rx=72369846 tx=30639561 comm=*system*
psu_energy_ac_mcp_machine=69688507813
-------
timestamp=3408592732666167
iterations=7771
sample_ns=100000000
window_ns=1000000000
rapl_core_sum_uj=25601009248
rapl_psys_sum_uj=0
pid=0 energy=34498313440914405 alive=1 kernel=1 cpu_ns=6891870730000000 mem=907046912 instructions=7791958182881 wakeups=20443993 diski=8777728 disko=549978112 rx=72369846 tx=30639561 comm=*system*
psu_energy_ac_mcp_machine=69697920166
-------
timestamp=3408592862585480
iterations=7772
sample_ns=100000000
window_ns=1000000000
rapl_core_sum_uj=25603980805
rapl_psys_sum_uj=0
pid=0 energy=34498317249544795 alive=1 kernel=1 cpu_ns=6891870846000000 mem=643805184 instructions=7792603908959 wakeups=20444207 diski=8777728 disko=549978112 rx=72369846 tx=30639561 comm=*system*
psu_energy_ac_mcp_machine=69711316040
-------
timestamp=3408592996648055
iterations=7773
sample_ns=100000000
window_ns=1000000000
rapl_core_sum_uj=25606872772
rapl_psys_sum_uj=0
pid=0 energy=34498320630655905 alive=1 kernel=1 cpu_ns=6891870964000000 mem=789344256 instructions=7793162131181 wakeups=20444436 diski=8777728 disko=549978112 rx=72369846 tx=30639561 comm=*system*
psu_energy_ac_mcp_machine=69720830444
-------
timestamp=3408593130463643
iterations=7774
sample_ns=100000000
window_ns=1000000000
rapl_core_sum_uj=25609682891
rapl_psys_sum_uj=0
pid=0 energy=34498324279275330 alive=1 kernel=1 cpu_ns=6891871085000000 mem=671354880 instructions=7793770855066 wakeups=20444668 diski=8777728 disko=549978112 rx=72369846 tx=30639561 comm=*system*
psu_energy_ac_mcp_machine=69730464355
-------
timestamp=3408593260738849
iterations=7776
sample_ns=100000000
window_ns=1000000000
rapl_core_sum_uj=25615412992
rapl_psys_sum_uj=0
pid=0 energy=34498331104004660 alive=1 kernel=1 cpu_ns=6891871310000000 mem=714665984 instructions=7794910800932 wakeups=20444906 diski=8777728 disko=549978112 rx=72369846 tx=30639561 comm=*system*
psu_energy_ac_mcp_machine=69740325439
-------
timestamp=3408593390929159
iterations=7777
sample_ns=100000000
window_ns=1000000000
rapl_core_sum_uj=25618563870
rapl_psys_sum_uj=0
pid=0 energy=34498334793406340 alive=1 kernel=1 cpu_ns=6891871431000000 mem=548343808 instructions=7795527681268 wakeups=20445138 diski=8777728 disko=549978112 rx=72369846 tx=30639561 comm=*system*
psu_energy_ac_mcp_machine=69753579102
-------
timestamp=3408593523926663
iterations=7778
sample_ns=100000000
window_ns=1000000000
rapl_core_sum_uj=25621404202
rapl_psys_sum_uj=0
pid=0 energy=34498338109637190 alive=1 kernel=1 cpu_ns=6891871547000000 mem=747106304 instructions=7796074927438 wakeups=20445365 diski=8777728 disko=549978112 rx=72369848 tx=30639561 comm=*system*
psu_energy_ac_mcp_machine=69763185913
-------
timestamp=3408593654111020
iterations=7780
sample_ns=100000000
window_ns=1000000000
rapl_core_sum_uj=25627181239
rapl_psys_sum_uj=0
pid=0 energy=34498345056450425 alive=1 kernel=1 cpu_ns=6891871775000000 mem=791490560 instructions=7797236290085 wakeups=20445634 diski=8777728 disko=549978112 rx=72369848 tx=30639561 comm=*system*
psu_energy_ac_mcp_machine=69773049438
-------
timestamp=3408593784836636
iterations=7781
sample_ns=100000000
window_ns=1000000000
rapl_core_sum_uj=25630115565
rapl_psys_sum_uj=0
pid=0 energy=34498348775751875 alive=1 kernel=1 cpu_ns=6891871886000000 mem=457244672 instructions=7797869150375 wakeups=20445847 diski=8777728 disko=549978112 rx=72369848 tx=30639561 comm=*system*
psu_energy_ac_mcp_machine=69786316284
-------
timestamp=3408593917270715
iterations=7782
sample_ns=100000000
window_ns=1000000000
rapl_core_sum_uj=25632960657
rapl_psys_sum_uj=0
pid=0 energy=34498351921548000 alive=1 kernel=1 cpu_ns=6891872003000000 mem=826028032 instructions=7798381309600 wakeups=20446059 diski=8777728 disko=549978112 rx=72369848 tx=30639561 comm=*system*
psu_energy_ac_mcp_machine=69795844238
-------
timestamp=3408594050634857
iterations=7783
sample_ns=100000000
window_ns=1000000000
rapl_core_sum_uj=25635840173
rapl_psys_sum_uj=0
pid=0 energy=34498355781814135 alive=1 kernel=1 cpu_ns=6891872120000000 mem=486703104 instructions=7799036362827 wakeups=20446293 diski=8777728 disko=549978112 rx=72369848 tx=30639561 comm=*system*
psu_energy_ac_mcp_machine=69805710571
-------
timestamp=3408594181035868
iterations=7784
sample_ns=100000000
window_ns=1000000000
rapl_core_sum_uj=25638891686
rapl_psys_sum_uj=0
pid=0 energy=34498358975642415 alive=1 kernel=1 cpu_ns=6891872240000000 mem=863551488 instructions=7799555128483 wakeups=20446449 diski=8777728 disko=549978112 rx=72369848 tx=30639561 comm=*system*
psu_energy_ac_mcp_machine=69819011353
-------
timestamp=3408594315058999
iterations=7786
sample_ns=100000000
window_ns=1000000000
rapl_core_sum_uj=25644694663
rapl_psys_sum_uj=0
pid=0 energy=34498366021848325 alive=1 kernel=1 cpu_ns=6891872473000000 mem=931176448 instructions=7800731369665 wakeups=20446750 diski=8777728 disko=549978112 rx=72369848 tx=30639561 comm=*system*
psu_energy_ac_mcp_machine=69828616699
-------
timestamp=3408594448617786
iterations=7787
sample_ns=100000000
window_ns=1000000000
rapl_core_sum_uj=25647657492
rapl_psys_sum_uj=0
pid=0 energy=34498369884538210 alive=1 kernel=1 cpu_ns=6891872589000000 mem=598728704 instructions=7801387907642 wakeups=20446987 diski=8777728 disko=549978112 rx=72369848 tx=30639561 comm=*system*
psu_energy_ac_mcp_machine=69838464478
-------
timestamp=3408594578965662
iterations=7788
sample_ns=100000000
window_ns=1000000000
rapl_core_sum_uj=25650715597
rapl_psys_sum_uj=0
pid=0 energy=34498373063452050 alive=1 kernel=1 cpu_ns=6891872708000000 mem=932343808 instructions=7801904690410 wakeups=20447191 diski=8777728 disko=549978112 rx=72369848 tx=30639561 comm=*system*
psu_energy_ac_mcp_machine=69848110352
-------
timestamp=3408594708831195
iterations=7790
sample_ns=100000000
window_ns=1000000000
rapl_core_sum_uj=25656321736
rapl_psys_sum_uj=0
pid=0 energy=34498380040002320 alive=1 kernel=1 cpu_ns=6891872931000000 mem=835366912 instructions=7803077000464 wakeups=20447456 diski=8777728 disko=549978112 rx=72369848 tx=30639561 comm=*system*
psu_energy_ac_mcp_machine=69861241577
-------
timestamp=3408594843047965
iterations=7791
sample_ns=100000000
window_ns=1000000000
rapl_core_sum_uj=25659165974
rapl_psys_sum_uj=0
pid=0 energy=34498383762381110 alive=1 kernel=1 cpu_ns=6891873048000000 mem=659271680 instructions=7803704476222 wakeups=20447672 diski=8777728 disko=549978112 rx=72369848 tx=30639561 comm=*system*
psu_energy_ac_mcp_machine=69870842529
-------
timestamp=3408594973525778
iterations=7792
sample_ns=100000000
window_ns=1000000000
rapl_core_sum_uj=25662189838
rapl_psys_sum_uj=0
pid=0 energy=34498387183907540 alive=1 kernel=1 cpu_ns=6891873167000000 mem=742334464 instructions=7804269781508 wakeups=20447896 diski=8777728 disko=549978112 rx=72369848 tx=30639561 comm=*system*
psu_energy_ac_mcp_machine=69880701416
-------
timestamp=3408595103153844
iterations=7793
sample_ns=100000000
window_ns=1000000000
rapl_core_sum_uj=25665078021
rapl_psys_sum_uj=0
pid=0 energy=34498390733346455 alive=1 kernel=1 cpu_ns=6891873283000000 mem=682811392 instructions=7804863669291 wakeups=20448120 diski=8777728 disko=549978112 rx=72369848 tx=30639561 comm=*system*
psu_energy_ac_mcp_machine=69893642212
-------
timestamp=3408595237090474
iterations=7795
sample_ns=100000000
window_ns=1000000000
rapl_core_sum_uj=25670508806
rapl_psys_sum_uj=0
pid=0 energy=34498397530090260 alive=1 kernel=1 cpu_ns=6891873505000000 mem=720998400 instructions=7806001018052 wakeups=20448359 diski=8777728 disko=549978112 rx=72369848 tx=30639561 comm=*system*
psu_energy_ac_mcp_machine=69902820313
-------
timestamp=3408595370978041
iterations=7796
sample_ns=100000000
window_ns=1000000000
rapl_core_sum_uj=25673580949
rapl_psys_sum_uj=0
pid=0 energy=34498401190609145 alive=1 kernel=1 cpu_ns=6891873623000000 mem=543707136 instructions=7806615121829 wakeups=20448588 diski=8777728 disko=549978112 rx=72369848 tx=30639561 comm=*system*
psu_energy_ac_mcp_machine=69912834473
-------
timestamp=3408595501207051
iterations=7797
sample_ns=100000000
window_ns=1000000000
rapl_core_sum_uj=25676479874
rapl_psys_sum_uj=0
pid=0 energy=34498404504976315 alive=1 kernel=1 cpu_ns=6891873739000000 mem=746684416 instructions=7807161995263 wakeups=20448811 diski=8777728 disko=549978112 rx=72369850 tx=30639561 comm=*system*
psu_energy_ac_mcp_machine=69925987915
-------
timestamp=3408595634716590
iterations=7798
sample_ns=100000000
window_ns=1000000000
rapl_core_sum_uj=25679310623
rapl_psys_sum_uj=0
pid=0 energy=34498408343280585 alive=1 kernel=1 cpu_ns=6891873855000000 mem=431624192 instructions=7807813656117 wakeups=20449029 diski=8777728 disko=549998592 rx=72369850 tx=30639561 comm=*system*
psu_energy_ac_mcp_machine=69935180420
-------
timestamp=3408595767596066
iterations=7800
sample_ns=100000000
window_ns=1000000000
rapl_core_sum_uj=25684996840
rapl_psys_sum_uj=0
pid=0 energy=34498415163849455 alive=1 kernel=1 cpu_ns=6891874082000000 mem=450441216 instructions=7808950769891 wakeups=20449293 diski=8777728 disko=549998592 rx=72369850 tx=30639561 comm=*system*
psu_energy_ac_mcp_machine=69945140869
-------
timestamp=3408595897111639
iterations=7801
sample_ns=100000000
window_ns=1000000000
rapl_core_sum_uj=25687831556
rapl_psys_sum_uj=0
pid=0 energy=34498418314439060 alive=1 kernel=1 cpu_ns=6891874203000000 mem=817205248 instructions=7809459887812 wakeups=20449502 diski=8777728 disko=549998592 rx=72369850 tx=30639561 comm=*system*
psu_energy_ac_mcp_machine=69954935059
-------
timestamp=3408596027725844
iterations=7802
sample_ns=100000000
window_ns=1000000000
rapl_core_sum_uj=25690653882
rapl_psys_sum_uj=0
pid=0 energy=34498422161557495 alive=1 kernel=1 cpu_ns=6891874319000000 mem=473788416 instructions=7810113311499 wakeups=20449735 diski=8777728 disko=549998592 rx=72369850 tx=30639561 comm=*system*
psu_energy_ac_mcp_machine=69967683594
-------
timestamp=3408596162423846
iterations=7804
sample_ns=100000000
window_ns=1000000000
rapl_core_sum_uj=25696341809
rapl_psys_sum_uj=0
pid=0 energy=34498429014710835 alive=1 kernel=1 cpu_ns=6891874551000000 mem=504512512 instructions=7811251942167 wakeups=20449996 diski=8777728 disko=549998592 rx=72369850 tx=30639561 comm=*system*
psu_energy_ac_mcp_machine=69977509277
-------
timestamp=3408596292254566
iterations=7805
sample_ns=100000000
window_ns=1000000000
rapl_core_sum_uj=25699180798
rapl_psys_sum_uj=0
pid=0 energy=34498432131262695 alive=1 kernel=1 cpu_ns=6891874667000000 mem=873975808 instructions=7811759252539 wakeups=20450204 diski=8777728 disko=549998592 rx=72369850 tx=30639561 comm=*system*
psu_energy_ac_mcp_machine=69987206421
-------
timestamp=3408596421783144
iterations=7806
sample_ns=100000000
window_ns=1000000000
rapl_core_sum_uj=25702005321
rapl_psys_sum_uj=0
pid=0 energy=34498435986573695 alive=1 kernel=1 cpu_ns=6891874785000000 mem=538308608 instructions=7812412314739 wakeups=20450435 diski=8777728 disko=549998592 rx=72369850 tx=30639561 comm=*system*
psu_energy_ac_mcp_machine=70000081177
-------
timestamp=3408596556407317
iterations=7807
sample_ns=100000000
window_ns=1000000000
rapl_core_sum_uj=25704919444
rapl_psys_sum_uj=0
pid=0 energy=34498439108886290 alive=1 kernel=1 cpu_ns=6891874904000000 mem=901971968 instructions=7812917777258 wakeups=20450644 diski=8777728 disko=549998592 rx=72369850 tx=30639561 comm=*system*
psu_energy_ac_mcp_machine=70010045776
-------
timestamp=3408596689834750
iterations=7809
sample_ns=100000000
window_ns=1000000000
rapl_core_sum_uj=25710539804
rapl_psys_sum_uj=0
pid=0 energy=34498445879626140 alive=1 kernel=1 cpu_ns=6891875126000000 mem=918585344 instructions=7814049925228 wakeups=20450912 diski=8777728 disko=550084608 rx=72369851 tx=30639562 comm=*system*
psu_energy_ac_mcp_machine=70019582520
-------
timestamp=3408596819817222
iterations=7810
sample_ns=100000000
window_ns=1000000000
rapl_core_sum_uj=25713365670
rapl_psys_sum_uj=0
pid=0 energy=34498449745626020 alive=1 kernel=1 cpu_ns=6891875243000000 mem=582348800 instructions=7814706125204 wakeups=20451142 diski=8777728 disko=550084608 rx=72369851 tx=30639562 comm=*system*
psu_energy_ac_mcp_machine=70029445679
-------
timestamp=3408596949945961
iterations=7811
sample_ns=100000000
window_ns=1000000000
rapl_core_sum_uj=25716306160
rapl_psys_sum_uj=0
pid=0 energy=34498452901207465 alive=1 kernel=1 cpu_ns=6891875360000000 mem=951812096 instructions=7815220241493 wakeups=20451364 diski=8777728 disko=550084608 rx=72369851 tx=30639562 comm=*system*
psu_energy_ac_mcp_machine=70042509277
-------
timestamp=3408597084814297
iterations=7812
sample_ns=100000000
window_ns=1000000000
rapl_core_sum_uj=25719396919
rapl_psys_sum_uj=0
pid=0 energy=34498456749111225 alive=1 kernel=1 cpu_ns=6891875477000000 mem=609771520 instructions=7815872822245 wakeups=20451592 diski=8777728 disko=550084608 rx=72369851 tx=30639562 comm=*system*
psu_energy_ac_mcp_machine=70052264160
-------
timestamp=3408597214729220
iterations=7814
sample_ns=100000000
window_ns=1000000000
rapl_core_sum_uj=25724972541
rapl_psys_sum_uj=0
pid=0 energy=34498463582013835 alive=1 kernel=1 cpu_ns=6891875701000000 mem=651665408 instructions=7817015402767 wakeups=20451827 diski=8777728 disko=550084608 rx=72369851 tx=30639562 comm=*system*
psu_energy_ac_mcp_machine=70061773315
-------
timestamp=3408597344979952
iterations=7815
sample_ns=100000000
window_ns=1000000000
rapl_core_sum_uj=25727986029
rapl_psys_sum_uj=0
pid=0 energy=34498466990452320 alive=1 kernel=1 cpu_ns=6891875821000000 mem=763150336 instructions=7817577090464 wakeups=20452049 diski=8777728 disko=550084608 rx=72369851 tx=30639562 comm=*system*
psu_energy_ac_mcp_machine=70075249634
-------
timestamp=3408597478758937
iterations=7816
sample_ns=100000000
window_ns=1000000000
rapl_core_sum_uj=25731078924
rapl_psys_sum_uj=0
pid=0 energy=34498470581892605 alive=1 kernel=1 cpu_ns=6891875938000000 mem=681148416 instructions=7818178378521 wakeups=20452280 diski=8777728 disko=550084608 rx=72369853 tx=30639562 comm=*system*
psu_energy_ac_mcp_machine=70084924316
-------
timestamp=3408597609239961
iterations=7817
sample_ns=100000000
window_ns=1000000000
rapl_core_sum_uj=25733973150
rapl_psys_sum_uj=0
pid=0 energy=34498474184512695 alive=1 kernel=1 cpu_ns=6891876057000000 mem=635936768 instructions=7818779902539 wakeups=20452493 diski=8777728 disko=550084608 rx=72369853 tx=30639562 comm=*system*
psu_energy_ac_mcp_machine=70094658936
-------
timestamp=3408597740575248
iterations=7819
sample_ns=100000000
window_ns=1000000000
rapl_core_sum_uj=25739513433
rapl_psys_sum_uj=0
pid=0 energy=34498479198473400 alive=1 kernel=1 cpu_ns=6891876279000000 mem=713015296 instructions=7819560694680 wakeups=20452760 diski=8777728 disko=550084608 rx=72369854 tx=30639563 comm=*system*
psu_energy_ac_mcp_machine=70108088745
-------
timestamp=3408597875729800
iterations=7820
sample_ns=100000000
window_ns=1000000000
rapl_core_sum_uj=25742652287
rapl_psys_sum_uj=0
pid=0 energy=34498481007462480 alive=1 kernel=1 cpu_ns=6891876397000000 mem=713023488 instructions=7819804492496 wakeups=20452991 diski=8777728 disko=550084608 rx=72369854 tx=30639563 comm=*system*
psu_energy_ac_mcp_machine=70118103394
-------
timestamp=3408598009305631
iterations=7821
sample_ns=100000000
window_ns=1000000000
rapl_core_sum_uj=25745645084
rapl_psys_sum_uj=0
pid=0 energy=34498482830315955 alive=1 kernel=1 cpu_ns=6891876516000000 mem=713003008 instructions=7820050063191 wakeups=20453218 diski=8777728 disko=550084608 rx=72369854 tx=30639563 comm=*system*
psu_energy_ac_mcp_machine=70127910156
-------
timestamp=3408598139981702
iterations=7823
sample_ns=100000000
window_ns=1000000000
rapl_core_sum_uj=25751348635
rapl_psys_sum_uj=0
pid=0 energy=34498486223803495 alive=1 kernel=1 cpu_ns=6891876741000000 mem=712962048 instructions=7820503760699 wakeups=20453497 diski=8777728 disko=550084608 rx=72369854 tx=30639563 comm=*system*
psu_energy_ac_mcp_machine=70141486084
-------
timestamp=3408598273353327
iterations=7824
sample_ns=100000000
window_ns=1000000000
rapl_core_sum_uj=25754485597
rapl_psys_sum_uj=0
pid=0 energy=34498488030141230 alive=1 kernel=1 cpu_ns=6891876857000000 mem=713023488 instructions=7820749028246 wakeups=20453725 diski=8777728 disko=550084608 rx=72369854 tx=30639563 comm=*system*
psu_energy_ac_mcp_machine=70151478760
-------
timestamp=3408598405947429
iterations=7825
sample_ns=100000000
window_ns=1000000000
rapl_core_sum_uj=25757421815
rapl_psys_sum_uj=0
pid=0 energy=34498489818907240 alive=1 kernel=1 cpu_ns=6891876972000000 mem=710373376 instructions=7820991781448 wakeups=20453959 diski=8777728 disko=550084608 rx=72369854 tx=30639563 comm=*system*
psu_energy_ac_mcp_machine=70161379517
-------
timestamp=3408598536392461
iterations=7826
sample_ns=100000000
window_ns=1000000000
rapl_core_sum_uj=25760390992
rapl_psys_sum_uj=0
pid=0 energy=34498491604159045 alive=1 kernel=1 cpu_ns=6891877088000000 mem=713003008 instructions=7821232831809 wakeups=20454175 diski=8777728 disko=550084608 rx=72369854 tx=30639563 comm=*system*
psu_energy_ac_mcp_machine=70171424683
-------
timestamp=3408598667491306
iterations=7828
sample_ns=100000000
window_ns=1000000000
rapl_core_sum_uj=25766285278
rapl_psys_sum_uj=0
pid=0 energy=34498495000331780 alive=1 kernel=1 cpu_ns=6891877312000000 mem=713027584 instructions=7821688066356 wakeups=20454453 diski=8777728 disko=550084608 rx=72369854 tx=30639563 comm=*system*
psu_energy_ac_mcp_machine=70184894897
-------
timestamp=3408598801466287
iterations=7829
sample_ns=100000000
window_ns=1000000000
rapl_core_sum_uj=25769286010
rapl_psys_sum_uj=0
pid=0 energy=34498496785604045 alive=1 kernel=1 cpu_ns=6891877429000000 mem=712970240 instructions=7821928120809 wakeups=20454687 diski=8777728 disko=550084608 rx=72369854 tx=30639563 comm=*system*
psu_energy_ac_mcp_machine=70194812622
-------
timestamp=3408598931990885
iterations=7830
sample_ns=100000000
window_ns=1000000000
rapl_core_sum_uj=25772255004
rapl_psys_sum_uj=0
pid=0 energy=34498498599636505 alive=1 kernel=1 cpu_ns=6891877546000000 mem=713039872 instructions=7822173927301 wakeups=20454912 diski=8777728 disko=550084608 rx=72369854 tx=30639563 comm=*system*
psu_energy_ac_mcp_machine=70204657593
-------
timestamp=3408599062507748
iterations=7831
sample_ns=100000000
window_ns=1000000000
rapl_core_sum_uj=25775280028
rapl_psys_sum_uj=0
pid=0 energy=34498500418090085 alive=1 kernel=1 cpu_ns=6891877664000000 mem=713314304 instructions=7822419618017 wakeups=20455136 diski=8777728 disko=550084608 rx=72369854 tx=30639563 comm=*system*
psu_energy_ac_mcp_machine=70218121338
-------
timestamp=3408599196164802
iterations=7833
sample_ns=100000000
window_ns=1000000000
rapl_core_sum_uj=25781212278
rapl_psys_sum_uj=0
pid=0 energy=34498503795076165 alive=1 kernel=1 cpu_ns=6891877889000000 mem=712974336 instructions=7822870015233 wakeups=20455408 diski=8777728 disko=550084608 rx=72369854 tx=30639563 comm=*system*
psu_energy_ac_mcp_machine=70228008423
-------
timestamp=3408599328219286
iterations=7834
sample_ns=100000000
window_ns=1000000000
rapl_core_sum_uj=25784150144
rapl_psys_sum_uj=0
pid=0 energy=34498505613622390 alive=1 kernel=1 cpu_ns=6891878007000000 mem=712978432 instructions=7823115724478 wakeups=20455643 diski=8777728 disko=550084608 rx=72369854 tx=30639563 comm=*system*
psu_energy_ac_mcp_machine=70237784912
-------
timestamp=3408599458689239
iterations=7835
sample_ns=100000000
window_ns=1000000000
rapl_core_sum_uj=25787161679
rapl_psys_sum_uj=0
pid=0 energy=34498507428053005 alive=1 kernel=1 cpu_ns=6891878123000000 mem=712937472 instructions=7823362610601 wakeups=20455875 diski=8777728 disko=550084608 rx=72369856 tx=30639563 comm=*system*
psu_energy_ac_mcp_machine=70251167847
-------
timestamp=3408599592865745
iterations=7837
sample_ns=100000000
window_ns=1000000000
rapl_core_sum_uj=25792983638
rapl_psys_sum_uj=0
pid=0 energy=34498510924956790 alive=1 kernel=1 cpu_ns=6891878354000000 mem=713723904 instructions=7823830991358 wakeups=20456160 diski=8777728 disko=550084608 rx=72369856 tx=30639563 comm=*system*
psu_energy_ac_mcp_machine=70260940063
-------
timestamp=3408599726911421
iterations=7838
sample_ns=100000000
window_ns=1000000000
rapl_core_sum_uj=25796120173
rapl_psys_sum_uj=0
pid=0 energy=34498512741013315 alive=1 kernel=1 cpu_ns=6891878474000000 mem=713048064 instructions=7824074202663 wakeups=20456386 diski=8777728 disko=550084608 rx=72369856 tx=30639563 comm=*system*
psu_energy_ac_mcp_machine=70270895630
-------
timestamp=3408599857349825
iterations=7839
sample_ns=100000000
window_ns=1000000000
rapl_core_sum_uj=25799089411
rapl_psys_sum_uj=0
pid=0 energy=34498514559105170 alive=1 kernel=1 cpu_ns=6891878592000000 mem=713134080 instructions=7824319821034 wakeups=20456625 diski=8777728 disko=550084608 rx=72369856 tx=30639563 comm=*system*
psu_energy_ac_mcp_machine=70284299683
-------
timestamp=3408599991824379
iterations=7840
sample_ns=100000000
window_ns=1000000000
rapl_core_sum_uj=25802060480
rapl_psys_sum_uj=0
pid=0 energy=34498516378011125 alive=1 kernel=1 cpu_ns=6891878710000000 mem=713154560 instructions=7824565602225 wakeups=20456860 diski=8777728 disko=550084608 rx=72369856 tx=30639563 comm=*system*
psu_energy_ac_mcp_machine=70294020142
-------
timestamp=3408600124994256
iterations=7842
sample_ns=100000000
window_ns=1000000000
rapl_core_sum_uj=25807770806
rapl_psys_sum_uj=0
pid=0 energy=34498519749661230 alive=1 kernel=1 cpu_ns=6891878932000000 mem=712986624 instructions=7825017932246 wakeups=20457126 diski=8777728 disko=550084608 rx=72369856 tx=30639563 comm=*system*
psu_energy_ac_mcp_machine=70303809448
-------
timestamp=3408600255005732
iterations=7843
sample_ns=100000000
window_ns=1000000000
rapl_core_sum_uj=25810820976
rapl_psys_sum_uj=0
pid=0 energy=34498521616082480 alive=1 kernel=1 cpu_ns=6891879051000000 mem=713052160 instructions=7825272216496 wakeups=20457459 diski=8777728 disko=553177088 rx=72369856 tx=30639563 comm=*system*
psu_energy_ac_mcp_machine=70313885010
-------
timestamp=3408600385368862
iterations=7844
sample_ns=100000000
window_ns=1000000000
rapl_core_sum_uj=25813799247
rapl_psys_sum_uj=0
pid=0 energy=34498523418199055 alive=1 kernel=1 cpu_ns=6891879168000000 mem=711704576 instructions=7825515639811 wakeups=20457682 diski=8777728 disko=553177088 rx=72369856 tx=30639563 comm=*system*
psu_energy_ac_mcp_machine=70327273560
-------
timestamp=3408600519266271
iterations=7845
sample_ns=100000000
window_ns=1000000000
rapl_core_sum_uj=25816765982
rapl_psys_sum_uj=0
pid=0 energy=34498525219584300 alive=1 kernel=1 cpu_ns=6891879285000000 mem=713007104 instructions=7825758916860 wakeups=20457906 diski=8777728 disko=553177088 rx=72369856 tx=30639563 comm=*system*
psu_energy_ac_mcp_machine=70337138306
-------
timestamp=3408600651349727
iterations=7847
sample_ns=100000000
window_ns=1000000000
rapl_core_sum_uj=25822483755
rapl_psys_sum_uj=0
pid=0 energy=34498528619800235 alive=1 kernel=1 cpu_ns=6891879508000000 mem=713060352 instructions=7826215960047 wakeups=20458178 diski=8777728 disko=553213952 rx=72369856 tx=30639563 comm=*system*
psu_energy_ac_mcp_machine=70346931152
-------
timestamp=3408600781516885
iterations=7848
sample_ns=100000000
window_ns=1000000000
rapl_core_sum_uj=25825460256
rapl_psys_sum_uj=0
pid=0 energy=34498530405238150 alive=1 kernel=1 cpu_ns=6891879626000000 mem=713060352 instructions=7826455047630 wakeups=20458421 diski=8777728 disko=553213952 rx=72369856 tx=30639563 comm=*system*
psu_energy_ac_mcp_machine=70360518799
-------
timestamp=3408600914804901
iterations=7849
sample_ns=100000000
window_ns=1000000000
rapl_core_sum_uj=25828433095
rapl_psys_sum_uj=0
pid=0 energy=34498532210929880 alive=1 kernel=1 cpu_ns=6891879741000000 mem=713035776 instructions=7826701185976 wakeups=20458651 diski=8777728 disko=553213952 rx=72369856 tx=30639563 comm=*system*
psu_energy_ac_mcp_machine=70370274536
-------
timestamp=3408601047259360
iterations=7850
sample_ns=100000000
window_ns=1000000000
rapl_core_sum_uj=25831393116
rapl_psys_sum_uj=0
pid=0 energy=34498534036513600 alive=1 kernel=1 cpu_ns=6891879860000000 mem=713027584 instructions=7826947302720 wakeups=20458897 diski=8777728 disko=553213952 rx=72369856 tx=30639563 comm=*system*
psu_energy_ac_mcp_machine=70380124756
-------
timestamp=3408601177977438
iterations=7852
sample_ns=100000000
window_ns=1000000000
rapl_core_sum_uj=25837121447
rapl_psys_sum_uj=0
pid=0 energy=34498537401008255 alive=1 kernel=1 cpu_ns=6891880083000000 mem=712998912 instructions=7827397201651 wakeups=20459164 diski=8777728 disko=553213952 rx=72369856 tx=30639563 comm=*system*
psu_energy_ac_mcp_machine=70393654907
-------
timestamp=3408601311362839
iterations=7853
sample_ns=100000000
window_ns=1000000000
rapl_core_sum_uj=25839931261
rapl_psys_sum_uj=0
pid=0 energy=34498539211662695 alive=1 kernel=1 cpu_ns=6891880200000000 mem=712998912 instructions=7827642332539 wakeups=20459404 diski=8777728 disko=553213952 rx=72369856 tx=30639563 comm=*system*
psu_energy_ac_mcp_machine=70403270264
-------
timestamp=3408601445362377
iterations=7854
sample_ns=100000000
window_ns=1000000000
rapl_core_sum_uj=25842884202
rapl_psys_sum_uj=0
pid=0 energy=34498541016924650 alive=1 kernel=1 cpu_ns=6891880316000000 mem=713248768 instructions=7827887384930 wakeups=20459635 diski=8777728 disko=553213952 rx=72369856 tx=30639563 comm=*system*
psu_energy_ac_mcp_machine=70413197754
-------
timestamp=3408601576201646
iterations=7856
sample_ns=100000000
window_ns=1000000000
rapl_core_sum_uj=25848666001
rapl_psys_sum_uj=0
pid=0 energy=34498544496741080 alive=1 kernel=1 cpu_ns=6891880545000000 mem=713682944 instructions=7828354348216 wakeups=20459912 diski=8777728 disko=553213952 rx=72369858 tx=30639563 comm=*system*
psu_energy_ac_mcp_machine=70423233276
-------
timestamp=3408601706780457
iterations=7857
sample_ns=100000000
window_ns=1000000000
rapl_core_sum_uj=25851568100
rapl_psys_sum_uj=0
pid=0 energy=34498546218742360 alive=1 kernel=1 cpu_ns=6891880660000000 mem=713003008 instructions=7828583748472 wakeups=20460138 diski=8777728 disko=553213952 rx=72369858 tx=30639563 comm=*system*
psu_energy_ac_mcp_machine=70436420532
-------
timestamp=3408601839793745
iterations=7858
sample_ns=100000000
window_ns=1000000000
rapl_core_sum_uj=25854585495
rapl_psys_sum_uj=0
pid=0 energy=34498548048588855 alive=1 kernel=1 cpu_ns=6891880780000000 mem=713166848 instructions=7828829717771 wakeups=20460378 diski=8777728 disko=553213952 rx=72369858 tx=30639563 comm=*system*
psu_energy_ac_mcp_machine=70446269775
-------
timestamp=3408601969979392
iterations=7859
sample_ns=100000000
window_ns=1000000000
rapl_core_sum_uj=25857538742
rapl_psys_sum_uj=0
pid=0 energy=34498549824365220 alive=1 kernel=1 cpu_ns=6891880897000000 mem=713334784 instructions=7829067873044 wakeups=20460608 diski=8777728 disko=553213952 rx=72369858 tx=30639563 comm=*system*
psu_energy_ac_mcp_machine=70456114136
-------
timestamp=3408602100690260
iterations=7861
sample_ns=100000000
window_ns=1000000000
rapl_core_sum_uj=25863247481
rapl_psys_sum_uj=0
pid=0 energy=34498553219041000 alive=1 kernel=1 cpu_ns=6891881120000000 mem=713076736 instructions=7829523808200 wakeups=20460875 diski=8777728 disko=553213952 rx=72369858 tx=30639563 comm=*system*
psu_energy_ac_mcp_machine=70469639404
-------
timestamp=3408602234540005
iterations=7862
sample_ns=100000000
window_ns=1000000000
rapl_core_sum_uj=25866208418
rapl_psys_sum_uj=0
pid=0 energy=34498555028834795 alive=1 kernel=1 cpu_ns=6891881242000000 mem=709021696 instructions=7829763766959 wakeups=20461111 diski=8777728 disko=553213952 rx=72369858 tx=30639563 comm=*system*
psu_energy_ac_mcp_machine=70479452637
-------
timestamp=3408602367307167
iterations=7863
sample_ns=100000000
window_ns=1000000000
rapl_core_sum_uj=25869320051
rapl_psys_sum_uj=0
pid=0 energy=34498556831678925 alive=1 kernel=1 cpu_ns=6891881358000000 mem=713011200 instructions=7830008335785 wakeups=20461328 diski=8777728 disko=553213952 rx=72369858 tx=30639563 comm=*system*
psu_energy_ac_mcp_machine=70489756836
-------
timestamp=3408602497776761
iterations=7864
sample_ns=100000000
window_ns=1000000000
rapl_core_sum_uj=25872370893
rapl_psys_sum_uj=0
pid=0 energy=34498558643899930 alive=1 kernel=1 cpu_ns=6891881475000000 mem=713408512 instructions=7830253779986 wakeups=20461559 diski=8777728 disko=553213952 rx=72369858 tx=30639563 comm=*system*
psu_energy_ac_mcp_machine=70503135376
-------
timestamp=3408602632278435
iterations=7866
sample_ns=100000000
window_ns=1000000000
rapl_core_sum_uj=25878119061
rapl_psys_sum_uj=0
pid=0 energy=34498562026627510 alive=1 kernel=1 cpu_ns=6891881701000000 mem=713015296 instructions=7830704325502 wakeups=20461834 diski=8777728 disko=553213952 rx=72369858 tx=30639563 comm=*system*
psu_energy_ac_mcp_machine=70512874878
-------
timestamp=3408602766520273
iterations=7867
sample_ns=100000000
window_ns=1000000000
rapl_core_sum_uj=25881268841
rapl_psys_sum_uj=0
pid=0 energy=34498563814094700 alive=1 kernel=1 cpu_ns=6891881815000000 mem=713019392 instructions=7830947818940 wakeups=20462073 diski=8777728 disko=553213952 rx=72369858 tx=30639563 comm=*system*
psu_energy_ac_mcp_machine=70523076782
-------
timestamp=3408602896925966
iterations=7868
sample_ns=100000000
window_ns=1000000000
rapl_core_sum_uj=25884235271
rapl_psys_sum_uj=0
pid=0 energy=34498565619628530 alive=1 kernel=1 cpu_ns=6891881931000000 mem=713080832 instructions=7831192925706 wakeups=20462299 diski=8777728 disko=553213952 rx=72369858 tx=30639563 comm=*system*
psu_energy_ac_mcp_machine=70536400391
-------
timestamp=3408603030543596
iterations=7870
sample_ns=100000000
window_ns=1000000000
rapl_core_sum_uj=25890029398
rapl_psys_sum_uj=0
pid=0 energy=34498569101999745 alive=1 kernel=1 cpu_ns=6891882159000000 mem=714145792 instructions=7831661399949 wakeups=20462591 diski=8777728 disko=553213952 rx=72369858 tx=30639563 comm=*system*
psu_energy_ac_mcp_machine=70546215332
-------
timestamp=3408603165084219
iterations=7871
sample_ns=100000000
window_ns=1000000000
rapl_core_sum_uj=25892941629
rapl_psys_sum_uj=0
pid=0 energy=34498570785492160 alive=1 kernel=1 cpu_ns=6891882271000000 mem=713019392 instructions=7831886098432 wakeups=20462804 diski=8777728 disko=553213952 rx=72369858 tx=30639563 comm=*system*
psu_energy_ac_mcp_machine=70555990112
-------
timestamp=3408603295715290
iterations=7872
sample_ns=100000000
window_ns=1000000000
rapl_core_sum_uj=25895798562
rapl_psys_sum_uj=0
pid=0 energy=34498572562237350 alive=1 kernel=1 cpu_ns=6891882388000000 mem=713084928 instructions=7832124447470 wakeups=20463040 diski=8777728 disko=553213952 rx=72369858 tx=30639563 comm=*system*
psu_energy_ac_mcp_machine=70569110474
-------
timestamp=3408603430174529
iterations=7873
sample_ns=100000000
window_ns=1000000000
rapl_core_sum_uj=25898604287
rapl_psys_sum_uj=0
pid=0 energy=34498574375469075 alive=1 kernel=1 cpu_ns=6891882507000000 mem=712941568 instructions=7832368093815 wakeups=20463258 diski=8777728 disko=553213952 rx=72369858 tx=30639563 comm=*system*
psu_energy_ac_mcp_machine=70578937378
-------
timestamp=3408603564569972
iterations=7875
sample_ns=100000000
window_ns=1000000000
rapl_core_sum_uj=25904354103
rapl_psys_sum_uj=0
pid=0 energy=34498577760319610 alive=1 kernel=1 cpu_ns=6891882730000000 mem=711745536 instructions=7832822063922 wakeups=20463529 diski=8777728 disko=553213952 rx=72369860 tx=30639563 comm=*system*
psu_energy_ac_mcp_machine=70588706665
-------
timestamp=3408603694701753
iterations=7876
sample_ns=100000000
window_ns=1000000000
rapl_core_sum_uj=25907315284
rapl_psys_sum_uj=0
pid=0 energy=34498579555204860 alive=1 kernel=1 cpu_ns=6891882850000000 mem=713027584 instructions=7833061040972 wakeups=20463764 diski=8777728 disko=553213952 rx=72369860 tx=30639563 comm=*system*
psu_energy_ac_mcp_machine=70598857300
-------
timestamp=3408603825424620
iterations=7877
sample_ns=100000000
window_ns=1000000000
rapl_core_sum_uj=25910297217
rapl_psys_sum_uj=0
pid=0 energy=34498581384273280 alive=1 kernel=1 cpu_ns=6891882971000000 mem=713191424 instructions=7833305854656 wakeups=20463992 diski=8777728 disko=553213952 rx=72369860 tx=30639563 comm=*system*
psu_energy_ac_mcp_machine=70611962036
-------
timestamp=3408603958287890
iterations=7878
sample_ns=100000000
window_ns=1000000000
rapl_core_sum_uj=25913265905
rapl_psys_sum_uj=0
pid=0 energy=34498583193809535 alive=1 kernel=1 cpu_ns=6891883088000000 mem=713068544 instructions=7833550761907 wakeups=20464218 diski=8777728 disko=553213952 rx=72369860 tx=30639563 comm=*system*
psu_energy_ac_mcp_machine=70621836304
-------
timestamp=3408604088904576
iterations=7880
sample_ns=100000000
window_ns=1000000000
rapl_core_sum_uj=25919002964
rapl_psys_sum_uj=0
pid=0 energy=34498586570016505 alive=1 kernel=1 cpu_ns=6891883314000000 mem=713101312 instructions=7834000003301 wakeups=20464491 diski=8777728 disko=553213952 rx=72369860 tx=30639563 comm=*system*
psu_energy_ac_mcp_machine=70631629761
-------
timestamp=3408604218918916
iterations=7881
sample_ns=100000000
window_ns=1000000000
rapl_core_sum_uj=25921984531
rapl_psys_sum_uj=0
pid=0 energy=34498588395613210 alive=1 kernel=1 cpu_ns=6891883433000000 mem=713097216 instructions=7834246122642 wakeups=20464724 diski=8777728 disko=553213952 rx=72369860 tx=30639563 comm=*system*
psu_energy_ac_mcp_machine=70645173340
-------
timestamp=3408604354435781
iterations=7882
sample_ns=100000000
window_ns=1000000000
rapl_core_sum_uj=25925024203
rapl_psys_sum_uj=0
pid=0 energy=34498590151429170 alive=1 kernel=1 cpu_ns=6891883547000000 mem=713211904 instructions=7834483285834 wakeups=20464956 diski=8777728 disko=553213952 rx=72369860 tx=30639563 comm=*system*
psu_energy_ac_mcp_machine=70655103394
-------
timestamp=3408604484939420
iterations=7883
sample_ns=100000000
window_ns=1000000000
rapl_core_sum_uj=25928237826
rapl_psys_sum_uj=0
pid=0 energy=34498591959659920 alive=1 kernel=1 cpu_ns=6891883665000000 mem=713482240 instructions=7834726931984 wakeups=20465180 diski=8777728 disko=553213952 rx=72369860 tx=30639563 comm=*system*
psu_energy_ac_mcp_machine=70665137817
-------
timestamp=3408604615814013
iterations=7885
sample_ns=100000000
window_ns=1000000000
rapl_core_sum_uj=25934101717
rapl_psys_sum_uj=0
pid=0 energy=34498595336340360 alive=1 kernel=1 cpu_ns=6891883891000000 mem=713105408 instructions=7835176268072 wakeups=20465460 diski=8777728 disko=553213952 rx=72369860 tx=30639563 comm=*system*
psu_energy_ac_mcp_machine=70678819824
-------
timestamp=3408604749444926
iterations=7886
sample_ns=100000000
window_ns=1000000000
rapl_core_sum_uj=25937140718
rapl_psys_sum_uj=0
pid=0 energy=34498597177602445 alive=1 kernel=1 cpu_ns=6891884012000000 mem=713113600 instructions=7835423520489 wakeups=20465701 diski=8777728 disko=553213952 rx=72369860 tx=30639563 comm=*system*
psu_energy_ac_mcp_machine=70688571899
-------
timestamp=3408604883952962
iterations=7887
sample_ns=100000000
window_ns=1000000000
rapl_core_sum_uj=25940097322
rapl_psys_sum_uj=0
pid=0 energy=34498598955366085 alive=1 kernel=1 cpu_ns=6891884126000000 mem=713216000 instructions=7835665073217 wakeups=20465929 diski=8777728 disko=553213952 rx=72369860 tx=30639563 comm=*system*
psu_energy_ac_mcp_machine=70698365234
-------
timestamp=3408605014085837
iterations=7889
sample_ns=100000000
window_ns=1000000000
rapl_core_sum_uj=25945808930
rapl_psys_sum_uj=0
pid=0 energy=34498602326671065 alive=1 kernel=1 cpu_ns=6891884349000000 mem=713121792 instructions=7836116334213 wakeups=20466202 diski=8777728 disko=553213952 rx=72369860 tx=30639563 comm=*system*
psu_energy_ac_mcp_machine=70708453735
-------
timestamp=3408605144234958
iterations=7890
sample_ns=100000000
window_ns=1000000000
rapl_core_sum_uj=25948782379
rapl_psys_sum_uj=0
pid=0 energy=34498604158958730 alive=1 kernel=1 cpu_ns=6891884469000000 mem=713052160 instructions=7836362791746 wakeups=20466436 diski=8777728 disko=553213952 rx=72369860 tx=30639563 comm=*system*
psu_energy_ac_mcp_machine=70721570801
-------
timestamp=3408605277928334
iterations=7891
sample_ns=100000000
window_ns=1000000000
rapl_core_sum_uj=25951600128
rapl_psys_sum_uj=0
pid=0 energy=34498605950021060 alive=1 kernel=1 cpu_ns=6891884585000000 mem=713125888 instructions=7836605004212 wakeups=20466668 diski=8777728 disko=553213952 rx=72369860 tx=30639563 comm=*system*
psu_energy_ac_mcp_machine=70731168945
-------
timestamp=3408605408268455
iterations=7892
sample_ns=100000000
window_ns=1000000000
rapl_core_sum_uj=25954518279
rapl_psys_sum_uj=0
pid=0 energy=34498607739941170 alive=1 kernel=1 cpu_ns=6891884702000000 mem=712982528 instructions=7836845988234 wakeups=20466891 diski=8777728 disko=553213952 rx=72369860 tx=30639563 comm=*system*
psu_energy_ac_mcp_machine=70741027832
-------
timestamp=3408605539383762
iterations=7894
sample_ns=100000000
window_ns=1000000000
rapl_core_sum_uj=25960271086
rapl_psys_sum_uj=0
pid=0 energy=34498611125844665 alive=1 kernel=1 cpu_ns=6891884925000000 mem=713121792 instructions=7837300168933 wakeups=20467159 diski=8777728 disko=553213952 rx=72369862 tx=30639563 comm=*system*
psu_energy_ac_mcp_machine=70754600830
-------
timestamp=3408605672520093
iterations=7895
sample_ns=100000000
window_ns=1000000000
rapl_core_sum_uj=25963215544
rapl_psys_sum_uj=0
pid=0 energy=34498612899353715 alive=1 kernel=1 cpu_ns=6891885043000000 mem=713125888 instructions=7837536870743 wakeups=20467405 diski=8777728 disko=553234432 rx=72369862 tx=30639563 comm=*system*
psu_energy_ac_mcp_machine=70764343140
-------
timestamp=3408605804287877
iterations=7896
sample_ns=100000000
window_ns=1000000000
rapl_core_sum_uj=25966196134
rapl_psys_sum_uj=0
pid=0 energy=34498614716038590 alive=1 kernel=1 cpu_ns=6891885162000000 mem=713056256 instructions=7837781207718 wakeups=20467641 diski=8777728 disko=553234432 rx=72369862 tx=30639563 comm=*system*
psu_energy_ac_mcp_machine=70774156860
-------
timestamp=3408605934466671
iterations=7897
sample_ns=100000000
window_ns=1000000000
rapl_core_sum_uj=25969145718
rapl_psys_sum_uj=0
pid=0 energy=34498616516373630 alive=1 kernel=1 cpu_ns=6891885277000000 mem=713011200 instructions=7838026274726 wakeups=20467865 diski=8777728 disko=553234432 rx=72369862 tx=30639563 comm=*system*
psu_energy_ac_mcp_machine=70784441162
-------
timestamp=3408606064757325
iterations=7899
sample_ns=100000000
window_ns=1000000000
rapl_core_sum_uj=25974884670
rapl_psys_sum_uj=0
pid=0 energy=34498619894595780 alive=1 kernel=1 cpu_ns=6891885502000000 mem=713129984 instructions=7838476919156 wakeups=20468147 diski=8777728 disko=553234432 rx=72369862 tx=30639563 comm=*system*
psu_energy_ac_mcp_machine=70797573730
-------
timestamp=3408606199205503
iterations=7900
sample_ns=100000000
window_ns=1000000000
rapl_core_sum_uj=25977877162
rapl_psys_sum_uj=0
pid=0 energy=34498621709127340 alive=1 kernel=1 cpu_ns=6891885622000000 mem=713129984 instructions=7838719825468 wakeups=20468376 diski=8777728 disko=553234432 rx=72369862 tx=30639563 comm=*system*
psu_energy_ac_mcp_machine=70807557251
-------
timestamp=3408606329439997
iterations=7901
sample_ns=100000000
window_ns=1000000000
rapl_core_sum_uj=25980860072
rapl_psys_sum_uj=0
pid=0 energy=34498623499528910 alive=1 kernel=1 cpu_ns=6891885740000000 mem=713228288 instructions=7838959905782 wakeups=20468606 diski=8777728 disko=553234432 rx=72369862 tx=30639563 comm=*system*
psu_energy_ac_mcp_machine=70817579712
-------
timestamp=3408606459928338
iterations=7902
sample_ns=100000000
window_ns=1000000000
rapl_core_sum_uj=25983797266
rapl_psys_sum_uj=0
pid=0 energy=34498625305287180 alive=1 kernel=1 cpu_ns=6891885857000000 mem=713359360 instructions=7839204057436 wakeups=20468834 diski=8777728 disko=553234432 rx=72369862 tx=30639563 comm=*system*
psu_energy_ac_mcp_machine=70830658691
-------
timestamp=3408606593710270
iterations=7904
sample_ns=100000000
window_ns=1000000000
rapl_core_sum_uj=25989529564
rapl_psys_sum_uj=0
pid=0 energy=34498628694595295 alive=1 kernel=1 cpu_ns=6891886079000000 mem=713142272 instructions=7839659919059 wakeups=20469106 diski=8777728 disko=553234432 rx=72369863 tx=30639563 comm=*system*
psu_energy_ac_mcp_machine=70840697876
-------
timestamp=3408606724885135
iterations=7905
sample_ns=100000000
window_ns=1000000000
rapl_core_sum_uj=25992527427
rapl_psys_sum_uj=0
pid=0 energy=34498630499294825 alive=1 kernel=1 cpu_ns=6891886199000000 mem=713125888 instructions=7839900858965 wakeups=20469361 diski=8777728 disko=553234432 rx=72369864 tx=30639564 comm=*system*
psu_energy_ac_mcp_machine=70850782471
-------
timestamp=3408606855889342
iterations=7906
sample_ns=100000000
window_ns=1000000000
rapl_core_sum_uj=25995504966
rapl_psys_sum_uj=0
pid=0 energy=34498632292729070 alive=1 kernel=1 cpu_ns=6891886314000000 mem=712904704 instructions=7840144545814 wakeups=20469590 diski=8777728 disko=553234432 rx=72369864 tx=30639564 comm=*system*
psu_energy_ac_mcp_machine=70863861694
-------
timestamp=3408606990062015
iterations=7908
sample_ns=100000000
window_ns=1000000000
rapl_core_sum_uj=26001199118
rapl_psys_sum_uj=0
pid=0 energy=34498635668531835 alive=1 kernel=1 cpu_ns=6891886537000000 mem=713142272 instructions=7840596706367 wakeups=20469875 diski=8777728 disko=553234432 rx=72369864 tx=30639564 comm=*system*
psu_energy_ac_mcp_machine=70873726318
-------
timestamp=3408607124245286
iterations=7909
sample_ns=100000000
window_ns=1000000000
rapl_core_sum_uj=26004173727
rapl_psys_sum_uj=0
pid=0 energy=34498637502362225 alive=1 kernel=1 cpu_ns=6891886658000000 mem=713146368 instructions=7840842472445 wakeups=20470106 diski=8777728 disko=553234432 rx=72369864 tx=30639564 comm=*system*
psu_energy_ac_mcp_machine=70883825317
-------
timestamp=3408607254519250
iterations=7910
sample_ns=100000000
window_ns=1000000000
rapl_core_sum_uj=26007124166
rapl_psys_sum_uj=0
pid=0 energy=34498639329253410 alive=1 kernel=1 cpu_ns=6891886777000000 mem=713195520 instructions=7841088850682 wakeups=20470339 diski=8777728 disko=553234432 rx=72369864 tx=30639564 comm=*system*
psu_energy_ac_mcp_machine=70896938599
-------
timestamp=3408607388135380
iterations=7911
sample_ns=100000000
window_ns=1000000000
rapl_core_sum_uj=26010039327
rapl_psys_sum_uj=0
pid=0 energy=34498641092000525 alive=1 kernel=1 cpu_ns=6891886892000000 mem=712933376 instructions=7841326400105 wakeups=20470565 diski=8777728 disko=553234432 rx=72369864 tx=30639564 comm=*system*
psu_energy_ac_mcp_machine=70906961304
-------
timestamp=3408607521225824
iterations=7913
sample_ns=100000000
window_ns=1000000000
rapl_core_sum_uj=26015801533
rapl_psys_sum_uj=0
pid=0 energy=34498644489481670 alive=1 kernel=1 cpu_ns=6891887115000000 mem=713150464 instructions=7841782896334 wakeups=20470840 diski=8777728 disko=553234432 rx=72369866 tx=30639564 comm=*system*
psu_energy_ac_mcp_machine=70916960938
-------
timestamp=3408607651572968
iterations=7914
sample_ns=100000000
window_ns=1000000000
rapl_core_sum_uj=26018871113
rapl_psys_sum_uj=0
pid=0 energy=34498646306603585 alive=1 kernel=1 cpu_ns=6891887232000000 mem=713154560 instructions=7842029320717 wakeups=20471079 diski=8777728 disko=553234432 rx=72369866 tx=30639564 comm=*system*
psu_energy_ac_mcp_machine=70926968384
-------
timestamp=3408607782499759
iterations=7915
sample_ns=100000000
window_ns=1000000000
rapl_core_sum_uj=26021866535
rapl_psys_sum_uj=0
pid=0 energy=34498648082000010 alive=1 kernel=1 cpu_ns=6891887348000000 mem=713195520 instructions=7842268400002 wakeups=20471314 diski=8777728 disko=553234432 rx=72369866 tx=30639564 comm=*system*
psu_energy_ac_mcp_machine=70940278809
-------
timestamp=3408607916429661
iterations=7916
sample_ns=100000000
window_ns=1000000000
rapl_core_sum_uj=26024851947
rapl_psys_sum_uj=0
pid=0 energy=34498649903943450 alive=1 kernel=1 cpu_ns=6891887464000000 mem=713080832 instructions=7842516788690 wakeups=20471542 diski=8777728 disko=553234432 rx=72369866 tx=30639564 comm=*system*
psu_energy_ac_mcp_machine=70950306396
-------
timestamp=3408608047262379
iterations=7918
sample_ns=100000000
window_ns=1000000000
rapl_core_sum_uj=26030551165
rapl_psys_sum_uj=0
pid=0 energy=34498653265162115 alive=1 kernel=1 cpu_ns=6891887687000000 mem=713166848 instructions=7842966032423 wakeups=20471815 diski=8777728 disko=553234432 rx=72369866 tx=30639564 comm=*system*
psu_energy_ac_mcp_machine=70960254028
-------
timestamp=3408608177552590
iterations=7919
sample_ns=100000000
window_ns=1000000000
rapl_core_sum_uj=26033465776
rapl_psys_sum_uj=0
pid=0 energy=34498655075054425 alive=1 kernel=1 cpu_ns=6891887804000000 mem=713101312 instructions=7843211010885 wakeups=20472051 diski=8777728 disko=553234432 rx=72369866 tx=30639564 comm=*system*
psu_energy_ac_mcp_machine=70973478516
-------
timestamp=3408608311335480
iterations=7920
sample_ns=100000000
window_ns=1000000000
rapl_core_sum_uj=26036436173
rapl_psys_sum_uj=0
pid=0 energy=34498656883633880 alive=1 kernel=1 cpu_ns=6891887921000000 mem=713322496 instructions=7843455726776 wakeups=20472292 diski=8777728 disko=553234432 rx=72369866 tx=30639564 comm=*system*
psu_energy_ac_mcp_machine=70983374878
-------
timestamp=3408608443784833
iterations=7921
sample_ns=100000000
window_ns=1000000000
rapl_core_sum_uj=26039401566
rapl_psys_sum_uj=0
pid=0 energy=34498658676689065 alive=1 kernel=1 cpu_ns=6891888036000000 mem=713424896 instructions=7843699337813 wakeups=20472488 diski=8777728 disko=553234432 rx=72369866 tx=30639564 comm=*system*
psu_energy_ac_mcp_machine=70993436157
-------
timestamp=3408608574649500
iterations=7923
sample_ns=100000000
window_ns=1000000000
rapl_core_sum_uj=26045570083
rapl_psys_sum_uj=0
pid=0 energy=34498662333114030 alive=1 kernel=1 cpu_ns=6891888277000000 mem=713170944 instructions=7844189622806 wakeups=20472788 diski=8777728 disko=553234432 rx=72369866 tx=30639564 comm=*system*
psu_energy_ac_mcp_machine=71006643555
-------
timestamp=3408608708130831
iterations=7924
sample_ns=100000000
window_ns=1000000000
rapl_core_sum_uj=26048524306
rapl_psys_sum_uj=0
pid=0 energy=34498664130623160 alive=1 kernel=1 cpu_ns=6891888398000000 mem=713109504 instructions=7844428124632 wakeups=20473036 diski=8777728 disko=553234432 rx=72369866 tx=30639564 comm=*system*
psu_energy_ac_mcp_machine=71016409058
-------
timestamp=3408608841684813
iterations=7925
sample_ns=100000000
window_ns=1000000000
rapl_core_sum_uj=26051524489
rapl_psys_sum_uj=0
pid=0 energy=34498665932324040 alive=1 kernel=1 cpu_ns=6891888514000000 mem=713289728 instructions=7844672464808 wakeups=20473266 diski=8777728 disko=553234432 rx=72369866 tx=30639564 comm=*system*
psu_energy_ac_mcp_machine=71026057861
-------
timestamp=3408608972503416
iterations=7926
sample_ns=100000000
window_ns=1000000000
rapl_core_sum_uj=26054495192
rapl_psys_sum_uj=0
pid=0 energy=34498667754769025 alive=1 kernel=1 cpu_ns=6891888633000000 mem=713080832 instructions=7844917953805 wakeups=20473505 diski=8777728 disko=553234432 rx=72369866 tx=30639564 comm=*system*
psu_energy_ac_mcp_machine=71039783081
-------
timestamp=3408609107671481
iterations=7928
sample_ns=100000000
window_ns=1000000000
rapl_core_sum_uj=26060314344
rapl_psys_sum_uj=0
pid=0 energy=34498671137521015 alive=1 kernel=1 cpu_ns=6891888859000000 mem=713113600 instructions=7845368504203 wakeups=20473778 diski=8777728 disko=553234432 rx=72369866 tx=30639564 comm=*system*
psu_energy_ac_mcp_machine=71049629761
-------
timestamp=3408609242462182
iterations=7929
sample_ns=100000000
window_ns=1000000000
rapl_core_sum_uj=26063317395
rapl_psys_sum_uj=0
pid=0 energy=34498672963402860 alive=1 kernel=1 cpu_ns=6891888980000000 mem=713129984 instructions=7845612680572 wakeups=20474014 diski=8777728 disko=553234432 rx=72369866 tx=30639564 comm=*system*
psu_energy_ac_mcp_machine=71059678467
-------
timestamp=3408609372880253
iterations=7930
sample_ns=100000000
window_ns=1000000000
rapl_core_sum_uj=26066315624
rapl_psys_sum_uj=0
pid=0 energy=34498674766140390 alive=1 kernel=1 cpu_ns=6891889098000000 mem=709062656 instructions=7845855228078 wakeups=20474244 diski=8777728 disko=553234432 rx=72369866 tx=30639564 comm=*system*
psu_energy_ac_mcp_machine=71069567627
-------
timestamp=3408609503431568
iterations=7932
sample_ns=100000000
window_ns=1000000000
rapl_core_sum_uj=26072020640
rapl_psys_sum_uj=0
pid=0 energy=34498678135947635 alive=1 kernel=1 cpu_ns=6891889319000000 mem=713056256 instructions=7846308189527 wakeups=20474516 diski=8777728 disko=553234432 rx=72369868 tx=30639564 comm=*system*
psu_energy_ac_mcp_machine=71082689819
-------
timestamp=3408609636296952
iterations=7933
sample_ns=100000000
window_ns=1000000000
rapl_core_sum_uj=26074984751
rapl_psys_sum_uj=0
pid=0 energy=34498679957023255 alive=1 kernel=1 cpu_ns=6891889437000000 mem=713191424 instructions=7846554404651 wakeups=20474753 diski=8777728 disko=553234432 rx=72369868 tx=30639564 comm=*system*
psu_energy_ac_mcp_machine=71092685547
-------
timestamp=3408609766648267
iterations=7934
sample_ns=100000000
window_ns=1000000000
rapl_core_sum_uj=26078071481
rapl_psys_sum_uj=0
pid=0 energy=34498681755019595 alive=1 kernel=1 cpu_ns=6891889557000000 mem=713121792 instructions=7846794003919 wakeups=20474997 diski=8777728 disko=553234432 rx=72369868 tx=30639564 comm=*system*
psu_energy_ac_mcp_machine=71102907104
-------
timestamp=3408609897261938
iterations=7935
sample_ns=100000000
window_ns=1000000000
rapl_core_sum_uj=26081088876
rapl_psys_sum_uj=0
pid=0 energy=34498683587719445 alive=1 kernel=1 cpu_ns=6891889679000000 mem=713109504 instructions=7847038543889 wakeups=20475222 diski=8777728 disko=553234432 rx=72369868 tx=30639564 comm=*system*
psu_energy_ac_mcp_machine=71116030518
-------
timestamp=3408610031134853
iterations=7937
sample_ns=100000000
window_ns=1000000000
rapl_core_sum_uj=26086834907
rapl_psys_sum_uj=0
pid=0 energy=34498686965013940 alive=1 kernel=1 cpu_ns=6891889902000000 mem=713187328 instructions=7847491002788 wakeups=20475498 diski=8777728 disko=553234432 rx=72369868 tx=30639564 comm=*system*
psu_energy_ac_mcp_machine=71125842529
-------
timestamp=3408610163827542
iterations=7938
sample_ns=100000000
window_ns=1000000000
rapl_core_sum_uj=26089842292
rapl_psys_sum_uj=0
pid=0 energy=34498688788808805 alive=1 kernel=1 cpu_ns=6891890021000000 mem=713125888 instructions=7847736761761 wakeups=20475741 diski=8777728 disko=553234432 rx=72369868 tx=30639564 comm=*system*
psu_energy_ac_mcp_machine=71135990723
-------
timestamp=3408610294352422
iterations=7939
sample_ns=100000000
window_ns=1000000000
rapl_core_sum_uj=26092833197
rapl_psys_sum_uj=0
pid=0 energy=34498690620882380 alive=1 kernel=1 cpu_ns=6891890142000000 mem=712892416 instructions=7847982176476 wakeups=20475969 diski=8777728 disko=553234432 rx=72369868 tx=30639564 comm=*system*
psu_energy_ac_mcp_machine=71149198853
-------
timestamp=3408610427561955
iterations=7940
sample_ns=100000000
window_ns=1000000000
rapl_core_sum_uj=26095822271
rapl_psys_sum_uj=0
pid=0 energy=34498692442306825 alive=1 kernel=1 cpu_ns=6891890260000000 mem=713084928 instructions=7848228461365 wakeups=20476199 diski=8777728 disko=553234432 rx=72369868 tx=30639564 comm=*system*
psu_energy_ac_mcp_machine=71158965698
-------
timestamp=3408610562262324
iterations=7942
sample_ns=100000000
window_ns=1000000000
rapl_core_sum_uj=26101629765
rapl_psys_sum_uj=0
pid=0 energy=34498695835531245 alive=1 kernel=1 cpu_ns=6891890486000000 mem=713191424 instructions=7848681106249 wakeups=20476469 diski=8777728 disko=553234432 rx=72369868 tx=30639564 comm=*system*
psu_energy_ac_mcp_machine=71169154053
-------
timestamp=3408610692785616
iterations=7943
sample_ns=100000000
window_ns=1000000000
rapl_core_sum_uj=26104607670
rapl_psys_sum_uj=0
pid=0 energy=34498697654246945 alive=1 kernel=1 cpu_ns=6891890603000000 mem=713199616 instructions=7848927849389 wakeups=20476716 diski=8777728 disko=553254912 rx=72369868 tx=30639564 comm=*system*
psu_energy_ac_mcp_machine=71182463501
-------
timestamp=3408610827426723
iterations=7944
sample_ns=100000000
window_ns=1000000000
rapl_core_sum_uj=26107603397
rapl_psys_sum_uj=0
pid=0 energy=34498699453941645 alive=1 kernel=1 cpu_ns=6891890723000000 mem=713330688 instructions=7849167788329 wakeups=20476947 diski=8777728 disko=553254912 rx=72369868 tx=30639564 comm=*system*
psu_energy_ac_mcp_machine=71192256348
-------
timestamp=3408610961867162
iterations=7946
sample_ns=100000000
window_ns=1000000000
rapl_core_sum_uj=26113360842
rapl_psys_sum_uj=0
pid=0 energy=34498702864343590 alive=1 kernel=1 cpu_ns=6891890946000000 mem=713203712 instructions=7849626868718 wakeups=20477233 diski=8777728 disko=553254912 rx=72369868 tx=30639564 comm=*system*
psu_energy_ac_mcp_machine=71202373901
-------
timestamp=3408611092160623
iterations=7947
sample_ns=100000000
window_ns=1000000000
rapl_core_sum_uj=26116364443
rapl_psys_sum_uj=0
pid=0 energy=34498704673827365 alive=1 kernel=1 cpu_ns=6891891064000000 mem=713199616 instructions=7849870765473 wakeups=20477470 diski=8777728 disko=553254912 rx=72369868 tx=30639564 comm=*system*
psu_energy_ac_mcp_machine=71212493042
-------
timestamp=3408611222927886
iterations=7948
sample_ns=100000000
window_ns=1000000000
rapl_core_sum_uj=26119331606
rapl_psys_sum_uj=0
pid=0 energy=34498706462784700 alive=1 kernel=1 cpu_ns=6891891182000000 mem=713207808 instructions=7850110556940 wakeups=20477704 diski=8777728 disko=553254912 rx=72369868 tx=30639564 comm=*system*
psu_energy_ac_mcp_machine=71225592896
-------
timestamp=3408611355894760
iterations=7949
sample_ns=100000000
window_ns=1000000000
rapl_core_sum_uj=26122220705
rapl_psys_sum_uj=0
pid=0 energy=34498708289657980 alive=1 kernel=1 cpu_ns=6891891301000000 mem=713056256 instructions=7850356931596 wakeups=20477931 diski=8777728 disko=553254912 rx=72369868 tx=30639564 comm=*system*
psu_energy_ac_mcp_machine=71235548340
-------
timestamp=3408611486279749
iterations=7951
sample_ns=100000000
window_ns=1000000000
rapl_core_sum_uj=26128185060
rapl_psys_sum_uj=0
pid=0 energy=34498711808618040 alive=1 kernel=1 cpu_ns=6891891533000000 mem=713199616 instructions=7850828723608 wakeups=20478212 diski=8777728 disko=553254912 rx=72369870 tx=30639564 comm=*system*
psu_energy_ac_mcp_machine=71245585205
-------
timestamp=3408611616853741
iterations=7952
sample_ns=100000000
window_ns=1000000000
rapl_core_sum_uj=26131179566
rapl_psys_sum_uj=0
pid=0 energy=34498713610349030 alive=1 kernel=1 cpu_ns=6891891653000000 mem=713207808 instructions=7851069069806 wakeups=20478462 diski=8777728 disko=553254912 rx=72369870 tx=30639564 comm=*system*
psu_energy_ac_mcp_machine=71258888916
-------
timestamp=3408611750896813
iterations=7953
sample_ns=100000000
window_ns=1000000000
rapl_core_sum_uj=26134200073
rapl_psys_sum_uj=0
pid=0 energy=34498715439051150 alive=1 kernel=1 cpu_ns=6891891772000000 mem=713211904 instructions=7851315810230 wakeups=20478701 diski=8777728 disko=553254912 rx=72369870 tx=30639564 comm=*system*
psu_energy_ac_mcp_machine=71268540039
-------
timestamp=3408611883721515
iterations=7954
sample_ns=100000000
window_ns=1000000000
rapl_core_sum_uj=26137193664
rapl_psys_sum_uj=0
pid=0 energy=34498717270126625 alive=1 kernel=1 cpu_ns=6891891891000000 mem=713306112 instructions=7851563025325 wakeups=20478927 diski=8777728 disko=553254912 rx=72369870 tx=30639564 comm=*system*
psu_energy_ac_mcp_machine=71278805664
-------
timestamp=3408612014440556
iterations=7956
sample_ns=100000000
window_ns=1000000000
rapl_core_sum_uj=26143125365
rapl_psys_sum_uj=0
pid=0 energy=34498720782288615 alive=1 kernel=1 cpu_ns=6891892124000000 mem=713207808 instructions=7852032457723 wakeups=20479201 diski=8777728 disko=553271296 rx=72369870 tx=30639564 comm=*system*
psu_energy_ac_mcp_machine=71291899292
-------
timestamp=3408612147605508
iterations=7957
sample_ns=100000000
window_ns=1000000000
rapl_core_sum_uj=26146273375
rapl_psys_sum_uj=0
pid=0 energy=34498722681699970 alive=1 kernel=1 cpu_ns=6891892249000000 mem=711860224 instructions=7852287339994 wakeups=20479444 diski=8777728 disko=553271296 rx=72369870 tx=30639564 comm=*system*
psu_energy_ac_mcp_machine=71301904053
-------
timestamp=3408612282006434
iterations=7958
sample_ns=100000000
window_ns=1000000000
rapl_core_sum_uj=26149251036
rapl_psys_sum_uj=0
pid=0 energy=34498724490840420 alive=1 kernel=1 cpu_ns=6891892370000000 mem=713154560 instructions=7852528168084 wakeups=20479678 diski=8777728 disko=553271296 rx=72369870 tx=30639564 comm=*system*
psu_energy_ac_mcp_machine=71311975342
-------
timestamp=3408612412923349
iterations=7959
sample_ns=100000000
window_ns=1000000000
rapl_core_sum_uj=26152241819
rapl_psys_sum_uj=0
pid=0 energy=34498726300914965 alive=1 kernel=1 cpu_ns=6891892489000000 mem=713465856 instructions=7852771182993 wakeups=20479915 diski=8777728 disko=553271296 rx=72369870 tx=30639564 comm=*system*
psu_energy_ac_mcp_machine=71321700317
-------
timestamp=3408612543374688
iterations=7961
sample_ns=100000000
window_ns=1000000000
rapl_core_sum_uj=26157965512
rapl_psys_sum_uj=0
pid=0 energy=34498729665933625 alive=1 kernel=1 cpu_ns=6891892714000000 mem=713224192 instructions=7853219186725 wakeups=20480182 diski=8777728 disko=553271296 rx=72369870 tx=30639564 comm=*system*
psu_energy_ac_mcp_machine=71335134766
-------
timestamp=3408612677961987
iterations=7962
sample_ns=100000000
window_ns=1000000000
rapl_core_sum_uj=26160945126
rapl_psys_sum_uj=0
pid=0 energy=34498731471469385 alive=1 kernel=1 cpu_ns=6891892830000000 mem=713228288 instructions=7853464293877 wakeups=20480426 diski=8777728 disko=553271296 rx=72369870 tx=30639564 comm=*system*
psu_energy_ac_mcp_machine=71345111084
-------
timestamp=3408612808837358
iterations=7963
sample_ns=100000000
window_ns=1000000000
rapl_core_sum_uj=26163930660
rapl_psys_sum_uj=0
pid=0 energy=34498733284773365 alive=1 kernel=1 cpu_ns=6891892949000000 mem=713248768 instructions=7853707954673 wakeups=20480658 diski=8777728 disko=553271296 rx=72369870 tx=30639564 comm=*system*
psu_energy_ac_mcp_machine=71355057373
-------
timestamp=3408612940563512
iterations=7964
sample_ns=100000000
window_ns=1000000000
rapl_core_sum_uj=26166924495
rapl_psys_sum_uj=0
pid=0 energy=34498735062450665 alive=1 kernel=1 cpu_ns=6891893065000000 mem=713584640 instructions=7853947490133 wakeups=20480891 diski=8777728 disko=553271296 rx=72369870 tx=30639564 comm=*system*
psu_energy_ac_mcp_machine=71368366211
-------
timestamp=3408613075058466
iterations=7966
sample_ns=100000000
window_ns=1000000000
rapl_core_sum_uj=26172684321
rapl_psys_sum_uj=0
pid=0 energy=34498738474544660 alive=1 kernel=1 cpu_ns=6891893289000000 mem=713220096 instructions=7854405908932 wakeups=20481170 diski=8777728 disko=553271296 rx=72369870 tx=30639564 comm=*system*
psu_energy_ac_mcp_machine=71378346069
-------
timestamp=3408613205653428
iterations=7967
sample_ns=100000000
window_ns=1000000000
rapl_core_sum_uj=26175855402
rapl_psys_sum_uj=0
pid=0 energy=34498740399608745 alive=1 kernel=1 cpu_ns=6891893415000000 mem=713232384 instructions=7854664921749 wakeups=20481401 diski=8777728 disko=553271296 rx=72369870 tx=30639564 comm=*system*
psu_energy_ac_mcp_machine=71388330811
-------
timestamp=3408613336368771
iterations=7968
sample_ns=100000000
window_ns=1000000000
rapl_core_sum_uj=26178926996
rapl_psys_sum_uj=0
pid=0 energy=34498742326866820 alive=1 kernel=1 cpu_ns=6891893543000000 mem=713228288 instructions=7854922373364 wakeups=20481642 diski=8777728 disko=553271296 rx=72369870 tx=30639564 comm=*system*
psu_energy_ac_mcp_machine=71401409424
-------
timestamp=3408613469230710
iterations=7969
sample_ns=100000000
window_ns=1000000000
rapl_core_sum_uj=26181894281
rapl_psys_sum_uj=0
pid=0 energy=34498744113685425 alive=1 kernel=1 cpu_ns=6891893660000000 mem=713289728 instructions=7855162737085 wakeups=20481868 diski=8777728 disko=553271296 rx=72369872 tx=30639564 comm=*system*
psu_energy_ac_mcp_machine=71411387451
-------
timestamp=3408613603215851
iterations=7971
sample_ns=100000000
window_ns=1000000000
rapl_core_sum_uj=26187651055
rapl_psys_sum_uj=0
pid=0 energy=34498747506653845 alive=1 kernel=1 cpu_ns=6891893880000000 mem=713170944 instructions=7855621330769 wakeups=20482148 diski=8777728 disko=553271296 rx=72369872 tx=30639564 comm=*system*
psu_energy_ac_mcp_machine=71421384644
-------
timestamp=3408613734326034
iterations=7972
sample_ns=100000000
window_ns=1000000000
rapl_core_sum_uj=26190611443
rapl_psys_sum_uj=0
pid=0 energy=34498749325039395 alive=1 kernel=1 cpu_ns=6891893998000000 mem=713244672 instructions=7855867007879 wakeups=20482381 diski=8777728 disko=553271296 rx=72369872 tx=30639564 comm=*system*
psu_energy_ac_mcp_machine=71434610840
-------
timestamp=3408613867487977
iterations=7973
sample_ns=100000000
window_ns=1000000000
rapl_core_sum_uj=26193655571
rapl_psys_sum_uj=0
pid=0 energy=34498751112412095 alive=1 kernel=1 cpu_ns=6891894116000000 mem=713101312 instructions=7856106482419 wakeups=20482614 diski=8777728 disko=553271296 rx=72369872 tx=30639564 comm=*system*
psu_energy_ac_mcp_machine=71444743896
-------
timestamp=3408614001819241
iterations=7974
sample_ns=100000000
window_ns=1000000000
rapl_core_sum_uj=26196706291
rapl_psys_sum_uj=0
pid=0 energy=34498752932908560 alive=1 kernel=1 cpu_ns=6891894234000000 mem=713150464 instructions=7856352581712 wakeups=20482845 diski=8777728 disko=553271296 rx=72369872 tx=30639564 comm=*system*
psu_energy_ac_mcp_machine=71454799927
-------
timestamp=3408614132170634
iterations=7976
sample_ns=100000000
window_ns=1000000000
rapl_core_sum_uj=26202461661
rapl_psys_sum_uj=0
pid=0 energy=34498756334501220 alive=1 kernel=1 cpu_ns=6891894462000000 mem=713248768 instructions=7856804900244 wakeups=20483110 diski=8777728 disko=553271296 rx=72369872 tx=30639564 comm=*system*
psu_energy_ac_mcp_machine=71464780640
-------
timestamp=3408614262781414
iterations=7977
sample_ns=100000000
window_ns=1000000000
rapl_core_sum_uj=26205573660
rapl_psys_sum_uj=0
pid=0 energy=34498758141856230 alive=1 kernel=1 cpu_ns=6891894579000000 mem=713187328 instructions=7857049371246 wakeups=20483342 diski=8777728 disko=553271296 rx=72369872 tx=30639564 comm=*system*
psu_energy_ac_mcp_machine=71478204224
-------
timestamp=3408614395904394
iterations=7978
sample_ns=100000000
window_ns=1000000000
rapl_core_sum_uj=26208608083
rapl_psys_sum_uj=0
pid=0 energy=34498759975356765 alive=1 kernel=1 cpu_ns=6891894700000000 mem=712982528 instructions=7857295071353 wakeups=20483581 diski=8777728 disko=553271296 rx=72369872 tx=30639564 comm=*system*
psu_energy_ac_mcp_machine=71488107788
-------
timestamp=3408614526594095
iterations=7980
sample_ns=100000000
window_ns=1000000000
rapl_core_sum_uj=26214391469
rapl_psys_sum_uj=0
pid=0 energy=34498763489407230 alive=1 kernel=1 cpu_ns=6891894931000000 mem=714313728 instructions=7857766881446 wakeups=20483866 diski=8777728 disko=553271296 rx=72369872 tx=30639564 comm=*system*
psu_energy_ac_mcp_machine=71498217163
-------
timestamp=3408614657411683
iterations=7981
sample_ns=100000000
window_ns=1000000000
rapl_core_sum_uj=26217525746
rapl_psys_sum_uj=0
pid=0 energy=34498765187360515 alive=1 kernel=1 cpu_ns=6891895044000000 mem=713187328 instructions=7857993472103 wakeups=20484086 diski=8777728 disko=553271296 rx=72369872 tx=30639564 comm=*system*
psu_energy_ac_mcp_machine=71511671265
-------
timestamp=3408614790810881
iterations=7982
sample_ns=100000000
window_ns=1000000000
rapl_core_sum_uj=26220497425
rapl_psys_sum_uj=0
pid=0 energy=34498766989650130 alive=1 kernel=1 cpu_ns=6891895159000000 mem=713256960 instructions=7858238930026 wakeups=20484323 diski=8777728 disko=553271296 rx=72369872 tx=30639564 comm=*system*
psu_energy_ac_mcp_machine=71521597412
-------
timestamp=3408614923541133
iterations=7983
sample_ns=100000000
window_ns=1000000000
rapl_core_sum_uj=26223467029
rapl_psys_sum_uj=0
pid=0 energy=34498768793901350 alive=1 kernel=1 cpu_ns=6891895279000000 mem=713134080 instructions=7858479780270 wakeups=20484549 diski=8777728 disko=553271296 rx=72369872 tx=30639564 comm=*system*
psu_energy_ac_mcp_machine=71531401367
-------
timestamp=3408615053654084
iterations=7985
sample_ns=100000000
window_ns=1000000000
rapl_core_sum_uj=26229241320
rapl_psys_sum_uj=0
pid=0 energy=34498772210196120 alive=1 kernel=1 cpu_ns=6891895504000000 mem=713203712 instructions=7858938039224 wakeups=20484824 diski=8777728 disko=553271296 rx=72369872 tx=30639564 comm=*system*
psu_energy_ac_mcp_machine=71544802856
-------
timestamp=3408615187566721
iterations=7986
sample_ns=100000000
window_ns=1000000000
rapl_core_sum_uj=26232429064
rapl_psys_sum_uj=0
pid=0 energy=34498774127321480 alive=1 kernel=1 cpu_ns=6891895630000000 mem=713273344 instructions=7859195464296 wakeups=20485061 diski=8777728 disko=553271296 rx=72369872 tx=30639564 comm=*system*
psu_energy_ac_mcp_machine=71554814209
-------
timestamp=3408615320611682
iterations=7987
sample_ns=100000000
window_ns=1000000000
rapl_core_sum_uj=26235362108
rapl_psys_sum_uj=0
pid=0 energy=34498775945014560 alive=1 kernel=1 cpu_ns=6891895748000000 mem=713277440 instructions=7859441002912 wakeups=20485294 diski=8777728 disko=553271296 rx=72369872 tx=30639564 comm=*system*
psu_energy_ac_mcp_machine=71564621460
-------
timestamp=3408615450688465
iterations=7988
sample_ns=100000000
window_ns=1000000000
rapl_core_sum_uj=26238350816
rapl_psys_sum_uj=0
pid=0 energy=34498777755691515 alive=1 kernel=1 cpu_ns=6891895870000000 mem=713453568 instructions=7859681138303 wakeups=20485524 diski=8777728 disko=553271296 rx=72369872 tx=30639564 comm=*system*
psu_energy_ac_mcp_machine=71574735962
-------
timestamp=3408615581869795
iterations=7990
sample_ns=100000000
window_ns=1000000000
rapl_core_sum_uj=26244523911
rapl_psys_sum_uj=0
pid=0 energy=34498781433123555 alive=1 kernel=1 cpu_ns=6891896115000000 mem=714403840 instructions=7860171624711 wakeups=20485825 diski=8777728 disko=553271296 rx=72369874 tx=30639564 comm=*system*
psu_energy_ac_mcp_machine=71588036255
-------
timestamp=3408615716715321
iterations=7991
sample_ns=100000000
window_ns=1000000000
rapl_core_sum_uj=26247416916
rapl_psys_sum_uj=0
pid=0 energy=34498783112717925 alive=1 kernel=1 cpu_ns=6891896227000000 mem=713281536 instructions=7860395543585 wakeups=20486042 diski=8777728 disko=553291776 rx=72369874 tx=30639564 comm=*system*
psu_energy_ac_mcp_machine=71598126831
-------
timestamp=3408615847444648
iterations=7992
sample_ns=100000000
window_ns=1000000000
rapl_core_sum_uj=26250410812
rapl_psys_sum_uj=0
pid=0 energy=34498784945256945 alive=1 kernel=1 cpu_ns=6891896351000000 mem=713281536 instructions=7860638051389 wakeups=20486289 diski=8777728 disko=553291776 rx=72369874 tx=30639564 comm=*system*
psu_energy_ac_mcp_machine=71607948242
-------
timestamp=3408615977899085
iterations=7993
sample_ns=100000000
window_ns=1000000000
rapl_core_sum_uj=26253366805
rapl_psys_sum_uj=0
pid=0 energy=34498786761257990 alive=1 kernel=1 cpu_ns=6891896467000000 mem=713437184 instructions=7860885251598 wakeups=20486517 diski=8777728 disko=553291776 rx=72369874 tx=30639564 comm=*system*
psu_energy_ac_mcp_machine=71621304688
-------
timestamp=3408616111217316
iterations=7995
sample_ns=100000000
window_ns=1000000000
rapl_core_sum_uj=26259070723
rapl_psys_sum_uj=0
pid=0 energy=34498790176732690 alive=1 kernel=1 cpu_ns=6891896692000000 mem=713281536 instructions=7861343346538 wakeups=20486796 diski=8777728 disko=553291776 rx=72369874 tx=30639564 comm=*system*
psu_energy_ac_mcp_machine=71631264404
-------
timestamp=3408616243946932
iterations=7996
sample_ns=100000000
window_ns=1000000000
rapl_core_sum_uj=26262049971
rapl_psys_sum_uj=0
pid=0 energy=34498791976809370 alive=1 kernel=1 cpu_ns=6891896811000000 mem=713220096 instructions=7861584361874 wakeups=20487030 diski=8777728 disko=553291776 rx=72369874 tx=30639564 comm=*system*
psu_energy_ac_mcp_machine=71641283447
-------
timestamp=3408616374905877
iterations=7997
sample_ns=100000000
window_ns=1000000000
rapl_core_sum_uj=26265078230
rapl_psys_sum_uj=0
pid=0 energy=34498793804680580 alive=1 kernel=1 cpu_ns=6891896929000000 mem=713220096 instructions=7861831936116 wakeups=20487263 diski=8777728 disko=553291776 rx=72369874 tx=30639564 comm=*system*
psu_energy_ac_mcp_machine=71654520996
-------
timestamp=3408616509782274
iterations=7998
sample_ns=100000000
window_ns=1000000000
rapl_core_sum_uj=26268032697
rapl_psys_sum_uj=0
pid=0 energy=34498795596307540 alive=1 kernel=1 cpu_ns=6891897044000000 mem=713510912 instructions=7862075261508 wakeups=20487485 diski=8777728 disko=553291776 rx=72369874 tx=30639564 comm=*system*
psu_energy_ac_mcp_machine=71664387207
-------
timestamp=3408616644158788
iterations=8000
sample_ns=100000000
window_ns=1000000000
rapl_core_sum_uj=26273978131
rapl_psys_sum_uj=0
pid=0 energy=34498799087709770 alive=1 kernel=1 cpu_ns=6891897277000000 mem=713289728 instructions=7862540541954 wakeups=20487761 diski=8777728 disko=553291776 rx=72369874 tx=30639564 comm=*system*
psu_energy_ac_mcp_machine=71674461182
-------
timestamp=3408616774648288
iterations=8001
sample_ns=100000000
window_ns=1000000000
rapl_core_sum_uj=26277178387
rapl_psys_sum_uj=0
pid=0 energy=34498800900963835 alive=1 kernel=1 cpu_ns=6891897395000000 mem=713166848 instructions=7862785192767 wakeups=20488015 diski=8777728 disko=553291776 rx=72369875 tx=30639565 comm=*system*
psu_energy_ac_mcp_machine=71687905151
-------
timestamp=3408616907850716
iterations=8002
sample_ns=100000000
window_ns=1000000000
rapl_core_sum_uj=26280141338
rapl_psys_sum_uj=0
pid=0 energy=34498802730736375 alive=1 kernel=1 cpu_ns=6891897515000000 mem=713396224 instructions=7863031147275 wakeups=20488240 diski=8777728 disko=553291776 rx=72369875 tx=30639565 comm=*system*
psu_energy_ac_mcp_machine=71697774048
-------
timestamp=3408617042916922
iterations=8003
sample_ns=100000000
window_ns=1000000000
rapl_core_sum_uj=26283088176
rapl_psys_sum_uj=0
pid=0 energy=34498804511115625 alive=1 kernel=1 cpu_ns=6891897631000000 mem=710926336 instructions=7863271223125 wakeups=20488471 diski=8777728 disko=553291776 rx=72369875 tx=30639565 comm=*system*
psu_energy_ac_mcp_machine=71707877441
-------
timestamp=3408617174529469
iterations=8005
sample_ns=100000000
window_ns=1000000000
rapl_core_sum_uj=26289065165
rapl_psys_sum_uj=0
pid=0 energy=34498808038292840 alive=1 kernel=1 cpu_ns=6891897865000000 mem=713293824 instructions=7863742658568 wakeups=20488741 diski=8777728 disko=553291776 rx=72369875 tx=30639565 comm=*system*
psu_energy_ac_mcp_machine=71721215454
-------
timestamp=3408617307810938
iterations=8006
sample_ns=100000000
window_ns=1000000000
rapl_core_sum_uj=26292066873
rapl_psys_sum_uj=0
pid=0 energy=34498809842108150 alive=1 kernel=1 cpu_ns=6891897981000000 mem=713302016 instructions=7863987421630 wakeups=20488976 diski=8777728 disko=553291776 rx=72369875 tx=30639565 comm=*system*
psu_energy_ac_mcp_machine=71730958374
-------
timestamp=3408617440682624
iterations=8007
sample_ns=100000000
window_ns=1000000000
rapl_core_sum_uj=26295040444
rapl_psys_sum_uj=0
pid=0 energy=34498811669448505 alive=1 kernel=1 cpu_ns=6891898101000000 mem=713363456 instructions=7864232889701 wakeups=20489204 diski=8777728 disko=553291776 rx=72369875 tx=30639565 comm=*system*
psu_energy_ac_mcp_machine=71740960327
-------
timestamp=3408617571881125
iterations=8008
sample_ns=100000000
window_ns=1000000000
rapl_core_sum_uj=26297980446
rapl_psys_sum_uj=0
pid=0 energy=34498813465258865 alive=1 kernel=1 cpu_ns=6891898221000000 mem=713461760 instructions=7864472051773 wakeups=20489433 diski=8777728 disko=553291776 rx=72369877 tx=30639565 comm=*system*
psu_energy_ac_mcp_machine=71751182007
-------
timestamp=3408617704165431
iterations=8010
sample_ns=100000000
window_ns=1000000000
rapl_core_sum_uj=26302917884
rapl_psys_sum_uj=0
pid=0 energy=34498817350119400 alive=1 kernel=1 cpu_ns=6891898415000000 mem=715616256 instructions=7865055023880 wakeups=20489725 diski=8777728 disko=553291776 rx=72369888 tx=30639578 comm=*system*
psu_energy_ac_mcp_machine=71762322998
-------
timestamp=3408617841488511
iterations=8011
sample_ns=100000000
window_ns=1000000000
rapl_core_sum_uj=26304213660
rapl_psys_sum_uj=0
pid=0 energy=34498817832713015 alive=1 kernel=1 cpu_ns=6891898442000000 mem=715636736 instructions=7865124542603 wakeups=20490347 diski=8777728 disko=553291776 rx=72370354 tx=30639808 comm=*system*
psu_energy_ac_mcp_machine=71769454102
-------
timestamp=3408617977387378
iterations=8012
sample_ns=100000000
window_ns=1000000000
rapl_core_sum_uj=26306051916
rapl_psys_sum_uj=0
pid=0 energy=34498818371602805 alive=1 kernel=1 cpu_ns=6891898464000000 mem=715644928 instructions=7865210320561 wakeups=20491306 diski=8777728 disko=553291776 rx=72371169 tx=30640205 comm=*system*
psu_energy_ac_mcp_machine=71778216675
-------
timestamp=3408618110771040
iterations=8014
sample_ns=100000000
window_ns=1000000000
rapl_core_sum_uj=26308827428
rapl_psys_sum_uj=0
pid=0 energy=34498819269617855 alive=1 kernel=1 cpu_ns=6891898515000000 mem=715640832 instructions=7865338923571 wakeups=20492957 diski=8777728 disko=553291776 rx=72372794 tx=30640997 comm=*system*
psu_energy_ac_mcp_machine=71786703125
-------
timestamp=3408618242813455
iterations=8015
sample_ns=100000000
window_ns=1000000000
rapl_core_sum_uj=26310960911
rapl_psys_sum_uj=0
pid=0 energy=34498819804097585 alive=1 kernel=1 cpu_ns=6891898535000000 mem=715677696 instructions=7865425819517 wakeups=20493934 diski=8777728 disko=553291776 rx=72373609 tx=30641395 comm=*system*
psu_energy_ac_mcp_machine=71794854736
-------
timestamp=3408618371907543
iterations=8016
sample_ns=100000000
window_ns=1000000000
rapl_core_sum_uj=26313098789
rapl_psys_sum_uj=0
pid=0 energy=34498820333376135 alive=1 kernel=1 cpu_ns=6891898555000000 mem=715677696 instructions=7865511675227 wakeups=20494890 diski=8777728 disko=553291776 rx=72374424 tx=30641791 comm=*system*
psu_energy_ac_mcp_machine=71803380127
-------
timestamp=3408618501455396
iterations=8017
sample_ns=100000000
window_ns=1000000000
rapl_core_sum_uj=26314907871
rapl_psys_sum_uj=0
pid=0 energy=34498820852861645 alive=1 kernel=1 cpu_ns=6891898573000000 mem=715542528 instructions=7865597572329 wakeups=20495851 diski=8777728 disko=553291776 rx=72375236 tx=30642188 comm=*system*
psu_energy_ac_mcp_machine=71813405762
-------
timestamp=3408618643872238
iterations=8019
sample_ns=100000000
window_ns=1000000000
rapl_core_sum_uj=26317474704
rapl_psys_sum_uj=0
pid=0 energy=34498821778214765 alive=1 kernel=1 cpu_ns=6891898628000000 mem=715685888 instructions=7865727642953 wakeups=20497455 diski=8777728 disko=553291776 rx=72376864 tx=30642982 comm=*system*
psu_energy_ac_mcp_machine=71819680664
-------
timestamp=3408618781572784
iterations=8020
sample_ns=100000000
window_ns=1000000000
rapl_core_sum_uj=26319007540
rapl_psys_sum_uj=0
pid=0 energy=34498822330300050 alive=1 kernel=1 cpu_ns=6891898665000000 mem=715685888 instructions=7865801060010 wakeups=20498123 diski=8777728 disko=553291776 rx=72377740 tx=30643289 comm=*system*
psu_energy_ac_mcp_machine=71828715332
-------
timestamp=3408618922605760
iterations=8021
sample_ns=100000000
window_ns=1000000000
rapl_core_sum_uj=26319866060
rapl_psys_sum_uj=0
pid=0 energy=34498822758763335 alive=1 kernel=1 cpu_ns=6891898691000000 mem=715649024 instructions=7865860752667 wakeups=20498349 diski=8777728 disko=553291776 rx=72378618 tx=30643440 comm=*system*
psu_energy_ac_mcp_machine=71835313843
-------
timestamp=3408619061112468
iterations=8023
sample_ns=100000000
window_ns=1000000000
rapl_core_sum_uj=26321778779
rapl_psys_sum_uj=0
pid=0 energy=34498823596741630 alive=1 kernel=1 cpu_ns=6891898780000000 mem=715530240 instructions=7865939348326 wakeups=20499100 diski=8777728 disko=553291776 rx=72379493 tx=30643845 comm=*system*
psu_energy_ac_mcp_machine=71844055786
-------
timestamp=3408619197123347
iterations=8024
sample_ns=100000000
window_ns=1000000000
rapl_core_sum_uj=26322401825
rapl_psys_sum_uj=0
pid=0 energy=34498824478956920 alive=1 kernel=1 cpu_ns=6891898831000000 mem=715780096 instructions=7866064791384 wakeups=20500653 diski=8777728 disko=553291776 rx=72381186 tx=30644668 comm=*system*
psu_energy_ac_mcp_machine=71849459351
-------
timestamp=3408619335386328
iterations=8025
sample_ns=100000000
window_ns=1000000000
rapl_core_sum_uj=26323511138
rapl_psys_sum_uj=0
pid=0 energy=34498825061393430 alive=1 kernel=1 cpu_ns=6891898866000000 mem=715784192 instructions=7866146278686 wakeups=20501517 diski=8777728 disko=553291776 rx=72382060 tx=30645094 comm=*system*
psu_energy_ac_mcp_machine=71858354248
-------
timestamp=3408619479146178
iterations=8026
sample_ns=100000000
window_ns=1000000000
rapl_core_sum_uj=26324792693
rapl_psys_sum_uj=0
pid=0 energy=34498825698012035 alive=1 kernel=1 cpu_ns=6891898913000000 mem=715612160 instructions=7866226602407 wakeups=20502372 diski=8777728 disko=553291776 rx=72382938 tx=30645520 comm=*system*
psu_energy_ac_mcp_machine=71865192261
-------
timestamp=3408619608492931
iterations=8028
sample_ns=100000000
window_ns=1000000000
rapl_core_sum_uj=26327685392
rapl_psys_sum_uj=0
pid=0 energy=34498826726406020 alive=1 kernel=1 cpu_ns=6891898977000000 mem=716230656 instructions=7866368281204 wakeups=20503997 diski=8777728 disko=553291776 rx=72384564 tx=30646313 comm=*system*
psu_energy_ac_mcp_machine=71872450195
-------
timestamp=3408619737860169
iterations=8029
sample_ns=100000000
window_ns=1000000000
rapl_core_sum_uj=26329646085
rapl_psys_sum_uj=0
pid=0 energy=34498827231117610 alive=1 kernel=1 cpu_ns=6891899003000000 mem=715845632 instructions=7866443223522 wakeups=20504971 diski=8777728 disko=553291776 rx=72385378 tx=30646711 comm=*system*
psu_energy_ac_mcp_machine=71883739502
-------
timestamp=3408619871087571
iterations=8030
sample_ns=100000000
window_ns=1000000000
rapl_core_sum_uj=26331796353
rapl_psys_sum_uj=0
pid=0 energy=34498827773952635 alive=1 kernel=1 cpu_ns=6891899023000000 mem=715624448 instructions=7866531790527 wakeups=20505971 diski=8777728 disko=553291776 rx=72386193 tx=30647114 comm=*system*
psu_energy_ac_mcp_machine=71891184570
-------
timestamp=3408620003257730
iterations=8031
sample_ns=100000000
window_ns=1000000000
rapl_core_sum_uj=26333785549
rapl_psys_sum_uj=0
pid=0 energy=34498828302890700 alive=1 kernel=1 cpu_ns=6891899040000000 mem=715583488 instructions=7866620578140 wakeups=20507000 diski=8777728 disko=553291776 rx=72387004 tx=30647518 comm=*system*
psu_energy_ac_mcp_machine=71899520752
-------
timestamp=3408620132851967
iterations=8033
sample_ns=100000000
window_ns=1000000000
rapl_core_sum_uj=26337556727
rapl_psys_sum_uj=0
pid=0 energy=34498829163623365 alive=1 kernel=1 cpu_ns=6891899075000000 mem=715845632 instructions=7866757724673 wakeups=20508825 diski=8777728 disko=553291776 rx=72388630 tx=30648331 comm=*system*
psu_energy_ac_mcp_machine=71907462036
-------
timestamp=3408620262108337
iterations=8034
sample_ns=100000000
window_ns=1000000000
rapl_core_sum_uj=26339674219
rapl_psys_sum_uj=0
pid=0 energy=34498829701351015 alive=1 kernel=1 cpu_ns=6891899095000000 mem=715571200 instructions=7866845270203 wakeups=20509844 diski=8777728 disko=553291776 rx=72389442 tx=30648736 comm=*system*
psu_energy_ac_mcp_machine=71918319702
-------
timestamp=3408620394474113
iterations=8035
sample_ns=100000000
window_ns=1000000000
rapl_core_sum_uj=26341604333
rapl_psys_sum_uj=0
pid=0 energy=34498830204013880 alive=1 kernel=1 cpu_ns=6891899110000000 mem=715718656 instructions=7866930802776 wakeups=20510855 diski=8777728 disko=553291776 rx=72390257 tx=30649144 comm=*system*
psu_energy_ac_mcp_machine=71926541992
-------
timestamp=3408620523867920
iterations=8036
sample_ns=100000000
window_ns=1000000000
rapl_core_sum_uj=26343518578
rapl_psys_sum_uj=0
pid=0 energy=34498830740610775 alive=1 kernel=1 cpu_ns=6891899133000000 mem=715624448 instructions=7867015122155 wakeups=20511864 diski=8777728 disko=553291776 rx=72391070 tx=30649550 comm=*system*
psu_energy_ac_mcp_machine=71933956055
-------
timestamp=3408620653255092
iterations=8038
sample_ns=100000000
window_ns=1000000000
rapl_core_sum_uj=26347257224
rapl_psys_sum_uj=0
pid=0 energy=34498831554366660 alive=1 kernel=1 cpu_ns=6891899166000000 mem=715722752 instructions=7867144873332 wakeups=20513657 diski=8777728 disko=553291776 rx=72392697 tx=30650361 comm=*system*
psu_energy_ac_mcp_machine=71941911987
-------
timestamp=3408620782567538
iterations=8039
sample_ns=100000000
window_ns=1000000000
rapl_core_sum_uj=26349166403
rapl_psys_sum_uj=0
pid=0 energy=34498832067800500 alive=1 kernel=1 cpu_ns=6891899184000000 mem=715718656 instructions=7867229560100 wakeups=20514675 diski=8777728 disko=553312256 rx=72393510 tx=30650768 comm=*system*
psu_energy_ac_mcp_machine=71952787964
-------
timestamp=3408620915322417
iterations=8040
sample_ns=100000000
window_ns=1000000000
rapl_core_sum_uj=26351049032
rapl_psys_sum_uj=0
pid=0 energy=34498832582750470 alive=1 kernel=1 cpu_ns=6891899202000000 mem=715673600 instructions=7867314550094 wakeups=20515678 diski=8777728 disko=553312256 rx=72394324 tx=30651175 comm=*system*
psu_energy_ac_mcp_machine=71960306274
-------
timestamp=3408621044570264
iterations=8041
sample_ns=100000000
window_ns=1000000000
rapl_core_sum_uj=26353025106
rapl_psys_sum_uj=0
pid=0 energy=34498833101978495 alive=1 kernel=1 cpu_ns=6891899219000000 mem=715677696 instructions=7867401395699 wakeups=20516702 diski=8777728 disko=553312256 rx=72395139 tx=30651580 comm=*system*
psu_energy_ac_mcp_machine=71968922241
-------
timestamp=3408621175880429
iterations=8043
sample_ns=100000000
window_ns=1000000000
rapl_core_sum_uj=26355588520
rapl_psys_sum_uj=0
pid=0 energy=34498833942718140 alive=1 kernel=1 cpu_ns=6891899265000000 mem=715673600 instructions=7867523543628 wakeups=20518186 diski=8777728 disko=553312256 rx=72396767 tx=30652372 comm=*system*
psu_energy_ac_mcp_machine=71977866821
-------
timestamp=3408621314261441
iterations=8044
sample_ns=100000000
window_ns=1000000000
rapl_core_sum_uj=26356885333
rapl_psys_sum_uj=0
pid=0 energy=34498834527733460 alive=1 kernel=1 cpu_ns=6891899298000000 mem=715673600 instructions=7867607546692 wakeups=20519152 diski=8777728 disko=553312256 rx=72397643 tx=30652800 comm=*system*
psu_energy_ac_mcp_machine=71984691895
-------
timestamp=3408621443225022
iterations=8045
sample_ns=100000000
window_ns=1000000000
rapl_core_sum_uj=26358582842
rapl_psys_sum_uj=0
pid=0 energy=34498835132263425 alive=1 kernel=1 cpu_ns=6891899332000000 mem=715587584 instructions=7867694452685 wakeups=20520132 diski=8777728 disko=553312256 rx=72398520 tx=30653224 comm=*system*
psu_energy_ac_mcp_machine=71991942139
-------
timestamp=3408621590239432
iterations=8046
sample_ns=100000000
window_ns=1000000000
rapl_core_sum_uj=26360120683
rapl_psys_sum_uj=0
pid=0 energy=34498835689935760 alive=1 kernel=1 cpu_ns=6891899359000000 mem=715735040 instructions=7867778987152 wakeups=20521087 diski=8777728 disko=553312256 rx=72399335 tx=30653622 comm=*system*
psu_energy_ac_mcp_machine=72000772949
-------
timestamp=3408621728348231
iterations=8048
sample_ns=100000000
window_ns=1000000000
rapl_core_sum_uj=26361833329
rapl_psys_sum_uj=0
pid=0 energy=34498836766164200 alive=1 kernel=1 cpu_ns=6891899453000000 mem=715739136 instructions=7867900232840 wakeups=20522538 diski=8777728 disko=553312256 rx=72401086 tx=30654475 comm=*system*
psu_energy_ac_mcp_machine=72006972412
-------
timestamp=3408621857718657
iterations=8049
sample_ns=100000000
window_ns=1000000000
rapl_core_sum_uj=26363797135
rapl_psys_sum_uj=0
pid=0 energy=34498837349130115 alive=1 kernel=1 cpu_ns=6891899481000000 mem=715653120 instructions=7867988826023 wakeups=20523547 diski=8777728 disko=553312256 rx=72401961 tx=30654901 comm=*system*
psu_energy_ac_mcp_machine=72017433105
-------
timestamp=3408621991086044
iterations=8050
sample_ns=100000000
window_ns=1000000000
rapl_core_sum_uj=26365815079
rapl_psys_sum_uj=0
pid=0 energy=34498837900585200 alive=1 kernel=1 cpu_ns=6891899503000000 mem=715665408 instructions=7868077117040 wakeups=20524538 diski=8777728 disko=553312256 rx=72402775 tx=30655299 comm=*system*
psu_energy_ac_mcp_machine=72025790405
-------
timestamp=3408622130597759
iterations=8051
sample_ns=100000000
window_ns=1000000000
rapl_core_sum_uj=26367383743
rapl_psys_sum_uj=0
pid=0 energy=34498838415526635 alive=1 kernel=1 cpu_ns=6891899522000000 mem=715808768 instructions=7868161105327 wakeups=20525477 diski=8777728 disko=553312256 rx=72403591 tx=30655696 comm=*system*
psu_energy_ac_mcp_machine=72032061401
-------
timestamp=3408622272628227
iterations=8053
sample_ns=100000000
window_ns=1000000000
rapl_core_sum_uj=26369297927
rapl_psys_sum_uj=0
pid=0 energy=34498839497292530 alive=1 kernel=1 cpu_ns=6891899608000000 mem=716136448 instructions=7868291458506 wakeups=20526976 diski=8777728 disko=553312256 rx=72405344 tx=30656550 comm=*system*
psu_energy_ac_mcp_machine=72040722656
-------
timestamp=3408622414754673
iterations=8054
sample_ns=100000000
window_ns=1000000000
rapl_core_sum_uj=26369951918
rapl_psys_sum_uj=0
pid=0 energy=34498840193161220 alive=1 kernel=1 cpu_ns=6891899672000000 mem=715571200 instructions=7868366632244 wakeups=20527795 diski=8777728 disko=553312256 rx=72406220 tx=30656978 comm=*system*
psu_energy_ac_mcp_machine=72049211426
-------
timestamp=3408622547164721
iterations=8055
sample_ns=100000000
window_ns=1000000000
rapl_core_sum_uj=26371581800
rapl_psys_sum_uj=0
pid=0 energy=34498840893240085 alive=1 kernel=1 cpu_ns=6891899725000000 mem=715563008 instructions=7868453648017 wakeups=20528747 diski=8777728 disko=553312256 rx=72407094 tx=30657406 comm=*system*
psu_energy_ac_mcp_machine=72057420654
-------
timestamp=3408622680624679
iterations=8056
sample_ns=100000000
window_ns=1000000000
rapl_core_sum_uj=26373582593
rapl_psys_sum_uj=0
pid=0 energy=34498841432849090 alive=1 kernel=1 cpu_ns=6891899747000000 mem=715558912 instructions=7868539569818 wakeups=20529720 diski=8777728 disko=553312256 rx=72407909 tx=30657803 comm=*system*
psu_energy_ac_mcp_machine=72064732300
-------
timestamp=3408622810711358
iterations=8058
sample_ns=100000000
window_ns=1000000000
rapl_core_sum_uj=26377308544
rapl_psys_sum_uj=0
pid=0 energy=34498842334485675 alive=1 kernel=1 cpu_ns=6891899776000000 mem=715603968 instructions=7868690897135 wakeups=20531447 diski=8777728 disko=553312256 rx=72409538 tx=30658595 comm=*system*
psu_energy_ac_mcp_machine=72073124268
-------
timestamp=3408622939789753
iterations=8059
sample_ns=100000000
window_ns=1000000000
rapl_core_sum_uj=26379406383
rapl_psys_sum_uj=0
pid=0 energy=34498842876141475 alive=1 kernel=1 cpu_ns=6891899797000000 mem=715702272 instructions=7868778228295 wakeups=20532422 diski=8777728 disko=553312256 rx=72410349 tx=30658992 comm=*system*
psu_energy_ac_mcp_machine=72084313599
-------
timestamp=3408623072172499
iterations=8060
sample_ns=100000000
window_ns=1000000000
rapl_core_sum_uj=26381525584
rapl_psys_sum_uj=0
pid=0 energy=34498843410061180 alive=1 kernel=1 cpu_ns=6891899818000000 mem=715554816 instructions=7868864012236 wakeups=20533385 diski=8777728 disko=553312256 rx=72411165 tx=30659388 comm=*system*
psu_energy_ac_mcp_machine=72092406006
-------
timestamp=3408623202986206
iterations=8061
sample_ns=100000000
window_ns=1000000000
rapl_core_sum_uj=26383292979
rapl_psys_sum_uj=0
pid=0 energy=34498843934243990 alive=1 kernel=1 cpu_ns=6891899837000000 mem=715554816 instructions=7868949848798 wakeups=20534360 diski=8777728 disko=553312256 rx=72411980 tx=30659782 comm=*system*
psu_energy_ac_mcp_machine=72099811157
-------
timestamp=3408623332685835
iterations=8063
sample_ns=100000000
window_ns=1000000000
rapl_core_sum_uj=26387046945
rapl_psys_sum_uj=0
pid=0 energy=34498844760761880 alive=1 kernel=1 cpu_ns=6891899868000000 mem=715603968 instructions=7869084152376 wakeups=20536095 diski=8777728 disko=553312256 rx=72413605 tx=30660577 comm=*system*
psu_energy_ac_mcp_machine=72108079346
-------
timestamp=3408623461713332
iterations=8064
sample_ns=100000000
window_ns=1000000000
rapl_core_sum_uj=26389159188
rapl_psys_sum_uj=0
pid=0 energy=34498845280813915 alive=1 kernel=1 cpu_ns=6891899886000000 mem=715636736 instructions=7869170162783 wakeups=20537070 diski=8777728 disko=553312256 rx=72414422 tx=30660975 comm=*system*
psu_energy_ac_mcp_machine=72119056763
-------
timestamp=3408623594313595
iterations=8065
sample_ns=100000000
window_ns=1000000000
rapl_core_sum_uj=26391113411
rapl_psys_sum_uj=0
pid=0 energy=34498845828077785 alive=1 kernel=1 cpu_ns=6891899910000000 mem=715579392 instructions=7869255615557 wakeups=20538028 diski=8777728 disko=553312256 rx=72415237 tx=30661371 comm=*system*
psu_energy_ac_mcp_machine=72126290405
-------
timestamp=3408623723282076
iterations=8066
sample_ns=100000000
window_ns=1000000000
rapl_core_sum_uj=26393070015
rapl_psys_sum_uj=0
pid=0 energy=34498846331911465 alive=1 kernel=1 cpu_ns=6891899925000000 mem=715726848 instructions=7869341382293 wakeups=20539006 diski=8777728 disko=553312256 rx=72416048 tx=30661766 comm=*system*
psu_energy_ac_mcp_machine=72134710693
-------
timestamp=3408623852727997
iterations=8068
sample_ns=100000000
window_ns=1000000000
rapl_core_sum_uj=26397008917
rapl_psys_sum_uj=0
pid=0 energy=34498847142343800 alive=1 kernel=1 cpu_ns=6891899951000000 mem=715886592 instructions=7869477468760 wakeups=20540790 diski=8777728 disko=553312256 rx=72417675 tx=30662565 comm=*system*
psu_energy_ac_mcp_machine=72142508057
-------
timestamp=3408623982229665
iterations=8069
sample_ns=100000000
window_ns=1000000000
rapl_core_sum_uj=26398989019
rapl_psys_sum_uj=0
pid=0 energy=34498847692807625 alive=1 kernel=1 cpu_ns=6891899974000000 mem=715890688 instructions=7869564561525 wakeups=20541755 diski=8777728 disko=553312256 rx=72418488 tx=30662962 comm=*system*
psu_energy_ac_mcp_machine=72153215454
-------
timestamp=3408624115371312
iterations=8070
sample_ns=100000000
window_ns=1000000000
rapl_core_sum_uj=26400968572
rapl_psys_sum_uj=0
pid=0 energy=34498848232806270 alive=1 kernel=1 cpu_ns=6891899996000000 mem=715919360 instructions=7869650561254 wakeups=20542722 diski=8777728 disko=553312256 rx=72419303 tx=30663358 comm=*system*
psu_energy_ac_mcp_machine=72161535889
-------
timestamp=3408624244510571
iterations=8071
sample_ns=100000000
window_ns=1000000000
rapl_core_sum_uj=26402979924
rapl_psys_sum_uj=0
pid=0 energy=34498848763778625 alive=1 kernel=1 cpu_ns=6891900016000000 mem=715816960 instructions=7869736755725 wakeups=20543701 diski=8777728 disko=553312256 rx=72420117 tx=30663759 comm=*system*
psu_energy_ac_mcp_machine=72169957275
-------
timestamp=3408624374697812
iterations=8073
sample_ns=100000000
window_ns=1000000000
rapl_core_sum_uj=26406965946
rapl_psys_sum_uj=0
pid=0 energy=34498849592871990 alive=1 kernel=1 cpu_ns=6891900048000000 mem=715718656 instructions=7869870574398 wakeups=20545430 diski=8777728 disko=553312256 rx=72421744 tx=30664549 comm=*system*
psu_energy_ac_mcp_machine=72177660767
-------
timestamp=3408624503396665
iterations=8074
sample_ns=100000000
window_ns=1000000000
rapl_core_sum_uj=26408952335
rapl_psys_sum_uj=0
pid=0 energy=34498850130558400 alive=1 kernel=1 cpu_ns=6891900070000000 mem=715898880 instructions=7869956111680 wakeups=20546382 diski=8777728 disko=553312256 rx=72422556 tx=30664943 comm=*system*
psu_energy_ac_mcp_machine=72188322510
-------
timestamp=3408624635982430
iterations=8075
sample_ns=100000000
window_ns=1000000000
rapl_core_sum_uj=26410960269
rapl_psys_sum_uj=0
pid=0 energy=34498850674820875 alive=1 kernel=1 cpu_ns=6891900093000000 mem=715808768 instructions=7870041964175 wakeups=20547348 diski=8777728 disko=553312256 rx=72423370 tx=30665341 comm=*system*
psu_energy_ac_mcp_machine=72196557739
-------
timestamp=3408624764872256
iterations=8076
sample_ns=100000000
window_ns=1000000000
rapl_core_sum_uj=26412991702
rapl_psys_sum_uj=0
pid=0 energy=34498851233035935 alive=1 kernel=1 cpu_ns=6891900118000000 mem=715821056 instructions=7870128607187 wakeups=20548340 diski=8777728 disko=553312256 rx=72424184 tx=30665739 comm=*system*
psu_energy_ac_mcp_machine=72205026855
-------
timestamp=3408624894183954
iterations=8078
sample_ns=100000000
window_ns=1000000000
rapl_core_sum_uj=26416790163
rapl_psys_sum_uj=0
pid=0 energy=34498852055658005 alive=1 kernel=1 cpu_ns=6891900148000000 mem=715714560 instructions=7870263131601 wakeups=20550104 diski=8777728 disko=553312256 rx=72425784 tx=30666528 comm=*system*
psu_energy_ac_mcp_machine=72215933960
-------
timestamp=3408625027505988
iterations=8079
sample_ns=100000000
window_ns=1000000000
rapl_core_sum_uj=26418787538
rapl_psys_sum_uj=0
pid=0 energy=34498852599658535 alive=1 kernel=1 cpu_ns=6891900171000000 mem=715681792 instructions=7870348931707 wakeups=20551068 diski=8777728 disko=553312256 rx=72426545 tx=30666909 comm=*system*
psu_energy_ac_mcp_machine=72223096191
-------
timestamp=3408625160364513
iterations=8080
sample_ns=100000000
window_ns=1000000000
rapl_core_sum_uj=26420839112
rapl_psys_sum_uj=0
pid=0 energy=34498853111596575 alive=1 kernel=1 cpu_ns=6891900192000000 mem=715706368 instructions=7870430319315 wakeups=20551966 diski=8777728 disko=553312256 rx=72427235 tx=30667252 comm=*system*
psu_energy_ac_mcp_machine=72231413940
-------
timestamp=3408625289654622
iterations=8081
sample_ns=100000000
window_ns=1000000000
rapl_core_sum_uj=26422866455
rapl_psys_sum_uj=0
pid=0 energy=34498853637390940 alive=1 kernel=1 cpu_ns=6891900212000000 mem=715870208 instructions=7870515478188 wakeups=20552929 diski=8777728 disko=553312256 rx=72428005 tx=30667636 comm=*system*
psu_energy_ac_mcp_machine=72239567505
-------
timestamp=3408625418355699
iterations=8083
sample_ns=100000000
window_ns=1000000000
rapl_core_sum_uj=26426469482
rapl_psys_sum_uj=0
pid=0 energy=34498854386892675 alive=1 kernel=1 cpu_ns=6891900239000000 mem=715603968 instructions=7870638378535 wakeups=20554487 diski=8777728 disko=553312256 rx=72429365 tx=30668313 comm=*system*
psu_energy_ac_mcp_machine=72250358765
-------
timestamp=3408625551394796
iterations=8084
sample_ns=100000000
window_ns=1000000000
rapl_core_sum_uj=26428463866
rapl_psys_sum_uj=0
pid=0 energy=34498854884317805 alive=1 kernel=1 cpu_ns=6891900258000000 mem=715489280 instructions=7870718863561 wakeups=20555367 diski=8777728 disko=553312256 rx=72430048 tx=30668653 comm=*system*
psu_energy_ac_mcp_machine=72257713379
-------
timestamp=3408625683829099
iterations=8085
sample_ns=100000000
window_ns=1000000000
rapl_core_sum_uj=26430439329
rapl_psys_sum_uj=0
pid=0 energy=34498855384180425 alive=1 kernel=1 cpu_ns=6891900276000000 mem=715726848 instructions=7870800836085 wakeups=20556284 diski=8777728 disko=553312256 rx=72430749 tx=30669004 comm=*system*
psu_energy_ac_mcp_machine=72265803833
-------
timestamp=3408625813043731
iterations=8086
sample_ns=100000000
window_ns=1000000000
rapl_core_sum_uj=26432277829
rapl_psys_sum_uj=0
pid=0 energy=34498855870290635 alive=1 kernel=1 cpu_ns=6891900296000000 mem=715513856 instructions=7870878058127 wakeups=20557118 diski=8777728 disko=553332736 rx=72431398 tx=30669327 comm=*system*
psu_energy_ac_mcp_machine=72273911255
-------
timestamp=3408625942621218
iterations=8088
sample_ns=100000000
window_ns=1000000000
rapl_core_sum_uj=26435802486
rapl_psys_sum_uj=0
pid=0 energy=34498856563875890 alive=1 kernel=1 cpu_ns=6891900323000000 mem=715726848 instructions=7870989775178 wakeups=20558318 diski=8777728 disko=556195840 rx=72432680 tx=30669865 comm=*system*
psu_energy_ac_mcp_machine=72283979736
-------
timestamp=3408626074898478
iterations=8089
sample_ns=100000000
window_ns=1000000000
rapl_core_sum_uj=26437755061
rapl_psys_sum_uj=0
pid=0 energy=34498857040805400 alive=1 kernel=1 cpu_ns=6891900342000000 mem=715739136 instructions=7871066161080 wakeups=20559111 diski=8777728 disko=556195840 rx=72433301 tx=30670173 comm=*system*
psu_energy_ac_mcp_machine=72292371948
-------
timestamp=3408626204151869
iterations=8090
sample_ns=100000000
window_ns=1000000000
rapl_core_sum_uj=26439522272
rapl_psys_sum_uj=0
pid=0 energy=34498857494820370 alive=1 kernel=1 cpu_ns=6891900359000000 mem=715763712 instructions=7871139964074 wakeups=20559891 diski=8777728 disko=556195840 rx=72433913 tx=30670476 comm=*system*
psu_energy_ac_mcp_machine=72299624390
-------
timestamp=3408626333798494
iterations=8092
sample_ns=100000000
window_ns=1000000000
rapl_core_sum_uj=26443047723
rapl_psys_sum_uj=0
pid=0 energy=34498858352343370 alive=1 kernel=1 cpu_ns=6891900392000000 mem=716939264 instructions=7871278468674 wakeups=20561365 diski=8777728 disko=556195840 rx=72435190 tx=30671112 comm=*system*
psu_energy_ac_mcp_machine=72307334595
-------
timestamp=3408626463186531
iterations=8093
sample_ns=100000000
window_ns=1000000000
rapl_core_sum_uj=26444752740
rapl_psys_sum_uj=0
pid=0 energy=34498858688099455 alive=1 kernel=1 cpu_ns=6891900407000000 mem=715853824 instructions=7871330619891 wakeups=20562133 diski=8777728 disko=556195840 rx=72435814 tx=30671419 comm=*system*
psu_energy_ac_mcp_machine=72318219116
-------
timestamp=3408626596300952
iterations=8094
sample_ns=100000000
window_ns=1000000000
rapl_core_sum_uj=26446570305
rapl_psys_sum_uj=0
pid=0 energy=34498859164114455 alive=1 kernel=1 cpu_ns=6891900426000000 mem=715616256 instructions=7871406822891 wakeups=20562971 diski=8777728 disko=556195840 rx=72436462 tx=30671739 comm=*system*
psu_energy_ac_mcp_machine=72326067627
-------
timestamp=3408626725408783
iterations=8095
sample_ns=100000000
window_ns=1000000000
rapl_core_sum_uj=26448465934
rapl_psys_sum_uj=0
pid=0 energy=34498859680056380 alive=1 kernel=1 cpu_ns=6891900448000000 mem=715800576 instructions=7871488011276 wakeups=20563909 diski=8777728 disko=556195840 rx=72437219 tx=30672119 comm=*system*
psu_energy_ac_mcp_machine=72333807617
-------
timestamp=3408626854823161
iterations=8097
sample_ns=100000000
window_ns=1000000000
rapl_core_sum_uj=26452598623
rapl_psys_sum_uj=0
pid=0 energy=34498860795931390 alive=1 kernel=1 cpu_ns=6891900489000000 mem=716505088 instructions=7871670186278 wakeups=20565785 diski=8777728 disko=556195840 rx=72438847 tx=30672931 comm=*system*
psu_energy_ac_mcp_machine=72345208496
-------
timestamp=3408626987653859
iterations=8098
sample_ns=100000000
window_ns=1000000000
rapl_core_sum_uj=26454546132
rapl_psys_sum_uj=0
pid=0 energy=34498861237544765 alive=1 kernel=1 cpu_ns=6891900508000000 mem=715665408 instructions=7871739508953 wakeups=20566782 diski=8777728 disko=556195840 rx=72439660 tx=30673337 comm=*system*
psu_energy_ac_mcp_machine=72353310547
-------
timestamp=3408627120688182
iterations=8099
sample_ns=100000000
window_ns=1000000000
rapl_core_sum_uj=26456492787
rapl_psys_sum_uj=0
pid=0 energy=34498861761256550 alive=1 kernel=1 cpu_ns=6891900526000000 mem=715808768 instructions=7871826251310 wakeups=20567810 diski=8777728 disko=556195840 rx=72440475 tx=30673744 comm=*system*
psu_energy_ac_mcp_machine=72361110962
-------
timestamp=3408627249650010
iterations=8100
sample_ns=100000000
window_ns=1000000000
rapl_core_sum_uj=26458448353
rapl_psys_sum_uj=0
pid=0 energy=34498862276657670 alive=1 kernel=1 cpu_ns=6891900545000000 mem=715599872 instructions=7871910331534 wakeups=20568801 diski=8777728 disko=556195840 rx=72441289 tx=30674148 comm=*system*
psu_energy_ac_mcp_machine=72368654297
-------
timestamp=3408627378786422
iterations=8102
sample_ns=100000000
window_ns=1000000000
rapl_core_sum_uj=26462203784
rapl_psys_sum_uj=0
pid=0 energy=34498863152247880 alive=1 kernel=1 cpu_ns=6891900583000000 mem=715829248 instructions=7872047449576 wakeups=20570632 diski=8777728 disko=556290048 rx=72442907 tx=30674956 comm=*system*
psu_energy_ac_mcp_machine=72379692383
-------
timestamp=3408627511362632
iterations=8103
sample_ns=100000000
window_ns=1000000000
rapl_core_sum_uj=26464004076
rapl_psys_sum_uj=0
pid=0 energy=34498863581412150 alive=1 kernel=1 cpu_ns=6891900598000000 mem=715792384 instructions=7872118282430 wakeups=20571417 diski=8777728 disko=556290048 rx=72443533 tx=30675268 comm=*system*
psu_energy_ac_mcp_machine=72387681641
-------
timestamp=3408627647170781
iterations=8104
sample_ns=100000000
window_ns=1000000000
rapl_core_sum_uj=26465962450
rapl_psys_sum_uj=0
pid=0 energy=34498865260021690 alive=1 kernel=1 cpu_ns=6891900644000000 mem=715325440 instructions=7872408004338 wakeups=20571982 diski=8777728 disko=556290048 rx=72443886 tx=30675450 comm=*system*
psu_energy_ac_mcp_machine=72394607056
-------
timestamp=3408627780223294
iterations=8105
sample_ns=100000000
window_ns=1000000000
rapl_core_sum_uj=26466719713
rapl_psys_sum_uj=0
pid=0 energy=34498865796020880 alive=1 kernel=1 cpu_ns=6891900673000000 mem=715952128 instructions=7872486204176 wakeups=20572292 diski=8777728 disko=556290048 rx=72444031 tx=30675521 comm=*system*
psu_energy_ac_mcp_machine=72404279663
-------
timestamp=3408627912670626
iterations=8107
sample_ns=100000000
window_ns=1000000000
rapl_core_sum_uj=26470246933
rapl_psys_sum_uj=0
pid=0 energy=34498866578671115 alive=1 kernel=1 cpu_ns=6891900710000000 mem=715833344 instructions=7872605734223 wakeups=20573741 diski=8777728 disko=556290048 rx=72445410 tx=30676191 comm=*system*
psu_energy_ac_mcp_machine=72412297119
-------
timestamp=3408628044454993
iterations=8108
sample_ns=100000000
window_ns=1000000000
rapl_core_sum_uj=26472209030
rapl_psys_sum_uj=0
pid=0 energy=34498867059795135 alive=1 kernel=1 cpu_ns=6891900730000000 mem=715894784 instructions=7872681959027 wakeups=20574554 diski=8777728 disko=556290048 rx=72446039 tx=30676504 comm=*system*
psu_energy_ac_mcp_machine=72419712769
-------
timestamp=3408628173524106
iterations=8109
sample_ns=100000000
window_ns=1000000000
rapl_core_sum_uj=26474230026
rapl_psys_sum_uj=0
pid=0 energy=34498867521135415 alive=1 kernel=1 cpu_ns=6891900744000000 mem=715870208 instructions=7872760227083 wakeups=20575389 diski=8777728 disko=556290048 rx=72446692 tx=30676829 comm=*system*
psu_energy_ac_mcp_machine=72428058838
-------
timestamp=3408628302600125
iterations=8110
sample_ns=100000000
window_ns=1000000000
rapl_core_sum_uj=26476157455
rapl_psys_sum_uj=0
pid=0 energy=34498868039766725 alive=1 kernel=1 cpu_ns=6891900766000000 mem=716042240 instructions=7872841953345 wakeups=20576299 diski=8777728 disko=556290048 rx=72447396 tx=30677179 comm=*system*
psu_energy_ac_mcp_machine=72438829468
-------
timestamp=3408628435414710
iterations=8112
sample_ns=100000000
window_ns=1000000000
rapl_core_sum_uj=26479728438
rapl_psys_sum_uj=0
pid=0 energy=34498868851525760 alive=1 kernel=1 cpu_ns=6891900804000000 mem=716165120 instructions=7872966305152 wakeups=20577863 diski=8777728 disko=556290048 rx=72448832 tx=30677884 comm=*system*
psu_energy_ac_mcp_machine=72446862183
-------
timestamp=3408628564494742
iterations=8113
sample_ns=100000000
window_ns=1000000000
rapl_core_sum_uj=26481830244
rapl_psys_sum_uj=0
pid=0 energy=34498869343937220 alive=1 kernel=1 cpu_ns=6891900820000000 mem=716218368 instructions=7873048787444 wakeups=20578758 diski=8777728 disko=556290048 rx=72449580 tx=30678247 comm=*system*
psu_energy_ac_mcp_machine=72454321899
-------
timestamp=3408628702446113
iterations=8114
sample_ns=100000000
window_ns=1000000000
rapl_core_sum_uj=26483556623
rapl_psys_sum_uj=0
pid=0 energy=34498869801210885 alive=1 kernel=1 cpu_ns=6891900837000000 mem=716316672 instructions=7873123242177 wakeups=20579483 diski=8777728 disko=556290048 rx=72450316 tx=30678541 comm=*system*
psu_energy_ac_mcp_machine=72463825317
-------
timestamp=3408628844651577
iterations=8116
sample_ns=100000000
window_ns=1000000000
rapl_core_sum_uj=26484906048
rapl_psys_sum_uj=0
pid=0 energy=34498870600454660 alive=1 kernel=1 cpu_ns=6891900904000000 mem=715800576 instructions=7873216090932 wakeups=20580014 diski=8777728 disko=556290048 rx=72451779 tx=30678938 comm=*system*
psu_energy_ac_mcp_machine=72469498169
-------
timestamp=3408628974123811
iterations=8117
sample_ns=100000000
window_ns=1000000000
rapl_core_sum_uj=26486827861
rapl_psys_sum_uj=0
pid=0 energy=34498871137599585 alive=1 kernel=1 cpu_ns=6891900934000000 mem=715882496 instructions=7873293519917 wakeups=20580901 diski=8777728 disko=556290048 rx=72452573 tx=30679320 comm=*system*
psu_energy_ac_mcp_machine=72477875977
-------
timestamp=3408629103921547
iterations=8118
sample_ns=100000000
window_ns=1000000000
rapl_core_sum_uj=26488821330
rapl_psys_sum_uj=0
pid=0 energy=34498871645602155 alive=1 kernel=1 cpu_ns=6891900953000000 mem=715833344 instructions=7873376120431 wakeups=20581780 diski=8777728 disko=556290048 rx=72453323 tx=30679679 comm=*system*
psu_energy_ac_mcp_machine=72488366211
-------
timestamp=3408629236705057
iterations=8119
sample_ns=100000000
window_ns=1000000000
rapl_core_sum_uj=26490794962
rapl_psys_sum_uj=0
pid=0 energy=34498872156018370 alive=1 kernel=1 cpu_ns=6891900973000000 mem=715980800 instructions=7873458203674 wakeups=20582668 diski=8777728 disko=556290048 rx=72454078 tx=30680045 comm=*system*
psu_energy_ac_mcp_machine=72496443115
-------
timestamp=3408629366509122
iterations=8121
sample_ns=100000000
window_ns=1000000000
rapl_core_sum_uj=26494552591
rapl_psys_sum_uj=0
pid=0 energy=34498873038227280 alive=1 kernel=1 cpu_ns=6891901007000000 mem=717107200 instructions=7873600645456 wakeups=20584190 diski=8777728 disko=556290048 rx=72455543 tx=30680752 comm=*system*
psu_energy_ac_mcp_machine=72503768921
-------
timestamp=3408629495343871
iterations=8122
sample_ns=100000000
window_ns=1000000000
rapl_core_sum_uj=26496472695
rapl_psys_sum_uj=0
pid=0 energy=34498873399940700 alive=1 kernel=1 cpu_ns=6891901018000000 mem=715984896 instructions=7873661988140 wakeups=20585039 diski=8777728 disko=556290048 rx=72456287 tx=30681109 comm=*system*
psu_energy_ac_mcp_machine=72514781860
-------
timestamp=3408629630583891
iterations=8123
sample_ns=100000000
window_ns=1000000000
rapl_core_sum_uj=26497824257
rapl_psys_sum_uj=0
pid=0 energy=34498873892088350 alive=1 kernel=1 cpu_ns=6891901040000000 mem=716021760 instructions=7873738417670 wakeups=20585847 diski=8777728 disko=556290048 rx=72457004 tx=30681457 comm=*system*
psu_energy_ac_mcp_machine=72521407837
-------
timestamp=3408629778783516
iterations=8124
sample_ns=100000000
window_ns=1000000000
rapl_core_sum_uj=26499047096
rapl_psys_sum_uj=0
pid=0 energy=34498874456637080 alive=1 kernel=1 cpu_ns=6891901073000000 mem=715857920 instructions=7873818327416 wakeups=20586732 diski=8777728 disko=556290048 rx=72457790 tx=30681839 comm=*system*
psu_energy_ac_mcp_machine=72529233032
-------
timestamp=3408629924595174
iterations=8126
sample_ns=100000000
window_ns=1000000000
rapl_core_sum_uj=26500251075
rapl_psys_sum_uj=0
pid=0 energy=34498875539456390 alive=1 kernel=1 cpu_ns=6891901175000000 mem=715862016 instructions=7873932891278 wakeups=20588016 diski=8777728 disko=556290048 rx=72459535 tx=30682686 comm=*system*
psu_energy_ac_mcp_machine=72535839233
-------
timestamp=3408630054322780
iterations=8127
sample_ns=100000000
window_ns=1000000000
rapl_core_sum_uj=26502333045
rapl_psys_sum_uj=0
pid=0 energy=34498876152734235 alive=1 kernel=1 cpu_ns=6891901209000000 mem=715665408 instructions=7874021546847 wakeups=20589023 diski=8777728 disko=556290048 rx=72460405 tx=30683110 comm=*system*
psu_energy_ac_mcp_machine=72543267334
-------
timestamp=3408630183221236
iterations=8128
sample_ns=100000000
window_ns=1000000000
rapl_core_sum_uj=26504338904
rapl_psys_sum_uj=0
pid=0 energy=34498876720438700 alive=1 kernel=1 cpu_ns=6891901236000000 mem=715812864 instructions=7874108087740 wakeups=20589982 diski=8777728 disko=556290048 rx=72461215 tx=30683501 comm=*system*
psu_energy_ac_mcp_machine=72554620483
-------
timestamp=3408630324778387
iterations=8129
sample_ns=100000000
window_ns=1000000000
rapl_core_sum_uj=26506324316
rapl_psys_sum_uj=0
pid=0 energy=34498877272223305 alive=1 kernel=1 cpu_ns=6891901261000000 mem=715767808 instructions=7874193444661 wakeups=20590923 diski=8777728 disko=556290048 rx=72462011 tx=30683891 comm=*system*
psu_energy_ac_mcp_machine=72560631104
-------
timestamp=3408630454482897
iterations=8131
sample_ns=100000000
window_ns=1000000000
rapl_core_sum_uj=26509131566
rapl_psys_sum_uj=0
pid=0 energy=34498878149335145 alive=1 kernel=1 cpu_ns=6891901320000000 mem=715759616 instructions=7874309867029 wakeups=20592302 diski=8777728 disko=556290048 rx=72463547 tx=30684639 comm=*system*
psu_energy_ac_mcp_machine=72568797974
-------
timestamp=3408630583604136
iterations=8132
sample_ns=100000000
window_ns=1000000000
rapl_core_sum_uj=26511041661
rapl_psys_sum_uj=0
pid=0 energy=34498878646070150 alive=1 kernel=1 cpu_ns=6891901338000000 mem=715730944 instructions=7874391214030 wakeups=20593181 diski=8777728 disko=556290048 rx=72464275 tx=30684990 comm=*system*
psu_energy_ac_mcp_machine=72579646851
-------
timestamp=3408630742182528
iterations=8133
sample_ns=100000000
window_ns=1000000000
rapl_core_sum_uj=26512892918
rapl_psys_sum_uj=0
pid=0 energy=34498879148715295 alive=1 kernel=1 cpu_ns=6891901360000000 mem=715911168 instructions=7874469743059 wakeups=20593999 diski=8777728 disko=556290048 rx=72464948 tx=30685317 comm=*system*
psu_energy_ac_mcp_machine=72588921387
-------
timestamp=3408630881520358
iterations=8135
sample_ns=100000000
window_ns=1000000000
rapl_core_sum_uj=26514604221
rapl_psys_sum_uj=0
pid=0 energy=34498880097005610 alive=1 kernel=1 cpu_ns=6891901448000000 mem=715923456 instructions=7874571401122 wakeups=20595088 diski=8777728 disko=556326912 rx=72466134 tx=30685879 comm=*system*
psu_energy_ac_mcp_machine=72594712036
-------
timestamp=3408631011913851
iterations=8136
sample_ns=100000000
window_ns=1000000000
rapl_core_sum_uj=26515586581
rapl_psys_sum_uj=0
pid=0 energy=34498880568779175 alive=1 kernel=1 cpu_ns=6891901475000000 mem=715870208 instructions=7874638755835 wakeups=20595707 diski=8777728 disko=556326912 rx=72466612 tx=30686108 comm=*system*
psu_energy_ac_mcp_machine=72601909302
-------
timestamp=3408631145156872
iterations=8137
sample_ns=100000000
window_ns=1000000000
rapl_core_sum_uj=26516660067
rapl_psys_sum_uj=0
pid=0 energy=34498881005728455 alive=1 kernel=1 cpu_ns=6891901499000000 mem=716058624 instructions=7874702145691 wakeups=20596218 diski=8777728 disko=556326912 rx=72467009 tx=30686299 comm=*system*
psu_energy_ac_mcp_machine=72609721924
-------
timestamp=3408631302784369
iterations=8139
sample_ns=100000000
window_ns=1000000000
rapl_core_sum_uj=26518131929
rapl_psys_sum_uj=0
pid=0 energy=34498882212039165 alive=1 kernel=1 cpu_ns=6891901614000000 mem=716668928 instructions=7874828407833 wakeups=20597303 diski=8777728 disko=556326912 rx=72468311 tx=30686924 comm=*system*
psu_energy_ac_mcp_machine=72618305054
-------
timestamp=3408631470443936
iterations=8140
sample_ns=100000000
window_ns=1000000000
rapl_core_sum_uj=26518704133
rapl_psys_sum_uj=0
pid=0 energy=34498882784878030 alive=1 kernel=1 cpu_ns=6891901676000000 mem=715702272 instructions=7874880975606 wakeups=20597974 diski=8777728 disko=556326912 rx=72469119 tx=30687316 comm=*system*
psu_energy_ac_mcp_machine=72625947632
-------
timestamp=3408631638591373
iterations=8142
sample_ns=100000000
window_ns=1000000000
rapl_core_sum_uj=26519908782
rapl_psys_sum_uj=0
pid=0 energy=34498884395337180 alive=1 kernel=1 cpu_ns=6891901852000000 mem=717082624 instructions=7875027067436 wakeups=20599312 diski=8777728 disko=556326912 rx=72470809 tx=30688141 comm=*system*
psu_energy_ac_mcp_machine=72634012329
-------
timestamp=3408631770958428
iterations=8143
sample_ns=100000000
window_ns=1000000000
rapl_core_sum_uj=26521572539
rapl_psys_sum_uj=0
pid=0 energy=34498884852706545 alive=1 kernel=1 cpu_ns=6891901878000000 mem=715972608 instructions=7875092541309 wakeups=20600293 diski=8777728 disko=556326912 rx=72471684 tx=30688564 comm=*system*
psu_energy_ac_mcp_machine=72640657349
-------
timestamp=3408631900553009
iterations=8144
sample_ns=100000000
window_ns=1000000000
rapl_core_sum_uj=26523271513
rapl_psys_sum_uj=0
pid=0 energy=34498885386722030 alive=1 kernel=1 cpu_ns=6891901899000000 mem=716029952 instructions=7875178344406 wakeups=20601250 diski=8777728 disko=556326912 rx=72472496 tx=30688961 comm=*system*
psu_energy_ac_mcp_machine=72651654053
-------
timestamp=3408632033189811
iterations=8145
sample_ns=100000000
window_ns=1000000000
rapl_core_sum_uj=26525229398
rapl_psys_sum_uj=0
pid=0 energy=34498885936327410 alive=1 kernel=1 cpu_ns=6891901923000000 mem=715886592 instructions=7875264265482 wakeups=20602220 diski=8777728 disko=556326912 rx=72473307 tx=30689357 comm=*system*
psu_energy_ac_mcp_machine=72659645020
-------
timestamp=3408632164627384
iterations=8146
sample_ns=100000000
window_ns=1000000000
rapl_core_sum_uj=26527241238
rapl_psys_sum_uj=0
pid=0 energy=34498886449226080 alive=1 kernel=1 cpu_ns=6891901940000000 mem=715956224 instructions=7875349845216 wakeups=20603172 diski=8777728 disko=556326912 rx=72474118 tx=30689753 comm=*system*
psu_energy_ac_mcp_machine=72667219238
-------
timestamp=3408632293686768
iterations=8148
sample_ns=100000000
window_ns=1000000000
rapl_core_sum_uj=26531072291
rapl_psys_sum_uj=0
pid=0 energy=34498887266308955 alive=1 kernel=1 cpu_ns=6891901967000000 mem=715890688 instructions=7875486261791 wakeups=20604958 diski=8777728 disko=556326912 rx=72475743 tx=30690553 comm=*system*
psu_energy_ac_mcp_machine=72675605347
-------
timestamp=3408632422193842
iterations=8149
sample_ns=100000000
window_ns=1000000000
rapl_core_sum_uj=26533099085
rapl_psys_sum_uj=0
pid=0 energy=34498887799870735 alive=1 kernel=1 cpu_ns=6891901986000000 mem=716009472 instructions=7875573974147 wakeups=20605974 diski=8777728 disko=556326912 rx=72476558 tx=30690959 comm=*system*
psu_energy_ac_mcp_machine=72686699463
-------
timestamp=3408632552493107
iterations=8150
sample_ns=100000000
window_ns=1000000000
rapl_core_sum_uj=26535176599
rapl_psys_sum_uj=0
pid=0 energy=34498888322117370 alive=1 kernel=1 cpu_ns=6891902003000000 mem=716025856 instructions=7875661423474 wakeups=20606988 diski=8777728 disko=556326912 rx=72477371 tx=30691364 comm=*system*
psu_energy_ac_mcp_machine=72694891235
-------
timestamp=3408632684403159
iterations=8151
sample_ns=100000000
window_ns=1000000000
rapl_core_sum_uj=26537207360
rapl_psys_sum_uj=0
pid=0 energy=34498888875071185 alive=1 kernel=1 cpu_ns=6891902026000000 mem=716124160 instructions=7875749014237 wakeups=20608006 diski=8777728 disko=556326912 rx=72478185 tx=30691771 comm=*system*
psu_energy_ac_mcp_machine=72702302734
-------
timestamp=3408632813401670
iterations=8153
sample_ns=100000000
window_ns=1000000000
rapl_core_sum_uj=26540933555
rapl_psys_sum_uj=0
pid=0 energy=34498889720525565 alive=1 kernel=1 cpu_ns=6891902060000000 mem=716001280 instructions=7875884105113 wakeups=20609843 diski=8777728 disko=556326912 rx=72479811 tx=30692584 comm=*system*
psu_energy_ac_mcp_machine=72710568604
-------
timestamp=3408632942158188
iterations=8154
sample_ns=100000000
window_ns=1000000000
rapl_core_sum_uj=26542960471
rapl_psys_sum_uj=0
pid=0 energy=34498890245591990 alive=1 kernel=1 cpu_ns=6891902080000000 mem=715902976 instructions=7875969118398 wakeups=20610832 diski=8777728 disko=556326912 rx=72480624 tx=30692988 comm=*system*
psu_energy_ac_mcp_machine=72721686035
-------
timestamp=3408633075656300
iterations=8155
sample_ns=100000000
window_ns=1000000000
rapl_core_sum_uj=26544916708
rapl_psys_sum_uj=0
pid=0 energy=34498890767259180 alive=1 kernel=1 cpu_ns=6891902099000000 mem=715948032 instructions=7876054451836 wakeups=20611844 diski=8777728 disko=556326912 rx=72481439 tx=30693394 comm=*system*
psu_energy_ac_mcp_machine=72729667847
-------
timestamp=3408633204707519
iterations=8156
sample_ns=100000000
window_ns=1000000000
rapl_core_sum_uj=26546784261
rapl_psys_sum_uj=0
pid=0 energy=34498891305998590 alive=1 kernel=1 cpu_ns=6891902123000000 mem=716107776 instructions=7876138199718 wakeups=20612834 diski=8777728 disko=556326912 rx=72482249 tx=30693799 comm=*system*
psu_energy_ac_mcp_machine=72736816650
-------
timestamp=3408633334382838
iterations=8158
sample_ns=100000000
window_ns=1000000000
rapl_core_sum_uj=26550491963
rapl_psys_sum_uj=0
pid=0 energy=34498892124903780 alive=1 kernel=1 cpu_ns=6891902156000000 mem=715976704 instructions=7876268980756 wakeups=20614643 diski=8777728 disko=556326912 rx=72483875 tx=30694610 comm=*system*
psu_energy_ac_mcp_machine=72745220093
-------
timestamp=3408633464131203
iterations=8159
sample_ns=100000000
window_ns=1000000000
rapl_core_sum_uj=26552483540
rapl_psys_sum_uj=0
pid=0 energy=34498892645736445 alive=1 kernel=1 cpu_ns=6891902176000000 mem=715988992 instructions=7876353147289 wakeups=20615637 diski=8777728 disko=556326912 rx=72484692 tx=30695017 comm=*system*
psu_energy_ac_mcp_machine=72756288330
-------
timestamp=3408633597203287
iterations=8160
sample_ns=100000000
window_ns=1000000000
rapl_core_sum_uj=26554476337
rapl_psys_sum_uj=0
pid=0 energy=34498893196109145 alive=1 kernel=1 cpu_ns=6891902199000000 mem=715804672 instructions=7876440221829 wakeups=20616649 diski=8777728 disko=556326912 rx=72485504 tx=30695422 comm=*system*
psu_energy_ac_mcp_machine=72764391113
-------
timestamp=3408633726735720
iterations=8162
sample_ns=100000000
window_ns=1000000000
rapl_core_sum_uj=26558307330
rapl_psys_sum_uj=0
pid=0 energy=34498894182413805 alive=1 kernel=1 cpu_ns=6891902240000000 mem=716955648 instructions=7876596482761 wakeups=20618505 diski=8777728 disko=556326912 rx=72487132 tx=30696235 comm=*system*
psu_energy_ac_mcp_machine=72771708496
-------
timestamp=3408633856175584
iterations=8163
sample_ns=100000000
window_ns=1000000000
rapl_core_sum_uj=26560362566
rapl_psys_sum_uj=0
pid=0 energy=34498894593501815 alive=1 kernel=1 cpu_ns=6891902253000000 mem=715812864 instructions=7876665700363 wakeups=20619502 diski=8777728 disko=556326912 rx=72487947 tx=30696642 comm=*system*
psu_energy_ac_mcp_machine=72782898071
-------
timestamp=3408633988265955
iterations=8164
sample_ns=100000000
window_ns=1000000000
rapl_core_sum_uj=26562341875
rapl_psys_sum_uj=0
pid=0 energy=34498895126408170 alive=1 kernel=1 cpu_ns=6891902272000000 mem=715952128 instructions=7876753281634 wakeups=20620521 diski=8777728 disko=556326912 rx=72488755 tx=30697044 comm=*system*
psu_energy_ac_mcp_machine=72791226196
-------
timestamp=3408634121140303
iterations=8165
sample_ns=100000000
window_ns=1000000000
rapl_core_sum_uj=26564352128
rapl_psys_sum_uj=0
pid=0 energy=34498895707921900 alive=1 kernel=1 cpu_ns=6891902300000000 mem=715984896 instructions=7876841584380 wakeups=20621541 diski=8777728 disko=556326912 rx=72489569 tx=30697451 comm=*system*
psu_energy_ac_mcp_machine=72799437744
-------
timestamp=3408634250435221
iterations=8167
sample_ns=100000000
window_ns=1000000000
rapl_core_sum_uj=26568236892
rapl_psys_sum_uj=0
pid=0 energy=34498896600047765 alive=1 kernel=1 cpu_ns=6891902336000000 mem=715935744 instructions=7876984009553 wakeups=20623377 diski=8777728 disko=556326912 rx=72491194 tx=30698263 comm=*system*
psu_energy_ac_mcp_machine=72807012207
-------
timestamp=3408634380435186
iterations=8168
sample_ns=100000000
window_ns=1000000000
rapl_core_sum_uj=26570223647
rapl_psys_sum_uj=0
pid=0 energy=34498897105898730 alive=1 kernel=1 cpu_ns=6891902354000000 mem=716091392 instructions=7877067179746 wakeups=20624378 diski=8777728 disko=556326912 rx=72492005 tx=30698666 comm=*system*
psu_energy_ac_mcp_machine=72818322144
-------
timestamp=3408634513494307
iterations=8169
sample_ns=100000000
window_ns=1000000000
rapl_core_sum_uj=26572220045
rapl_psys_sum_uj=0
pid=0 energy=34498897624339670 alive=1 kernel=1 cpu_ns=6891902370000000 mem=716255232 instructions=7877154867934 wakeups=20625378 diski=8777728 disko=556326912 rx=72492821 tx=30699068 comm=*system*
psu_energy_ac_mcp_machine=72826262817
-------
timestamp=3408634651402819
iterations=8170
sample_ns=100000000
window_ns=1000000000
rapl_core_sum_uj=26573839857
rapl_psys_sum_uj=0
pid=0 energy=34498898189422705 alive=1 kernel=1 cpu_ns=6891902398000000 mem=716410880 instructions=7877239884541 wakeups=20626339 diski=8777728 disko=556326912 rx=72493634 tx=30699466 comm=*system*
psu_energy_ac_mcp_machine=72832214844
-------
timestamp=3408634780719309
iterations=8172
sample_ns=100000000
window_ns=1000000000
rapl_core_sum_uj=26576592115
rapl_psys_sum_uj=0
pid=0 energy=34498899103725700 alive=1 kernel=1 cpu_ns=6891902455000000 mem=716161024 instructions=7877365745140 wakeups=20627876 diski=8777728 disko=556326912 rx=72495319 tx=30700284 comm=*system*
psu_energy_ac_mcp_machine=72843044189
-------
timestamp=3408634914112624
iterations=8173
sample_ns=100000000
window_ns=1000000000
rapl_core_sum_uj=26578547864
rapl_psys_sum_uj=0
pid=0 energy=34498899638057735 alive=1 kernel=1 cpu_ns=6891902476000000 mem=715923456 instructions=7877451611547 wakeups=20628839 diski=8777728 disko=556326912 rx=72496130 tx=30700679 comm=*system*
psu_energy_ac_mcp_machine=72851114380
-------
timestamp=3408635045163304
iterations=8174
sample_ns=100000000
window_ns=1000000000
rapl_core_sum_uj=26580590771
rapl_psys_sum_uj=0
pid=0 energy=34498900166446550 alive=1 kernel=1 cpu_ns=6891902496000000 mem=715862016 instructions=7877537289310 wakeups=20629810 diski=8777728 disko=556326912 rx=72496937 tx=30701071 comm=*system*
psu_energy_ac_mcp_machine=72858553833
-------
timestamp=3408635174230444
iterations=8175
sample_ns=100000000
window_ns=1000000000
rapl_core_sum_uj=26582626232
rapl_psys_sum_uj=0
pid=0 energy=34498900679526445 alive=1 kernel=1 cpu_ns=6891902513000000 mem=716054528 instructions=7877622905289 wakeups=20630766 diski=8777728 disko=556326912 rx=72497749 tx=30701469 comm=*system*
psu_energy_ac_mcp_machine=72866857422
-------
timestamp=3408635304437387
iterations=8177
sample_ns=100000000
window_ns=1000000000
rapl_core_sum_uj=26585072886
rapl_psys_sum_uj=0
pid=0 energy=34498901599293060 alive=1 kernel=1 cpu_ns=6891902570000000 mem=716210176 instructions=7877749858612 wakeups=20632310 diski=8777728 disko=556326912 rx=72499377 tx=30702261 comm=*system*
psu_energy_ac_mcp_machine=72875993530
-------
timestamp=3408635437182776
iterations=8178
sample_ns=100000000
window_ns=1000000000
rapl_core_sum_uj=26587108957
rapl_psys_sum_uj=0
pid=0 energy=34498902181711000 alive=1 kernel=1 cpu_ns=6891902597000000 mem=716062720 instructions=7877839342200 wakeups=20633344 diski=8777728 disko=556326912 rx=72500255 tx=30702690 comm=*system*
psu_energy_ac_mcp_machine=72883844482
-------
timestamp=3408635566346992
iterations=8179
sample_ns=100000000
window_ns=1000000000
rapl_core_sum_uj=26589213266
rapl_psys_sum_uj=0
pid=0 energy=34498902720013770 alive=1 kernel=1 cpu_ns=6891902619000000 mem=716091392 instructions=7877925002754 wakeups=20634301 diski=8777728 disko=556326912 rx=72501067 tx=30703085 comm=*system*
psu_energy_ac_mcp_machine=72891901123
-------
timestamp=3408635695434829
iterations=8180
sample_ns=100000000
window_ns=1000000000
rapl_core_sum_uj=26591212411
rapl_psys_sum_uj=0
pid=0 energy=34498903259522910 alive=1 kernel=1 cpu_ns=6891902640000000 mem=715878400 instructions=7878011904582 wakeups=20635288 diski=8777728 disko=556326912 rx=72501888 tx=30703488 comm=*system*
psu_energy_ac_mcp_machine=72899984619
-------
timestamp=3408635824376161
iterations=8182
sample_ns=100000000
window_ns=1000000000
rapl_core_sum_uj=26594968147
rapl_psys_sum_uj=0
pid=0 energy=34498904166776550 alive=1 kernel=1 cpu_ns=6891902675000000 mem=716566528 instructions=7878158355310 wakeups=20637022 diski=8777728 disko=556326912 rx=72503509 tx=30704279 comm=*system*
psu_energy_ac_mcp_machine=72910677368
-------
timestamp=3408635962447663
iterations=8183
sample_ns=100000000
window_ns=1000000000
rapl_core_sum_uj=26596927314
rapl_psys_sum_uj=0
pid=0 energy=34498904621138415 alive=1 kernel=1 cpu_ns=6891902693000000 mem=715935744 instructions=7878231227683 wakeups=20638002 diski=8777728 disko=556347392 rx=72504322 tx=30704673 comm=*system*
psu_energy_ac_mcp_machine=72918283813
-------
timestamp=3408636096609571
iterations=8184
sample_ns=100000000
window_ns=1000000000
rapl_core_sum_uj=26597908271
rapl_psys_sum_uj=0
pid=0 energy=34498905203381220 alive=1 kernel=1 cpu_ns=6891902727000000 mem=715833344 instructions=7878313676244 wakeups=20638931 diski=8777728 disko=556347392 rx=72505135 tx=30705069 comm=*system*
psu_energy_ac_mcp_machine=72926946045
-------
timestamp=3408636229148919
iterations=8185
sample_ns=100000000
window_ns=1000000000
rapl_core_sum_uj=26599277289
rapl_psys_sum_uj=0
pid=0 energy=34498905796893505 alive=1 kernel=1 cpu_ns=6891902762000000 mem=715931648 instructions=7878397378701 wakeups=20639866 diski=8777728 disko=556347392 rx=72506011 tx=30705496 comm=*system*
psu_energy_ac_mcp_machine=72935290527
-------
timestamp=3408636361978790
iterations=8187
sample_ns=100000000
window_ns=1000000000
rapl_core_sum_uj=26603083990
rapl_psys_sum_uj=0
pid=0 energy=34498906626597200 alive=1 kernel=1 cpu_ns=6891902793000000 mem=715935744 instructions=7878532319440 wakeups=20641595 diski=8777728 disko=556347392 rx=72507638 tx=30706288 comm=*system*
psu_energy_ac_mcp_machine=72943457764
-------
timestamp=3408636491554211
iterations=8188
sample_ns=100000000
window_ns=1000000000
rapl_core_sum_uj=26604919439
rapl_psys_sum_uj=0
pid=0 energy=34498907160665380 alive=1 kernel=1 cpu_ns=6891902813000000 mem=715993088 instructions=7878619133076 wakeups=20642571 diski=8777728 disko=556347392 rx=72508454 tx=30706686 comm=*system*
psu_energy_ac_mcp_machine=72951294189
-------
timestamp=3408636650674800
iterations=8189
sample_ns=100000000
window_ns=1000000000
rapl_core_sum_uj=26606104314
rapl_psys_sum_uj=0
pid=0 energy=34498907750322685 alive=1 kernel=1 cpu_ns=6891902850000000 mem=715997184 instructions=7878700064537 wakeups=20643376 diski=8777728 disko=556347392 rx=72509269 tx=30707082 comm=*system*
psu_energy_ac_mcp_machine=72961307617
-------
timestamp=3408636789318628
iterations=8191
sample_ns=100000000
window_ns=1000000000
rapl_core_sum_uj=26608520695
rapl_psys_sum_uj=0
pid=0 energy=34498908977615200 alive=1 kernel=1 cpu_ns=6891902967000000 mem=716025856 instructions=7878828523040 wakeups=20644906 diski=8777728 disko=556347392 rx=72511021 tx=30707937 comm=*system*
psu_energy_ac_mcp_machine=72968906616
-------
timestamp=3408636921917070
iterations=8192
sample_ns=100000000
window_ns=1000000000
rapl_core_sum_uj=26610528324
rapl_psys_sum_uj=0
pid=0 energy=34498909507685155 alive=1 kernel=1 cpu_ns=6891902987000000 mem=716009472 instructions=7878914537031 wakeups=20645866 diski=8777728 disko=556347392 rx=72511832 tx=30708334 comm=*system*
psu_energy_ac_mcp_machine=72977441772
-------
timestamp=3408637051236611
iterations=8193
sample_ns=100000000
window_ns=1000000000
rapl_core_sum_uj=26612601566
rapl_psys_sum_uj=0
pid=0 energy=34498910020870115 alive=1 kernel=1 cpu_ns=6891903004000000 mem=716046336 instructions=7879000174023 wakeups=20646822 diski=8777728 disko=556347392 rx=72512639 tx=30708727 comm=*system*
psu_energy_ac_mcp_machine=72985113525
-------
timestamp=3408637180642552
iterations=8194
sample_ns=100000000
window_ns=1000000000
rapl_core_sum_uj=26614636783
rapl_psys_sum_uj=0
pid=0 energy=34498910566043110 alive=1 kernel=1 cpu_ns=6891903027000000 mem=716005376 instructions=7879086208622 wakeups=20647785 diski=8777728 disko=556347392 rx=72513452 tx=30709122 comm=*system*
psu_energy_ac_mcp_machine=72995869019
-------
timestamp=3408637312896357
iterations=8196
sample_ns=100000000
window_ns=1000000000
rapl_core_sum_uj=26618361392
rapl_psys_sum_uj=0
pid=0 energy=34498911419583300 alive=1 kernel=1 cpu_ns=6891903063000000 mem=716161024 instructions=7879220916660 wakeups=20649503 diski=8777728 disko=556347392 rx=72515077 tx=30709915 comm=*system*
psu_energy_ac_mcp_machine=73004089233
-------
timestamp=3408637445154282
iterations=8197
sample_ns=100000000
window_ns=1000000000
rapl_core_sum_uj=26620464541
rapl_psys_sum_uj=0
pid=0 energy=34498911952262990 alive=1 kernel=1 cpu_ns=6891903083000000 mem=716087296 instructions=7879307452598 wakeups=20650483 diski=8777728 disko=556347392 rx=72515892 tx=30710312 comm=*system*
psu_energy_ac_mcp_machine=73012660034
-------
timestamp=3408637574683397
iterations=8198
sample_ns=100000000
window_ns=1000000000
rapl_core_sum_uj=26622443850
rapl_psys_sum_uj=0
pid=0 energy=34498912488968885 alive=1 kernel=1 cpu_ns=6891903105000000 mem=716369920 instructions=7879392793777 wakeups=20651434 diski=8777728 disko=556347392 rx=72516703 tx=30710706 comm=*system*
psu_energy_ac_mcp_machine=73020235596
-------
timestamp=3408637724370049
iterations=8200
sample_ns=100000000
window_ns=1000000000
rapl_core_sum_uj=26625161805
rapl_psys_sum_uj=0
pid=0 energy=34498913330554055 alive=1 kernel=1 cpu_ns=6891903152000000 mem=709898240 instructions=7879514110811 wakeups=20652469 diski=8777728 disko=556347392 rx=72517876 tx=30711450 comm=*system*
psu_energy_ac_mcp_machine=73030256104
-------
timestamp=3408637858776013
iterations=8201
sample_ns=100000000
window_ns=1000000000
rapl_core_sum_uj=26625757019
rapl_psys_sum_uj=0
pid=0 energy=34498913588401135 alive=1 kernel=1 cpu_ns=6891903174000000 mem=709398528 instructions=7879543680227 wakeups=20652671 diski=8777728 disko=556347392 rx=72517876 tx=30711450 comm=*system*
psu_energy_ac_mcp_machine=73037417847
-------
timestamp=3408638001828588
iterations=8202
sample_ns=100000000
window_ns=1000000000
rapl_core_sum_uj=26626372680
rapl_psys_sum_uj=0
pid=0 energy=34498913918512500 alive=1 kernel=1 cpu_ns=6891903196000000 mem=709136384 instructions=7879587702500 wakeups=20652889 diski=8777728 disko=556347392 rx=72517876 tx=30711450 comm=*system*
psu_energy_ac_mcp_machine=73043085205
-------
timestamp=3408638142926919
iterations=8203
sample_ns=100000000
window_ns=1000000000
rapl_core_sum_uj=26627033568
rapl_psys_sum_uj=0
pid=0 energy=34498914304623245 alive=1 kernel=1 cpu_ns=6891903229000000 mem=709136384 instructions=7879631924649 wakeups=20653096 diski=8777728 disko=556347392 rx=72517876 tx=30711450 comm=*system*
psu_energy_ac_mcp_machine=73051074341
-------
timestamp=3408638305614135
iterations=8205
sample_ns=100000000
window_ns=1000000000
rapl_core_sum_uj=26628159910
rapl_psys_sum_uj=0
pid=0 energy=34498914788684880 alive=1 kernel=1 cpu_ns=6891903273000000 mem=709140480 instructions=7879684736976 wakeups=20653320 diski=8777728 disko=556347392 rx=72517876 tx=30711450 comm=*system*
psu_energy_ac_mcp_machine=73058814331
-------
timestamp=3408638471673068
iterations=8206
sample_ns=100000000
window_ns=1000000000
rapl_core_sum_uj=26628679990
rapl_psys_sum_uj=0
pid=0 energy=34498915245534725 alive=1 kernel=1 cpu_ns=6891903322000000 mem=709148672 instructions=7879727106945 wakeups=20653525 diski=8777728 disko=556347392 rx=72517876 tx=30711450 comm=*system*
psu_energy_ac_mcp_machine=73066637451
-------
timestamp=3408638619720248
iterations=8208
sample_ns=100000000
window_ns=1000000000
rapl_core_sum_uj=26629686642
rapl_psys_sum_uj=0
pid=0 energy=34498915903465020 alive=1 kernel=1 cpu_ns=6891903396000000 mem=709308416 instructions=7879784693004 wakeups=20653761 diski=8777728 disko=556347392 rx=72517876 tx=30711450 comm=*system*
psu_energy_ac_mcp_machine=73073768433
-------
timestamp=3408638778610587
iterations=8209
sample_ns=100000000
window_ns=1000000000
rapl_core_sum_uj=26630395870
rapl_psys_sum_uj=0
pid=0 energy=34498916176652655 alive=1 kernel=1 cpu_ns=6891903414000000 mem=709152768 instructions=7879821330531 wakeups=20653966 diski=8777728 disko=556347392 rx=72517876 tx=30711450 comm=*system*
psu_energy_ac_mcp_machine=73081397217
-------
timestamp=3408638929548885
iterations=8210
sample_ns=100000000
window_ns=1000000000
rapl_core_sum_uj=26630929317
rapl_psys_sum_uj=0
pid=0 energy=34498916686353850 alive=1 kernel=1 cpu_ns=6891903471000000 mem=709120000 instructions=7879866270770 wakeups=20654177 diski=8777728 disko=556347392 rx=72517876 tx=30711450 comm=*system*
psu_energy_ac_mcp_machine=73087592407
-------
timestamp=3408639084490147
iterations=8212
sample_ns=100000000
window_ns=1000000000
rapl_core_sum_uj=26632052241
rapl_psys_sum_uj=0
pid=0 energy=34498917096010080 alive=1 kernel=1 cpu_ns=6891903503000000 mem=709263360 instructions=7879916202016 wakeups=20654412 diski=8777728 disko=556347392 rx=72517876 tx=30711450 comm=*system*
psu_energy_ac_mcp_machine=73094901611
-------
timestamp=3408639247647550
iterations=8213
sample_ns=100000000
window_ns=1000000000
rapl_core_sum_uj=26632546137
rapl_psys_sum_uj=0
pid=0 energy=34498917593168050 alive=1 kernel=1 cpu_ns=6891903559000000 mem=709435392 instructions=7879959633610 wakeups=20654612 diski=8777728 disko=556347392 rx=72517876 tx=30711450 comm=*system*
psu_energy_ac_mcp_machine=73101939575
-------
timestamp=3408639411889478
iterations=8215
sample_ns=100000000
window_ns=1000000000
rapl_core_sum_uj=26633511956
rapl_psys_sum_uj=0
pid=0 energy=34498918255059820 alive=1 kernel=1 cpu_ns=6891903634000000 mem=709500928 instructions=7880017011964 wakeups=20654837 diski=8777728 disko=556347392 rx=72517878 tx=30711450 comm=*system*
psu_energy_ac_mcp_machine=73111365845
-------
timestamp=3408639575403039
iterations=8216
sample_ns=100000000
window_ns=1000000000
rapl_core_sum_uj=26634074028
rapl_psys_sum_uj=0
pid=0 energy=34498918657821315 alive=1 kernel=1 cpu_ns=6891903677000000 mem=709218304 instructions=7880054564263 wakeups=20655030 diski=8777728 disko=556347392 rx=72517878 tx=30711450 comm=*system*
psu_energy_ac_mcp_machine=73119199219
-------
timestamp=3408639726126599
iterations=8218
sample_ns=100000000
window_ns=1000000000
rapl_core_sum_uj=26635135733
rapl_psys_sum_uj=0
pid=0 energy=34498919425418180 alive=1 kernel=1 cpu_ns=6891903759000000 mem=710275072 instructions=7880126083636 wakeups=20655287 diski=8777728 disko=556347392 rx=72517878 tx=30711450 comm=*system*
psu_energy_ac_mcp_machine=73125434570
-------
timestamp=3408639857100590
iterations=8219
sample_ns=100000000
window_ns=1000000000
rapl_core_sum_uj=26635777517
rapl_psys_sum_uj=0
pid=0 energy=34498919571474190 alive=1 kernel=1 cpu_ns=6891903766000000 mem=709275648 instructions=7880148294838 wakeups=20655465 diski=8777728 disko=556347392 rx=72517878 tx=30711450 comm=*system*
psu_energy_ac_mcp_machine=73133372437
-------
timestamp=3408640004406093
iterations=8220
sample_ns=100000000
window_ns=1000000000
rapl_core_sum_uj=26636366506
rapl_psys_sum_uj=0
pid=0 energy=34498919889971175 alive=1 kernel=1 cpu_ns=6891903786000000 mem=709275648 instructions=7880191994235 wakeups=20655672 diski=8777728 disko=556347392 rx=72517878 tx=30711450 comm=*system*
psu_energy_ac_mcp_machine=73138953247
-------
timestamp=3408640149831642
iterations=8221
sample_ns=100000000
window_ns=1000000000
rapl_core_sum_uj=26636907643
rapl_psys_sum_uj=0
pid=0 energy=34498920305915455 alive=1 kernel=1 cpu_ns=6891903825000000 mem=709238784 instructions=7880236183091 wakeups=20655878 diski=8777728 disko=556347392 rx=72517878 tx=30711450 comm=*system*
psu_energy_ac_mcp_machine=73146411133
-------
timestamp=3408640292698056
iterations=8223
sample_ns=100000000
window_ns=1000000000
rapl_core_sum_uj=26637974414
rapl_psys_sum_uj=0
pid=0 energy=34498920705609500 alive=1 kernel=1 cpu_ns=6891903856000000 mem=709263360 instructions=7880285121900 wakeups=20656097 diski=8777728 disko=556347392 rx=72517878 tx=30711450 comm=*system*
psu_energy_ac_mcp_machine=73151998657
-------
timestamp=3408640434666682
iterations=8224
sample_ns=100000000
window_ns=1000000000
rapl_core_sum_uj=26638611682
rapl_psys_sum_uj=0
pid=0 energy=34498921111050175 alive=1 kernel=1 cpu_ns=6891903892000000 mem=709283840 instructions=7880330210035 wakeups=20656303 diski=8777728 disko=556347392 rx=72517878 tx=30711450 comm=*system*
psu_energy_ac_mcp_machine=73159563110
-------
timestamp=3408640593933450
iterations=8225
sample_ns=100000000
window_ns=1000000000
rapl_core_sum_uj=26639286852
rapl_psys_sum_uj=0
pid=0 energy=34498921495397255 alive=1 kernel=1 cpu_ns=6891903925000000 mem=709263360 instructions=7880374079451 wakeups=20656501 diski=8777728 disko=556347392 rx=72517878 tx=30711450 comm=*system*
psu_energy_ac_mcp_machine=73167514282
-------
timestamp=3408640740515011
iterations=8227
sample_ns=100000000
window_ns=1000000000
rapl_core_sum_uj=26640236741
rapl_psys_sum_uj=0
pid=0 energy=34498922085387420 alive=1 kernel=1 cpu_ns=6891903993000000 mem=709320704 instructions=7880424077484 wakeups=20656728 diski=8777728 disko=556347392 rx=72517878 tx=30711450 comm=*system*
psu_energy_ac_mcp_machine=73174718506
-------
timestamp=3408640899300871
iterations=8228
sample_ns=100000000
window_ns=1000000000
rapl_core_sum_uj=26640962876
rapl_psys_sum_uj=0
pid=0 energy=34498922436478765 alive=1 kernel=1 cpu_ns=6891904019000000 mem=709386240 instructions=7880468295753 wakeups=20656943 diski=8777728 disko=556347392 rx=72517878 tx=30711450 comm=*system*
psu_energy_ac_mcp_machine=73182549194
-------
timestamp=3408641050243217
iterations=8229
sample_ns=100000000
window_ns=1000000000
rapl_core_sum_uj=26641494919
rapl_psys_sum_uj=0
pid=0 energy=34498922969344310 alive=1 kernel=1 cpu_ns=6891904080000000 mem=709091328 instructions=7880513868862 wakeups=20657172 diski=8777728 disko=556367872 rx=72517878 tx=30711450 comm=*system*
psu_energy_ac_mcp_machine=73188142822
-------
timestamp=3408641181777124
iterations=8231
sample_ns=100000000
window_ns=1000000000
rapl_core_sum_uj=26642667281
rapl_psys_sum_uj=0
pid=0 energy=34498923367104475 alive=1 kernel=1 cpu_ns=6891904110000000 mem=709234688 instructions=7880563420895 wakeups=20657399 diski=8777728 disko=556367872 rx=72517878 tx=30711450 comm=*system*
psu_energy_ac_mcp_machine=73196008545
-------
timestamp=3408641343375385
iterations=8232
sample_ns=100000000
window_ns=1000000000
rapl_core_sum_uj=26643245772
rapl_psys_sum_uj=0
pid=0 energy=34498923707184460 alive=1 kernel=1 cpu_ns=6891904134000000 mem=709103616 instructions=7880607436892 wakeups=20657607 diski=8777728 disko=556367872 rx=72517878 tx=30711450 comm=*system*
psu_energy_ac_mcp_machine=73203844604
-------
timestamp=3408641492209733
iterations=8233
sample_ns=100000000
window_ns=1000000000
rapl_core_sum_uj=26643767561
rapl_psys_sum_uj=0
pid=0 energy=34498924239401030 alive=1 kernel=1 cpu_ns=6891904195000000 mem=709361664 instructions=7880652880206 wakeups=20657808 diski=8777728 disko=556367872 rx=72517880 tx=30711450 comm=*system*
psu_energy_ac_mcp_machine=73209005493
-------
timestamp=3408641626736873
iterations=8235
sample_ns=100000000
window_ns=1000000000
rapl_core_sum_uj=26644804120
rapl_psys_sum_uj=0
pid=0 energy=34498924676520280 alive=1 kernel=1 cpu_ns=6891904233000000 mem=709300224 instructions=7880702304056 wakeups=20658030 diski=8777728 disko=556367872 rx=72517880 tx=30711450 comm=*system*
psu_energy_ac_mcp_machine=73217150146
-------
timestamp=3408641789232237
iterations=8236
sample_ns=100000000
window_ns=1000000000
rapl_core_sum_uj=26645391034
rapl_psys_sum_uj=0
pid=0 energy=34498925019571115 alive=1 kernel=1 cpu_ns=6891904258000000 mem=709296128 instructions=7880745914223 wakeups=20658222 diski=8777728 disko=556367872 rx=72517880 tx=30711450 comm=*system*
psu_energy_ac_mcp_machine=73225150024
-------
timestamp=3408641955241448
iterations=8238
sample_ns=100000000
window_ns=1000000000
rapl_core_sum_uj=26646353923
rapl_psys_sum_uj=0
pid=0 energy=34498925672022110 alive=1 kernel=1 cpu_ns=6891904331000000 mem=709668864 instructions=7880803404422 wakeups=20658455 diski=8777728 disko=556367872 rx=72517880 tx=30711450 comm=*system*
psu_energy_ac_mcp_machine=73231899170
-------
timestamp=3408642102826345
iterations=8239
sample_ns=100000000
window_ns=1000000000
rapl_core_sum_uj=26646854533
rapl_psys_sum_uj=0
pid=0 energy=34498926092412860 alive=1 kernel=1 cpu_ns=6891904378000000 mem=709214208 instructions=7880840482572 wakeups=20658654 diski=8777728 disko=556367872 rx=72517880 tx=30711450 comm=*system*
psu_energy_ac_mcp_machine=73239576416
-------
timestamp=3408642246897911
iterations=8240
sample_ns=100000000
window_ns=1000000000
rapl_core_sum_uj=26647488688
rapl_psys_sum_uj=0
pid=0 energy=34498926471837180 alive=1 kernel=1 cpu_ns=6891904410000000 mem=709283840 instructions=7880884367436 wakeups=20658858 diski=8777728 disko=556367872 rx=72517880 tx=30711450 comm=*system*
psu_energy_ac_mcp_machine=73246122070
-------
timestamp=3408642401913432
iterations=8242
sample_ns=100000000
window_ns=1000000000
rapl_core_sum_uj=26648632119
rapl_psys_sum_uj=0
pid=0 energy=34498926975788310 alive=1 kernel=1 cpu_ns=6891904452000000 mem=709615616 instructions=7880943157662 wakeups=20659091 diski=8777728 disko=556367872 rx=72517880 tx=30711450 comm=*system*
psu_energy_ac_mcp_machine=73253490723
-------
timestamp=3408642565555410
iterations=8243
sample_ns=100000000
window_ns=1000000000
rapl_core_sum_uj=26649148842
rapl_psys_sum_uj=0
pid=0 energy=34498927384848580 alive=1 kernel=1 cpu_ns=6891904498000000 mem=709283840 instructions=7880978969716 wakeups=20659291 diski=8777728 disko=556367872 rx=72517880 tx=30711450 comm=*system*
psu_energy_ac_mcp_machine=73260539063
-------
timestamp=3408642728887219
iterations=8245
sample_ns=100000000
window_ns=1000000000
rapl_core_sum_uj=26650131446
rapl_psys_sum_uj=0
pid=0 energy=34498928149176345 alive=1 kernel=1 cpu_ns=6891904585000000 mem=709767168 instructions=7881044835269 wakeups=20659534 diski=8777728 disko=556367872 rx=72517880 tx=30711450 comm=*system*
psu_energy_ac_mcp_machine=73268351807
-------
timestamp=3408642876354090
iterations=8246
sample_ns=100000000
window_ns=1000000000
rapl_core_sum_uj=26650608924
rapl_psys_sum_uj=0
pid=0 energy=34498928473374700 alive=1 kernel=1 cpu_ns=6891904621000000 mem=709246976 instructions=7881073674940 wakeups=20659731 diski=8777728 disko=556367872 rx=72517880 tx=30711450 comm=*system*
psu_energy_ac_mcp_machine=73276283569
-------
timestamp=3408643015547959
iterations=8247
sample_ns=100000000
window_ns=1000000000
rapl_core_sum_uj=26651314307
rapl_psys_sum_uj=0
pid=0 energy=34498928830545975 alive=1 kernel=1 cpu_ns=6891904648000000 mem=709443584 instructions=7881118109195 wakeups=20659947 diski=8777728 disko=556367872 rx=72517880 tx=30711450 comm=*system*
psu_energy_ac_mcp_machine=73281549194
-------
timestamp=3408643173970409
iterations=8249
sample_ns=100000000
window_ns=1000000000
rapl_core_sum_uj=26652385046
rapl_psys_sum_uj=0
pid=0 energy=34498929501700020 alive=1 kernel=1 cpu_ns=6891904715000000 mem=710144000 instructions=7881185340004 wakeups=20660179 diski=8777728 disko=556367872 rx=72517880 tx=30711450 comm=*system*
psu_energy_ac_mcp_machine=73291653809
-------
timestamp=3408643340601966
iterations=8250
sample_ns=100000000
window_ns=1000000000
rapl_core_sum_uj=26652856908
rapl_psys_sum_uj=0
pid=0 energy=34498929816952470 alive=1 kernel=1 cpu_ns=6891904751000000 mem=709398528 instructions=7881212390494 wakeups=20660375 diski=8777728 disko=556367872 rx=72517880 tx=30711450 comm=*system*
psu_energy_ac_mcp_machine=73299354736
-------
timestamp=3408643507798514
iterations=8252
sample_ns=100000000
window_ns=1000000000
rapl_core_sum_uj=26653811680
rapl_psys_sum_uj=0
pid=0 energy=34498930631597165 alive=1 kernel=1 cpu_ns=6891904843000000 mem=710422528 instructions=7881283319433 wakeups=20660618 diski=8777728 disko=556367872 rx=72517882 tx=30711450 comm=*system*
psu_energy_ac_mcp_machine=73306520996
-------
timestamp=3408643673900295
iterations=8253
sample_ns=100000000
window_ns=1000000000
rapl_core_sum_uj=26654261997
rapl_psys_sum_uj=0
pid=0 energy=34498930903453280 alive=1 kernel=1 cpu_ns=6891904873000000 mem=709292032 instructions=7881307690656 wakeups=20660806 diski=8777728 disko=556367872 rx=72517882 tx=30711450 comm=*system*
psu_energy_ac_mcp_machine=73314580933
-------
timestamp=3408643821181031
iterations=8254
sample_ns=100000000
window_ns=1000000000
rapl_core_sum_uj=26654768955
rapl_psys_sum_uj=0
pid=0 energy=34498931410269285 alive=1 kernel=1 cpu_ns=6891904930000000 mem=709124096 instructions=7881352053857 wakeups=20661010 diski=8777728 disko=556367872 rx=72517882 tx=30711450 comm=*system*
psu_energy_ac_mcp_machine=73321562988
-------
timestamp=3408643965956034
iterations=8256
sample_ns=100000000
window_ns=1000000000
rapl_core_sum_uj=26655810091
rapl_psys_sum_uj=0
pid=0 energy=34498931876453260 alive=1 kernel=1 cpu_ns=6891904974000000 mem=709197824 instructions=7881401290652 wakeups=20661227 diski=8777728 disko=556367872 rx=72517882 tx=30711450 comm=*system*
psu_energy_ac_mcp_machine=73327735718
-------
timestamp=3408644101646354
iterations=8257
sample_ns=100000000
window_ns=1000000000
rapl_core_sum_uj=26656430025
rapl_psys_sum_uj=0
pid=0 energy=34498932252365335 alive=1 kernel=1 cpu_ns=6891905005000000 mem=709332992 instructions=7881445473067 wakeups=20661434 diski=8777728 disko=556367872 rx=72517882 tx=30711450 comm=*system*
psu_energy_ac_mcp_machine=73334933594
-------
timestamp=3408644246858235
iterations=8258
sample_ns=100000000
window_ns=1000000000
rapl_core_sum_uj=26656976350
rapl_psys_sum_uj=0
pid=0 energy=34498932589122395 alive=1 kernel=1 cpu_ns=6891905029000000 mem=709472256 instructions=7881488824479 wakeups=20661630 diski=8777728 disko=556367872 rx=72517882 tx=30711450 comm=*system*
psu_energy_ac_mcp_machine=73341104248
-------
timestamp=3408644404521910
iterations=8260
sample_ns=100000000
window_ns=1000000000
rapl_core_sum_uj=26658082123
rapl_psys_sum_uj=0
pid=0 energy=34498933268106825 alive=1 kernel=1 cpu_ns=6891905095000000 mem=710144000 instructions=7881558621365 wakeups=20661883 diski=8777728 disko=556367872 rx=72517882 tx=30711450 comm=*system*
psu_energy_ac_mcp_machine=73348617188
-------
timestamp=3408644551567743
iterations=8261
sample_ns=100000000
window_ns=1000000000
rapl_core_sum_uj=26658566192
rapl_psys_sum_uj=0
pid=0 energy=34498933547517185 alive=1 kernel=1 cpu_ns=6891905125000000 mem=709677056 instructions=7881584503437 wakeups=20662085 diski=8777728 disko=556367872 rx=72517882 tx=30711450 comm=*system*
psu_energy_ac_mcp_machine=73356338135
-------
timestamp=3408644712070150
iterations=8262
sample_ns=100000000
window_ns=1000000000
rapl_core_sum_uj=26659179717
rapl_psys_sum_uj=0
pid=0 energy=34498933922281040 alive=1 kernel=1 cpu_ns=6891905156000000 mem=709709824 instructions=7881628456208 wakeups=20662289 diski=8777728 disko=556367872 rx=72517882 tx=30711450 comm=*system*
psu_energy_ac_mcp_machine=73363015503
-------
timestamp=3408644855551413
iterations=8264
sample_ns=100000000
window_ns=1000000000
rapl_core_sum_uj=26660178068
rapl_psys_sum_uj=0
pid=0 energy=34498934516925380 alive=1 kernel=1 cpu_ns=6891905222000000 mem=709390336 instructions=7881681385076 wakeups=20662522 diski=8777728 disko=556367872 rx=72517882 tx=30711450 comm=*system*
psu_energy_ac_mcp_machine=73369133423
-------
timestamp=3408645009954958
iterations=8265
sample_ns=100000000
window_ns=1000000000
rapl_core_sum_uj=26660857999
rapl_psys_sum_uj=0
pid=0 energy=34498934821377815 alive=1 kernel=1 cpu_ns=6891905242000000 mem=709210112 instructions=7881722275563 wakeups=20662732 diski=8777728 disko=556367872 rx=72517882 tx=30711450 comm=*system*
psu_energy_ac_mcp_machine=73377099731
-------
timestamp=3408645172983977
iterations=8266
sample_ns=100000000
window_ns=1000000000
rapl_core_sum_uj=26661376675
rapl_psys_sum_uj=0
pid=0 energy=34498935340809320 alive=1 kernel=1 cpu_ns=6891905301000000 mem=709214208 instructions=7881767161864 wakeups=20662939 diski=8777728 disko=556367872 rx=72517882 tx=30711450 comm=*system*
psu_energy_ac_mcp_machine=73385939575
-------
timestamp=3408645316332172
iterations=8268
sample_ns=100000000
window_ns=1000000000
rapl_core_sum_uj=26662308498
rapl_psys_sum_uj=0
pid=0 energy=34498935929869430 alive=1 kernel=1 cpu_ns=6891905369000000 mem=709214208 instructions=7881816973886 wakeups=20663155 diski=8777728 disko=556367872 rx=72517882 tx=30711450 comm=*system*
psu_energy_ac_mcp_machine=73392010986
-------
timestamp=3408645454932584
iterations=8269
sample_ns=100000000
window_ns=1000000000
rapl_core_sum_uj=26662898341
rapl_psys_sum_uj=0
pid=0 energy=34498936262868830 alive=1 kernel=1 cpu_ns=6891905392000000 mem=709246976 instructions=7881860573766 wakeups=20663354 diski=8777728 disko=556367872 rx=72517884 tx=30711450 comm=*system*
psu_energy_ac_mcp_machine=73400125000
-------
timestamp=3408645618574980
iterations=8270
sample_ns=100000000
window_ns=1000000000
rapl_core_sum_uj=26663458399
rapl_psys_sum_uj=0
pid=0 energy=34498936638447900 alive=1 kernel=1 cpu_ns=6891905422000000 mem=709246976 instructions=7881905689580 wakeups=20663567 diski=8777728 disko=556367872 rx=72517884 tx=30711450 comm=*system*
psu_energy_ac_mcp_machine=73407078857
-------
timestamp=3408645767089812
iterations=8272
sample_ns=100000000
window_ns=1000000000
rapl_core_sum_uj=26664394678
rapl_psys_sum_uj=0
pid=0 energy=34498937213693365 alive=1 kernel=1 cpu_ns=6891905487000000 mem=709283840 instructions=7881955738673 wakeups=20663797 diski=8777728 disko=556367872 rx=72517884 tx=30711450 comm=*system*
psu_energy_ac_mcp_machine=73412478882
-------
timestamp=3408645903403200
iterations=8273
sample_ns=100000000
window_ns=1000000000
rapl_core_sum_uj=26665015649
rapl_psys_sum_uj=0
pid=0 energy=34498937582986490 alive=1 kernel=1 cpu_ns=6891905517000000 mem=709218304 instructions=7881999597298 wakeups=20664001 diski=8777728 disko=556367872 rx=72517884 tx=30711450 comm=*system*
psu_energy_ac_mcp_machine=73420659180
-------
timestamp=3408646046932586
iterations=8274
sample_ns=100000000
window_ns=1000000000
rapl_core_sum_uj=26665724145
rapl_psys_sum_uj=0
pid=0 energy=34498937931304295 alive=1 kernel=1 cpu_ns=6891905542000000 mem=709001216 instructions=7882044260859 wakeups=20664227 diski=8777728 disko=556388352 rx=72517884 tx=30711450 comm=*system*
psu_energy_ac_mcp_machine=73426016479
-------
timestamp=3408646187877002
iterations=8275
sample_ns=100000000
window_ns=1000000000
rapl_core_sum_uj=26666383935
rapl_psys_sum_uj=0
pid=0 energy=34498938304962870 alive=1 kernel=1 cpu_ns=6891905572000000 mem=709332992 instructions=7882088992574 wakeups=20664426 diski=8777728 disko=556388352 rx=72517884 tx=30711450 comm=*system*
psu_energy_ac_mcp_machine=73434450195
-------
timestamp=3408646349929969
iterations=8277
sample_ns=100000000
window_ns=1000000000
rapl_core_sum_uj=26667430077
rapl_psys_sum_uj=0
pid=0 energy=34498938707563260 alive=1 kernel=1 cpu_ns=6891905603000000 mem=709169152 instructions=7882138512652 wakeups=20664643 diski=8777728 disko=556388352 rx=72517884 tx=30711450 comm=*system*
psu_energy_ac_mcp_machine=73441652344
-------
timestamp=3408646498567129
iterations=8278
sample_ns=100000000
window_ns=1000000000
rapl_core_sum_uj=26667954246
rapl_psys_sum_uj=0
pid=0 energy=34498939214804405 alive=1 kernel=1 cpu_ns=6891905660000000 mem=709107712 instructions=7882182960881 wakeups=20664844 diski=8777728 disko=556388352 rx=72517884 tx=30711450 comm=*system*
psu_energy_ac_mcp_machine=73449475586
-------
timestamp=3408646658056813
iterations=8280
sample_ns=100000000
window_ns=1000000000
rapl_core_sum_uj=26669057760
rapl_psys_sum_uj=0
pid=0 energy=34498939654306230 alive=1 kernel=1 cpu_ns=6891905695000000 mem=709197824 instructions=7882235861246 wakeups=20665081 diski=8777728 disko=556388352 rx=72517884 tx=30711450 comm=*system*
psu_energy_ac_mcp_machine=73457301636
-------
timestamp=3408646815573758
iterations=8281
sample_ns=100000000
window_ns=1000000000
rapl_core_sum_uj=26669575216
rapl_psys_sum_uj=0
pid=0 energy=34498940143662785 alive=1 kernel=1 cpu_ns=6891905750000000 mem=709312512 instructions=7882278732557 wakeups=20665301 diski=8777728 disko=556388352 rx=72517885 tx=30711451 comm=*system*
psu_energy_ac_mcp_machine=73465173950
-------
timestamp=3408646982592979
iterations=8283
sample_ns=100000000
window_ns=1000000000
rapl_core_sum_uj=26670527913
rapl_psys_sum_uj=0
pid=0 energy=34498940801247665 alive=1 kernel=1 cpu_ns=6891905820000000 mem=709681152 instructions=7882340249533 wakeups=20665538 diski=8777728 disko=556388352 rx=72517885 tx=30711451 comm=*system*
psu_energy_ac_mcp_machine=73472144531
-------
timestamp=3408647131401931
iterations=8284
sample_ns=100000000
window_ns=1000000000
rapl_core_sum_uj=26671014363
rapl_psys_sum_uj=0
pid=0 energy=34498941182851835 alive=1 kernel=1 cpu_ns=6891905863000000 mem=709427200 instructions=7882373570367 wakeups=20665729 diski=8777728 disko=556388352 rx=72517885 tx=30711451 comm=*system*
psu_energy_ac_mcp_machine=73477690430
-------
timestamp=3408647291840842
iterations=8285
sample_ns=100000000
window_ns=1000000000
rapl_core_sum_uj=26671553059
rapl_psys_sum_uj=0
pid=0 energy=34498941568088635 alive=1 kernel=1 cpu_ns=6891905896000000 mem=709562368 instructions=7882417617727 wakeups=20665931 diski=8777728 disko=556388352 rx=72517885 tx=30711451 comm=*system*
psu_energy_ac_mcp_machine=73487211670
-------
timestamp=3408647458558081
iterations=8287
sample_ns=100000000
window_ns=1000000000
rapl_core_sum_uj=26672515522
rapl_psys_sum_uj=0
pid=0 energy=34498942128224780 alive=1 kernel=1 cpu_ns=6891905958000000 mem=709451776 instructions=7882467644956 wakeups=20666151 diski=8777728 disko=556388352 rx=72517887 tx=30711451 comm=*system*
psu_energy_ac_mcp_machine=73495232666
-------
timestamp=3408647623441985
iterations=8288
sample_ns=100000000
window_ns=1000000000
rapl_core_sum_uj=26673033039
rapl_psys_sum_uj=0
pid=0 energy=34498942646480650 alive=1 kernel=1 cpu_ns=6891906016000000 mem=709464064 instructions=7882513296130 wakeups=20666360 diski=8777728 disko=556388352 rx=72517887 tx=30711451 comm=*system*
psu_energy_ac_mcp_machine=73502719238
-------
timestamp=3408647773015540
iterations=8290
sample_ns=100000000
window_ns=1000000000
rapl_core_sum_uj=26673933124
rapl_psys_sum_uj=0
pid=0 energy=34498943227567630 alive=1 kernel=1 cpu_ns=6891906082000000 mem=709529600 instructions=7882563513526 wakeups=20666586 diski=8777728 disko=556388352 rx=72517887 tx=30711451 comm=*system*
psu_energy_ac_mcp_machine=73508088867
-------
timestamp=3408647914221252
iterations=8291
sample_ns=100000000
window_ns=1000000000
rapl_core_sum_uj=26674605304
rapl_psys_sum_uj=0
pid=0 energy=34498943608164150 alive=1 kernel=1 cpu_ns=6891906113000000 mem=709238784 instructions=7882608632830 wakeups=20666798 diski=8777728 disko=556404736 rx=72517887 tx=30711451 comm=*system*
psu_energy_ac_mcp_machine=73516130127
-------
timestamp=3408648058866011
iterations=8292
sample_ns=100000000
window_ns=1000000000
rapl_core_sum_uj=26675247271
rapl_psys_sum_uj=0
pid=0 energy=34498943986728330 alive=1 kernel=1 cpu_ns=6891906144000000 mem=709292032 instructions=7882653345666 wakeups=20667018 diski=8777728 disko=556404736 rx=72517887 tx=30711451 comm=*system*
psu_energy_ac_mcp_machine=73523412354
-------
timestamp=3408648221077489
iterations=8294
sample_ns=100000000
window_ns=1000000000
rapl_core_sum_uj=26676298356
rapl_psys_sum_uj=0
pid=0 energy=34498944513712390 alive=1 kernel=1 cpu_ns=6891906193000000 mem=709357568 instructions=7882709742478 wakeups=20667254 diski=8777728 disko=556404736 rx=72517887 tx=30711451 comm=*system*
psu_energy_ac_mcp_machine=73530618774
-------
timestamp=3408648384885876
iterations=8295
sample_ns=100000000
window_ns=1000000000
rapl_core_sum_uj=26676828141
rapl_psys_sum_uj=0
pid=0 energy=34498944930041280 alive=1 kernel=1 cpu_ns=6891906238000000 mem=709148672 instructions=7882748008256 wakeups=20667446 diski=8777728 disko=556404736 rx=72517887 tx=30711451 comm=*system*
psu_energy_ac_mcp_machine=73538802856
-------
timestamp=3408648541243442
iterations=8297
sample_ns=100000000
window_ns=1000000000
rapl_core_sum_uj=26677766556
rapl_psys_sum_uj=0
pid=0 energy=34498945651991470 alive=1 kernel=1 cpu_ns=6891906321000000 mem=709689344 instructions=7882809398294 wakeups=20667686 diski=8777728 disko=556404736 rx=72517887 tx=30711451 comm=*system*
psu_energy_ac_mcp_machine=73546636353
-------
timestamp=3408648685548842
iterations=8298
sample_ns=100000000
window_ns=1000000000
rapl_core_sum_uj=26678414566
rapl_psys_sum_uj=0
pid=0 energy=34498945923594805 alive=1 kernel=1 cpu_ns=6891906341000000 mem=709390336 instructions=7882843718961 wakeups=20667879 diski=8777728 disko=556404736 rx=72517887 tx=30711451 comm=*system*
psu_energy_ac_mcp_machine=73552032959
-------
timestamp=3408648823704081
iterations=8299
sample_ns=100000000
window_ns=1000000000
rapl_core_sum_uj=26679109939
rapl_psys_sum_uj=0
pid=0 energy=34498946275177490 alive=1 kernel=1 cpu_ns=6891906367000000 mem=709435392 instructions=7882888035498 wakeups=20668094 diski=8777728 disko=556404736 rx=72517887 tx=30711451 comm=*system*
psu_energy_ac_mcp_machine=73559690674
-------
timestamp=3408648982595865
iterations=8301
sample_ns=100000000
window_ns=1000000000
rapl_core_sum_uj=26680265822
rapl_psys_sum_uj=0
pid=0 energy=34498947007422430 alive=1 kernel=1 cpu_ns=6891906438000000 mem=710340608 instructions=7882963484486 wakeups=20668356 diski=8777728 disko=556404736 rx=72517887 tx=30711451 comm=*system*
psu_energy_ac_mcp_machine=73567522827
-------
timestamp=3408649146021077
iterations=8302
sample_ns=100000000
window_ns=1000000000
rapl_core_sum_uj=26680778822
rapl_psys_sum_uj=0
pid=0 energy=34498947222068240 alive=1 kernel=1 cpu_ns=6891906462000000 mem=709246976 instructions=7882982413648 wakeups=20668529 diski=8777728 disko=556404736 rx=72517887 tx=30711451 comm=*system*
psu_energy_ac_mcp_machine=73575898438
-------
timestamp=3408649313881718
iterations=8303
sample_ns=100000000
window_ns=1000000000
rapl_core_sum_uj=26681310804
rapl_psys_sum_uj=0
pid=0 energy=34498947711916230 alive=1 kernel=1 cpu_ns=6891906515000000 mem=709255168 instructions=7883027383246 wakeups=20668746 diski=8777728 disko=556404736 rx=72517887 tx=30711451 comm=*system*
psu_energy_ac_mcp_machine=73582895020
-------
timestamp=3408649461086797
iterations=8305
sample_ns=100000000
window_ns=1000000000
rapl_core_sum_uj=26682354871
rapl_psys_sum_uj=0
pid=0 energy=34498948276684100 alive=1 kernel=1 cpu_ns=6891906578000000 mem=709115904 instructions=7883077336820 wakeups=20668976 diski=8777728 disko=556404736 rx=72517889 tx=30711451 comm=*system*
psu_energy_ac_mcp_machine=73590339600
-------
timestamp=3408649605200285
iterations=8306
sample_ns=100000000
window_ns=1000000000
rapl_core_sum_uj=26682970410
rapl_psys_sum_uj=0
pid=0 energy=34498948666372845 alive=1 kernel=1 cpu_ns=6891906611000000 mem=709103616 instructions=7883122274569 wakeups=20669176 diski=8777728 disko=556404736 rx=72517889 tx=30711451 comm=*system*
psu_energy_ac_mcp_machine=73595673462
-------
timestamp=3408649762993017
iterations=8307
sample_ns=100000000
window_ns=1000000000
rapl_core_sum_uj=26683617931
rapl_psys_sum_uj=0
pid=0 energy=34498949048707210 alive=1 kernel=1 cpu_ns=6891906643000000 mem=709152768 instructions=7883166741442 wakeups=20669390 diski=8777728 disko=556404736 rx=72517889 tx=30711451 comm=*system*
psu_energy_ac_mcp_machine=73603799683
-------
timestamp=3408649926650979
iterations=8309
sample_ns=100000000
window_ns=1000000000
rapl_core_sum_uj=26684500987
rapl_psys_sum_uj=0
pid=0 energy=34498949613532000 alive=1 kernel=1 cpu_ns=6891906706000000 mem=709222400 instructions=7883216706400 wakeups=20669615 diski=8777728 disko=556404736 rx=72517889 tx=30711451 comm=*system*
psu_energy_ac_mcp_machine=73610890259
-------
timestamp=3408650090230762
iterations=8310
sample_ns=100000000
window_ns=1000000000
rapl_core_sum_uj=26685019358
rapl_psys_sum_uj=0
pid=0 energy=34498950133600730 alive=1 kernel=1 cpu_ns=6891906765000000 mem=709320704 instructions=7883261720146 wakeups=20669832 diski=8777728 disko=556404736 rx=72517889 tx=30711451 comm=*system*
psu_energy_ac_mcp_machine=73619279175
-------
timestamp=3408650228908284
iterations=8312
sample_ns=100000000
window_ns=1000000000
rapl_core_sum_uj=26685901010
rapl_psys_sum_uj=0
pid=0 energy=34498950691642750 alive=1 kernel=1 cpu_ns=6891906827000000 mem=709386240 instructions=7883311328550 wakeups=20670046 diski=8777728 disko=556404736 rx=72517889 tx=30711451 comm=*system*
psu_energy_ac_mcp_machine=73626982788
-------
timestamp=3408650372617420
iterations=8313
sample_ns=100000000
window_ns=1000000000
rapl_core_sum_uj=26686537118
rapl_psys_sum_uj=0
pid=0 energy=34498951001532155 alive=1 kernel=1 cpu_ns=6891906845000000 mem=709386240 instructions=7883355306431 wakeups=20670252 diski=8777728 disko=556404736 rx=72517889 tx=30711451 comm=*system*
psu_energy_ac_mcp_machine=73632560181
-------
timestamp=3408650513829415
iterations=8314
sample_ns=100000000
window_ns=1000000000
rapl_core_sum_uj=26687127816
rapl_psys_sum_uj=0
pid=0 energy=34498951372036865 alive=1 kernel=1 cpu_ns=6891906875000000 mem=709390336 instructions=7883399407373 wakeups=20670461 diski=8777728 disko=556404736 rx=72517889 tx=30711451 comm=*system*
psu_energy_ac_mcp_machine=73640138794
-------
timestamp=3408650654675412
iterations=8316
sample_ns=100000000
window_ns=1000000000
rapl_core_sum_uj=26688313850
rapl_psys_sum_uj=0
pid=0 energy=34498951975836465 alive=1 kernel=1 cpu_ns=6891906922000000 mem=710520832 instructions=7883473167293 wakeups=20670715 diski=8777728 disko=556404736 rx=72517889 tx=30711451 comm=*system*
psu_energy_ac_mcp_machine=73646183838
-------
timestamp=3408650786539844
iterations=8317
sample_ns=100000000
window_ns=1000000000
rapl_core_sum_uj=26688851996
rapl_psys_sum_uj=0
pid=0 energy=34498952113237090 alive=1 kernel=1 cpu_ns=6891906929000000 mem=709390336 instructions=7883493647418 wakeups=20670898 diski=8777728 disko=556404736 rx=72517889 tx=30711451 comm=*system*
psu_energy_ac_mcp_machine=73653985962
-------
timestamp=3408650945865375
iterations=8318
sample_ns=100000000
window_ns=1000000000
rapl_core_sum_uj=26689428900
rapl_psys_sum_uj=0
pid=0 energy=34498952434870305 alive=1 kernel=1 cpu_ns=6891906949000000 mem=709267456 instructions=7883537974061 wakeups=20671107 diski=8777728 disko=556404736 rx=72517889 tx=30711451 comm=*system*
psu_energy_ac_mcp_machine=73661697876
-------
timestamp=3408651111791397
iterations=8320
sample_ns=100000000
window_ns=1000000000
rapl_core_sum_uj=26690353887
rapl_psys_sum_uj=0
pid=0 energy=34498953149641545 alive=1 kernel=1 cpu_ns=6891907031000000 mem=709779456 instructions=7883598928309 wakeups=20671352 diski=8777728 disko=556425216 rx=72517889 tx=30711451 comm=*system*
psu_energy_ac_mcp_machine=73669280884
-------
timestamp=3408651259202899
iterations=8321
sample_ns=100000000
window_ns=1000000000
rapl_core_sum_uj=26690837712
rapl_psys_sum_uj=0
pid=0 energy=34498953547417625 alive=1 kernel=1 cpu_ns=6891907076000000 mem=709103616 instructions=7883633483525 wakeups=20671550 diski=8777728 disko=556425216 rx=72517889 tx=30711451 comm=*system*
psu_energy_ac_mcp_machine=73676866699
-------
timestamp=3408651403303868
iterations=8322
sample_ns=100000000
window_ns=1000000000
rapl_core_sum_uj=26691492863
rapl_psys_sum_uj=0
pid=0 energy=34498953915680890 alive=1 kernel=1 cpu_ns=6891907106000000 mem=709513216 instructions=7883677136178 wakeups=20671748 diski=8777728 disko=556425216 rx=72517889 tx=30711451 comm=*system*
psu_energy_ac_mcp_machine=73682557007
-------
timestamp=3408651561978098
iterations=8324
sample_ns=100000000
window_ns=1000000000
rapl_core_sum_uj=26692601016
rapl_psys_sum_uj=0
pid=0 energy=34498954466474425 alive=1 kernel=1 cpu_ns=6891907158000000 mem=709697536 instructions=7883735294885 wakeups=20671967 diski=8777728 disko=556425216 rx=72517891 tx=30711451 comm=*system*
psu_energy_ac_mcp_machine=73690114990
-------
timestamp=3408651703423856
iterations=8325
sample_ns=100000000
window_ns=1000000000
rapl_core_sum_uj=26693087222
rapl_psys_sum_uj=0
pid=0 energy=34498954890379905 alive=1 kernel=1 cpu_ns=6891907206000000 mem=709107712 instructions=7883772075981 wakeups=20672181 diski=8777728 disko=556425216 rx=72517891 tx=30711451 comm=*system*
psu_energy_ac_mcp_machine=73698151489
-------
timestamp=3408651863474331
iterations=8326
sample_ns=100000000
window_ns=1000000000
rapl_core_sum_uj=26693700503
rapl_psys_sum_uj=0
pid=0 energy=34498955234615485 alive=1 kernel=1 cpu_ns=6891907231000000 mem=709234688 instructions=7883815923097 wakeups=20672389 diski=8777728 disko=556425216 rx=72517891 tx=30711451 comm=*system*
psu_energy_ac_mcp_machine=73705397705
-------
timestamp=3408652030866507
iterations=8328
sample_ns=100000000
window_ns=1000000000
rapl_core_sum_uj=26694621339
rapl_psys_sum_uj=0
pid=0 energy=34498955808514625 alive=1 kernel=1 cpu_ns=6891907296000000 mem=709287936 instructions=7883865702925 wakeups=20672611 diski=8777728 disko=556425216 rx=72517891 tx=30711451 comm=*system*
psu_energy_ac_mcp_machine=73712494263
-------
timestamp=3408652195092958
iterations=8329
sample_ns=100000000
window_ns=1000000000
rapl_core_sum_uj=26695134644
rapl_psys_sum_uj=0
pid=0 energy=34498956311608485 alive=1 kernel=1 cpu_ns=6891907352000000 mem=709292032 instructions=7883910321697 wakeups=20672816 diski=8777728 disko=556425216 rx=72517891 tx=30711451 comm=*system*
psu_energy_ac_mcp_machine=73720286255
-------
timestamp=3408652336396996
iterations=8331
sample_ns=100000000
window_ns=1000000000
rapl_core_sum_uj=26696050110
rapl_psys_sum_uj=0
pid=0 energy=34498956875378905 alive=1 kernel=1 cpu_ns=6891907415000000 mem=709287936 instructions=7883960075781 wakeups=20673034 diski=8777728 disko=556425216 rx=72517891 tx=30711451 comm=*system*
psu_energy_ac_mcp_machine=73728479248
-------
timestamp=3408652475161880
iterations=8332
sample_ns=100000000
window_ns=1000000000
rapl_core_sum_uj=26696662902
rapl_psys_sum_uj=0
pid=0 energy=34498957210290145 alive=1 kernel=1 cpu_ns=6891907438000000 mem=709292032 instructions=7884004058029 wakeups=20673236 diski=8777728 disko=556425216 rx=72517891 tx=30711451 comm=*system*
psu_energy_ac_mcp_machine=73733848755
-------
timestamp=3408652618627616
iterations=8333
sample_ns=100000000
window_ns=1000000000
rapl_core_sum_uj=26697279479
rapl_psys_sum_uj=0
pid=0 energy=34498957540002895 alive=1 kernel=1 cpu_ns=6891907460000000 mem=709292032 instructions=7884048000579 wakeups=20673438 diski=8777728 disko=556425216 rx=72517891 tx=30711451 comm=*system*
psu_energy_ac_mcp_machine=73741863281
-------
timestamp=3408652777576252
iterations=8335
sample_ns=100000000
window_ns=1000000000
rapl_core_sum_uj=26698456297
rapl_psys_sum_uj=0
pid=0 energy=34498958231273315 alive=1 kernel=1 cpu_ns=6891907525000000 mem=710303744 instructions=7884121254663 wakeups=20673703 diski=8777728 disko=556425216 rx=72517891 tx=30711451 comm=*system*
psu_energy_ac_mcp_machine=73749343506
-------
timestamp=3408652926707763
iterations=8336
sample_ns=100000000
window_ns=1000000000
rapl_core_sum_uj=26698920469
rapl_psys_sum_uj=0
pid=0 energy=34498958488431610 alive=1 kernel=1 cpu_ns=6891907554000000 mem=709292032 instructions=7884143686322 wakeups=20673880 diski=8777728 disko=556425216 rx=72517891 tx=30711451 comm=*system*
psu_energy_ac_mcp_machine=73755018066
-------
timestamp=3408653060377373
iterations=8337
sample_ns=100000000
window_ns=1000000000
rapl_core_sum_uj=26699642636
rapl_psys_sum_uj=0
pid=0 energy=34498958854118590 alive=1 kernel=1 cpu_ns=6891907583000000 mem=709365760 instructions=7884187823718 wakeups=20674099 diski=8777728 disko=556425216 rx=72517891 tx=30711451 comm=*system*
psu_energy_ac_mcp_machine=73762901367
-------
timestamp=3408653200509223
iterations=8338
sample_ns=100000000
window_ns=1000000000
rapl_core_sum_uj=26700340939
rapl_psys_sum_uj=0
pid=0 energy=34498959182841475 alive=1 kernel=1 cpu_ns=6891907605000000 mem=709480448 instructions=7884231568295 wakeups=20674313 diski=8777728 disko=556425216 rx=72517891 tx=30711451 comm=*system*
psu_energy_ac_mcp_machine=73768840698
-------
timestamp=3408653358123808
iterations=8340
sample_ns=100000000
window_ns=1000000000
rapl_core_sum_uj=26701463558
rapl_psys_sum_uj=0
pid=0 energy=34498959684756685 alive=1 kernel=1 cpu_ns=6891907651000000 mem=709423104 instructions=7884285951337 wakeups=20674531 diski=8777728 disko=556425216 rx=72517891 tx=30711451 comm=*system*
psu_energy_ac_mcp_machine=73776502686
-------
timestamp=3408653522145259
iterations=8341
sample_ns=100000000
window_ns=1000000000
rapl_core_sum_uj=26701946834
rapl_psys_sum_uj=0
pid=0 energy=34498960128099745 alive=1 kernel=1 cpu_ns=6891907700000000 mem=709353472 instructions=7884325619949 wakeups=20674735 diski=8777728 disko=556425216 rx=72517893 tx=30711451 comm=*system*
psu_energy_ac_mcp_machine=73784484619
-------
timestamp=3408653668974714
iterations=8342
sample_ns=100000000
window_ns=1000000000
rapl_core_sum_uj=26702437312
rapl_psys_sum_uj=0
pid=0 energy=34498960649173515 alive=1 kernel=1 cpu_ns=6891907760000000 mem=709541888 instructions=7884369834703 wakeups=20674936 diski=8777728 disko=556425216 rx=72517893 tx=30711451 comm=*system*
psu_energy_ac_mcp_machine=73792014526
-------
timestamp=3408653829233394
iterations=8344
sample_ns=100000000
window_ns=1000000000
rapl_core_sum_uj=26703462335
rapl_psys_sum_uj=0
pid=0 energy=34498961082896875 alive=1 kernel=1 cpu_ns=6891907796000000 mem=709500928 instructions=7884420579375 wakeups=20675160 diski=8777728 disko=556425216 rx=72517893 tx=30711451 comm=*system*
psu_energy_ac_mcp_machine=73799601440
-------
timestamp=3408653978714243
iterations=8345
sample_ns=100000000
window_ns=1000000000
rapl_core_sum_uj=26703960626
rapl_psys_sum_uj=0
pid=0 energy=34498961592555035 alive=1 kernel=1 cpu_ns=6891907853000000 mem=709312512 instructions=7884465511007 wakeups=20675377 diski=8777728 disko=556425216 rx=72517893 tx=30711451 comm=*system*
psu_energy_ac_mcp_machine=73807064697
-------
timestamp=3408654119934958
iterations=8347
sample_ns=100000000
window_ns=1000000000
rapl_core_sum_uj=26704984917
rapl_psys_sum_uj=0
pid=0 energy=34498962046691955 alive=1 kernel=1 cpu_ns=6891907894000000 mem=709316608 instructions=7884515338391 wakeups=20675595 diski=8777728 disko=556425216 rx=72517893 tx=30711451 comm=*system*
psu_energy_ac_mcp_machine=73812378662
-------
timestamp=3408654274940674
iterations=8348
sample_ns=100000000
window_ns=1000000000
rapl_core_sum_uj=26705660026
rapl_psys_sum_uj=0
pid=0 energy=34498962363359725 alive=1 kernel=1 cpu_ns=6891907914000000 mem=709312512 instructions=7884558671945 wakeups=20675795 diski=8777728 disko=556425216 rx=72517893 tx=30711451 comm=*system*
psu_energy_ac_mcp_machine=73820512207
-------
timestamp=3408654438703881
iterations=8349
sample_ns=100000000
window_ns=1000000000
rapl_core_sum_uj=26706168387
rapl_psys_sum_uj=0
pid=0 energy=34498962867535995 alive=1 kernel=1 cpu_ns=6891907970000000 mem=709312512 instructions=7884603507199 wakeups=20676015 diski=8777728 disko=556425216 rx=72517893 tx=30711451 comm=*system*
psu_energy_ac_mcp_machine=73827971680
-------
timestamp=3408654582429968
iterations=8351
sample_ns=100000000
window_ns=1000000000
rapl_core_sum_uj=26707257192
rapl_psys_sum_uj=0
pid=0 energy=34498963411807925 alive=1 kernel=1 cpu_ns=6891908029000000 mem=709316608 instructions=7884653361585 wakeups=20676236 diski=8777728 disko=556425216 rx=72517893 tx=30711451 comm=*system*
psu_energy_ac_mcp_machine=73836024780
-------
timestamp=3408654740540520
iterations=8352
sample_ns=100000000
window_ns=1000000000
rapl_core_sum_uj=26707949574
rapl_psys_sum_uj=0
pid=0 energy=34498963788971700 alive=1 kernel=1 cpu_ns=6891908059000000 mem=709316608 instructions=7884698794340 wakeups=20676462 diski=8777728 disko=556425216 rx=72517893 tx=30711451 comm=*system*
psu_energy_ac_mcp_machine=73843805664
-------
timestamp=3408654890434358
iterations=8353
sample_ns=100000000
window_ns=1000000000
rapl_core_sum_uj=26708452625
rapl_psys_sum_uj=0
pid=0 energy=34498964296368275 alive=1 kernel=1 cpu_ns=6891908116000000 mem=709132288 instructions=7884743273655 wakeups=20676674 diski=8777728 disko=556425216 rx=72517893 tx=30711451 comm=*system*
psu_energy_ac_mcp_machine=73848456787
-------
timestamp=3408655021027526
iterations=8355
sample_ns=100000000
window_ns=1000000000
rapl_core_sum_uj=26709523120
rapl_psys_sum_uj=0
pid=0 energy=34498964704726305 alive=1 kernel=1 cpu_ns=6891908148000000 mem=709324800 instructions=7884792945261 wakeups=20676899 diski=8777728 disko=556425216 rx=72517893 tx=30711451 comm=*system*
psu_energy_ac_mcp_machine=73856753540
-------
timestamp=3408655158540927
iterations=8356
sample_ns=100000000
window_ns=1000000000
rapl_core_sum_uj=26710203051
rapl_psys_sum_uj=0
pid=0 energy=34498965024581895 alive=1 kernel=1 cpu_ns=6891908168000000 mem=709361664 instructions=7884836916379 wakeups=20677111 diski=8777728 disko=556425216 rx=72517893 tx=30711451 comm=*system*
psu_energy_ac_mcp_machine=73863003540
-------
timestamp=3408655315776154
iterations=8357
sample_ns=100000000
window_ns=1000000000
rapl_core_sum_uj=26710842455
rapl_psys_sum_uj=0
pid=0 energy=34498965358927260 alive=1 kernel=1 cpu_ns=6891908191000000 mem=709320704 instructions=7884880785452 wakeups=20677302 diski=8777728 disko=556425216 rx=72517893 tx=30711451 comm=*system*
psu_energy_ac_mcp_machine=73869755615
-------
timestamp=3408655456711688
iterations=8359
sample_ns=100000000
window_ns=1000000000
rapl_core_sum_uj=26711780991
rapl_psys_sum_uj=0
pid=0 energy=34498965942808560 alive=1 kernel=1 cpu_ns=6891908258000000 mem=709226496 instructions=7884930561712 wakeups=20677520 diski=8777728 disko=556425216 rx=72517895 tx=30711451 comm=*system*
psu_energy_ac_mcp_machine=73877857544
-------
timestamp=3408655592539893
iterations=8360
sample_ns=100000000
window_ns=1000000000
rapl_core_sum_uj=26712492721
rapl_psys_sum_uj=0
pid=0 energy=34498966307996820 alive=1 kernel=1 cpu_ns=6891908284000000 mem=709378048 instructions=7884977599364 wakeups=20677737 diski=8777728 disko=556425216 rx=72517895 tx=30711451 comm=*system*
psu_energy_ac_mcp_machine=73884117310
-------
timestamp=3408655754930368
iterations=8361
sample_ns=100000000
window_ns=1000000000
rapl_core_sum_uj=26713082869
rapl_psys_sum_uj=0
pid=0 energy=34498966659925930 alive=1 kernel=1 cpu_ns=6891908309000000 mem=709476352 instructions=7885022985186 wakeups=20677957 diski=8777728 disko=556425216 rx=72517895 tx=30711451 comm=*system*
psu_energy_ac_mcp_machine=73891097534
-------
timestamp=3408655901915541
iterations=8363
sample_ns=100000000
window_ns=1000000000
rapl_core_sum_uj=26714049054
rapl_psys_sum_uj=0
pid=0 energy=34498967293167140 alive=1 kernel=1 cpu_ns=6891908381000000 mem=709222400 instructions=7885077633428 wakeups=20678190 diski=8777728 disko=556425216 rx=72517895 tx=30711451 comm=*system*
psu_energy_ac_mcp_machine=73898352905
-------
timestamp=3408656046900774
iterations=8364
sample_ns=100000000
window_ns=1000000000
rapl_core_sum_uj=26714717144
rapl_psys_sum_uj=0
pid=0 energy=34498967601877840 alive=1 kernel=1 cpu_ns=6891908402000000 mem=709402624 instructions=7885118375568 wakeups=20678395 diski=8777728 disko=556441600 rx=72517895 tx=30711451 comm=*system*
psu_energy_ac_mcp_machine=73904202759
-------
timestamp=3408656188607382
iterations=8365
sample_ns=100000000
window_ns=1000000000
rapl_core_sum_uj=26715414531
rapl_psys_sum_uj=0
pid=0 energy=34498967978863365 alive=1 kernel=1 cpu_ns=6891908433000000 mem=709472256 instructions=7885162772673 wakeups=20678605 diski=8777728 disko=556445696 rx=72517895 tx=30711451 comm=*system*
psu_energy_ac_mcp_machine=73912193604
-------
timestamp=3408656329682883
iterations=8366
sample_ns=100000000
window_ns=1000000000
rapl_core_sum_uj=26716101908
rapl_psys_sum_uj=0
pid=0 energy=34498968324064460 alive=1 kernel=1 cpu_ns=6891908458000000 mem=709353472 instructions=7885206812892 wakeups=20678814 diski=8777728 disko=556445696 rx=72517895 tx=30711451 comm=*system*
psu_energy_ac_mcp_machine=73918559082
-------
timestamp=3408656459220609
iterations=8368
sample_ns=100000000
window_ns=1000000000
rapl_core_sum_uj=26717212807
rapl_psys_sum_uj=0
pid=0 energy=34498968731587830 alive=1 kernel=1 cpu_ns=6891908490000000 mem=709468160 instructions=7885256317566 wakeups=20679036 diski=8777728 disko=556445696 rx=72517895 tx=30711451 comm=*system*
psu_energy_ac_mcp_machine=73925997803
-------
timestamp=3408656620409636
iterations=8369
sample_ns=100000000
window_ns=1000000000
rapl_core_sum_uj=26717862343
rapl_psys_sum_uj=0
pid=0 energy=34498969047088610 alive=1 kernel=1 cpu_ns=6891908509000000 mem=709558272 instructions=7885300417722 wakeups=20679247 diski=8777728 disko=556445696 rx=72517895 tx=30711451 comm=*system*
psu_energy_ac_mcp_machine=73933646973
-------
timestamp=3408656770502800
iterations=8370
sample_ns=100000000
window_ns=1000000000
rapl_core_sum_uj=26718405067
rapl_psys_sum_uj=0
pid=0 energy=34498969572735085 alive=1 kernel=1 cpu_ns=6891908569000000 mem=709218304 instructions=7885345547017 wakeups=20679462 diski=8777728 disko=556445696 rx=72517896 tx=30711452 comm=*system*
psu_energy_ac_mcp_machine=73939414673
-------
timestamp=3408656908667645
iterations=8372
sample_ns=100000000
window_ns=1000000000
rapl_core_sum_uj=26719515906
rapl_psys_sum_uj=0
pid=0 energy=34498969967539960 alive=1 kernel=1 cpu_ns=6891908598000000 mem=709357568 instructions=7885395507992 wakeups=20679679 diski=8777728 disko=556445696 rx=72517896 tx=30711452 comm=*system*
psu_energy_ac_mcp_machine=73947090332
-------
timestamp=3408657043385177
iterations=8373
sample_ns=100000000
window_ns=1000000000
rapl_core_sum_uj=26720245459
rapl_psys_sum_uj=0
pid=0 energy=34498970324223290 alive=1 kernel=1 cpu_ns=6891908625000000 mem=709480448 instructions=7885439844658 wakeups=20679897 diski=8777728 disko=556445696 rx=72517896 tx=30711452 comm=*system*
psu_energy_ac_mcp_machine=73952705078
-------
timestamp=3408657198413088
iterations=8374
sample_ns=100000000
window_ns=1000000000
rapl_core_sum_uj=26721012915
rapl_psys_sum_uj=0
pid=0 energy=34498970643795410 alive=1 kernel=1 cpu_ns=6891908645000000 mem=709189632 instructions=7885483759082 wakeups=20680108 diski=8777728 disko=556445696 rx=72517896 tx=30711452 comm=*system*
psu_energy_ac_mcp_machine=73960496094
-------
timestamp=3408657361753622
iterations=8376
sample_ns=100000000
window_ns=1000000000
rapl_core_sum_uj=26721986425
rapl_psys_sum_uj=0
pid=0 energy=34498971252037080 alive=1 kernel=1 cpu_ns=6891908714000000 mem=709230592 instructions=7885536407416 wakeups=20680338 diski=8777728 disko=556445696 rx=72517896 tx=30711452 comm=*system*
psu_energy_ac_mcp_machine=73968682739
-------
timestamp=3408657525129577
iterations=8377
sample_ns=100000000
window_ns=1000000000
rapl_core_sum_uj=26722489293
rapl_psys_sum_uj=0
pid=0 energy=34498971727231865 alive=1 kernel=1 cpu_ns=6891908767000000 mem=709369856 instructions=7885578446373 wakeups=20680540 diski=8777728 disko=556445696 rx=72517898 tx=30711452 comm=*system*
psu_energy_ac_mcp_machine=73975852173
-------
timestamp=3408657668193229
iterations=8378
sample_ns=100000000
window_ns=1000000000
rapl_core_sum_uj=26722994969
rapl_psys_sum_uj=0
pid=0 energy=34498972235200135 alive=1 kernel=1 cpu_ns=6891908824000000 mem=709283840 instructions=7885623040027 wakeups=20680758 diski=8777728 disko=556445696 rx=72517898 tx=30711452 comm=*system*
psu_energy_ac_mcp_machine=73983889282
-------
timestamp=3408657807061087
iterations=8380
sample_ns=100000000
window_ns=1000000000
rapl_core_sum_uj=26731869296
rapl_psys_sum_uj=0
pid=0 energy=34498985898140375 alive=1 kernel=1 cpu_ns=6891909562000000 mem=735592448 instructions=7887617628075 wakeups=20802023 diski=8777728 disko=556445696 rx=72517901 tx=30711456 comm=*system*
psu_energy_ac_mcp_machine=74002260742
-------
timestamp=3408657943479453
iterations=8381
sample_ns=100000000
window_ns=1000000000
rapl_core_sum_uj=26739750399
rapl_psys_sum_uj=0
pid=0 energy=34498997750169640 alive=1 kernel=1 cpu_ns=6891910180000000 mem=735678464 instructions=7889370033928 wakeups=20912625 diski=8777728 disko=556445696 rx=72517901 tx=30711456 comm=*system*
psu_energy_ac_mcp_machine=74025990601
-------
timestamp=3408658082450444
iterations=8382
sample_ns=100000000
window_ns=1000000000
rapl_core_sum_uj=26747661104
rapl_psys_sum_uj=0
pid=0 energy=34499009714074040 alive=1 kernel=1 cpu_ns=6891910804000000 mem=736206848 instructions=7891138814808 wakeups=21023994 diski=8777728 disko=556445696 rx=72517901 tx=30711456 comm=*system*
psu_energy_ac_mcp_machine=74043736816
-------
timestamp=3408658217534043
iterations=8384
sample_ns=100000000
window_ns=1000000000
rapl_core_sum_uj=26763517792
rapl_psys_sum_uj=0
pid=0 energy=34499033531079990 alive=1 kernel=1 cpu_ns=6891912051000000 mem=736432128 instructions=7894655215998 wakeups=21245637 diski=8777728 disko=559611904 rx=72517901 tx=30711456 comm=*system*
psu_energy_ac_mcp_machine=74067430664
-------
timestamp=3408658357992750
iterations=8385
sample_ns=100000000
window_ns=1000000000
rapl_core_sum_uj=26771501373
rapl_psys_sum_uj=0
pid=0 energy=34499045740943825 alive=1 kernel=1 cpu_ns=6891912681000000 mem=736206848 instructions=7896467188765 wakeups=21355637 diski=8777728 disko=559611904 rx=72517901 tx=30711456 comm=*system*
psu_energy_ac_mcp_machine=74085109375
-------
timestamp=3408658494222835
iterations=8386
sample_ns=100000000
window_ns=1000000000
rapl_core_sum_uj=26779290313
rapl_psys_sum_uj=0
pid=0 energy=34499057539195795 alive=1 kernel=1 cpu_ns=6891913299000000 mem=736432128 instructions=7898208839159 wakeups=21464763 diski=8777728 disko=559611904 rx=72517901 tx=30711456 comm=*system*
psu_energy_ac_mcp_machine=74102803833
-------
timestamp=3408658631778962
iterations=8388
sample_ns=100000000
window_ns=1000000000
rapl_core_sum_uj=26795108610
rapl_psys_sum_uj=0
pid=0 energy=34499081498159965 alive=1 kernel=1 cpu_ns=6891914552000000 mem=736206848 instructions=7901747631993 wakeups=21688823 diski=8777728 disko=559611904 rx=72517901 tx=30711456 comm=*system*
psu_energy_ac_mcp_machine=74126432007
-------
timestamp=3408658771738002
iterations=8389
sample_ns=100000000
window_ns=1000000000
rapl_core_sum_uj=26803004239
rapl_psys_sum_uj=0
pid=0 energy=34499093329398075 alive=1 kernel=1 cpu_ns=6891915170000000 mem=736206848 instructions=7903495879615 wakeups=21799142 diski=8777728 disko=559611904 rx=72517901 tx=30711456 comm=*system*
psu_energy_ac_mcp_machine=74144272583
-------
timestamp=3408658906632408
iterations=8390
sample_ns=100000000
window_ns=1000000000
rapl_core_sum_uj=26811056973
rapl_psys_sum_uj=0
pid=0 energy=34499105339858805 alive=1 kernel=1 cpu_ns=6891915800000000 mem=736206848 instructions=7905267971761 wakeups=21909808 diski=8777728 disko=559611904 rx=72517901 tx=30711456 comm=*system*
psu_energy_ac_mcp_machine=74168132324
-------
timestamp=3408659046827849
iterations=8392
sample_ns=100000000
window_ns=1000000000
rapl_core_sum_uj=26827061122
rapl_psys_sum_uj=0
pid=0 energy=34499129253516060 alive=1 kernel=1 cpu_ns=6891917046000000 mem=736264192 instructions=7908804703212 wakeups=22134528 diski=8777728 disko=559611904 rx=72517901 tx=30711456 comm=*system*
psu_energy_ac_mcp_machine=74186009888
-------
timestamp=3408659183704331
iterations=8393
sample_ns=100000000
window_ns=1000000000
rapl_core_sum_uj=26834996424
rapl_psys_sum_uj=0
pid=0 energy=34499141116935395 alive=1 kernel=1 cpu_ns=6891917664000000 mem=736264192 instructions=7910559387079 wakeups=22245469 diski=8777728 disko=559611904 rx=72517901 tx=30711456 comm=*system*
psu_energy_ac_mcp_machine=74209836426
-------
timestamp=3408659323200412
iterations=8394
sample_ns=100000000
window_ns=1000000000
rapl_core_sum_uj=26842992700
rapl_psys_sum_uj=0
pid=0 energy=34499153076880860 alive=1 kernel=1 cpu_ns=6891918287000000 mem=736264192 instructions=7912328376172 wakeups=22357334 diski=8777728 disko=559611904 rx=72517901 tx=30711456 comm=*system*
psu_energy_ac_mcp_machine=74227732544
-------
timestamp=3408659458842401
iterations=8396
sample_ns=100000000
window_ns=1000000000
rapl_core_sum_uj=26859076806
rapl_psys_sum_uj=0
pid=0 energy=34499177140438160 alive=1 kernel=1 cpu_ns=6891919540000000 mem=736264192 instructions=7915888087632 wakeups=22584300 diski=8777728 disko=559611904 rx=72517903 tx=30711456 comm=*system*
psu_energy_ac_mcp_machine=74251610840
-------
timestamp=3408659599816969
iterations=8397
sample_ns=100000000
window_ns=1000000000
rapl_core_sum_uj=26867067101
rapl_psys_sum_uj=0
pid=0 energy=34499189115297225 alive=1 kernel=1 cpu_ns=6891920162000000 mem=736264192 instructions=7917661059445 wakeups=22696748 diski=8777728 disko=559611904 rx=72517903 tx=30711456 comm=*system*
psu_energy_ac_mcp_machine=74269493896
-------
timestamp=3408659736535573
iterations=8398
sample_ns=100000000
window_ns=1000000000
rapl_core_sum_uj=26874999413
rapl_psys_sum_uj=0
pid=0 energy=34499200929171615 alive=1 kernel=1 cpu_ns=6891920779000000 mem=736038912 instructions=7919406834323 wakeups=22806489 diski=8777728 disko=559611904 rx=72517903 tx=30711456 comm=*system*
psu_energy_ac_mcp_machine=74293335815
-------
timestamp=3408659877700775
iterations=8400
sample_ns=100000000
window_ns=1000000000
rapl_core_sum_uj=26890984946
rapl_psys_sum_uj=0
pid=0 energy=34499224769766430 alive=1 kernel=1 cpu_ns=6891922027000000 mem=736264192 instructions=7922926953286 wakeups=23028669 diski=8777728 disko=559611904 rx=72517903 tx=30711456 comm=*system*
psu_energy_ac_mcp_machine=74311233643
-------
timestamp=3408660014675308
iterations=8401
sample_ns=100000000
window_ns=1000000000
rapl_core_sum_uj=26898974936
rapl_psys_sum_uj=0
pid=0 energy=34499236699224035 alive=1 kernel=1 cpu_ns=6891922651000000 mem=736055296 instructions=7924688844807 wakeups=23139371 diski=8777728 disko=559611904 rx=72517903 tx=30711456 comm=*system*
psu_energy_ac_mcp_machine=74329128052
-------
timestamp=3408660151395717
iterations=8402
sample_ns=100000000
window_ns=1000000000
rapl_core_sum_uj=26907054953
rapl_psys_sum_uj=0
pid=0 energy=34499248752234890 alive=1 kernel=1 cpu_ns=6891923280000000 mem=736055296 instructions=7926470446978 wakeups=23251523 diski=8777728 disko=559611904 rx=72517903 tx=30711456 comm=*system*
psu_energy_ac_mcp_machine=74352991333
-------
timestamp=3408660291938401
iterations=8404
sample_ns=100000000
window_ns=1000000000
rapl_core_sum_uj=26922975240
rapl_psys_sum_uj=0
pid=0 energy=34499272472393680 alive=1 kernel=1 cpu_ns=6891924522000000 mem=736055296 instructions=7929972478736 wakeups=23472842 diski=8777728 disko=559611904 rx=72517903 tx=30711456 comm=*system*
psu_energy_ac_mcp_machine=74370882690
-------
timestamp=3408660428203486
iterations=8405
sample_ns=100000000
window_ns=1000000000
rapl_core_sum_uj=26931048360
rapl_psys_sum_uj=0
pid=0 energy=34499284524687225 alive=1 kernel=1 cpu_ns=6891925151000000 mem=736055296 instructions=7931753937445 wakeups=23585225 diski=8777728 disko=559611904 rx=72517903 tx=30711456 comm=*system*
psu_energy_ac_mcp_machine=74394745361
-------
timestamp=3408660568708758
iterations=8406
sample_ns=100000000
window_ns=1000000000
rapl_core_sum_uj=26938971943
rapl_psys_sum_uj=0
pid=0 energy=34499296338345730 alive=1 kernel=1 cpu_ns=6891925768000000 mem=735830016 instructions=7933499669146 wakeups=23695242 diski=8777728 disko=559611904 rx=72517903 tx=30711456 comm=*system*
psu_energy_ac_mcp_machine=74412641724
-------
timestamp=3408660707053336
iterations=8408
sample_ns=100000000
window_ns=1000000000
rapl_core_sum_uj=26954990740
rapl_psys_sum_uj=0
pid=0 energy=34499320286346500 alive=1 kernel=1 cpu_ns=6891927015000000 mem=736055296 instructions=7937042269300 wakeups=23920914 diski=8777728 disko=559611904 rx=72517903 tx=30711456 comm=*system*
psu_energy_ac_mcp_machine=74436544678
-------
timestamp=3408660845786728
iterations=8409
sample_ns=100000000
window_ns=1000000000
rapl_core_sum_uj=26963009905
rapl_psys_sum_uj=0
pid=0 energy=34499332214946305 alive=1 kernel=1 cpu_ns=6891927635000000 mem=736055296 instructions=7938807989261 wakeups=24032192 diski=8777728 disko=559611904 rx=72517903 tx=30711456 comm=*system*
psu_energy_ac_mcp_machine=74454463501
-------
timestamp=3408660982011868
iterations=8410
sample_ns=100000000
window_ns=1000000000
rapl_core_sum_uj=26971012407
rapl_psys_sum_uj=0
pid=0 energy=34499344198906160 alive=1 kernel=1 cpu_ns=6891928259000000 mem=736083968 instructions=7940580781232 wakeups=24144586 diski=8777728 disko=559611904 rx=72517903 tx=30711456 comm=*system*
psu_energy_ac_mcp_machine=74478417480
-------
timestamp=3408661122977181
iterations=8412
sample_ns=100000000
window_ns=1000000000
rapl_core_sum_uj=26987107987
rapl_psys_sum_uj=0
pid=0 energy=34499368215452740 alive=1 kernel=1 cpu_ns=6891929513000000 mem=736034816 instructions=7944130090548 wakeups=24369179 diski=8777728 disko=559611904 rx=72517903 tx=30711456 comm=*system*
psu_energy_ac_mcp_machine=74496346558
-------
timestamp=3408661259746925
iterations=8413
sample_ns=100000000
window_ns=1000000000
rapl_core_sum_uj=26995035477
rapl_psys_sum_uj=0
pid=0 energy=34499380015044495 alive=1 kernel=1 cpu_ns=6891930131000000 mem=736260096 instructions=7945872008899 wakeups=24478379 diski=8777728 disko=559656960 rx=72517903 tx=30711456 comm=*system*
psu_energy_ac_mcp_machine=74520286011
-------
timestamp=3408661400814547
iterations=8414
sample_ns=100000000
window_ns=1000000000
rapl_core_sum_uj=27003120376
rapl_psys_sum_uj=0
pid=0 energy=34499392031699610 alive=1 kernel=1 cpu_ns=6891930761000000 mem=736034816 instructions=7947645339922 wakeups=24589372 diski=8777728 disko=559656960 rx=72517903 tx=30711456 comm=*system*
psu_energy_ac_mcp_machine=74538236328
-------
timestamp=3408661537979939
iterations=8416
sample_ns=100000000
window_ns=1000000000
rapl_core_sum_uj=27019177260
rapl_psys_sum_uj=0
pid=0 energy=34499415890969700 alive=1 kernel=1 cpu_ns=6891932009000000 mem=736034816 instructions=7951169193940 wakeups=24812327 diski=8777728 disko=559656960 rx=72517905 tx=30711456 comm=*system*
psu_energy_ac_mcp_machine=74562145874
-------
timestamp=3408661677367286
iterations=8417
sample_ns=100000000
window_ns=1000000000
rapl_core_sum_uj=27027206617
rapl_psys_sum_uj=0
pid=0 energy=34499427800751445 alive=1 kernel=1 cpu_ns=6891932633000000 mem=736260096 instructions=7952927150289 wakeups=24922636 diski=8777728 disko=559656960 rx=72517905 tx=30711456 comm=*system*
psu_energy_ac_mcp_machine=74580061157
-------
timestamp=3408661813265138
iterations=8418
sample_ns=100000000
window_ns=1000000000
rapl_core_sum_uj=27035130262
rapl_psys_sum_uj=0
pid=0 energy=34499439625559560 alive=1 kernel=1 cpu_ns=6891933251000000 mem=736034816 instructions=7954674111912 wakeups=25032678 diski=8777728 disko=559656960 rx=72517905 tx=30711456 comm=*system*
psu_energy_ac_mcp_machine=74603982056
-------
timestamp=3408661956078591
iterations=8420
sample_ns=100000000
window_ns=1000000000
rapl_core_sum_uj=27051274731
rapl_psys_sum_uj=0
pid=0 energy=34499463608139320 alive=1 kernel=1 cpu_ns=6891934505000000 mem=736092160 instructions=7958216627864 wakeups=25256934 diski=8777728 disko=559656960 rx=72517905 tx=30711456 comm=*system*
psu_energy_ac_mcp_machine=74621921143
-------
timestamp=3408662092846836
iterations=8421
sample_ns=100000000
window_ns=1000000000
rapl_core_sum_uj=27059235546
rapl_psys_sum_uj=0
pid=0 energy=34499475472726215 alive=1 kernel=1 cpu_ns=6891935122000000 mem=736317440 instructions=7959972545243 wakeups=25368187 diski=8777728 disko=559656960 rx=72517905 tx=30711456 comm=*system*
psu_energy_ac_mcp_machine=74639842896
-------
timestamp=3408662229769779
iterations=8422
sample_ns=100000000
window_ns=1000000000
rapl_core_sum_uj=27067358531
rapl_psys_sum_uj=0
pid=0 energy=34499487521732760 alive=1 kernel=1 cpu_ns=6891935751000000 mem=736317440 instructions=7961753346552 wakeups=25480442 diski=8777728 disko=559656960 rx=72517905 tx=30711456 comm=*system*
psu_energy_ac_mcp_machine=74663753906
-------
timestamp=3408662370488973
iterations=8424
sample_ns=100000000
window_ns=1000000000
rapl_core_sum_uj=27083428476
rapl_psys_sum_uj=0
pid=0 energy=34499511405372370 alive=1 kernel=1 cpu_ns=6891936999000000 mem=736092160 instructions=7965282074474 wakeups=25704313 diski=8777728 disko=559656960 rx=72517905 tx=30711456 comm=*system*
psu_energy_ac_mcp_machine=74681671997
-------
timestamp=3408662507344516
iterations=8425
sample_ns=100000000
window_ns=1000000000
rapl_core_sum_uj=27091433908
rapl_psys_sum_uj=0
pid=0 energy=34499523395924020 alive=1 kernel=1 cpu_ns=6891937623000000 mem=736092160 instructions=7967056184804 wakeups=25816857 diski=8777728 disko=559656960 rx=72517905 tx=30711456 comm=*system*
psu_energy_ac_mcp_machine=74705601318
-------
timestamp=3408662646279577
iterations=8426
sample_ns=100000000
window_ns=1000000000
rapl_core_sum_uj=27099378304
rapl_psys_sum_uj=0
pid=0 energy=34499535211744985 alive=1 kernel=1 cpu_ns=6891938240000000 mem=736317440 instructions=7968802348997 wakeups=25926698 diski=8777728 disko=559656960 rx=72517905 tx=30711456 comm=*system*
psu_energy_ac_mcp_machine=74723541016
-------
timestamp=3408662785298818
iterations=8428
sample_ns=100000000
window_ns=1000000000
rapl_core_sum_uj=27115429023
rapl_psys_sum_uj=0
pid=0 energy=34499559094076645 alive=1 kernel=1 cpu_ns=6891939488000000 mem=736317440 instructions=7972330815329 wakeups=26149349 diski=8777728 disko=559656960 rx=72517905 tx=30711456 comm=*system*
psu_energy_ac_mcp_machine=74747480713
-------
timestamp=3408662925649244
iterations=8429
sample_ns=100000000
window_ns=1000000000
rapl_core_sum_uj=27123513129
rapl_psys_sum_uj=0
pid=0 energy=34499571099546510 alive=1 kernel=1 cpu_ns=6891940118000000 mem=736542720 instructions=7974101909302 wakeups=26260207 diski=8777728 disko=559656960 rx=72517905 tx=30711456 comm=*system*
psu_energy_ac_mcp_machine=74765444702
-------
timestamp=3408663062596313
iterations=8430
sample_ns=100000000
window_ns=1000000000
rapl_core_sum_uj=27131504339
rapl_psys_sum_uj=0
pid=0 energy=34499583038290470 alive=1 kernel=1 cpu_ns=6891940742000000 mem=736333824 instructions=7975865658094 wakeups=26371114 diski=8777728 disko=559656960 rx=72517905 tx=30711456 comm=*system*
psu_energy_ac_mcp_machine=74789423706
-------
timestamp=3408663203104616
iterations=8432
sample_ns=100000000
window_ns=1000000000
rapl_core_sum_uj=27147453373
rapl_psys_sum_uj=0
pid=0 energy=34499606792197660 alive=1 kernel=1 cpu_ns=6891941984000000 mem=736108544 instructions=7979374439532 wakeups=26592914 diski=8777728 disko=559656960 rx=72517905 tx=30711456 comm=*system*
psu_energy_ac_mcp_machine=74807400879
-------
timestamp=3408663340526120
iterations=8433
sample_ns=100000000
window_ns=1000000000
rapl_core_sum_uj=27155470401
rapl_psys_sum_uj=0
pid=0 energy=34499618735090780 alive=1 kernel=1 cpu_ns=6891942608000000 mem=736333824 instructions=7981139018156 wakeups=26703778 diski=8777728 disko=559656960 rx=72517905 tx=30711456 comm=*system*
psu_energy_ac_mcp_machine=74831363037
-------
timestamp=3408663480289746
iterations=8434
sample_ns=100000000
window_ns=1000000000
rapl_core_sum_uj=27163498599
rapl_psys_sum_uj=0
pid=0 energy=34499630690001665 alive=1 kernel=1 cpu_ns=6891943232000000 mem=736108544 instructions=7982906000333 wakeups=26815236 diski=8777728 disko=559656960 rx=72517907 tx=30711456 comm=*system*
psu_energy_ac_mcp_machine=74849330566
-------
timestamp=3408663617299936
iterations=8436
sample_ns=100000000
window_ns=1000000000
rapl_core_sum_uj=27179610964
rapl_psys_sum_uj=0
pid=0 energy=34499654706960220 alive=1 kernel=1 cpu_ns=6891944486000000 mem=736108544 instructions=7986455392044 wakeups=27040608 diski=8777728 disko=559656960 rx=72517907 tx=30711456 comm=*system*
psu_energy_ac_mcp_machine=74873269287
-------
timestamp=3408663757387530
iterations=8437
sample_ns=100000000
window_ns=1000000000
rapl_core_sum_uj=27187535707
rapl_psys_sum_uj=0
pid=0 energy=34499666537591455 alive=1 kernel=1 cpu_ns=6891945102000000 mem=736108544 instructions=7988205518291 wakeups=27151098 diski=8777728 disko=559656960 rx=72517907 tx=30711456 comm=*system*
psu_energy_ac_mcp_machine=74891219116
-------
timestamp=3408663894978511
iterations=8438
sample_ns=100000000
window_ns=1000000000
rapl_core_sum_uj=27195635255
rapl_psys_sum_uj=0
pid=0 energy=34499678667875235 alive=1 kernel=1 cpu_ns=6891945732000000 mem=736333824 instructions=7990001575047 wakeups=27264089 diski=8777728 disko=559656960 rx=72517907 tx=30711456 comm=*system*
psu_energy_ac_mcp_machine=74915230103
-------
timestamp=3408664034602750
iterations=8440
sample_ns=100000000
window_ns=1000000000
rapl_core_sum_uj=27211606994
rapl_psys_sum_uj=0
pid=0 energy=34499702455298245 alive=1 kernel=1 cpu_ns=6891946973000000 mem=736342016 instructions=7993518059649 wakeups=27486755 diski=8777728 disko=559656960 rx=72517907 tx=30711456 comm=*system*
psu_energy_ac_mcp_machine=74933189941
-------
timestamp=3408664171832013
iterations=8441
sample_ns=100000000
window_ns=1000000000
rapl_core_sum_uj=27219733947
rapl_psys_sum_uj=0
pid=0 energy=34499714524430665 alive=1 kernel=1 cpu_ns=6891947603000000 mem=736342016 instructions=7995301886133 wakeups=27599183 diski=8777728 disko=559656960 rx=72517907 tx=30711456 comm=*system*
psu_energy_ac_mcp_machine=74951169067
-------
timestamp=3408664308614441
iterations=8442
sample_ns=100000000
window_ns=1000000000
rapl_core_sum_uj=27227647887
rapl_psys_sum_uj=0
pid=0 energy=34499726332007200 alive=1 kernel=1 cpu_ns=6891948221000000 mem=736342016 instructions=7997045401440 wakeups=27708721 diski=8777728 disko=559656960 rx=72517907 tx=30711456 comm=*system*
psu_energy_ac_mcp_machine=74975070435
-------
timestamp=3408664448157129
iterations=8444
sample_ns=100000000
window_ns=1000000000
rapl_core_sum_uj=27243734495
rapl_psys_sum_uj=0
pid=0 energy=34499750408532245 alive=1 kernel=1 cpu_ns=6891949475000000 mem=736567296 instructions=8000606706449 wakeups=27935197 diski=8777728 disko=559656960 rx=72517907 tx=30711456 comm=*system*
psu_energy_ac_mcp_machine=74993007690
-------
timestamp=3408664585442087
iterations=8445
sample_ns=100000000
window_ns=1000000000
rapl_core_sum_uj=27251661863
rapl_psys_sum_uj=0
pid=0 energy=34499762248345535 alive=1 kernel=1 cpu_ns=6891950092000000 mem=736116736 instructions=8002357669107 wakeups=28045639 diski=8777728 disko=559656960 rx=72517907 tx=30711456 comm=*system*
psu_energy_ac_mcp_machine=75016920776
-------
timestamp=3408664725497488
iterations=8446
sample_ns=100000000
window_ns=1000000000
rapl_core_sum_uj=27259731687
rapl_psys_sum_uj=0
pid=0 energy=34499774296348170 alive=1 kernel=1 cpu_ns=6891950722000000 mem=736342016 instructions=8004137269634 wakeups=28157780 diski=8777728 disko=559656960 rx=72517907 tx=30711456 comm=*system*
psu_energy_ac_mcp_machine=75034835938
-------
timestamp=3408664864302414
iterations=8448
sample_ns=100000000
window_ns=1000000000
rapl_core_sum_uj=27275706417
rapl_psys_sum_uj=0
pid=0 energy=34499798024439180 alive=1 kernel=1 cpu_ns=6891951963000000 mem=736567296 instructions=8007641887836 wakeups=28379324 diski=8777728 disko=559656960 rx=72517907 tx=30711456 comm=*system*
psu_energy_ac_mcp_machine=75058794067
-------
timestamp=3408665003674730
iterations=8449
sample_ns=100000000
window_ns=1000000000
rapl_core_sum_uj=27283790828
rapl_psys_sum_uj=0
pid=0 energy=34499810026285700 alive=1 kernel=1 cpu_ns=6891952587000000 mem=736108544 instructions=8009418257140 wakeups=28492166 diski=8777728 disko=559656960 rx=72517907 tx=30711456 comm=*system*
psu_energy_ac_mcp_machine=75076810913
-------
timestamp=3408665139959120
iterations=8450
sample_ns=100000000
window_ns=1000000000
rapl_core_sum_uj=27291881953
rapl_psys_sum_uj=0
pid=0 energy=34499822095968825 alive=1 kernel=1 cpu_ns=6891953216000000 mem=736333824 instructions=8011203193765 wakeups=28604958 diski=8777728 disko=559656960 rx=72517907 tx=30711456 comm=*system*
psu_energy_ac_mcp_machine=75100770874
-------
timestamp=3408665280801444
iterations=8452
sample_ns=100000000
window_ns=1000000000
rapl_core_sum_uj=27307835016
rapl_psys_sum_uj=0
pid=0 energy=34499845819903615 alive=1 kernel=1 cpu_ns=6891954457000000 mem=736333824 instructions=8014706980723 wakeups=28826563 diski=8777728 disko=559656960 rx=72517907 tx=30711456 comm=*system*
psu_energy_ac_mcp_machine=75118697021
-------
timestamp=3408665416873512
iterations=8453
sample_ns=100000000
window_ns=1000000000
rapl_core_sum_uj=27315903802
rapl_psys_sum_uj=0
pid=0 energy=34499857868697905 alive=1 kernel=1 cpu_ns=6891955085000000 mem=736333824 instructions=8016488739581 wakeups=28937795 diski=8777728 disko=559656960 rx=72517907 tx=30711456 comm=*system*
psu_energy_ac_mcp_machine=75142584106
-------
timestamp=3408665555942977
iterations=8454
sample_ns=100000000
window_ns=1000000000
rapl_core_sum_uj=27323944207
rapl_psys_sum_uj=0
pid=0 energy=34499869855759820 alive=1 kernel=1 cpu_ns=6891955709000000 mem=736333824 instructions=8018262151964 wakeups=29050066 diski=8777728 disko=559656960 rx=72517909 tx=30711456 comm=*system*
psu_energy_ac_mcp_machine=75160570557
-------
timestamp=3408665693876360
iterations=8456
sample_ns=100000000
window_ns=1000000000
rapl_core_sum_uj=27339984672
rapl_psys_sum_uj=0
pid=0 energy=34499893717741420 alive=1 kernel=1 cpu_ns=6891956956000000 mem=736333824 instructions=8021787548284 wakeups=29273335 diski=8777728 disko=559656960 rx=72517909 tx=30711456 comm=*system*
psu_energy_ac_mcp_machine=75178517212
-------
timestamp=3408665830295610
iterations=8457
sample_ns=100000000
window_ns=1000000000
rapl_core_sum_uj=27347989798
rapl_psys_sum_uj=0
pid=0 energy=34499905615903965 alive=1 kernel=1 cpu_ns=6891957578000000 mem=736333824 instructions=8023545180793 wakeups=29383529 diski=8777728 disko=559656960 rx=72517909 tx=30711456 comm=*system*
psu_energy_ac_mcp_machine=75202428711
-------
timestamp=3408665969777659
iterations=8458
sample_ns=100000000
window_ns=1000000000
rapl_core_sum_uj=27355947683
rapl_psys_sum_uj=0
pid=0 energy=34499917427678375 alive=1 kernel=1 cpu_ns=6891958196000000 mem=736284672 instructions=8025289535675 wakeups=29492867 diski=8777728 disko=559656960 rx=72517909 tx=30711456 comm=*system*
psu_energy_ac_mcp_machine=75220368774
-------
timestamp=3408666107612316
iterations=8460
sample_ns=100000000
window_ns=1000000000
rapl_core_sum_uj=27371973866
rapl_psys_sum_uj=0
pid=0 energy=34499941306797565 alive=1 kernel=1 cpu_ns=6891959444000000 mem=736284672 instructions=8028817359513 wakeups=29716790 diski=8777728 disko=559656960 rx=72517909 tx=30711456 comm=*system*
psu_energy_ac_mcp_machine=75244287476
-------
timestamp=3408666247157142
iterations=8461
sample_ns=100000000
window_ns=1000000000
rapl_core_sum_uj=27380061756
rapl_psys_sum_uj=0
pid=0 energy=34499953350110170 alive=1 kernel=1 cpu_ns=6891960074000000 mem=736059392 instructions=8030596022034 wakeups=29828629 diski=8777728 disko=559656960 rx=72517909 tx=30711456 comm=*system*
psu_energy_ac_mcp_machine=75262195313
-------
timestamp=3408666383757330
iterations=8462
sample_ns=100000000
window_ns=1000000000
rapl_core_sum_uj=27388011035
rapl_psys_sum_uj=0
pid=0 energy=34499965225278370 alive=1 kernel=1 cpu_ns=6891960692000000 mem=736059392 instructions=8032353055674 wakeups=29939926 diski=8777728 disko=559677440 rx=72517909 tx=30711456 comm=*system*
psu_energy_ac_mcp_machine=75286139648
-------
timestamp=3408666525680374
iterations=8464
sample_ns=100000000
window_ns=1000000000
rapl_core_sum_uj=27404168627
rapl_psys_sum_uj=0
pid=0 energy=34499989314525855 alive=1 kernel=1 cpu_ns=6891961945000000 mem=736284672 instructions=8035917905171 wakeups=30167269 diski=8777728 disko=559677440 rx=72517910 tx=30711456 comm=*system*
psu_energy_ac_mcp_machine=75304116699
-------
timestamp=3408666662085333
iterations=8465
sample_ns=100000000
window_ns=1000000000
rapl_core_sum_uj=27412111131
rapl_psys_sum_uj=0
pid=0 energy=34500001171831515 alive=1 kernel=1 cpu_ns=6891962563000000 mem=736284672 instructions=8037671366303 wakeups=30278074 diski=8777728 disko=559677440 rx=72517910 tx=30711456 comm=*system*
psu_energy_ac_mcp_machine=75328080688
-------
timestamp=3408666801441360
iterations=8466
sample_ns=100000000
window_ns=1000000000
rapl_core_sum_uj=27420167771
rapl_psys_sum_uj=0
pid=0 energy=34500013116304415 alive=1 kernel=1 cpu_ns=6891963187000000 mem=736284672 instructions=8039436260883 wakeups=30389352 diski=8777728 disko=559677440 rx=72517911 tx=30711458 comm=*system*
psu_energy_ac_mcp_machine=75346083252
-------
timestamp=3408666938037269
iterations=8468
sample_ns=100000000
window_ns=1000000000
rapl_core_sum_uj=27436315659
rapl_psys_sum_uj=0
pid=0 energy=34500037172015785 alive=1 kernel=1 cpu_ns=6891964440000000 mem=736153600 instructions=8042994403157 wakeups=30615409 diski=8777728 disko=559677440 rx=72517911 tx=30711458 comm=*system*
psu_energy_ac_mcp_machine=75370090454
-------
timestamp=3408667078802329
iterations=8469
sample_ns=100000000
window_ns=1000000000
rapl_core_sum_uj=27444251266
rapl_psys_sum_uj=0
pid=0 energy=34500049003505095 alive=1 kernel=1 cpu_ns=6891965058000000 mem=736378880 instructions=8044742701019 wakeups=30724591 diski=8777728 disko=559677440 rx=72517911 tx=30711458 comm=*system*
psu_energy_ac_mcp_machine=75388090332
-------
timestamp=3408667215608542
iterations=8470
sample_ns=100000000
window_ns=1000000000
rapl_core_sum_uj=27452325606
rapl_psys_sum_uj=0
pid=0 energy=34500061088198985 alive=1 kernel=1 cpu_ns=6891965687000000 mem=736378880 instructions=8046530639797 wakeups=30837599 diski=8777728 disko=559677440 rx=72517911 tx=30711458 comm=*system*
psu_energy_ac_mcp_machine=75412082397
-------
timestamp=3408667355240360
iterations=8472
sample_ns=100000000
window_ns=1000000000
rapl_core_sum_uj=27468266217
rapl_psys_sum_uj=0
pid=0 energy=34500084957592540 alive=1 kernel=1 cpu_ns=6891966929000000 mem=736378880 instructions=8050062518508 wakeups=31062712 diski=8777728 disko=559677440 rx=72517911 tx=30711458 comm=*system*
psu_energy_ac_mcp_machine=75430061157
-------
timestamp=3408667491276026
iterations=8473
sample_ns=100000000
window_ns=1000000000
rapl_core_sum_uj=27476283428
rapl_psys_sum_uj=0
pid=0 energy=34500096923737180 alive=1 kernel=1 cpu_ns=6891967553000000 mem=736153600 instructions=8051831747436 wakeups=31174476 diski=8777728 disko=559677440 rx=72517913 tx=30711458 comm=*system*
psu_energy_ac_mcp_machine=75448039429
-------
timestamp=3408667627936680
iterations=8474
sample_ns=100000000
window_ns=1000000000
rapl_core_sum_uj=27484355144
rapl_psys_sum_uj=0
pid=0 energy=34500108983683115 alive=1 kernel=1 cpu_ns=6891968183000000 mem=736378880 instructions=8053613736623 wakeups=31286704 diski=8777728 disko=559677440 rx=72517913 tx=30711458 comm=*system*
psu_energy_ac_mcp_machine=75472019409
-------
timestamp=3408667767883346
iterations=8476
sample_ns=100000000
window_ns=1000000000
rapl_core_sum_uj=27500307413
rapl_psys_sum_uj=0
pid=0 energy=34500132835777280 alive=1 kernel=1 cpu_ns=6891969425000000 mem=736378880 instructions=8057142155456 wakeups=31511113 diski=8777728 disko=559677440 rx=72517913 tx=30711458 comm=*system*
psu_energy_ac_mcp_machine=75489986694
-------
timestamp=3408667904858317
iterations=8477
sample_ns=100000000
window_ns=1000000000
rapl_core_sum_uj=27508395669
rapl_psys_sum_uj=0
pid=0 energy=34500144921039035 alive=1 kernel=1 cpu_ns=6891970048000000 mem=736378880 instructions=8058936207807 wakeups=31623424 diski=8777728 disko=559677440 rx=72517913 tx=30711458 comm=*system*
psu_energy_ac_mcp_machine=75514050781
-------
timestamp=3408668045123725
iterations=8478
sample_ns=100000000
window_ns=1000000000
rapl_core_sum_uj=27516416298
rapl_psys_sum_uj=0
pid=0 energy=34500156835435470 alive=1 kernel=1 cpu_ns=6891970672000000 mem=736161792 instructions=8060695087094 wakeups=31733718 diski=8777728 disko=559677440 rx=72517913 tx=30711458 comm=*system*
psu_energy_ac_mcp_machine=75532003906
-------
timestamp=3408668183914098
iterations=8480
sample_ns=100000000
window_ns=1000000000
rapl_core_sum_uj=27532523170
rapl_psys_sum_uj=0
pid=0 energy=34500180867476540 alive=1 kernel=1 cpu_ns=6891971925000000 mem=736612352 instructions=8064248495308 wakeups=31958059 diski=8777728 disko=559677440 rx=72517913 tx=30711458 comm=*system*
psu_energy_ac_mcp_machine=75555980225
-------
timestamp=3408668323385793
iterations=8481
sample_ns=100000000
window_ns=1000000000
rapl_core_sum_uj=27540535926
rapl_psys_sum_uj=0
pid=0 energy=34500192658504885 alive=1 kernel=1 cpu_ns=6891972542000000 mem=736161792 instructions=8065989700977 wakeups=32068171 diski=8777728 disko=559677440 rx=72517913 tx=30711458 comm=*system*
psu_energy_ac_mcp_machine=75574004883
-------
timestamp=3408668459542518
iterations=8482
sample_ns=100000000
window_ns=1000000000
rapl_core_sum_uj=27548613440
rapl_psys_sum_uj=0
pid=0 energy=34500204587694365 alive=1 kernel=1 cpu_ns=6891973166000000 mem=736161792 instructions=8067751538873 wakeups=32179105 diski=8777728 disko=559677440 rx=72517913 tx=30711458 comm=*system*
psu_energy_ac_mcp_machine=75598033203
-------
timestamp=3408668598903826
iterations=8484
sample_ns=100000000
window_ns=1000000000
rapl_core_sum_uj=27564744177
rapl_psys_sum_uj=0
pid=0 energy=34500228667413805 alive=1 kernel=1 cpu_ns=6891974420000000 mem=736612352 instructions=8071313482761 wakeups=32405975 diski=8777728 disko=559677440 rx=72517913 tx=30711458 comm=*system*
psu_energy_ac_mcp_machine=75616007324
-------
timestamp=3408668736429756
iterations=8485
sample_ns=100000000
window_ns=1000000000
rapl_core_sum_uj=27572751989
rapl_psys_sum_uj=0
pid=0 energy=34500240482581165 alive=1 kernel=1 cpu_ns=6891975036000000 mem=736161792 instructions=8073060516233 wakeups=32516604 diski=8777728 disko=559677440 rx=72517913 tx=30711458 comm=*system*
psu_energy_ac_mcp_machine=75640053955
-------
timestamp=3408668876667699
iterations=8486
sample_ns=100000000
window_ns=1000000000
rapl_core_sum_uj=27580822789
rapl_psys_sum_uj=0
pid=0 energy=34500252380684205 alive=1 kernel=1 cpu_ns=6891975660000000 mem=736161792 instructions=8074816136841 wakeups=32626562 diski=8777728 disko=559677440 rx=72517913 tx=30711458 comm=*system*
psu_energy_ac_mcp_machine=75658050171
-------
timestamp=3408669013180629
iterations=8488
sample_ns=100000000
window_ns=1000000000
rapl_core_sum_uj=27596939914
rapl_psys_sum_uj=0
pid=0 energy=34500276284283800 alive=1 kernel=1 cpu_ns=6891976914000000 mem=737116160 instructions=8078342856760 wakeups=32847500 diski=8777728 disko=559677440 rx=72517913 tx=30711458 comm=*system*
psu_energy_ac_mcp_machine=75676025513
-------
timestamp=3408669150050315
iterations=8489
sample_ns=100000000
window_ns=1000000000
rapl_core_sum_uj=27604889743
rapl_psys_sum_uj=0
pid=0 energy=34500288048552405 alive=1 kernel=1 cpu_ns=6891977532000000 mem=736440320 instructions=8080077710481 wakeups=32957219 diski=8777728 disko=559677440 rx=72517913 tx=30711458 comm=*system*
psu_energy_ac_mcp_machine=75699954346
-------
timestamp=3408669289402368
iterations=8490
sample_ns=100000000
window_ns=1000000000
rapl_core_sum_uj=27612912020
rapl_psys_sum_uj=0
pid=0 energy=34500300000359310 alive=1 kernel=1 cpu_ns=6891978155000000 mem=736440320 instructions=8081845071862 wakeups=33068763 diski=8777728 disko=559677440 rx=72517913 tx=30711458 comm=*system*
psu_energy_ac_mcp_machine=75717923096
-------
timestamp=3408669426384608
iterations=8492
sample_ns=100000000
window_ns=1000000000
rapl_core_sum_uj=27629066804
rapl_psys_sum_uj=0
pid=0 energy=34500324081232185 alive=1 kernel=1 cpu_ns=6891979409000000 mem=737116160 instructions=8085407246437 wakeups=33294292 diski=8777728 disko=559677440 rx=72517915 tx=30711458 comm=*system*
psu_energy_ac_mcp_machine=75741871216
-------
timestamp=3408669565609343
iterations=8493
sample_ns=100000000
window_ns=1000000000
rapl_core_sum_uj=27637020722
rapl_psys_sum_uj=0
pid=0 energy=34500335894133415 alive=1 kernel=1 cpu_ns=6891980027000000 mem=736440320 instructions=8087151826683 wakeups=33405491 diski=8777728 disko=559677440 rx=72517915 tx=30711458 comm=*system*
psu_energy_ac_mcp_machine=75759810425
-------
timestamp=3408669702168896
iterations=8494
sample_ns=100000000
window_ns=1000000000
rapl_core_sum_uj=27645035065
rapl_psys_sum_uj=0
pid=0 energy=34500347867555515 alive=1 kernel=1 cpu_ns=6891980651000000 mem=736215040 instructions=8088922511103 wakeups=33517502 diski=8777728 disko=559677440 rx=72517915 tx=30711458 comm=*system*
psu_energy_ac_mcp_machine=75783742310
-------
timestamp=3408669841216457
iterations=8496
sample_ns=100000000
window_ns=1000000000
rapl_core_sum_uj=27661085723
rapl_psys_sum_uj=0
pid=0 energy=34500371795608515 alive=1 kernel=1 cpu_ns=6891981899000000 mem=737116160 instructions=8092460121703 wakeups=33740660 diski=8777728 disko=559677440 rx=72517915 tx=30711458 comm=*system*
psu_energy_ac_mcp_machine=75801665161
-------
timestamp=3408669977247431
iterations=8497
sample_ns=100000000
window_ns=1000000000
rapl_core_sum_uj=27669105437
rapl_psys_sum_uj=0
pid=0 energy=34500383750250375 alive=1 kernel=1 cpu_ns=6891982523000000 mem=736157696 instructions=8094227050075 wakeups=33853454 diski=8777728 disko=559677440 rx=72517915 tx=30711458 comm=*system*
psu_energy_ac_mcp_machine=75825602661
-------
timestamp=3408670116745502
iterations=8498
sample_ns=100000000
window_ns=1000000000
rapl_core_sum_uj=27677120573
rapl_psys_sum_uj=0
pid=0 energy=34500395670245740 alive=1 kernel=1 cpu_ns=6891983147000000 mem=736157696 instructions=8095987049148 wakeups=33964044 diski=8777728 disko=559677440 rx=72517915 tx=30711458 comm=*system*
psu_energy_ac_mcp_machine=75843545044
-------
timestamp=3408670252287113
iterations=8499
sample_ns=100000000
window_ns=1000000000
rapl_core_sum_uj=27685135099
rapl_psys_sum_uj=0
pid=0 energy=34500407608716580 alive=1 kernel=1 cpu_ns=6891983770000000 mem=736382976 instructions=8097751743316 wakeups=34074755 diski=8777728 disko=559677440 rx=72517915 tx=30711458 comm=*system*
psu_energy_ac_mcp_machine=75861499756
-------
timestamp=3408670388662454
iterations=8501
sample_ns=100000000
window_ns=1000000000
rapl_core_sum_uj=27701280728
rapl_psys_sum_uj=0
pid=0 energy=34500431727287430 alive=1 kernel=1 cpu_ns=6891985024000000 mem=736157696 instructions=8101321457486 wakeups=34303005 diski=8777728 disko=559677440 rx=72517915 tx=30711458 comm=*system*
psu_energy_ac_mcp_machine=75885471313
-------
timestamp=3408670529720257
iterations=8502
sample_ns=100000000
window_ns=1000000000
rapl_core_sum_uj=27709294766
rapl_psys_sum_uj=0
pid=0 energy=34500443716865145 alive=1 kernel=1 cpu_ns=6891985648000000 mem=736382976 instructions=8103095373029 wakeups=34415433 diski=8777728 disko=559677440 rx=72517915 tx=30711458 comm=*system*
psu_energy_ac_mcp_machine=75903439209
-------
timestamp=3408670666756472
iterations=8503
sample_ns=100000000
window_ns=1000000000
rapl_core_sum_uj=27717318874
rapl_psys_sum_uj=0
pid=0 energy=34500455657088940 alive=1 kernel=1 cpu_ns=6891986272000000 mem=736157696 instructions=8104859417788 wakeups=34526249 diski=8777728 disko=559677440 rx=72517915 tx=30711458 comm=*system*
psu_energy_ac_mcp_machine=75927390381
-------
timestamp=3408670807296607
iterations=8505
sample_ns=100000000
window_ns=1000000000
rapl_core_sum_uj=27733375209
rapl_psys_sum_uj=0
pid=0 energy=34500479527644630 alive=1 kernel=1 cpu_ns=6891987520000000 mem=736382976 instructions=8108385528926 wakeups=34750282 diski=8777728 disko=559677440 rx=72517915 tx=30711458 comm=*system*
psu_energy_ac_mcp_machine=75945353027
-------
timestamp=3408670943706151
iterations=8506
sample_ns=100000000
window_ns=1000000000
rapl_core_sum_uj=27741422328
rapl_psys_sum_uj=0
pid=0 energy=34500491478522680 alive=1 kernel=1 cpu_ns=6891988144000000 mem=736202752 instructions=8110151704536 wakeups=34861629 diski=8777728 disko=559677440 rx=72517915 tx=30711458 comm=*system*
psu_energy_ac_mcp_machine=75969292480
-------
timestamp=3408671082808019
iterations=8507
sample_ns=100000000
window_ns=1000000000
rapl_core_sum_uj=27749446375
rapl_psys_sum_uj=0
pid=0 energy=34500503410108000 alive=1 kernel=1 cpu_ns=6891988767000000 mem=736202752 instructions=8111915021600 wakeups=34972279 diski=8777728 disko=559677440 rx=72517915 tx=30711458 comm=*system*
psu_energy_ac_mcp_machine=75987248047
-------
timestamp=3408671219067440
iterations=8509
sample_ns=100000000
window_ns=1000000000
rapl_core_sum_uj=27765460474
rapl_psys_sum_uj=0
pid=0 energy=34500527240642655 alive=1 kernel=1 cpu_ns=6891990009000000 mem=736202752 instructions=8115439128531 wakeups=35196685 diski=8777728 disko=559677440 rx=72517915 tx=30711458 comm=*system*
psu_energy_ac_mcp_machine=76011181763
-------
timestamp=3408671358594849
iterations=8510
sample_ns=100000000
window_ns=1000000000
rapl_core_sum_uj=27773499170
rapl_psys_sum_uj=0
pid=0 energy=34500539168240670 alive=1 kernel=1 cpu_ns=6891990633000000 mem=736428032 instructions=8117200648134 wakeups=35307485 diski=8777728 disko=559677440 rx=72517915 tx=30711458 comm=*system*
psu_energy_ac_mcp_machine=76029115601
-------
timestamp=3408671495531500
iterations=8511
sample_ns=100000000
window_ns=1000000000
rapl_core_sum_uj=27781627221
rapl_psys_sum_uj=0
pid=0 energy=34500551258125580 alive=1 kernel=1 cpu_ns=6891991262000000 mem=736202752 instructions=8118989625116 wakeups=35420459 diski=8777728 disko=559697920 rx=72517917 tx=30711458 comm=*system*
psu_energy_ac_mcp_machine=76053079956
-------
timestamp=3408671636732919
iterations=8513
sample_ns=100000000
window_ns=1000000000
rapl_core_sum_uj=27797674217
rapl_psys_sum_uj=0
pid=0 energy=34500575036037475 alive=1 kernel=1 cpu_ns=6891992504000000 mem=736428032 instructions=8122503207495 wakeups=35643759 diski=8777728 disko=559697920 rx=72517917 tx=30711458 comm=*system*
psu_energy_ac_mcp_machine=76071029907
-------
timestamp=3408671773801904
iterations=8514
sample_ns=100000000
window_ns=1000000000
rapl_core_sum_uj=27805776633
rapl_psys_sum_uj=0
pid=0 energy=34500586977484045 alive=1 kernel=1 cpu_ns=6891993127000000 mem=736428032 instructions=8124268496809 wakeups=35755087 diski=8777728 disko=559697920 rx=72517917 tx=30711458 comm=*system*
psu_energy_ac_mcp_machine=76095104248
-------
timestamp=3408671914129738
iterations=8515
sample_ns=100000000
window_ns=1000000000
rapl_core_sum_uj=27813929220
rapl_psys_sum_uj=0
pid=0 energy=34500599029926830 alive=1 kernel=1 cpu_ns=6891993757000000 mem=736202752 instructions=8126048985366 wakeups=35866981 diski=8777728 disko=559697920 rx=72517917 tx=30711458 comm=*system*
psu_energy_ac_mcp_machine=76113109009
-------
timestamp=3408672050738613
iterations=8517
sample_ns=100000000
window_ns=1000000000
rapl_core_sum_uj=27829971028
rapl_psys_sum_uj=0
pid=0 energy=34500622830096400 alive=1 kernel=1 cpu_ns=6891994999000000 mem=736210944 instructions=8129567019280 wakeups=36090824 diski=8777728 disko=559697920 rx=72517917 tx=30711458 comm=*system*
psu_energy_ac_mcp_machine=76131122437
-------
timestamp=3408672187512059
iterations=8518
sample_ns=100000000
window_ns=1000000000
rapl_core_sum_uj=27838141804
rapl_psys_sum_uj=0
pid=0 energy=34500634882564605 alive=1 kernel=1 cpu_ns=6891995628000000 mem=736210944 instructions=8131348512921 wakeups=36202828 diski=8777728 disko=559697920 rx=72517917 tx=30711458 comm=*system*
psu_energy_ac_mcp_machine=76155212280
-------
timestamp=3408672327064539
iterations=8519
sample_ns=100000000
window_ns=1000000000
rapl_core_sum_uj=27846104816
rapl_psys_sum_uj=0
pid=0 energy=34500646732198890 alive=1 kernel=1 cpu_ns=6891996246000000 mem=736436224 instructions=8133100439778 wakeups=36313086 diski=8777728 disko=559697920 rx=72517917 tx=30711458 comm=*system*
psu_energy_ac_mcp_machine=76173208496
-------
timestamp=3408672463244508
iterations=8521
sample_ns=100000000
window_ns=1000000000
rapl_core_sum_uj=27862289324
rapl_psys_sum_uj=0
pid=0 energy=34500670773266715 alive=1 kernel=1 cpu_ns=6891997499000000 mem=736436224 instructions=8136655653343 wakeups=36538840 diski=8777728 disko=559697920 rx=72517917 tx=30711458 comm=*system*
psu_energy_ac_mcp_machine=76197204834
-------
timestamp=3408672602971142
iterations=8522
sample_ns=100000000
window_ns=1000000000
rapl_core_sum_uj=27870272295
rapl_psys_sum_uj=0
pid=0 energy=34500682596822055 alive=1 kernel=1 cpu_ns=6891998116000000 mem=735985664 instructions=8138403364411 wakeups=36648962 diski=8777728 disko=559697920 rx=72517917 tx=30711458 comm=*system*
psu_energy_ac_mcp_machine=76215172485
-------
timestamp=3408672739899339
iterations=8523
sample_ns=100000000
window_ns=1000000000
rapl_core_sum_uj=27878329057
rapl_psys_sum_uj=0
pid=0 energy=34500694566426730 alive=1 kernel=1 cpu_ns=6891998740000000 mem=735985664 instructions=8140173285346 wakeups=36760632 diski=8777728 disko=559697920 rx=72517917 tx=30711458 comm=*system*
psu_energy_ac_mcp_machine=76239161011
-------
timestamp=3408672878832416
iterations=8525
sample_ns=100000000
window_ns=1000000000
rapl_core_sum_uj=27894525589
rapl_psys_sum_uj=0
pid=0 energy=34500718670530670 alive=1 kernel=1 cpu_ns=6891999993000000 mem=735985664 instructions=8143741106134 wakeups=36987548 diski=8777728 disko=559697920 rx=72517917 tx=30711458 comm=*system*
psu_energy_ac_mcp_machine=76257136719
-------
timestamp=3408673014378941
iterations=8526
sample_ns=100000000
window_ns=1000000000
rapl_core_sum_uj=27902493972
rapl_psys_sum_uj=0
pid=0 energy=34500730561482215 alive=1 kernel=1 cpu_ns=6892000611000000 mem=736235520 instructions=8145501296443 wakeups=37099035 diski=8777728 disko=559697920 rx=72517917 tx=30711458 comm=*system*
psu_energy_ac_mcp_machine=76281106445
-------
timestamp=3408673153843164
iterations=8527
sample_ns=100000000
window_ns=1000000000
rapl_core_sum_uj=27910541884
rapl_psys_sum_uj=0
pid=0 energy=34500742490291705 alive=1 kernel=1 cpu_ns=6892001235000000 mem=736460800 instructions=8147263058341 wakeups=37209398 diski=8777728 disko=559697920 rx=72517917 tx=30711458 comm=*system*
psu_energy_ac_mcp_machine=76299087646
-------
timestamp=3408673290834190
iterations=8529
sample_ns=100000000
window_ns=1000000000
rapl_core_sum_uj=27926723280
rapl_psys_sum_uj=0
pid=0 energy=34500766466428165 alive=1 kernel=1 cpu_ns=6892002489000000 mem=736460800 instructions=8150804285633 wakeups=37433064 diski=8777728 disko=559697920 rx=72517917 tx=30711458 comm=*system*
psu_energy_ac_mcp_machine=76317065552
-------
timestamp=3408673427029951
iterations=8530
sample_ns=100000000
window_ns=1000000000
rapl_core_sum_uj=27934792676
rapl_psys_sum_uj=0
pid=0 energy=34500778395662130 alive=1 kernel=1 cpu_ns=6892003112000000 mem=736235520 instructions=8152567132426 wakeups=37543928 diski=8777728 disko=559697920 rx=72517917 tx=30711458 comm=*system*
psu_energy_ac_mcp_machine=76341029785
-------
timestamp=3408673566849717
iterations=8531
sample_ns=100000000
window_ns=1000000000
rapl_core_sum_uj=27942851513
rapl_psys_sum_uj=0
pid=0 energy=34500790322334500 alive=1 kernel=1 cpu_ns=6892003736000000 mem=736460800 instructions=8154328466900 wakeups=37654671 diski=8777728 disko=559697920 rx=72517919 tx=30711458 comm=*system*
psu_energy_ac_mcp_machine=76358983643
-------
timestamp=3408673705060672
iterations=8533
sample_ns=100000000
window_ns=1000000000
rapl_core_sum_uj=27958885631
rapl_psys_sum_uj=0
pid=0 energy=34500814183394805 alive=1 kernel=1 cpu_ns=6892004978000000 mem=736235520 instructions=8157858678961 wakeups=37879451 diski=8777728 disko=559697920 rx=72517919 tx=30711458 comm=*system*
psu_energy_ac_mcp_machine=76382916260
-------
timestamp=3408673844518771
iterations=8534
sample_ns=100000000
window_ns=1000000000
rapl_core_sum_uj=27966921519
rapl_psys_sum_uj=0
pid=0 energy=34500826132315840 alive=1 kernel=1 cpu_ns=6892005602000000 mem=736460800 instructions=8159624463168 wakeups=37990745 diski=8777728 disko=559697920 rx=72517919 tx=30711458 comm=*system*
psu_energy_ac_mcp_machine=76400852783
-------
timestamp=3408673981586677
iterations=8535
sample_ns=100000000
window_ns=1000000000
rapl_core_sum_uj=27974958018
rapl_psys_sum_uj=0
pid=0 energy=34500838055207175 alive=1 kernel=1 cpu_ns=6892006226000000 mem=736231424 instructions=8161385041435 wakeups=38101424 diski=8777728 disko=559697920 rx=72517919 tx=30711458 comm=*system*
psu_energy_ac_mcp_machine=76424825439
-------
timestamp=3408674123741736
iterations=8537
sample_ns=100000000
window_ns=1000000000
rapl_core_sum_uj=27991156747
rapl_psys_sum_uj=0
pid=0 energy=34500862100486855 alive=1 kernel=1 cpu_ns=6892007480000000 mem=736456704 instructions=8164940097371 wakeups=38327337 diski=8777728 disko=559697920 rx=72517919 tx=30711458 comm=*system*
psu_energy_ac_mcp_machine=76442764648
-------
timestamp=3408674259329428
iterations=8538
sample_ns=100000000
window_ns=1000000000
rapl_core_sum_uj=27999138802
rapl_psys_sum_uj=0
pid=0 energy=34500873989495810 alive=1 kernel=1 cpu_ns=6892008098000000 mem=736456704 instructions=8166699899162 wakeups=38438912 diski=8777728 disko=559697920 rx=72517920 tx=30711458 comm=*system*
psu_energy_ac_mcp_machine=76466689087
-------
timestamp=3408674399293793
iterations=8539
sample_ns=100000000
window_ns=1000000000
rapl_core_sum_uj=28007273811
rapl_psys_sum_uj=0
pid=0 energy=34500886067924850 alive=1 kernel=1 cpu_ns=6892008727000000 mem=736231424 instructions=8168486584970 wakeups=38551889 diski=8777728 disko=559697920 rx=72517920 tx=30711458 comm=*system*
psu_energy_ac_mcp_machine=76484654907
-------
timestamp=3408674538035996
iterations=8541
sample_ns=100000000
window_ns=1000000000
rapl_core_sum_uj=28023389288
rapl_psys_sum_uj=0
pid=0 energy=34500910044810625 alive=1 kernel=1 cpu_ns=6892009975000000 mem=736006144 instructions=8172033962125 wakeups=38777840 diski=8777728 disko=559697920 rx=72517920 tx=30711458 comm=*system*
psu_energy_ac_mcp_machine=76508630127
-------
timestamp=3408674676815284
iterations=8542
sample_ns=100000000
window_ns=1000000000
rapl_core_sum_uj=28031364751
rapl_psys_sum_uj=0
pid=0 energy=34500921904813925 alive=1 kernel=1 cpu_ns=6892010592000000 mem=736231424 instructions=8173788962785 wakeups=38888779 diski=8777728 disko=559697920 rx=72517920 tx=30711458 comm=*system*
psu_energy_ac_mcp_machine=76526611816
-------
timestamp=3408674812961501
iterations=8543
sample_ns=100000000
window_ns=1000000000
rapl_core_sum_uj=28039494450
rapl_psys_sum_uj=0
pid=0 energy=34500934009298535 alive=1 kernel=1 cpu_ns=6892011221000000 mem=736231424 instructions=8175580859707 wakeups=39002232 diski=8777728 disko=559697920 rx=72517920 tx=30711458 comm=*system*
psu_energy_ac_mcp_machine=76550552124
-------
timestamp=3408674954079023
iterations=8545
sample_ns=100000000
window_ns=1000000000
rapl_core_sum_uj=28055515995
rapl_psys_sum_uj=0
pid=0 energy=34500957832563045 alive=1 kernel=1 cpu_ns=6892012463000000 mem=736260096 instructions=8179103512609 wakeups=39225972 diski=8777728 disko=559697920 rx=72517920 tx=30711458 comm=*system*
psu_energy_ac_mcp_machine=76568514404
-------
timestamp=3408675090721207
iterations=8546
sample_ns=100000000
window_ns=1000000000
rapl_core_sum_uj=28063564578
rapl_psys_sum_uj=0
pid=0 energy=34500969763287915 alive=1 kernel=1 cpu_ns=6892013087000000 mem=736485376 instructions=8180865657583 wakeups=39336724 diski=8777728 disko=559697920 rx=72517920 tx=30711458 comm=*system*
psu_energy_ac_mcp_machine=76586470947
-------
timestamp=3408675227739173
iterations=8547
sample_ns=100000000
window_ns=1000000000
rapl_core_sum_uj=28071608584
rapl_psys_sum_uj=0
pid=0 energy=34500981693542465 alive=1 kernel=1 cpu_ns=6892013710000000 mem=736260096 instructions=8182628708493 wakeups=39447598 diski=8777728 disko=559697920 rx=72517920 tx=30711458 comm=*system*
psu_energy_ac_mcp_machine=76610426758
-------
timestamp=3408675365794190
iterations=8549
sample_ns=100000000
window_ns=1000000000
rapl_core_sum_uj=28087797731
rapl_psys_sum_uj=0
pid=0 energy=34501005822396875 alive=1 kernel=1 cpu_ns=6892014964000000 mem=736485376 instructions=8186200479375 wakeups=39675708 diski=8777728 disko=559697920 rx=72517920 tx=30711458 comm=*system*
psu_energy_ac_mcp_machine=76628366089
-------
timestamp=3408675502259223
iterations=8550
sample_ns=100000000
window_ns=1000000000
rapl_core_sum_uj=28095859620
rapl_psys_sum_uj=0
pid=0 energy=34501017834461990 alive=1 kernel=1 cpu_ns=6892015587000000 mem=736710656 instructions=8187979892398 wakeups=39788570 diski=8777728 disko=559697920 rx=72517922 tx=30711458 comm=*system*
psu_energy_ac_mcp_machine=76652279907
-------
timestamp=3408675642506369
iterations=8551
sample_ns=100000000
window_ns=1000000000
rapl_core_sum_uj=28103911072
rapl_psys_sum_uj=0
pid=0 energy=34501029781744600 alive=1 kernel=1 cpu_ns=6892016211000000 mem=736260096 instructions=8189745348920 wakeups=39899583 diski=8777728 disko=559697920 rx=72517922 tx=30711458 comm=*system*
psu_energy_ac_mcp_machine=76670215454
-------
timestamp=3408675779202336
iterations=8553
sample_ns=100000000
window_ns=1000000000
rapl_core_sum_uj=28120542785
rapl_psys_sum_uj=0
pid=0 energy=34501054527766970 alive=1 kernel=1 cpu_ns=6892017500000000 mem=736935936 instructions=8193405553394 wakeups=40131036 diski=8777728 disko=559697920 rx=72517922 tx=30711458 comm=*system*
psu_energy_ac_mcp_machine=76694157104
-------
timestamp=3408675918873199
iterations=8554
sample_ns=100000000
window_ns=1000000000
rapl_core_sum_uj=28128591857
rapl_psys_sum_uj=0
pid=0 energy=34501066448785120 alive=1 kernel=1 cpu_ns=6892018123000000 mem=736247808 instructions=8195166757024 wakeups=40242828 diski=8777728 disko=559697920 rx=72517922 tx=30711458 comm=*system*
psu_energy_ac_mcp_machine=76712111938
-------
timestamp=3408676056263337
iterations=8555
sample_ns=100000000
window_ns=1000000000
rapl_core_sum_uj=28136704649
rapl_psys_sum_uj=0
pid=0 energy=34501078803372115 alive=1 kernel=1 cpu_ns=6892018753000000 mem=736473088 instructions=8197007674423 wakeups=40353214 diski=8777728 disko=559697920 rx=72517922 tx=30711458 comm=*system*
psu_energy_ac_mcp_machine=76735981079
-------
timestamp=3408676195744601
iterations=8557
sample_ns=100000000
window_ns=1000000000
rapl_core_sum_uj=28152657529
rapl_psys_sum_uj=0
pid=0 energy=34501102732263695 alive=1 kernel=1 cpu_ns=6892019999000000 mem=736923648 instructions=8200547452739 wakeups=40576570 diski=8777728 disko=559697920 rx=72517922 tx=30711458 comm=*system*
psu_energy_ac_mcp_machine=76753833008
-------
timestamp=3408676332086258
iterations=8558
sample_ns=100000000
window_ns=1000000000
rapl_core_sum_uj=28160701962
rapl_psys_sum_uj=0
pid=0 energy=34501114645140320 alive=1 kernel=1 cpu_ns=6892020623000000 mem=736473088 instructions=8202306028064 wakeups=40688242 diski=8777728 disko=559697920 rx=72517922 tx=30711458 comm=*system*
psu_energy_ac_mcp_machine=76771791504
-------
timestamp=3408676468485006
iterations=8559
sample_ns=100000000
window_ns=1000000000
rapl_core_sum_uj=28168749386
rapl_psys_sum_uj=0
pid=0 energy=34501126640384505 alive=1 kernel=1 cpu_ns=6892021247000000 mem=736247808 instructions=8204081076901 wakeups=40800856 diski=8777728 disko=559697920 rx=72517922 tx=30711458 comm=*system*
psu_energy_ac_mcp_machine=76795790161
-------
timestamp=3408676608394720
iterations=8561
sample_ns=100000000
window_ns=1000000000
rapl_core_sum_uj=28184778132
rapl_psys_sum_uj=0
pid=0 energy=34501150450526440 alive=1 kernel=1 cpu_ns=6892022487000000 mem=737148928 instructions=8207603105288 wakeups=41023229 diski=8777728 disko=559718400 rx=72517923 tx=30711459 comm=*system*
psu_energy_ac_mcp_machine=76813793701
-------
timestamp=3408676745871414
iterations=8562
sample_ns=100000000
window_ns=1000000000
rapl_core_sum_uj=28192913324
rapl_psys_sum_uj=0
pid=0 energy=34501162491942395 alive=1 kernel=1 cpu_ns=6892023116000000 mem=736247808 instructions=8209382388479 wakeups=41136559 diski=8777728 disko=559718400 rx=72517923 tx=30711459 comm=*system*
psu_energy_ac_mcp_machine=76837790894
-------
timestamp=3408676886203902
iterations=8563
sample_ns=100000000
window_ns=1000000000
rapl_core_sum_uj=28200963372
rapl_psys_sum_uj=0
pid=0 energy=34501174381308760 alive=1 kernel=1 cpu_ns=6892023740000000 mem=736247808 instructions=8211136261752 wakeups=41246291 diski=8777728 disko=559718400 rx=72517923 tx=30711459 comm=*system*
psu_energy_ac_mcp_machine=76855769531
-------
timestamp=3408677022742761
iterations=8565
sample_ns=100000000
window_ns=1000000000
rapl_core_sum_uj=28216971428
rapl_psys_sum_uj=0
pid=0 energy=34501198084648955 alive=1 kernel=1 cpu_ns=6892024981000000 mem=737591296 instructions=8214635929791 wakeups=41464912 diski=8777728 disko=559718400 rx=72517923 tx=30711459 comm=*system*
psu_energy_ac_mcp_machine=76879767456
-------
timestamp=3408677161825842
iterations=8566
sample_ns=100000000
window_ns=1000000000
rapl_core_sum_uj=28225096916
rapl_psys_sum_uj=0
pid=0 energy=34501210138074400 alive=1 kernel=1 cpu_ns=6892025611000000 mem=736464896 instructions=8216416614880 wakeups=41578727 diski=8777728 disko=559718400 rx=72517923 tx=30711459 comm=*system*
psu_energy_ac_mcp_machine=76897736084
-------
timestamp=3408677297624262
iterations=8567
sample_ns=100000000
window_ns=1000000000
rapl_core_sum_uj=28233073051
rapl_psys_sum_uj=0
pid=0 energy=34501221979373205 alive=1 kernel=1 cpu_ns=6892026229000000 mem=736464896 instructions=8218166874641 wakeups=41688982 diski=8777728 disko=559718400 rx=72517923 tx=30711459 comm=*system*
psu_energy_ac_mcp_machine=76921723511
-------
timestamp=3408677437710974
iterations=8568
sample_ns=100000000
window_ns=1000000000
rapl_core_sum_uj=28241221000
rapl_psys_sum_uj=0
pid=0 energy=34501234009801095 alive=1 kernel=1 cpu_ns=6892026859000000 mem=736464896 instructions=8219942960219 wakeups=41799578 diski=8777728 disko=562229248 rx=72517923 tx=30711459 comm=*system*
psu_energy_ac_mcp_machine=76939733398
-------
timestamp=3408677574305763
iterations=8570
sample_ns=100000000
window_ns=1000000000
rapl_core_sum_uj=28257328543
rapl_psys_sum_uj=0
pid=0 energy=34501257850075270 alive=1 kernel=1 cpu_ns=6892028106000000 mem=736239616 instructions=8223464015054 wakeups=42022687 diski=8777728 disko=562229248 rx=72517925 tx=30711459 comm=*system*
psu_energy_ac_mcp_machine=76963723145
-------
timestamp=3408677732820678
iterations=8571
sample_ns=100000000
window_ns=1000000000
rapl_core_sum_uj=28265368643
rapl_psys_sum_uj=0
pid=0 energy=34501269776274330 alive=1 kernel=1 cpu_ns=6892028730000000 mem=736239616 instructions=8225225254866 wakeups=42133563 diski=8777728 disko=562229248 rx=72517925 tx=30711459 comm=*system*
psu_energy_ac_mcp_machine=76980077637
-------
timestamp=3408677906420127
iterations=8573
sample_ns=100000000
window_ns=1000000000
rapl_core_sum_uj=28269269643
rapl_psys_sum_uj=0
pid=0 energy=34501276227768840 alive=1 kernel=1 cpu_ns=6892029144000000 mem=736735232 instructions=8226101553768 wakeups=42152416 diski=8777728 disko=563703808 rx=72517930 tx=30711465 comm=*system*
psu_energy_ac_mcp_machine=76989044678
-------
timestamp=3408678078261655
iterations=8574
sample_ns=100000000
window_ns=1000000000
rapl_core_sum_uj=28270378773
rapl_psys_sum_uj=0
pid=0 energy=34501280675607230 alive=1 kernel=1 cpu_ns=6892029656000000 mem=736735232 instructions=8226479121446 wakeups=42154142 diski=8777728 disko=565878784 rx=72517930 tx=30711465 comm=*system*
psu_energy_ac_mcp_machine=76997858276
-------
timestamp=3408678247977419
iterations=8576
sample_ns=100000000
window_ns=1000000000
rapl_core_sum_uj=28272447741
rapl_psys_sum_uj=0
pid=0 energy=34501288567610115 alive=1 kernel=1 cpu_ns=6892030605000000 mem=736960512 instructions=8227108522023 wakeups=42157706 diski=8777728 disko=570294272 rx=72517930 tx=30711465 comm=*system*
psu_energy_ac_mcp_machine=77008934814
-------
timestamp=3408678417750090
iterations=8577
sample_ns=100000000
window_ns=1000000000
rapl_core_sum_uj=28273458055
rapl_psys_sum_uj=0
pid=0 energy=34501292471849085 alive=1 kernel=1 cpu_ns=6892031078000000 mem=736509952 instructions=8227416369817 wakeups=42159387 diski=8777728 disko=572063744 rx=72517930 tx=30711465 comm=*system*
psu_energy_ac_mcp_machine=77017705322
-------
timestamp=3408678593783815
iterations=8579
sample_ns=100000000
window_ns=1000000000
rapl_core_sum_uj=28275491807
rapl_psys_sum_uj=0
pid=0 energy=34501299872178850 alive=1 kernel=1 cpu_ns=6892031965000000 mem=736509952 instructions=8228009435770 wakeups=42162772 diski=8777728 disko=576077824 rx=72517930 tx=30711465 comm=*system*
psu_energy_ac_mcp_machine=77026403809
-------
timestamp=3408678762794882
iterations=8581
sample_ns=100000000
window_ns=1000000000
rapl_core_sum_uj=28277580795
rapl_psys_sum_uj=0
pid=0 energy=34501307812626905 alive=1 kernel=1 cpu_ns=6892032915000000 mem=737861632 instructions=8228647525381 wakeups=42166198 diski=8777728 disko=579973120 rx=72517930 tx=30711465 comm=*system*
psu_energy_ac_mcp_machine=77035144653
-------
timestamp=3408678935792970
iterations=8582
sample_ns=100000000
window_ns=1000000000
rapl_core_sum_uj=28278589523
rapl_psys_sum_uj=0
pid=0 energy=34501311575645255 alive=1 kernel=1 cpu_ns=6892033370000000 mem=736735232 instructions=8228945129051 wakeups=42168014 diski=8777728 disko=582197248 rx=72517930 tx=30711465 comm=*system*
psu_energy_ac_mcp_machine=77046096191
-------
timestamp=3408679107550508
iterations=8584
sample_ns=100000000
window_ns=1000000000
rapl_core_sum_uj=28280690841
rapl_psys_sum_uj=0
pid=0 energy=34501319335509500 alive=1 kernel=1 cpu_ns=6892034295000000 mem=737726464 instructions=8229572101900 wakeups=42171505 diski=8777728 disko=586170368 rx=72517930 tx=30711465 comm=*system*
psu_energy_ac_mcp_machine=77054899414
-------
timestamp=3408679278833954
iterations=8585
sample_ns=100000000
window_ns=1000000000
rapl_core_sum_uj=28281741744
rapl_psys_sum_uj=0
pid=0 energy=34501323315081850 alive=1 kernel=1 cpu_ns=6892034775000000 mem=737050624 instructions=8229888016370 wakeups=42173214 diski=8777728 disko=588062720 rx=72517930 tx=30711465 comm=*system*
psu_energy_ac_mcp_machine=77063606079
-------
timestamp=3408679450118748
iterations=8587
sample_ns=100000000
window_ns=1000000000
rapl_core_sum_uj=28283723188
rapl_psys_sum_uj=0
pid=0 energy=34501330330192340 alive=1 kernel=1 cpu_ns=6892035610000000 mem=737275904 instructions=8230456038468 wakeups=42176402 diski=8777728 disko=591290368 rx=72517932 tx=30711465 comm=*system*
psu_energy_ac_mcp_machine=77074490601
-------
timestamp=3408679621985607
iterations=8588
sample_ns=100000000
window_ns=1000000000
rapl_core_sum_uj=28284726850
rapl_psys_sum_uj=0
pid=0 energy=34501333936009165 alive=1 kernel=1 cpu_ns=6892036043000000 mem=736825344 instructions=8230744201833 wakeups=42178089 diski=8777728 disko=593104896 rx=72517932 tx=30711465 comm=*system*
psu_energy_ac_mcp_machine=77083107544
-------
timestamp=3408679793478784
iterations=8590
sample_ns=100000000
window_ns=1000000000
rapl_core_sum_uj=28286668804
rapl_psys_sum_uj=0
pid=0 energy=34501340675273100 alive=1 kernel=1 cpu_ns=6892036848000000 mem=736825344 instructions=8231287054620 wakeups=42181232 diski=8777728 disko=596303872 rx=72517932 tx=30711465 comm=*system*
psu_energy_ac_mcp_machine=77091711792
-------
timestamp=3408679960748131
iterations=8591
sample_ns=100000000
window_ns=1000000000
rapl_core_sum_uj=28287685893
rapl_psys_sum_uj=0
pid=0 energy=34501344443431355 alive=1 kernel=1 cpu_ns=6892037304000000 mem=736804864 instructions=8231584686271 wakeups=42183013 diski=8777728 disko=598294528 rx=72517932 tx=30711465 comm=*system*
psu_energy_ac_mcp_machine=77100386719
-------
timestamp=3408680127957326
iterations=8593
sample_ns=100000000
window_ns=1000000000
rapl_core_sum_uj=28289672525
rapl_psys_sum_uj=0
pid=0 energy=34501351422651380 alive=1 kernel=1 cpu_ns=6892038140000000 mem=737030144 instructions=8232144530276 wakeups=42186312 diski=8777728 disko=601686016 rx=72517932 tx=30711465 comm=*system*
psu_energy_ac_mcp_machine=77111322998
-------
timestamp=3408680302317820
iterations=8594
sample_ns=100000000
window_ns=1000000000
rapl_core_sum_uj=28290661782
rapl_psys_sum_uj=0
pid=0 energy=34501354820134200 alive=1 kernel=1 cpu_ns=6892038546000000 mem=737030144 instructions=8232418026840 wakeups=42187911 diski=8777728 disko=603230208 rx=72517932 tx=30711465 comm=*system*
psu_energy_ac_mcp_machine=77120021362
-------
timestamp=3408680476397533
iterations=8596
sample_ns=100000000
window_ns=1000000000
rapl_core_sum_uj=28292561195
rapl_psys_sum_uj=0
pid=0 energy=34501361473246185 alive=1 kernel=1 cpu_ns=6892039342000000 mem=736927744 instructions=8232952649237 wakeups=42191004 diski=8777728 disko=606392320 rx=72517932 tx=30711465 comm=*system*
psu_energy_ac_mcp_machine=77128934204
-------
timestamp=3408680643455430
iterations=8597
sample_ns=100000000
window_ns=1000000000
rapl_core_sum_uj=28293541236
rapl_psys_sum_uj=0
pid=0 energy=34501365011522750 alive=1 kernel=1 cpu_ns=6892039764000000 mem=737153024 instructions=8233238304550 wakeups=42192603 diski=8777728 disko=607862784 rx=72517932 tx=30711465 comm=*system*
psu_energy_ac_mcp_machine=77137652100
-------
timestamp=3408680814071141
iterations=8599
sample_ns=100000000
window_ns=1000000000
rapl_core_sum_uj=28295451025
rapl_psys_sum_uj=0
pid=0 energy=34501371834048325 alive=1 kernel=1 cpu_ns=6892040589000000 mem=736702464 instructions=8233777809665 wakeups=42195697 diski=8777728 disko=611049472 rx=72517932 tx=30711465 comm=*system*
psu_energy_ac_mcp_machine=77148511963
-------
timestamp=3408680988836470
iterations=8600
sample_ns=100000000
window_ns=1000000000
rapl_core_sum_uj=28296455419
rapl_psys_sum_uj=0
pid=0 energy=34501375470746525 alive=1 kernel=1 cpu_ns=6892041021000000 mem=736829440 instructions=8234073149305 wakeups=42197393 diski=8777728 disko=612675584 rx=72517932 tx=30711465 comm=*system*
psu_energy_ac_mcp_machine=77156553223
-------
timestamp=3408681155859893
iterations=8602
sample_ns=100000000
window_ns=1000000000
rapl_core_sum_uj=28298362034
rapl_psys_sum_uj=0
pid=0 energy=34501382033437625 alive=1 kernel=1 cpu_ns=6892041808000000 mem=736829440 instructions=8234598687525 wakeups=42200520 diski=8777728 disko=616017920 rx=72517932 tx=30711465 comm=*system*
psu_energy_ac_mcp_machine=77164636841
-------
timestamp=3408681323872656
iterations=8603
sample_ns=100000000
window_ns=1000000000
rapl_core_sum_uj=28299345920
rapl_psys_sum_uj=0
pid=0 energy=34501385652067805 alive=1 kernel=1 cpu_ns=6892042243000000 mem=736604160 instructions=8234887413561 wakeups=42202130 diski=8777728 disko=617385984 rx=72517932 tx=30711465 comm=*system*
psu_energy_ac_mcp_machine=77173542969
-------
timestamp=3408681493347800
iterations=8605
sample_ns=100000000
window_ns=1000000000
rapl_core_sum_uj=28301265657
rapl_psys_sum_uj=0
pid=0 energy=34501392282266725 alive=1 kernel=1 cpu_ns=6892043036000000 mem=736829440 instructions=8235420453345 wakeups=42205251 diski=8777728 disko=620761088 rx=72517934 tx=30711465 comm=*system*
psu_energy_ac_mcp_machine=77184411255
-------
timestamp=3408681664908982
iterations=8606
sample_ns=100000000
window_ns=1000000000
rapl_core_sum_uj=28302253511
rapl_psys_sum_uj=0
pid=0 energy=34501395928700505 alive=1 kernel=1 cpu_ns=6892043477000000 mem=736604160 instructions=8235708740101 wakeups=42206864 diski=8777728 disko=622362624 rx=72517934 tx=30711465 comm=*system*
psu_energy_ac_mcp_machine=77193316162
-------
timestamp=3408681834146650
iterations=8608
sample_ns=100000000
window_ns=1000000000
rapl_core_sum_uj=28304145295
rapl_psys_sum_uj=0
pid=0 energy=34501402580409435 alive=1 kernel=1 cpu_ns=6892044283000000 mem=736604160 instructions=8236233081887 wakeups=42209910 diski=8777728 disko=625471488 rx=72517934 tx=30711465 comm=*system*
psu_energy_ac_mcp_machine=77202068115
-------
timestamp=3408682003551954
iterations=8609
sample_ns=100000000
window_ns=1000000000
rapl_core_sum_uj=28305123383
rapl_psys_sum_uj=0
pid=0 energy=34501406116029915 alive=1 kernel=1 cpu_ns=6892044705000000 mem=736804864 instructions=8236518205983 wakeups=42211520 diski=8777728 disko=626917376 rx=72517934 tx=30711465 comm=*system*
psu_energy_ac_mcp_machine=77210068237
-------
timestamp=3408682169756450
iterations=8611
sample_ns=100000000
window_ns=1000000000
rapl_core_sum_uj=28306974884
rapl_psys_sum_uj=0
pid=0 energy=34501412532389885 alive=1 kernel=1 cpu_ns=6892045479000000 mem=736804864 instructions=8237027477977 wakeups=42214458 diski=8777728 disko=630071296 rx=72517934 tx=30711465 comm=*system*
psu_energy_ac_mcp_machine=77220844482
-------
timestamp=3408682339861840
iterations=8612
sample_ns=100000000
window_ns=1000000000
rapl_core_sum_uj=28307949859
rapl_psys_sum_uj=0
pid=0 energy=34501415918140965 alive=1 kernel=1 cpu_ns=6892045882000000 mem=737030144 instructions=8237301628193 wakeups=42216027 diski=8777728 disko=631443456 rx=72517934 tx=30711465 comm=*system*
psu_energy_ac_mcp_machine=77228944214
-------
timestamp=3408682511819958
iterations=8614
sample_ns=100000000
window_ns=1000000000
rapl_core_sum_uj=28309846831
rapl_psys_sum_uj=0
pid=0 energy=34501422396308635 alive=1 kernel=1 cpu_ns=6892046662000000 mem=736776192 instructions=8237817261727 wakeups=42219000 diski=8777728 disko=634359808 rx=72517934 tx=30711465 comm=*system*
psu_energy_ac_mcp_machine=77237843872
-------
timestamp=3408682679137879
iterations=8616
sample_ns=100000000
window_ns=1000000000
rapl_core_sum_uj=28311768033
rapl_psys_sum_uj=0
pid=0 energy=34501429056520870 alive=1 kernel=1 cpu_ns=6892047461000000 mem=737902592 instructions=8238350304174 wakeups=42221969 diski=8777728 disko=637476864 rx=72517934 tx=30711465 comm=*system*
psu_energy_ac_mcp_machine=77246730469
-------
timestamp=3408682847935285
iterations=8617
sample_ns=100000000
window_ns=1000000000
rapl_core_sum_uj=28312710232
rapl_psys_sum_uj=0
pid=0 energy=34501432145271445 alive=1 kernel=1 cpu_ns=6892047828000000 mem=736763904 instructions=8238601054289 wakeups=42223498 diski=8777728 disko=638771200 rx=72517934 tx=30711465 comm=*system*
psu_energy_ac_mcp_machine=77257578979
-------
timestamp=3408683021169745
iterations=8619
sample_ns=100000000
window_ns=1000000000
rapl_core_sum_uj=28314639491
rapl_psys_sum_uj=0
pid=0 energy=34501438778428950 alive=1 kernel=1 cpu_ns=6892048620000000 mem=737648640 instructions=8239135685790 wakeups=42226459 diski=8777728 disko=641703936 rx=72517934 tx=30711465 comm=*system*
psu_energy_ac_mcp_machine=77266275879
-------
timestamp=3408683193749700
iterations=8620
sample_ns=100000000
window_ns=1000000000
rapl_core_sum_uj=28315608118
rapl_psys_sum_uj=0
pid=0 energy=34501442138813375 alive=1 kernel=1 cpu_ns=6892049026000000 mem=736747520 instructions=8239401762675 wakeups=42228128 diski=8777728 disko=643514368 rx=72517934 tx=30711465 comm=*system*
psu_energy_ac_mcp_machine=77274308716
-------
timestamp=3408683363765828
iterations=8622
sample_ns=100000000
window_ns=1000000000
rapl_core_sum_uj=28317588280
rapl_psys_sum_uj=0
pid=0 energy=34501448992594270 alive=1 kernel=1 cpu_ns=6892049846000000 mem=737648640 instructions=8239952518854 wakeups=42231275 diski=8777728 disko=646651904 rx=72517934 tx=30711465 comm=*system*
psu_energy_ac_mcp_machine=77282386597
-------
timestamp=3408683534462619
iterations=8623
sample_ns=100000000
window_ns=1000000000
rapl_core_sum_uj=28318560997
rapl_psys_sum_uj=0
pid=0 energy=34501452228059225 alive=1 kernel=1 cpu_ns=6892050231000000 mem=737198080 instructions=8240214611845 wakeups=42232851 diski=8777728 disko=648093696 rx=72517936 tx=30711465 comm=*system*
psu_energy_ac_mcp_machine=77293295532
-------
timestamp=3408683705448594
iterations=8625
sample_ns=100000000
window_ns=1000000000
rapl_core_sum_uj=28320454551
rapl_psys_sum_uj=0
pid=0 energy=34501458781945765 alive=1 kernel=1 cpu_ns=6892051020000000 mem=737198080 instructions=8240736389153 wakeups=42235777 diski=8777728 disko=650887168 rx=72517936 tx=30711465 comm=*system*
psu_energy_ac_mcp_machine=77302111938
-------
timestamp=3408683875366735
iterations=8626
sample_ns=100000000
window_ns=1000000000
rapl_core_sum_uj=28321433127
rapl_psys_sum_uj=0
pid=0 energy=34501462164619545 alive=1 kernel=1 cpu_ns=6892051426000000 mem=736972800 instructions=8241006923909 wakeups=42237397 diski=8777728 disko=652390400 rx=72517936 tx=30711465 comm=*system*
psu_energy_ac_mcp_machine=77310999512
-------
timestamp=3408684044970617
iterations=8628
sample_ns=100000000
window_ns=1000000000
rapl_core_sum_uj=28323261190
rapl_psys_sum_uj=0
pid=0 energy=34501468033368525 alive=1 kernel=1 cpu_ns=6892052127000000 mem=737169408 instructions=8241479673705 wakeups=42240035 diski=8777728 disko=654848000 rx=72517936 tx=30711465 comm=*system*
psu_energy_ac_mcp_machine=77319648071
-------
timestamp=3408684215212169
iterations=8629
sample_ns=100000000
window_ns=1000000000
rapl_core_sum_uj=28324186177
rapl_psys_sum_uj=0
pid=0 energy=34501470980328315 alive=1 kernel=1 cpu_ns=6892052475000000 mem=736718848 instructions=8241721065663 wakeups=42241400 diski=8777728 disko=656240640 rx=72517936 tx=30711465 comm=*system*
psu_energy_ac_mcp_machine=77330435181
-------
timestamp=3408684384719191
iterations=8631
sample_ns=100000000
window_ns=1000000000
rapl_core_sum_uj=28326154682
rapl_psys_sum_uj=0
pid=0 energy=34501477883194220 alive=1 kernel=1 cpu_ns=6892053297000000 mem=736944128 instructions=8242279638844 wakeups=42244527 diski=8777728 disko=659505152 rx=72517936 tx=30711465 comm=*system*
psu_energy_ac_mcp_machine=77338464355
-------
timestamp=3408684555484465
iterations=8632
sample_ns=100000000
window_ns=1000000000
rapl_core_sum_uj=28327111102
rapl_psys_sum_uj=0
pid=0 energy=34501481199442170 alive=1 kernel=1 cpu_ns=6892053692000000 mem=736493568 instructions=8242547888434 wakeups=42246059 diski=8777728 disko=660971520 rx=72517936 tx=30711465 comm=*system*
psu_energy_ac_mcp_machine=77346561279
-------
timestamp=3408684720679035
iterations=8634
sample_ns=100000000
window_ns=1000000000
rapl_core_sum_uj=28329005144
rapl_psys_sum_uj=0
pid=0 energy=34501487701763440 alive=1 kernel=1 cpu_ns=6892054473000000 mem=736944128 instructions=8243067352688 wakeups=42249010 diski=8777728 disko=663805952 rx=72517936 tx=30711465 comm=*system*
psu_energy_ac_mcp_machine=77355452637
-------
timestamp=3408684887737781
iterations=8635
sample_ns=100000000
window_ns=1000000000
rapl_core_sum_uj=28329939775
rapl_psys_sum_uj=0
pid=0 energy=34501490747808590 alive=1 kernel=1 cpu_ns=6892054838000000 mem=736944128 instructions=8243311561718 wakeups=42250410 diski=8777728 disko=665178112 rx=72517936 tx=30711465 comm=*system*
psu_energy_ac_mcp_machine=77366201904
-------
timestamp=3408685058316774
iterations=8637
sample_ns=100000000
window_ns=1000000000
rapl_core_sum_uj=28331797989
rapl_psys_sum_uj=0
pid=0 energy=34501496971668565 alive=1 kernel=1 cpu_ns=6892055589000000 mem=736890880 instructions=8243805333713 wakeups=42253231 diski=8777728 disko=668012544 rx=72517936 tx=30711465 comm=*system*
psu_energy_ac_mcp_machine=77375134888
-------
timestamp=3408685229277640
iterations=8638
sample_ns=100000000
window_ns=1000000000
rapl_core_sum_uj=28332798843
rapl_psys_sum_uj=0
pid=0 energy=34501500651469925 alive=1 kernel=1 cpu_ns=6892056031000000 mem=736665600 instructions=8244099293985 wakeups=42254913 diski=8777728 disko=669614080 rx=72517936 tx=30711465 comm=*system*
psu_energy_ac_mcp_machine=77383901123
-------
timestamp=3408685396751856
iterations=8640
sample_ns=100000000
window_ns=1000000000
rapl_core_sum_uj=28334681227
rapl_psys_sum_uj=0
pid=0 energy=34501507073290135 alive=1 kernel=1 cpu_ns=6892056798000000 mem=736890880 instructions=8244616658027 wakeups=42257875 diski=8777728 disko=672542720 rx=72517936 tx=30711465 comm=*system*
psu_energy_ac_mcp_machine=77391889160
-------
timestamp=3408685565908426
iterations=8641
sample_ns=100000000
window_ns=1000000000
rapl_core_sum_uj=28335658827
rapl_psys_sum_uj=0
pid=0 energy=34501510547627300 alive=1 kernel=1 cpu_ns=6892057208000000 mem=737116160 instructions=8244901525460 wakeups=42259488 diski=8777728 disko=673988608 rx=72517938 tx=30711465 comm=*system*
psu_energy_ac_mcp_machine=77402628784
-------
timestamp=3408685738199681
iterations=8643
sample_ns=100000000
window_ns=1000000000
rapl_core_sum_uj=28337559888
rapl_psys_sum_uj=0
pid=0 energy=34501516960338865 alive=1 kernel=1 cpu_ns=6892057983000000 mem=736665600 instructions=8245409067773 wakeups=42262380 diski=8777728 disko=676909056 rx=72517938 tx=30711465 comm=*system*
psu_energy_ac_mcp_machine=77410739136
-------
timestamp=3408685910315901
iterations=8644
sample_ns=100000000
window_ns=1000000000
rapl_core_sum_uj=28338536267
rapl_psys_sum_uj=0
pid=0 energy=34501520459906745 alive=1 kernel=1 cpu_ns=6892058402000000 mem=736440320 instructions=8245689981349 wakeups=42263997 diski=8777728 disko=678453248 rx=72517938 tx=30711465 comm=*system*
psu_energy_ac_mcp_machine=77419717285
-------
timestamp=3408686076167738
iterations=8646
sample_ns=100000000
window_ns=1000000000
rapl_core_sum_uj=28340429089
rapl_psys_sum_uj=0
pid=0 energy=34501526911794120 alive=1 kernel=1 cpu_ns=6892059176000000 mem=737091584 instructions=8246206358824 wakeups=42266974 diski=8777728 disko=681287680 rx=72517938 tx=30711465 comm=*system*
psu_energy_ac_mcp_machine=77428674561
-------
timestamp=3408686244140491
iterations=8647
sample_ns=100000000
window_ns=1000000000
rapl_core_sum_uj=28341404125
rapl_psys_sum_uj=0
pid=0 energy=34501530424306730 alive=1 kernel=1 cpu_ns=6892059600000000 mem=736866304 instructions=8246484861346 wakeups=42268516 diski=8777728 disko=682762240 rx=72517938 tx=30711465 comm=*system*
psu_energy_ac_mcp_machine=77437390015
-------
timestamp=3408686412366248
iterations=8649
sample_ns=100000000
window_ns=1000000000
rapl_core_sum_uj=28343220103
rapl_psys_sum_uj=0
pid=0 energy=34501536644170650 alive=1 kernel=1 cpu_ns=6892060349000000 mem=736866304 instructions=8246979834130 wakeups=42271378 diski=8777728 disko=685486080 rx=72517938 tx=30711465 comm=*system*
psu_energy_ac_mcp_machine=77448164795
-------
timestamp=3408686583584703
iterations=8650
sample_ns=100000000
window_ns=1000000000
rapl_core_sum_uj=28344184641
rapl_psys_sum_uj=0
pid=0 energy=34501540089187725 alive=1 kernel=1 cpu_ns=6892060764000000 mem=736866304 instructions=8247253837545 wakeups=42272960 diski=8777728 disko=687038464 rx=72517938 tx=30711465 comm=*system*
psu_energy_ac_mcp_machine=77456198730
-------
timestamp=3408686755648236
iterations=8652
sample_ns=100000000
window_ns=1000000000
rapl_core_sum_uj=28346070504
rapl_psys_sum_uj=0
pid=0 energy=34501546654943760 alive=1 kernel=1 cpu_ns=6892061550000000 mem=736866304 instructions=8247780988752 wakeups=42275961 diski=8777728 disko=689926144 rx=72517939 tx=30711466 comm=*system*
psu_energy_ac_mcp_machine=77464453979
-------
timestamp=3408686924883532
iterations=8653
sample_ns=100000000
window_ns=1000000000
rapl_core_sum_uj=28347054268
rapl_psys_sum_uj=0
pid=0 energy=34501550326572225 alive=1 kernel=1 cpu_ns=6892061994000000 mem=736641024 instructions=8248071314445 wakeups=42277579 diski=8777728 disko=691515392 rx=72517939 tx=30711466 comm=*system*
psu_energy_ac_mcp_machine=77473311035
-------
timestamp=3408687092867154
iterations=8655
sample_ns=100000000
window_ns=1000000000
rapl_core_sum_uj=28348961554
rapl_psys_sum_uj=0
pid=0 energy=34501557054425740 alive=1 kernel=1 cpu_ns=6892062801000000 mem=736669696 instructions=8248609885148 wakeups=42280728 diski=8777728 disko=694718464 rx=72517939 tx=30711466 comm=*system*
psu_energy_ac_mcp_machine=77484084595
-------
timestamp=3408687266794016
iterations=8656
sample_ns=100000000
window_ns=1000000000
rapl_core_sum_uj=28349925909
rapl_psys_sum_uj=0
pid=0 energy=34501560419386750 alive=1 kernel=1 cpu_ns=6892063205000000 mem=736669696 instructions=8248878877350 wakeups=42282315 diski=8777728 disko=696348672 rx=72517939 tx=30711466 comm=*system*
psu_energy_ac_mcp_machine=77493060791
-------
timestamp=3408687434168663
iterations=8658
sample_ns=100000000
window_ns=1000000000
rapl_core_sum_uj=28351752141
rapl_psys_sum_uj=0
pid=0 energy=34501566678596320 alive=1 kernel=1 cpu_ns=6892063953000000 mem=736698368 instructions=8249382719264 wakeups=42285230 diski=8777728 disko=699326464 rx=72517939 tx=30711466 comm=*system*
psu_energy_ac_mcp_machine=77501721802
-------
timestamp=3408687605352395
iterations=8660
sample_ns=100000000
window_ns=1000000000
rapl_core_sum_uj=28352670353
rapl_psys_sum_uj=0
pid=0 energy=34501569708715165 alive=1 kernel=1 cpu_ns=6892064307000000 mem=736698368 instructions=8249634743033 wakeups=42286696 diski=8777728 disko=700641280 rx=72517941 tx=30711466 comm=*system*
psu_energy_ac_mcp_machine=77512464844
-------
timestamp=3408687778140037
iterations=8661
sample_ns=100000000
window_ns=1000000000
rapl_core_sum_uj=28354553225
rapl_psys_sum_uj=0
pid=0 energy=34501576279177420 alive=1 kernel=1 cpu_ns=6892065101000000 mem=737128448 instructions=8250154835484 wakeups=42289644 diski=8777728 disko=703782912 rx=72517941 tx=30711466 comm=*system*
psu_energy_ac_mcp_machine=77520475830
-------
timestamp=3408687947271467
iterations=8663
sample_ns=100000000
window_ns=1000000000
rapl_core_sum_uj=28356342653
rapl_psys_sum_uj=0
pid=0 energy=34501582159331140 alive=1 kernel=1 cpu_ns=6892065809000000 mem=737808384 instructions=8250622866228 wakeups=42292373 diski=8777728 disko=706371584 rx=72517941 tx=30711466 comm=*system*
psu_energy_ac_mcp_machine=77528316406
-------
timestamp=3408688115520816
iterations=8664
sample_ns=100000000
window_ns=1000000000
rapl_core_sum_uj=28357221009
rapl_psys_sum_uj=0
pid=0 energy=34501585060048485 alive=1 kernel=1 cpu_ns=6892066164000000 mem=736907264 instructions=8250848009697 wakeups=42293860 diski=8777728 disko=707690496 rx=72517941 tx=30711466 comm=*system*
psu_energy_ac_mcp_machine=77537080200
-------
timestamp=3408688282161604
iterations=8666
sample_ns=100000000
window_ns=1000000000
rapl_core_sum_uj=28358974914
rapl_psys_sum_uj=0
pid=0 energy=34501590670461415 alive=1 kernel=1 cpu_ns=6892066847000000 mem=737873920 instructions=8251287092283 wakeups=42296462 diski=8777728 disko=710025216 rx=72517941 tx=30711466 comm=*system*
psu_energy_ac_mcp_machine=77545904907
-------
timestamp=3408688447469844
iterations=8667
sample_ns=100000000
window_ns=1000000000
rapl_core_sum_uj=28359825194
rapl_psys_sum_uj=0
pid=0 energy=34501593386440555 alive=1 kernel=1 cpu_ns=6892067179000000 mem=737005568 instructions=8251498288111 wakeups=42297844 diski=8777728 disko=711254016 rx=72517941 tx=30711466 comm=*system*
psu_energy_ac_mcp_machine=77554510254
-------
timestamp=3408688614423532
iterations=8669
sample_ns=100000000
window_ns=1000000000
rapl_core_sum_uj=28361619810
rapl_psys_sum_uj=0
pid=0 energy=34501599241029910 alive=1 kernel=1 cpu_ns=6892067887000000 mem=738131968 instructions=8251961205982 wakeups=42300613 diski=8777728 disko=713768960 rx=72517941 tx=30711466 comm=*system*
psu_energy_ac_mcp_machine=77565154419
-------
timestamp=3408688782366808
iterations=8670
sample_ns=100000000
window_ns=1000000000
rapl_core_sum_uj=28362479123
rapl_psys_sum_uj=0
pid=0 energy=34501601888526095 alive=1 kernel=1 cpu_ns=6892068209000000 mem=736780288 instructions=8252168705219 wakeups=42302011 diski=8777728 disko=715046912 rx=72517941 tx=30711466 comm=*system*
psu_energy_ac_mcp_machine=77573001343
-------
timestamp=3408688950119489
iterations=8672
sample_ns=100000000
window_ns=1000000000
rapl_core_sum_uj=28364221920
rapl_psys_sum_uj=0
pid=0 energy=34501604739016550 alive=1 kernel=1 cpu_ns=6892068555000000 mem=737005568 instructions=8252392803310 wakeups=42303351 diski=8777728 disko=716214272 rx=72517941 tx=30711466 comm=*system*
psu_energy_ac_mcp_machine=77580808960
-------
timestamp=3408689115567596
iterations=8673
sample_ns=100000000
window_ns=1000000000
rapl_core_sum_uj=28365103572
rapl_psys_sum_uj=0
pid=0 energy=34501610094121690 alive=1 kernel=1 cpu_ns=6892069209000000 mem=737132544 instructions=8252809824338 wakeups=42305915 diski=8777728 disko=718393344 rx=72517941 tx=30711466 comm=*system*
psu_energy_ac_mcp_machine=77589573853
-------
timestamp=3408689281315318
iterations=8674
sample_ns=100000000
window_ns=1000000000
rapl_core_sum_uj=28366006465
rapl_psys_sum_uj=0
pid=0 energy=34501612888626795 alive=1 kernel=1 cpu_ns=6892069544000000 mem=736907264 instructions=8253033725359 wakeups=42307292 diski=8777728 disko=719757312 rx=72517941 tx=30711466 comm=*system*
psu_energy_ac_mcp_machine=77598406372
-------
timestamp=3408689447323763
iterations=8676
sample_ns=100000000
window_ns=1000000000
rapl_core_sum_uj=28367763788
rapl_psys_sum_uj=0
pid=0 energy=34501618171746880 alive=1 kernel=1 cpu_ns=6892070181000000 mem=736546816 instructions=8253453349376 wakeups=42309852 diski=8777728 disko=722186240 rx=72517943 tx=30711466 comm=*system*
psu_energy_ac_mcp_machine=77607002441
-------
timestamp=3408689612871950
iterations=8677
sample_ns=100000000
window_ns=1000000000
rapl_core_sum_uj=28368679437
rapl_psys_sum_uj=0
pid=0 energy=34501621131174910 alive=1 kernel=1 cpu_ns=6892070541000000 mem=736780288 instructions=8253685234982 wakeups=42311258 diski=8777728 disko=723333120 rx=72517943 tx=30711466 comm=*system*
psu_energy_ac_mcp_machine=77617624756
-------
timestamp=3408689782258937
iterations=8679
sample_ns=100000000
window_ns=1000000000
rapl_core_sum_uj=28370482475
rapl_psys_sum_uj=0
pid=0 energy=34501626786291185 alive=1 kernel=1 cpu_ns=6892071229000000 mem=736780288 instructions=8254128258237 wakeups=42313996 diski=8777728 disko=725925888 rx=72517943 tx=30711466 comm=*system*
psu_energy_ac_mcp_machine=77625470459
-------
timestamp=3408689951859776
iterations=8680
sample_ns=100000000
window_ns=1000000000
rapl_core_sum_uj=28371436637
rapl_psys_sum_uj=0
pid=0 energy=34501629919787280 alive=1 kernel=1 cpu_ns=6892071612000000 mem=736792576 instructions=8254371957456 wakeups=42315514 diski=8777728 disko=727359488 rx=72517943 tx=30711466 comm=*system*
psu_energy_ac_mcp_machine=77633481689
-------
timestamp=3408690118457537
iterations=8682
sample_ns=100000000
window_ns=1000000000
rapl_core_sum_uj=28373256277
rapl_psys_sum_uj=0
pid=0 energy=34501635612191535 alive=1 kernel=1 cpu_ns=6892072309000000 mem=736669696 instructions=8254813438307 wakeups=42318264 diski=8777728 disko=729956352 rx=72517943 tx=30711466 comm=*system*
psu_energy_ac_mcp_machine=77642264038
-------
timestamp=3408690285998185
iterations=8683
sample_ns=100000000
window_ns=1000000000
rapl_core_sum_uj=28374183217
rapl_psys_sum_uj=0
pid=0 energy=34501638603944265 alive=1 kernel=1 cpu_ns=6892072672000000 mem=736821248 instructions=8255048788853 wakeups=42319647 diski=8777728 disko=731156480 rx=72517943 tx=30711466 comm=*system*
psu_energy_ac_mcp_machine=77651046143
-------
timestamp=3408690451430435
iterations=8685
sample_ns=100000000
window_ns=1000000000
rapl_core_sum_uj=28375953907
rapl_psys_sum_uj=0
pid=0 energy=34501644036288575 alive=1 kernel=1 cpu_ns=6892073333000000 mem=736927744 instructions=8255474257715 wakeups=42322302 diski=8777728 disko=733720576 rx=72517943 tx=30711466 comm=*system*
psu_energy_ac_mcp_machine=77661559692
-------
timestamp=3408690620767336
iterations=8686
sample_ns=100000000
window_ns=1000000000
rapl_core_sum_uj=28376847156
rapl_psys_sum_uj=0
pid=0 energy=34501646801877575 alive=1 kernel=1 cpu_ns=6892073666000000 mem=736751616 instructions=8255694375515 wakeups=42323631 diski=8777728 disko=734732288 rx=72517943 tx=30711466 comm=*system*
psu_energy_ac_mcp_machine=77670119751
-------
timestamp=3408690790293102
iterations=8688
sample_ns=100000000
window_ns=1000000000
rapl_core_sum_uj=28378614489
rapl_psys_sum_uj=0
pid=0 energy=34501652180399180 alive=1 kernel=1 cpu_ns=6892074318000000 mem=736858112 instructions=8256118079836 wakeups=42326268 diski=8777728 disko=737329152 rx=72517943 tx=30711466 comm=*system*
psu_energy_ac_mcp_machine=77677993408
-------
timestamp=3408690957079072
iterations=8689
sample_ns=100000000
window_ns=1000000000
rapl_core_sum_uj=28379542345
rapl_psys_sum_uj=0
pid=0 energy=34501655292572475 alive=1 kernel=1 cpu_ns=6892074698000000 mem=736931840 instructions=8256360514495 wakeups=42327734 diski=8777728 disko=738557952 rx=72517943 tx=30711466 comm=*system*
psu_energy_ac_mcp_machine=77685955811
-------
timestamp=3408691123846716
iterations=8691
sample_ns=100000000
window_ns=1000000000
rapl_core_sum_uj=28381359300
rapl_psys_sum_uj=0
pid=0 energy=34501661184182715 alive=1 kernel=1 cpu_ns=6892075417000000 mem=736931840 instructions=8256819836543 wakeups=42330642 diski=8777728 disko=741339136 rx=72517943 tx=30711466 comm=*system*
psu_energy_ac_mcp_machine=77694837769
-------
timestamp=3408691290253617
iterations=8692
sample_ns=100000000
window_ns=1000000000
rapl_core_sum_uj=28382269639
rapl_psys_sum_uj=0
pid=0 energy=34501664121293770 alive=1 kernel=1 cpu_ns=6892075770000000 mem=736931840 instructions=8257054258754 wakeups=42332034 diski=8777728 disko=742572032 rx=72517943 tx=30711466 comm=*system*
psu_energy_ac_mcp_machine=77705512085
-------
timestamp=3408691460500689
iterations=8694
sample_ns=100000000
window_ns=1000000000
rapl_core_sum_uj=28384041122
rapl_psys_sum_uj=0
pid=0 energy=34501669627845890 alive=1 kernel=1 cpu_ns=6892076440000000 mem=736919552 instructions=8257485569178 wakeups=42334687 diski=8777728 disko=744988672 rx=72517945 tx=30711466 comm=*system*
psu_energy_ac_mcp_machine=77714211792
-------
timestamp=3408691630463600
iterations=8695
sample_ns=100000000
window_ns=1000000000
rapl_core_sum_uj=28384937606
rapl_psys_sum_uj=0
pid=0 energy=34501672501216520 alive=1 kernel=1 cpu_ns=6892076786000000 mem=737124352 instructions=8257714243304 wakeups=42336066 diski=8777728 disko=746283008 rx=72517945 tx=30711466 comm=*system*
psu_energy_ac_mcp_machine=77722795654
-------
timestamp=3408691796231135
iterations=8697
sample_ns=100000000
window_ns=1000000000
rapl_core_sum_uj=28386705794
rapl_psys_sum_uj=0
pid=0 energy=34501678036142280 alive=1 kernel=1 cpu_ns=6892077461000000 mem=736899072 instructions=8258146228456 wakeups=42338783 diski=8777728 disko=748703744 rx=72517945 tx=30711466 comm=*system*
psu_energy_ac_mcp_machine=77730670776
-------
timestamp=3408691961796013
iterations=8698
sample_ns=100000000
window_ns=1000000000
rapl_core_sum_uj=28387601851
rapl_psys_sum_uj=0
pid=0 energy=34501680859252085 alive=1 kernel=1 cpu_ns=6892077802000000 mem=736899072 instructions=8258369850417 wakeups=42340118 diski=8777728 disko=749764608 rx=72517945 tx=30711466 comm=*system*
psu_energy_ac_mcp_machine=77738528809
-------
timestamp=3408692127917346
iterations=8700
sample_ns=100000000
window_ns=1000000000
rapl_core_sum_uj=28389377607
rapl_psys_sum_uj=0
pid=0 energy=34501686289141185 alive=1 kernel=1 cpu_ns=6892078457000000 mem=736727040 instructions=8258800828237 wakeups=42342735 diski=8777728 disko=752250880 rx=72517945 tx=30711466 comm=*system*
psu_energy_ac_mcp_machine=77749142700
-------
timestamp=3408692297596382
iterations=8701
sample_ns=100000000
window_ns=1000000000
rapl_core_sum_uj=28390320478
rapl_psys_sum_uj=0
pid=0 energy=34501689393065815 alive=1 kernel=1 cpu_ns=6892078832000000 mem=736727040 instructions=8259046613163 wakeups=42344252 diski=8777728 disko=753606656 rx=72517945 tx=30711466 comm=*system*
psu_energy_ac_mcp_machine=77758080566
-------
timestamp=3408692466042010
iterations=8703
sample_ns=100000000
window_ns=1000000000
rapl_core_sum_uj=28392110027
rapl_psys_sum_uj=0
pid=0 energy=34501695053633305 alive=1 kernel=1 cpu_ns=6892079526000000 mem=737181696 instructions=8259484726661 wakeups=42346937 diski=8777728 disko=756125696 rx=72517945 tx=30711466 comm=*system*
psu_energy_ac_mcp_machine=77766784302
-------
timestamp=3408692634152119
iterations=8704
sample_ns=100000000
window_ns=1000000000
rapl_core_sum_uj=28393034404
rapl_psys_sum_uj=0
pid=0 energy=34501698107973235 alive=1 kernel=1 cpu_ns=6892079898000000 mem=736731136 instructions=8259723594647 wakeups=42348389 diski=8777728 disko=757276672 rx=72517945 tx=30711466 comm=*system*
psu_energy_ac_mcp_machine=77775395020
-------
timestamp=3408692800446794
iterations=8706
sample_ns=100000000
window_ns=1000000000
rapl_core_sum_uj=28394788248
rapl_psys_sum_uj=0
pid=0 energy=34501703451074135 alive=1 kernel=1 cpu_ns=6892080537000000 mem=736538624 instructions=8260153214827 wakeups=42350986 diski=8777728 disko=759726080 rx=72517945 tx=30711466 comm=*system*
psu_energy_ac_mcp_machine=77783270264
-------
timestamp=3408692967751247
iterations=8707
sample_ns=100000000
window_ns=1000000000
rapl_core_sum_uj=28395704141
rapl_psys_sum_uj=0
pid=0 energy=34501706365781030 alive=1 kernel=1 cpu_ns=6892080890000000 mem=736804864 instructions=8260383156206 wakeups=42352429 diski=8777728 disko=761049088 rx=72517945 tx=30711466 comm=*system*
psu_energy_ac_mcp_machine=77793911743
-------
timestamp=3408693139409303
iterations=8709
sample_ns=100000000
window_ns=1000000000
rapl_core_sum_uj=28397479897
rapl_psys_sum_uj=0
pid=0 energy=34501711980538360 alive=1 kernel=1 cpu_ns=6892081573000000 mem=736804864 instructions=8260823107672 wakeups=42355183 diski=8777728 disko=763523072 rx=72517945 tx=30711466 comm=*system*
psu_energy_ac_mcp_machine=77801813477
-------
timestamp=3408693306520898
iterations=8710
sample_ns=100000000
window_ns=1000000000
rapl_core_sum_uj=28398369362
rapl_psys_sum_uj=0
pid=0 energy=34501714790474920 alive=1 kernel=1 cpu_ns=6892081914000000 mem=736804864 instructions=8261044094984 wakeups=42356494 diski=8777728 disko=764649472 rx=72517945 tx=30711466 comm=*system*
psu_energy_ac_mcp_machine=77810510620
-------
timestamp=3408693472655775
iterations=8712
sample_ns=100000000
window_ns=1000000000
rapl_core_sum_uj=28400178077
rapl_psys_sum_uj=0
pid=0 energy=34501720476166200 alive=1 kernel=1 cpu_ns=6892082604000000 mem=736579584 instructions=8261491233240 wakeups=42359250 diski=8777728 disko=767221760 rx=72517947 tx=30711466 comm=*system*
psu_energy_ac_mcp_machine=77819367432
-------
timestamp=3408693637913379
iterations=8713
sample_ns=100000000
window_ns=1000000000
rapl_core_sum_uj=28401090430
rapl_psys_sum_uj=0
pid=0 energy=34501723566063475 alive=1 kernel=1 cpu_ns=6892082981000000 mem=736579584 instructions=8261732212695 wakeups=42360693 diski=8777728 disko=768548864 rx=72517947 tx=30711466 comm=*system*
psu_energy_ac_mcp_machine=77828023926
-------
timestamp=3408693807790819
iterations=8715
sample_ns=100000000
window_ns=1000000000
rapl_core_sum_uj=28402722326
rapl_psys_sum_uj=0
pid=0 energy=34501728487166670 alive=1 kernel=1 cpu_ns=6892083577000000 mem=736972800 instructions=8262120433334 wakeups=42363121 diski=8777728 disko=770756608 rx=72517947 tx=30711466 comm=*system*
psu_energy_ac_mcp_machine=77838510010
-------
timestamp=3408693976834760
iterations=8716
sample_ns=100000000
window_ns=1000000000
rapl_core_sum_uj=28403630651
rapl_psys_sum_uj=0
pid=0 energy=34501731606192580 alive=1 kernel=1 cpu_ns=6892083961000000 mem=736952320 instructions=8262360238516 wakeups=42364565 diski=8777728 disko=771952640 rx=72517947 tx=30711466 comm=*system*
psu_energy_ac_mcp_machine=77846420044
-------
timestamp=3408694145823862
iterations=8718
sample_ns=100000000
window_ns=1000000000
rapl_core_sum_uj=28405394322
rapl_psys_sum_uj=0
pid=0 energy=34501737186238940 alive=1 kernel=1 cpu_ns=6892084643000000 mem=736952320 instructions=8262794247788 wakeups=42367250 diski=8777728 disko=774631424 rx=72517947 tx=30711466 comm=*system*
psu_energy_ac_mcp_machine=77854218628
-------
timestamp=3408694313791905
iterations=8719
sample_ns=100000000
window_ns=1000000000
rapl_core_sum_uj=28406264195
rapl_psys_sum_uj=0
pid=0 energy=34501739909990125 alive=1 kernel=1 cpu_ns=6892084974000000 mem=737177600 instructions=8263007998025 wakeups=42368529 diski=8777728 disko=775577600 rx=72517947 tx=30711466 comm=*system*
psu_energy_ac_mcp_machine=77863003296
-------
timestamp=3408694481419743
iterations=8721
sample_ns=100000000
window_ns=1000000000
rapl_core_sum_uj=28408024631
rapl_psys_sum_uj=0
pid=0 energy=34501745471356035 alive=1 kernel=1 cpu_ns=6892085647000000 mem=736751616 instructions=8263447271207 wakeups=42371222 diski=8777728 disko=778104832 rx=72517947 tx=30711466 comm=*system*
psu_energy_ac_mcp_machine=77871819580
-------
timestamp=3408694647343927
iterations=8722
sample_ns=100000000
window_ns=1000000000
rapl_core_sum_uj=28408914340
rapl_psys_sum_uj=0
pid=0 energy=34501748453993905 alive=1 kernel=1 cpu_ns=6892086010000000 mem=736976896 instructions=8263680798781 wakeups=42372626 diski=8777728 disko=779292672 rx=72517947 tx=30711466 comm=*system*
psu_energy_ac_mcp_machine=77882463867
-------
timestamp=3408694817253958
iterations=8724
sample_ns=100000000
window_ns=1000000000
rapl_core_sum_uj=28410711764
rapl_psys_sum_uj=0
pid=0 energy=34501754158753265 alive=1 kernel=1 cpu_ns=6892086705000000 mem=736935936 instructions=8264126750653 wakeups=42375367 diski=8777728 disko=781795328 rx=72517947 tx=30711466 comm=*system*
psu_energy_ac_mcp_machine=77891070068
-------
timestamp=3408694986142957
iterations=8725
sample_ns=100000000
window_ns=1000000000
rapl_core_sum_uj=28411608187
rapl_psys_sum_uj=0
pid=0 energy=34501756958579330 alive=1 kernel=1 cpu_ns=6892087041000000 mem=736968704 instructions=8264350715866 wakeups=42376749 diski=8777728 disko=783065088 rx=72517947 tx=30711466 comm=*system*
psu_energy_ac_mcp_machine=77898884644
-------
timestamp=3408695156065271
iterations=8727
sample_ns=100000000
window_ns=1000000000
rapl_core_sum_uj=28413333711
rapl_psys_sum_uj=0
pid=0 energy=34501762298728245 alive=1 kernel=1 cpu_ns=6892087687000000 mem=736968704 instructions=8264772745649 wakeups=42379344 diski=8777728 disko=785408000 rx=72517947 tx=30711466 comm=*system*
psu_energy_ac_mcp_machine=77906783691
-------
timestamp=3408695323067558
iterations=8728
sample_ns=100000000
window_ns=1000000000
rapl_core_sum_uj=28414248750
rapl_psys_sum_uj=0
pid=0 energy=34501765418357770 alive=1 kernel=1 cpu_ns=6892088065000000 mem=737193984 instructions=8265018671554 wakeups=42380859 diski=8777728 disko=786669568 rx=72517947 tx=30711466 comm=*system*
psu_energy_ac_mcp_machine=77915590820
-------
timestamp=3408695488807300
iterations=8730
sample_ns=100000000
window_ns=1000000000
rapl_core_sum_uj=28416031098
rapl_psys_sum_uj=0
pid=0 energy=34501771267666890 alive=1 kernel=1 cpu_ns=6892088784000000 mem=736968704 instructions=8265469533378 wakeups=42383613 diski=8777728 disko=789254144 rx=72517949 tx=30711466 comm=*system*
psu_energy_ac_mcp_machine=77926235352
-------
timestamp=3408695658740280
iterations=8731
sample_ns=100000000
window_ns=1000000000
rapl_core_sum_uj=28416939667
rapl_psys_sum_uj=0
pid=0 energy=34501774313388690 alive=1 kernel=1 cpu_ns=6892089156000000 mem=736743424 instructions=8265706677738 wakeups=42385054 diski=8777728 disko=790634496 rx=72517949 tx=30711466 comm=*system*
psu_energy_ac_mcp_machine=77934988525
-------
timestamp=3408695827610921
iterations=8733
sample_ns=100000000
window_ns=1000000000
rapl_core_sum_uj=28418711761
rapl_psys_sum_uj=0
pid=0 energy=34501779831148565 alive=1 kernel=1 cpu_ns=6892089820000000 mem=737058816 instructions=8266146229713 wakeups=42387822 diski=8777728 disko=793280512 rx=72517949 tx=30711466 comm=*system*
psu_energy_ac_mcp_machine=77943629028
-------
timestamp=3408695995128932
iterations=8734
sample_ns=100000000
window_ns=1000000000
rapl_core_sum_uj=28419550323
rapl_psys_sum_uj=0
pid=0 energy=34501782329494300 alive=1 kernel=1 cpu_ns=6892090116000000 mem=737046528 instructions=8266349898860 wakeups=42389040 diski=8777728 disko=794243072 rx=72517949 tx=30711466 comm=*system*
psu_energy_ac_mcp_machine=77951433472
-------
timestamp=3408696161050174
iterations=8736
sample_ns=100000000
window_ns=1000000000
rapl_core_sum_uj=28421286283
rapl_psys_sum_uj=0
pid=0 energy=34501787841962640 alive=1 kernel=1 cpu_ns=6892090786000000 mem=737046528 instructions=8266782392528 wakeups=42391695 diski=8777728 disko=796856320 rx=72517949 tx=30711466 comm=*system*
psu_energy_ac_mcp_machine=77959303955
-------
timestamp=3408696326790166
iterations=8737
sample_ns=100000000
window_ns=1000000000
rapl_core_sum_uj=28422179227
rapl_psys_sum_uj=0
pid=0 energy=34501790669969390 alive=1 kernel=1 cpu_ns=6892091125000000 mem=737193984 instructions=8267008993878 wakeups=42393064 diski=8777728 disko=797982720 rx=72517949 tx=30711466 comm=*system*
psu_energy_ac_mcp_machine=77969996582
-------
timestamp=3408696496055375
iterations=8739
sample_ns=100000000
window_ns=1000000000
rapl_core_sum_uj=28423940151
rapl_psys_sum_uj=0
pid=0 energy=34501796081903230 alive=1 kernel=1 cpu_ns=6892091780000000 mem=737193984 instructions=8267436380646 wakeups=42395700 diski=8777728 disko=800411648 rx=72517949 tx=30711466 comm=*system*
psu_energy_ac_mcp_machine=77978808472
-------
timestamp=3408696666484532
iterations=8740
sample_ns=100000000
window_ns=1000000000
rapl_core_sum_uj=28424887050
rapl_psys_sum_uj=0
pid=0 energy=34501799304286305 alive=1 kernel=1 cpu_ns=6892092169000000 mem=737419264 instructions=8267691857261 wakeups=42397254 diski=8777728 disko=801644544 rx=72517950 tx=30711466 comm=*system*
psu_energy_ac_mcp_machine=77987538330
-------
timestamp=3408696835048141
iterations=8742
sample_ns=100000000
window_ns=1000000000
rapl_core_sum_uj=28426626185
rapl_psys_sum_uj=0
pid=0 energy=34501804705229910 alive=1 kernel=1 cpu_ns=6892092835000000 mem=737214464 instructions=8268106045982 wakeups=42399836 diski=8777728 disko=804216832 rx=72517952 tx=30711468 comm=*system*
psu_energy_ac_mcp_machine=77996125122
-------
timestamp=3408697000768494
iterations=8743
sample_ns=100000000
window_ns=1000000000
rapl_core_sum_uj=28427553125
rapl_psys_sum_uj=0
pid=0 energy=34501807631951555 alive=1 kernel=1 cpu_ns=6892093187000000 mem=736956416 instructions=8268339390311 wakeups=42401255 diski=8777728 disko=805421056 rx=72517952 tx=30711468 comm=*system*
psu_energy_ac_mcp_machine=78004025635
-------
timestamp=3408697168570318
iterations=8745
sample_ns=100000000
window_ns=1000000000
rapl_core_sum_uj=28429316735
rapl_psys_sum_uj=0
pid=0 energy=34501813173324480 alive=1 kernel=1 cpu_ns=6892093860000000 mem=736702464 instructions=8268774664896 wakeups=42403999 diski=8777728 disko=808001536 rx=72517952 tx=30711468 comm=*system*
psu_energy_ac_mcp_machine=78014602173
-------
timestamp=3408697337181030
iterations=8746
sample_ns=100000000
window_ns=1000000000
rapl_core_sum_uj=28430229088
rapl_psys_sum_uj=0
pid=0 energy=34501816095778295 alive=1 kernel=1 cpu_ns=6892094213000000 mem=736702464 instructions=8269006155659 wakeups=42405457 diski=8777728 disko=809312256 rx=72517952 tx=30711468 comm=*system*
psu_energy_ac_mcp_machine=78022468384
-------
timestamp=3408697507392623
iterations=8748
sample_ns=100000000
window_ns=1000000000
rapl_core_sum_uj=28431951926
rapl_psys_sum_uj=0
pid=0 energy=34501821353993520 alive=1 kernel=1 cpu_ns=6892094858000000 mem=736792576 instructions=8269412798704 wakeups=42407981 diski=8777728 disko=811573248 rx=72517954 tx=30711468 comm=*system*
psu_energy_ac_mcp_machine=78031248535
-------
timestamp=3408697673016815
iterations=8749
sample_ns=100000000
window_ns=1000000000
rapl_core_sum_uj=28432852072
rapl_psys_sum_uj=0
pid=0 energy=34501824348726650 alive=1 kernel=1 cpu_ns=6892095222000000 mem=736874496 instructions=8269647745330 wakeups=42409378 diski=8777728 disko=812720128 rx=72517954 tx=30711468 comm=*system*
psu_energy_ac_mcp_machine=78040025391
-------
