timestamp=48889077971
iterations=144
sample_ns=100000000
window_ns=1000000000
rapl_core_sum_uj=21125173
rapl_psys_sum_uj=0
pid=0 energy=90431167985 alive=1 kernel=1 cpu_ns=17824000000 mem=226082816 instructions=262233597 wakeups=2425 diski=299008 disko=7622656 rx=2573 tx=1382 comm=*system*
psu_energy_ac_mcp_machine=969727
-------
timestamp=49029680389
iterations=146
sample_ns=100000000
window_ns=1000000000
rapl_core_sum_uj=22392689
rapl_psys_sum_uj=0
pid=0 energy=94524634395 alive=1 kernel=1 cpu_ns=18045000000 mem=251174912 instructions=859926879 wakeups=3053 diski=6922240 disko=7622656 rx=2598 tx=1399 comm=*system*
psu_energy_ac_mcp_machine=5016602
-------
timestamp=49172524149
iterations=147
sample_ns=100000000
window_ns=1000000000
rapl_core_sum_uj=23085132
rapl_psys_sum_uj=0
pid=0 energy=96984369085 alive=1 kernel=1 cpu_ns=18170000000 mem=251183104 instructions=1226873817 wakeups=3268 diski=6922240 disko=7622656 rx=2608 tx=1404 comm=*system*
psu_energy_ac_mcp_machine=7996216
-------
timestamp=49312620799
iterations=148
sample_ns=100000000
window_ns=1000000000
rapl_core_sum_uj=23778857
rapl_psys_sum_uj=0
pid=0 energy=99456716215 alive=1 kernel=1 cpu_ns=18298000000 mem=251183104 instructions=1593343243 wakeups=3472 diski=6922240 disko=7622656 rx=2616 tx=1408 comm=*system*
psu_energy_ac_mcp_machine=12034912
-------
timestamp=49456088995
iterations=150
sample_ns=100000000
window_ns=1000000000
rapl_core_sum_uj=25091356
rapl_psys_sum_uj=0
pid=0 energy=104082416620 alive=1 kernel=1 cpu_ns=18527000000 mem=251191296 instructions=2289483324 wakeups=3695 diski=6922240 disko=7622656 rx=2634 tx=1417 comm=*system*
psu_energy_ac_mcp_machine=16057251
-------
timestamp=49599367046
iterations=151
sample_ns=100000000
window_ns=1000000000
rapl_core_sum_uj=25782579
rapl_psys_sum_uj=0
pid=0 energy=106533718575 alive=1 kernel=1 cpu_ns=18651000000 mem=251195392 instructions=2655743715 wakeups=3890 diski=6922240 disko=7622656 rx=2646 tx=1422 comm=*system*
psu_energy_ac_mcp_machine=19022461
-------
timestamp=49739607312
iterations=153
sample_ns=100000000
window_ns=1000000000
rapl_core_sum_uj=27125534
rapl_psys_sum_uj=0
pid=0 energy=111333092300 alive=1 kernel=1 cpu_ns=18894000000 mem=252248064 instructions=3372618460 wakeups=4124 diski=6922240 disko=7622656 rx=2664 tx=1431 comm=*system*
psu_energy_ac_mcp_machine=23052856
-------
timestamp=49883307920
iterations=154
sample_ns=100000000
window_ns=1000000000
rapl_core_sum_uj=27781722
rapl_psys_sum_uj=0
pid=0 energy=113604686165 alive=1 kernel=1 cpu_ns=19004000000 mem=251195392 instructions=3716937233 wakeups=4294 diski=6922240 disko=7622656 rx=2674 tx=1436 comm=*system*
psu_energy_ac_mcp_machine=25967773
-------
timestamp=50023642263
iterations=155
sample_ns=100000000
window_ns=1000000000
rapl_core_sum_uj=28472395
rapl_psys_sum_uj=0
pid=0 energy=116087354375 alive=1 kernel=1 cpu_ns=19134000000 mem=251330560 instructions=4083470875 wakeups=4498 diski=6922240 disko=7622656 rx=2682 tx=1440 comm=*system*
psu_energy_ac_mcp_machine=29991577
-------
timestamp=50166707853
iterations=157
sample_ns=100000000
window_ns=1000000000
rapl_core_sum_uj=29786908
rapl_psys_sum_uj=0
pid=0 energy=120734343315 alive=1 kernel=1 cpu_ns=19365000000 mem=251330560 instructions=4781868663 wakeups=4724 diski=6922240 disko=7622656 rx=2702 tx=1450 comm=*system*
psu_energy_ac_mcp_machine=32910767
-------
timestamp=50306756565
iterations=158
sample_ns=100000000
window_ns=1000000000
rapl_core_sum_uj=30471112
rapl_psys_sum_uj=0
pid=0 energy=123174311635 alive=1 kernel=1 cpu_ns=19489000000 mem=251330560 instructions=5145862327 wakeups=4919 diski=6922240 disko=7622656 rx=2710 tx=1454 comm=*system*
psu_energy_ac_mcp_machine=36943481
-------
timestamp=50449778194
iterations=159
sample_ns=100000000
window_ns=1000000000
rapl_core_sum_uj=31165264
rapl_psys_sum_uj=0
pid=0 energy=125643697520 alive=1 kernel=1 cpu_ns=19616000000 mem=251334656 instructions=5512739504 wakeups=5127 diski=6922240 disko=7622656 rx=2720 tx=1459 comm=*system*
psu_energy_ac_mcp_machine=39877441
-------
timestamp=50590114643
iterations=161
sample_ns=100000000
window_ns=1000000000
rapl_core_sum_uj=32481364
rapl_psys_sum_uj=0
pid=0 energy=130277080230 alive=1 kernel=1 cpu_ns=19847000000 mem=251342848 instructions=6208416046 wakeups=5333 diski=6922240 disko=7622656 rx=2738 tx=1468 comm=*system*
psu_energy_ac_mcp_machine=43926270
-------
timestamp=50732615853
iterations=162
sample_ns=100000000
window_ns=1000000000
rapl_core_sum_uj=33173319
rapl_psys_sum_uj=0
pid=0 energy=132738790310 alive=1 kernel=1 cpu_ns=19973000000 mem=251342848 instructions=6574758062 wakeups=5530 diski=6922240 disko=7622656 rx=2747 tx=1472 comm=*system*
psu_energy_ac_mcp_machine=46877319
-------
timestamp=50872753723
iterations=163
sample_ns=100000000
window_ns=1000000000
rapl_core_sum_uj=33868570
rapl_psys_sum_uj=0
pid=0 energy=135195470360 alive=1 kernel=1 cpu_ns=20098000000 mem=251346944 instructions=6941094072 wakeups=5730 diski=6922240 disko=7622656 rx=2756 tx=1477 comm=*system*
psu_energy_ac_mcp_machine=50907593
-------
timestamp=51016262966
iterations=165
sample_ns=100000000
window_ns=1000000000
rapl_core_sum_uj=35184975
rapl_psys_sum_uj=0
pid=0 energy=139813457225 alive=1 kernel=1 cpu_ns=20326000000 mem=251174912 instructions=7636691445 wakeups=5945 diski=6922240 disko=7622656 rx=2774 tx=1486 comm=*system*
psu_energy_ac_mcp_machine=54909912
-------
timestamp=51159252672
iterations=166
sample_ns=100000000
window_ns=1000000000
rapl_core_sum_uj=35886391
rapl_psys_sum_uj=0
pid=0 energy=142287278465 alive=1 kernel=1 cpu_ns=20454000000 mem=251228160 instructions=8003455693 wakeups=6146 diski=6922240 disko=7622656 rx=2784 tx=1491 comm=*system*
psu_energy_ac_mcp_machine=57869141
-------
timestamp=51299554692
iterations=168
sample_ns=100000000
window_ns=1000000000
rapl_core_sum_uj=37237647
rapl_psys_sum_uj=0
pid=0 energy=147104846010 alive=1 kernel=1 cpu_ns=20700000000 mem=252461056 instructions=8720969202 wakeups=6388 diski=6922240 disko=7622656 rx=2796 tx=1497 comm=*system*
psu_energy_ac_mcp_machine=61873657
-------
timestamp=51443218632
iterations=169
sample_ns=100000000
window_ns=1000000000
rapl_core_sum_uj=37895483
rapl_psys_sum_uj=0
pid=0 energy=149397253395 alive=1 kernel=1 cpu_ns=20814000000 mem=251396096 instructions=9065450679 wakeups=6563 diski=6922240 disko=7622656 rx=2796 tx=1497 comm=*system*
psu_energy_ac_mcp_machine=64796631
-------
timestamp=51583433456
iterations=170
sample_ns=100000000
window_ns=1000000000
rapl_core_sum_uj=38591405
rapl_psys_sum_uj=0
pid=0 energy=151856403480 alive=1 kernel=1 cpu_ns=20940000000 mem=251351040 instructions=9431280696 wakeups=6753 diski=6922240 disko=7622656 rx=2796 tx=1497 comm=*system*
psu_energy_ac_mcp_machine=68836426
-------
timestamp=51726428457
iterations=172
sample_ns=100000000
window_ns=1000000000
rapl_core_sum_uj=39916111
rapl_psys_sum_uj=0
pid=0 energy=156557112160 alive=1 kernel=1 cpu_ns=21178000000 mem=251351040 instructions=10133422432 wakeups=6952 diski=6922240 disko=7622656 rx=2798 tx=1497 comm=*system*
psu_energy_ac_mcp_machine=71772461
-------
timestamp=51866723449
iterations=173
sample_ns=100000000
window_ns=1000000000
rapl_core_sum_uj=40599399
rapl_psys_sum_uj=0
pid=0 energy=158979813635 alive=1 kernel=1 cpu_ns=21304000000 mem=251338752 instructions=10491962727 wakeups=7141 diski=6922240 disko=7622656 rx=2798 tx=1497 comm=*system*
psu_energy_ac_mcp_machine=75810547
-------
timestamp=52010530557
iterations=174
sample_ns=100000000
window_ns=1000000000
rapl_core_sum_uj=41290744
rapl_psys_sum_uj=0
pid=0 energy=161434320900 alive=1 kernel=1 cpu_ns=21429000000 mem=251396096 instructions=10857864180 wakeups=7337 diski=6922240 disko=7622656 rx=2798 tx=1497 comm=*system*
psu_energy_ac_mcp_machine=78740723
-------
timestamp=52150689120
iterations=176
sample_ns=100000000
window_ns=1000000000
rapl_core_sum_uj=42596285
rapl_psys_sum_uj=0
pid=0 energy=166066368760 alive=1 kernel=1 cpu_ns=21660000000 mem=251400192 instructions=11553273752 wakeups=7546 diski=6922240 disko=7622656 rx=2798 tx=1497 comm=*system*
psu_energy_ac_mcp_machine=82781738
-------
timestamp=52294814804
iterations=177
sample_ns=100000000
window_ns=1000000000
rapl_core_sum_uj=43289705
rapl_psys_sum_uj=0
pid=0 energy=168517254990 alive=1 kernel=1 cpu_ns=21784000000 mem=251408384 instructions=11919450998 wakeups=7744 diski=6922240 disko=7622656 rx=2798 tx=1497 comm=*system*
psu_energy_ac_mcp_machine=85725952
-------
timestamp=52435312918
iterations=178
sample_ns=100000000
window_ns=1000000000
rapl_core_sum_uj=43981172
rapl_psys_sum_uj=0
pid=0 energy=170956748470 alive=1 kernel=1 cpu_ns=21906000000 mem=251318272 instructions=12285349694 wakeups=7948 diski=6922240 disko=7622656 rx=2798 tx=1497 comm=*system*
psu_energy_ac_mcp_machine=89738403
-------
timestamp=52576402744
iterations=180
sample_ns=100000000
window_ns=1000000000
rapl_core_sum_uj=45293549
rapl_psys_sum_uj=0
pid=0 energy=175583419265 alive=1 kernel=1 cpu_ns=22136000000 mem=251420672 instructions=12980683853 wakeups=8158 diski=6922240 disko=7622656 rx=2798 tx=1497 comm=*system*
psu_energy_ac_mcp_machine=93753784
-------
timestamp=52719323712
iterations=181
sample_ns=100000000
window_ns=1000000000
rapl_core_sum_uj=45988678
rapl_psys_sum_uj=0
pid=0 energy=178064816430 alive=1 kernel=1 cpu_ns=22266000000 mem=251437056 instructions=13346963286 wakeups=8353 diski=6922240 disko=7622656 rx=2798 tx=1497 comm=*system*
psu_energy_ac_mcp_machine=96693237
-------
timestamp=52859716609
iterations=183
sample_ns=100000000
window_ns=1000000000
rapl_core_sum_uj=47336150
rapl_psys_sum_uj=0
pid=0 energy=182884429850 alive=1 kernel=1 cpu_ns=22513000000 mem=252489728 instructions=14063885970 wakeups=8582 diski=6922240 disko=7622656 rx=2798 tx=1497 comm=*system*
psu_energy_ac_mcp_machine=100709106
-------
timestamp=53003758377
iterations=184
sample_ns=100000000
window_ns=1000000000
rapl_core_sum_uj=47998625
rapl_psys_sum_uj=0
pid=0 energy=185169460720 alive=1 kernel=1 cpu_ns=22626000000 mem=251437056 instructions=14407892144 wakeups=8748 diski=6922240 disko=7622656 rx=2798 tx=1497 comm=*system*
psu_energy_ac_mcp_machine=103649780
-------
timestamp=53144318118
iterations=185
sample_ns=100000000
window_ns=1000000000
rapl_core_sum_uj=48695768
rapl_psys_sum_uj=0
pid=0 energy=187628044220 alive=1 kernel=1 cpu_ns=22751000000 mem=251441152 instructions=14774608844 wakeups=8949 diski=6922240 disko=7622656 rx=2798 tx=1497 comm=*system*
psu_energy_ac_mcp_machine=107673462
-------
timestamp=53287038768
iterations=187
sample_ns=100000000
window_ns=1000000000
rapl_core_sum_uj=50007351
rapl_psys_sum_uj=0
pid=0 energy=192267257970 alive=1 kernel=1 cpu_ns=22982000000 mem=251449344 instructions=15471451594 wakeups=9162 diski=6922240 disko=7622656 rx=2798 tx=1497 comm=*system*
psu_energy_ac_mcp_machine=110583618
-------
timestamp=53427293454
iterations=188
sample_ns=100000000
window_ns=1000000000
rapl_core_sum_uj=50696621
rapl_psys_sum_uj=0
pid=0 energy=194696772735 alive=1 kernel=1 cpu_ns=23104000000 mem=251473920 instructions=15835354547 wakeups=9361 diski=6922240 disko=7622656 rx=2798 tx=1497 comm=*system*
psu_energy_ac_mcp_machine=114621704
-------
timestamp=53570883463
iterations=189
sample_ns=100000000
window_ns=1000000000
rapl_core_sum_uj=51391933
rapl_psys_sum_uj=0
pid=0 energy=197166874300 alive=1 kernel=1 cpu_ns=23231000000 mem=251461632 instructions=16202374860 wakeups=9561 diski=6922240 disko=7622656 rx=2798 tx=1497 comm=*system*
psu_energy_ac_mcp_machine=117563599
-------
timestamp=53710891823
iterations=191
sample_ns=100000000
window_ns=1000000000
rapl_core_sum_uj=52688868
rapl_psys_sum_uj=0
pid=0 energy=201795377020 alive=1 kernel=1 cpu_ns=23462000000 mem=251473920 instructions=16897075404 wakeups=9762 diski=6922240 disko=7622656 rx=2800 tx=1497 comm=*system*
psu_energy_ac_mcp_machine=121579712
-------
timestamp=53854828382
iterations=192
sample_ns=100000000
window_ns=1000000000
rapl_core_sum_uj=53387049
rapl_psys_sum_uj=0
pid=0 energy=204262189445 alive=1 kernel=1 cpu_ns=23589000000 mem=251482112 instructions=17263437889 wakeups=9958 diski=6922240 disko=7622656 rx=2800 tx=1497 comm=*system*
psu_energy_ac_mcp_machine=124505615
-------
timestamp=53994846829
iterations=193
sample_ns=100000000
window_ns=1000000000
rapl_core_sum_uj=54085230
rapl_psys_sum_uj=0
pid=0 energy=206731926730 alive=1 kernel=1 cpu_ns=23716000000 mem=251375616 instructions=17630385346 wakeups=10166 diski=6922240 disko=7704576 rx=2800 tx=1497 comm=*system*
psu_energy_ac_mcp_machine=128539795
-------
timestamp=54136340496
iterations=195
sample_ns=100000000
window_ns=1000000000
rapl_core_sum_uj=55390283
rapl_psys_sum_uj=0
pid=0 energy=211350983505 alive=1 kernel=1 cpu_ns=23945000000 mem=251617280 instructions=18325196701 wakeups=10372 diski=6922240 disko=7704576 rx=2800 tx=1497 comm=*system*
psu_energy_ac_mcp_machine=132524658
-------
timestamp=54279620947
iterations=196
sample_ns=100000000
window_ns=1000000000
rapl_core_sum_uj=56085595
rapl_psys_sum_uj=0
pid=0 energy=213814457190 alive=1 kernel=1 cpu_ns=24072000000 mem=251588608 instructions=18690891438 wakeups=10575 diski=6922240 disko=7704576 rx=2800 tx=1497 comm=*system*
psu_energy_ac_mcp_machine=135478882
-------
timestamp=54420034780
iterations=198
sample_ns=100000000
window_ns=1000000000
rapl_core_sum_uj=57433677
rapl_psys_sum_uj=0
pid=0 energy=218622597410 alive=1 kernel=1 cpu_ns=24317000000 mem=252461056 instructions=19407519482 wakeups=10817 diski=6922240 disko=7704576 rx=2800 tx=1497 comm=*system*
psu_energy_ac_mcp_machine=139495117
-------
timestamp=54563721267
iterations=199
sample_ns=100000000
window_ns=1000000000
rapl_core_sum_uj=58092856
rapl_psys_sum_uj=0
pid=0 energy=220911078500 alive=1 kernel=1 cpu_ns=24429000000 mem=251334656 instructions=19753215700 wakeups=10992 diski=6922240 disko=7704576 rx=2800 tx=1497 comm=*system*
psu_energy_ac_mcp_machine=142453491
-------
timestamp=54703955157
iterations=200
sample_ns=100000000
window_ns=1000000000
rapl_core_sum_uj=58785055
rapl_psys_sum_uj=0
pid=0 energy=223377823045 alive=1 kernel=1 cpu_ns=24556000000 mem=251400192 instructions=20119564609 wakeups=11192 diski=6922240 disko=7704576 rx=2800 tx=1497 comm=*system*
psu_energy_ac_mcp_machine=146513672
-------
timestamp=54847240449
iterations=202
sample_ns=100000000
window_ns=1000000000
rapl_core_sum_uj=60127095
rapl_psys_sum_uj=0
pid=0 energy=228135322385 alive=1 kernel=1 cpu_ns=24795000000 mem=250593280 instructions=20832064477 wakeups=11460 diski=6922240 disko=7704576 rx=2800 tx=1497 comm=*system*
psu_energy_ac_mcp_machine=149438232
-------
timestamp=54987740807
iterations=203
sample_ns=100000000
window_ns=1000000000
rapl_core_sum_uj=60826435
rapl_psys_sum_uj=0
pid=0 energy=230582233300 alive=1 kernel=1 cpu_ns=24919000000 mem=250515456 instructions=21197446660 wakeups=11657 diski=6922240 disko=7704576 rx=2800 tx=1497 comm=*system*
psu_energy_ac_mcp_machine=153479492
-------
timestamp=55130722994
iterations=204
sample_ns=100000000
window_ns=1000000000
rapl_core_sum_uj=61522663
rapl_psys_sum_uj=0
pid=0 energy=233038748490 alive=1 kernel=1 cpu_ns=25044000000 mem=250519552 instructions=21563749698 wakeups=11850 diski=6922240 disko=7704576 rx=2800 tx=1497 comm=*system*
psu_energy_ac_mcp_machine=156442505
-------
timestamp=55271206280
iterations=206
sample_ns=100000000
window_ns=1000000000
rapl_core_sum_uj=62833697
rapl_psys_sum_uj=0
pid=0 energy=237654267880 alive=1 kernel=1 cpu_ns=25272000000 mem=250519552 instructions=22258853576 wakeups=12059 diski=6922240 disko=7704576 rx=2800 tx=1497 comm=*system*
psu_energy_ac_mcp_machine=160468750
-------
timestamp=55414369321
iterations=207
sample_ns=100000000
window_ns=1000000000
rapl_core_sum_uj=63526262
rapl_psys_sum_uj=0
pid=0 energy=240138139745 alive=1 kernel=1 cpu_ns=25402000000 mem=250535936 instructions=22625627949 wakeups=12258 diski=6922240 disko=7704576 rx=2800 tx=1497 comm=*system*
psu_energy_ac_mcp_machine=163389282
-------
timestamp=55554606932
iterations=208
sample_ns=100000000
window_ns=1000000000
rapl_core_sum_uj=64220353
rapl_psys_sum_uj=0
pid=0 energy=242608723400 alive=1 kernel=1 cpu_ns=25530000000 mem=250523648 instructions=22991744680 wakeups=12461 diski=6922240 disko=7704576 rx=2800 tx=1497 comm=*system*
psu_energy_ac_mcp_machine=167405884
-------
timestamp=55696739016
iterations=210
sample_ns=100000000
window_ns=1000000000
rapl_core_sum_uj=65533890
rapl_psys_sum_uj=0
pid=0 energy=247232586025 alive=1 kernel=1 cpu_ns=25760000000 mem=250519552 instructions=23686517205 wakeups=12663 diski=6922240 disko=7704576 rx=2802 tx=1497 comm=*system*
psu_energy_ac_mcp_machine=171387207
-------
timestamp=55839677000
iterations=211
sample_ns=100000000
window_ns=1000000000
rapl_core_sum_uj=66231399
rapl_psys_sum_uj=0
pid=0 energy=249689674280 alive=1 kernel=1 cpu_ns=25885000000 mem=250523648 instructions=24052934856 wakeups=12863 diski=6922240 disko=7704576 rx=2802 tx=1497 comm=*system*
psu_energy_ac_mcp_machine=174329590
-------
timestamp=55980482967
iterations=213
sample_ns=100000000
window_ns=1000000000
rapl_core_sum_uj=67580275
rapl_psys_sum_uj=0
pid=0 energy=254483042255 alive=1 kernel=1 cpu_ns=26129000000 mem=251551744 instructions=24767608451 wakeups=13096 diski=6922240 disko=7704576 rx=2802 tx=1497 comm=*system*
psu_energy_ac_mcp_machine=178356689
-------
timestamp=56124810558
iterations=214
sample_ns=100000000
window_ns=1000000000
rapl_core_sum_uj=68243666
rapl_psys_sum_uj=0
pid=0 energy=256783338015 alive=1 kernel=1 cpu_ns=26243000000 mem=250531840 instructions=25113667603 wakeups=13269 diski=6922240 disko=7704576 rx=2802 tx=1497 comm=*system*
psu_energy_ac_mcp_machine=181302856
-------
timestamp=56264808333
iterations=215
sample_ns=100000000
window_ns=1000000000
rapl_core_sum_uj=68939466
rapl_psys_sum_uj=0
pid=0 energy=259234535140 alive=1 kernel=1 cpu_ns=26367000000 mem=250531840 instructions=25479907028 wakeups=13473 diski=6922240 disko=7704576 rx=2802 tx=1497 comm=*system*
psu_energy_ac_mcp_machine=185323975
-------
timestamp=56408759405
iterations=217
sample_ns=100000000
window_ns=1000000000
rapl_core_sum_uj=70249279
rapl_psys_sum_uj=0
pid=0 energy=263858871305 alive=1 kernel=1 cpu_ns=26597000000 mem=250535936 instructions=26174774261 wakeups=13676 diski=6922240 disko=7704576 rx=2802 tx=1497 comm=*system*
psu_energy_ac_mcp_machine=188225464
-------
timestamp=56548702464
iterations=218
sample_ns=100000000
window_ns=1000000000
rapl_core_sum_uj=70942211
rapl_psys_sum_uj=0
pid=0 energy=266309912160 alive=1 kernel=1 cpu_ns=26721000000 mem=250535936 instructions=26540982432 wakeups=13870 diski=6922240 disko=7704576 rx=2802 tx=1497 comm=*system*
psu_energy_ac_mcp_machine=192242920
-------
timestamp=56692711988
iterations=219
sample_ns=100000000
window_ns=1000000000
rapl_core_sum_uj=71641979
rapl_psys_sum_uj=0
pid=0 energy=268765529835 alive=1 kernel=1 cpu_ns=26846000000 mem=250552320 instructions=26907105967 wakeups=14066 diski=6922240 disko=7704576 rx=2802 tx=1497 comm=*system*
psu_energy_ac_mcp_machine=195144531
-------
timestamp=56832768460
iterations=221
sample_ns=100000000
window_ns=1000000000
rapl_core_sum_uj=72950267
rapl_psys_sum_uj=0
pid=0 energy=273378900780 alive=1 kernel=1 cpu_ns=27074000000 mem=250531840 instructions=27601780156 wakeups=14271 diski=6922240 disko=7704576 rx=2802 tx=1497 comm=*system*
psu_energy_ac_mcp_machine=199167114
-------
timestamp=56976133960
iterations=222
sample_ns=100000000
window_ns=1000000000
rapl_core_sum_uj=73645823
rapl_psys_sum_uj=0
pid=0 energy=275832900155 alive=1 kernel=1 cpu_ns=27198000000 mem=250544128 instructions=27968580031 wakeups=14468 diski=6922240 disko=7704576 rx=2802 tx=1497 comm=*system*
psu_energy_ac_mcp_machine=203170288
-------
timestamp=57119801998
iterations=223
sample_ns=100000000
window_ns=1000000000
rapl_core_sum_uj=74340708
rapl_psys_sum_uj=0
pid=0 energy=278306336035 alive=1 kernel=1 cpu_ns=27327000000 mem=250478592 instructions=28334267207 wakeups=14667 diski=6922240 disko=7704576 rx=2802 tx=1497 comm=*system*
psu_energy_ac_mcp_machine=206127075
-------
timestamp=57259700559
iterations=225
sample_ns=100000000
window_ns=1000000000
rapl_core_sum_uj=75646066
rapl_psys_sum_uj=0
pid=0 energy=282925697245 alive=1 kernel=1 cpu_ns=27556000000 mem=250540032 instructions=29029139449 wakeups=14877 diski=6922240 disko=7704576 rx=2802 tx=1497 comm=*system*
psu_energy_ac_mcp_machine=210143555
-------
timestamp=57403501670
iterations=226
sample_ns=100000000
window_ns=1000000000
rapl_core_sum_uj=76338143
rapl_psys_sum_uj=0
pid=0 energy=285381480020 alive=1 kernel=1 cpu_ns=27681000000 mem=250535936 instructions=29395296004 wakeups=15073 diski=6922240 disko=7704576 rx=2802 tx=1497 comm=*system*
psu_energy_ac_mcp_machine=213112671
-------
timestamp=57543767320
iterations=228
sample_ns=100000000
window_ns=1000000000
rapl_core_sum_uj=77671211
rapl_psys_sum_uj=0
pid=0 energy=290120369425 alive=1 kernel=1 cpu_ns=27920000000 mem=251043840 instructions=30104073885 wakeups=15299 diski=6922240 disko=7704576 rx=2804 tx=1497 comm=*system*
psu_energy_ac_mcp_machine=217145264
-------
timestamp=57687548878
iterations=229
sample_ns=100000000
window_ns=1000000000
rapl_core_sum_uj=78345161
rapl_psys_sum_uj=0
pid=0 energy=292470652280 alive=1 kernel=1 cpu_ns=28038000000 mem=250544128 instructions=30456130456 wakeups=15483 diski=6922240 disko=7704576 rx=2804 tx=1497 comm=*system*
psu_energy_ac_mcp_machine=220062134
-------
timestamp=57827400584
iterations=230
sample_ns=100000000
window_ns=1000000000
rapl_core_sum_uj=79038276
rapl_psys_sum_uj=0
pid=0 energy=294925893875 alive=1 kernel=1 cpu_ns=28163000000 mem=250548224 instructions=30822178775 wakeups=15678 diski=6922240 disko=7704576 rx=2804 tx=1497 comm=*system*
psu_energy_ac_mcp_machine=224083862
-------
timestamp=57970918210
iterations=232
sample_ns=100000000
window_ns=1000000000
rapl_core_sum_uj=80352728
rapl_psys_sum_uj=0
pid=0 energy=299569981215 alive=1 kernel=1 cpu_ns=28397000000 mem=250544128 instructions=31516996243 wakeups=15874 diski=6922240 disko=7704576 rx=2804 tx=1497 comm=*system*
psu_energy_ac_mcp_machine=227038818
-------
timestamp=58111686848
iterations=233
sample_ns=100000000
window_ns=1000000000
rapl_core_sum_uj=81050420
rapl_psys_sum_uj=0
pid=0 energy=302036923050 alive=1 kernel=1 cpu_ns=28524000000 mem=250548224 instructions=31883384610 wakeups=16074 diski=6922240 disko=7704576 rx=2804 tx=1497 comm=*system*
psu_energy_ac_mcp_machine=231071777
-------
timestamp=58254982645
iterations=234
sample_ns=100000000
window_ns=1000000000
rapl_core_sum_uj=81745793
rapl_psys_sum_uj=0
pid=0 energy=304489693970 alive=1 kernel=1 cpu_ns=28648000000 mem=250552320 instructions=32249938794 wakeups=16281 diski=6922240 disko=7704576 rx=2805 tx=1498 comm=*system*
psu_energy_ac_mcp_machine=234019409
-------
timestamp=58395566125
iterations=236
sample_ns=100000000
window_ns=1000000000
rapl_core_sum_uj=83061039
rapl_psys_sum_uj=0
pid=0 energy=309119540785 alive=1 kernel=1 cpu_ns=28879000000 mem=250556416 instructions=32944908157 wakeups=16479 diski=6922240 disko=7704576 rx=2805 tx=1498 comm=*system*
psu_energy_ac_mcp_machine=238024170
-------
timestamp=58536385628
iterations=237
sample_ns=100000000
window_ns=1000000000
rapl_core_sum_uj=83753788
rapl_psys_sum_uj=0
pid=0 energy=311587516125 alive=1 kernel=1 cpu_ns=29006000000 mem=250556416 instructions=33311503225 wakeups=16679 diski=6922240 disko=7704576 rx=2805 tx=1498 comm=*system*
psu_energy_ac_mcp_machine=242037354
-------
timestamp=58679747692
iterations=238
sample_ns=100000000
window_ns=1000000000
rapl_core_sum_uj=84451969
rapl_psys_sum_uj=0
pid=0 energy=314063218075 alive=1 kernel=1 cpu_ns=29135000000 mem=250503168 instructions=33677643615 wakeups=16868 diski=6922240 disko=7704576 rx=2805 tx=1498 comm=*system*
psu_energy_ac_mcp_machine=244989502
-------
timestamp=58820678881
iterations=240
sample_ns=100000000
window_ns=1000000000
rapl_core_sum_uj=85765994
rapl_psys_sum_uj=0
pid=0 energy=318672965305 alive=1 kernel=1 cpu_ns=29362000000 mem=250556416 instructions=34372593061 wakeups=17069 diski=6922240 disko=7704576 rx=2805 tx=1498 comm=*system*
psu_energy_ac_mcp_machine=249046875
-------
timestamp=58964068353
iterations=241
sample_ns=100000000
window_ns=1000000000
rapl_core_sum_uj=86469180
rapl_psys_sum_uj=0
pid=0 energy=321116732925 alive=1 kernel=1 cpu_ns=29487000000 mem=250499072 instructions=34736346585 wakeups=17269 diski=6922240 disko=7704576 rx=2805 tx=1498 comm=*system*
psu_energy_ac_mcp_machine=251979858
-------
timestamp=59104333310
iterations=243
sample_ns=100000000
window_ns=1000000000
rapl_core_sum_uj=87802004
rapl_psys_sum_uj=0
pid=0 energy=325811828395 alive=1 kernel=1 cpu_ns=29725000000 mem=251064320 instructions=35437365679 wakeups=17485 diski=6922240 disko=7757824 rx=2805 tx=1498 comm=*system*
psu_energy_ac_mcp_machine=256036255
-------
timestamp=59247659698
iterations=244
sample_ns=100000000
window_ns=1000000000
rapl_core_sum_uj=88480104
rapl_psys_sum_uj=0
pid=0 energy=328171693900 alive=1 kernel=1 cpu_ns=29847000000 mem=250408960 instructions=35787338780 wakeups=17678 diski=6922240 disko=7757824 rx=2805 tx=1498 comm=*system*
psu_energy_ac_mcp_machine=258980591
-------
timestamp=59387935339
iterations=245
sample_ns=100000000
window_ns=1000000000
rapl_core_sum_uj=89172608
rapl_psys_sum_uj=0
pid=0 energy=330607350165 alive=1 kernel=1 cpu_ns=29972000000 mem=250462208 instructions=36149470033 wakeups=17868 diski=6922240 disko=7757824 rx=2805 tx=1498 comm=*system*
psu_energy_ac_mcp_machine=263000732
-------
timestamp=59531187668
iterations=247
sample_ns=100000000
window_ns=1000000000
rapl_core_sum_uj=90486633
rapl_psys_sum_uj=0
pid=0 energy=335186369795 alive=1 kernel=1 cpu_ns=30200000000 mem=250470400 instructions=36837273959 wakeups=18073 diski=6922240 disko=7757824 rx=2805 tx=1498 comm=*system*
psu_energy_ac_mcp_machine=265909546
-------
timestamp=59671329023
iterations=248
sample_ns=100000000
window_ns=1000000000
rapl_core_sum_uj=91185302
rapl_psys_sum_uj=0
pid=0 energy=337618763890 alive=1 kernel=1 cpu_ns=30324000000 mem=250347520 instructions=37199752778 wakeups=18266 diski=6922240 disko=7757824 rx=2807 tx=1498 comm=*system*
psu_energy_ac_mcp_machine=269908203
-------
timestamp=59815826661
iterations=249
sample_ns=100000000
window_ns=1000000000
rapl_core_sum_uj=91888427
rapl_psys_sum_uj=0
pid=0 energy=340067395670 alive=1 kernel=1 cpu_ns=30451000000 mem=250363904 instructions=37562479134 wakeups=18464 diski=6922240 disko=7757824 rx=2807 tx=1498 comm=*system*
psu_energy_ac_mcp_machine=272848022
-------
timestamp=59956391369
iterations=251
sample_ns=100000000
window_ns=1000000000
rapl_core_sum_uj=93198729
rapl_psys_sum_uj=0
pid=0 energy=344644684260 alive=1 kernel=1 cpu_ns=30679000000 mem=250576896 instructions=38249936852 wakeups=18661 diski=6922240 disko=7757824 rx=2807 tx=1498 comm=*system*
psu_energy_ac_mcp_machine=276869263
-------
timestamp=60096808605
iterations=252
sample_ns=100000000
window_ns=1000000000
rapl_core_sum_uj=93889891
rapl_psys_sum_uj=0
pid=0 energy=347085480620 alive=1 kernel=1 cpu_ns=30805000000 mem=250585088 instructions=38612096124 wakeups=18855 diski=6922240 disko=7757824 rx=2807 tx=1498 comm=*system*
psu_energy_ac_mcp_machine=280873657
-------
timestamp=60240441389
iterations=253
sample_ns=100000000
window_ns=1000000000
rapl_core_sum_uj=94589781
rapl_psys_sum_uj=0
pid=0 energy=349535558665 alive=1 kernel=1 cpu_ns=30932000000 mem=250437632 instructions=38975111733 wakeups=19053 diski=6922240 disko=7757824 rx=2807 tx=1498 comm=*system*
psu_energy_ac_mcp_machine=283803345
-------
timestamp=60380310763
iterations=255
sample_ns=100000000
window_ns=1000000000
rapl_core_sum_uj=95901365
rapl_psys_sum_uj=0
pid=0 energy=354139634160 alive=1 kernel=1 cpu_ns=31165000000 mem=250576896 instructions=39662926832 wakeups=19260 diski=6922240 disko=7757824 rx=2807 tx=1498 comm=*system*
psu_energy_ac_mcp_machine=287825928
-------
timestamp=60523868301
iterations=256
sample_ns=100000000
window_ns=1000000000
rapl_core_sum_uj=96594785
rapl_psys_sum_uj=0
pid=0 energy=356587228125 alive=1 kernel=1 cpu_ns=31292000000 mem=250585088 instructions=40025445625 wakeups=19461 diski=6922240 disko=7757824 rx=2807 tx=1498 comm=*system*
psu_energy_ac_mcp_machine=290775879
-------
timestamp=60664513758
iterations=258
sample_ns=100000000
window_ns=1000000000
rapl_core_sum_uj=97930721
rapl_psys_sum_uj=0
pid=0 energy=361280943665 alive=1 kernel=1 cpu_ns=31530000000 mem=251121664 instructions=40726188733 wakeups=19678 diski=6922240 disko=7757824 rx=2807 tx=1498 comm=*system*
psu_energy_ac_mcp_machine=294781860
-------
timestamp=60808222885
iterations=259
sample_ns=100000000
window_ns=1000000000
rapl_core_sum_uj=98612788
rapl_psys_sum_uj=0
pid=0 energy=363625830175 alive=1 kernel=1 cpu_ns=31649000000 mem=250580992 instructions=41076166035 wakeups=19863 diski=6922240 disko=7757824 rx=2807 tx=1498 comm=*system*
psu_energy_ac_mcp_machine=297731812
-------
timestamp=60948142374
iterations=260
sample_ns=100000000
window_ns=1000000000
rapl_core_sum_uj=99309504
rapl_psys_sum_uj=0
pid=0 energy=366063643035 alive=1 kernel=1 cpu_ns=31774000000 mem=250601472 instructions=41438728607 wakeups=20062 diski=6922240 disko=7757824 rx=2807 tx=1498 comm=*system*
psu_energy_ac_mcp_machine=301758911
-------
timestamp=61091367271
iterations=262
sample_ns=100000000
window_ns=1000000000
rapl_core_sum_uj=100619989
rapl_psys_sum_uj=0
pid=0 energy=370671690035 alive=1 kernel=1 cpu_ns=32008000000 mem=250417152 instructions=42126338007 wakeups=20261 diski=6922240 disko=7757824 rx=2807 tx=1498 comm=*system*
psu_energy_ac_mcp_machine=304710938
-------
timestamp=61231676321
iterations=263
sample_ns=100000000
window_ns=1000000000
rapl_core_sum_uj=101317376
rapl_psys_sum_uj=0
pid=0 energy=373142223825 alive=1 kernel=1 cpu_ns=32139000000 mem=250433536 instructions=42489444765 wakeups=20469 diski=6922240 disko=7757824 rx=2807 tx=1498 comm=*system*
psu_energy_ac_mcp_machine=308770874
-------
timestamp=61375293821
iterations=264
sample_ns=100000000
window_ns=1000000000
rapl_core_sum_uj=102012078
rapl_psys_sum_uj=0
pid=0 energy=375568840705 alive=1 kernel=1 cpu_ns=32262000000 mem=250454016 instructions=42851768141 wakeups=20662 diski=6922240 disko=7757824 rx=2807 tx=1498 comm=*system*
psu_energy_ac_mcp_machine=311682861
-------
timestamp=61515766146
iterations=266
sample_ns=100000000
window_ns=1000000000
rapl_core_sum_uj=103322990
rapl_psys_sum_uj=0
pid=0 energy=380166207585 alive=1 kernel=1 cpu_ns=32494000000 mem=250630144 instructions=43539241517 wakeups=20872 diski=6922240 disko=7757824 rx=2807 tx=1498 comm=*system*
psu_energy_ac_mcp_machine=315701172
-------
timestamp=61656748642
iterations=267
sample_ns=100000000
window_ns=1000000000
rapl_core_sum_uj=104020133
rapl_psys_sum_uj=0
pid=0 energy=382610570420 alive=1 kernel=1 cpu_ns=32620000000 mem=250740736 instructions=43902114084 wakeups=21070 diski=6922240 disko=7757824 rx=2809 tx=1498 comm=*system*
psu_energy_ac_mcp_machine=319699097
-------
timestamp=61800603956
iterations=268
sample_ns=100000000
window_ns=1000000000
rapl_core_sum_uj=104714774
rapl_psys_sum_uj=0
pid=0 energy=385040431020 alive=1 kernel=1 cpu_ns=32744000000 mem=250535936 instructions=44264086204 wakeups=21268 diski=6922240 disko=7757824 rx=2809 tx=1498 comm=*system*
psu_energy_ac_mcp_machine=322647095
-------
timestamp=61940998247
iterations=270
sample_ns=100000000
window_ns=1000000000
rapl_core_sum_uj=106030386
rapl_psys_sum_uj=0
pid=0 energy=389619736760 alive=1 kernel=1 cpu_ns=32972000000 mem=250593280 instructions=44951947352 wakeups=21475 diski=6922240 disko=7757824 rx=2809 tx=1498 comm=*system*
psu_energy_ac_mcp_machine=326657715
-------
timestamp=62084580657
iterations=271
sample_ns=100000000
window_ns=1000000000
rapl_core_sum_uj=106729787
rapl_psys_sum_uj=0
pid=0 energy=392056784845 alive=1 kernel=1 cpu_ns=33097000000 mem=250601472 instructions=45314356969 wakeups=21667 diski=6922240 disko=7757824 rx=2809 tx=1498 comm=*system*
psu_energy_ac_mcp_machine=329602783
-------
timestamp=62224086520
iterations=273
sample_ns=100000000
window_ns=1000000000
rapl_core_sum_uj=108069691
rapl_psys_sum_uj=0
pid=0 energy=396744739005 alive=1 kernel=1 cpu_ns=33332000000 mem=251158528 instructions=46016947801 wakeups=21898 diski=6922240 disko=7999488 rx=2809 tx=1498 comm=*system*
psu_energy_ac_mcp_machine=333659790
-------
timestamp=62368234256
iterations=274
sample_ns=100000000
window_ns=1000000000
rapl_core_sum_uj=108749988
rapl_psys_sum_uj=0
pid=0 energy=399062215930 alive=1 kernel=1 cpu_ns=33446000000 mem=250597376 instructions=46366443186 wakeups=22084 diski=6922240 disko=7999488 rx=2809 tx=1498 comm=*system*
psu_energy_ac_mcp_machine=336591553
-------
timestamp=62508758605
iterations=275
sample_ns=100000000
window_ns=1000000000
rapl_core_sum_uj=109445361
rapl_psys_sum_uj=0
pid=0 energy=401503336920 alive=1 kernel=1 cpu_ns=33572000000 mem=250597376 instructions=46728667384 wakeups=22283 diski=6922240 disko=7999488 rx=2809 tx=1498 comm=*system*
psu_energy_ac_mcp_machine=340617310
-------
timestamp=62651421159
iterations=277
sample_ns=100000000
window_ns=1000000000
rapl_core_sum_uj=110763048
rapl_psys_sum_uj=0
pid=0 energy=406089897455 alive=1 kernel=1 cpu_ns=33802000000 mem=250605568 instructions=47415979491 wakeups=22486 diski=6922240 disko=7999488 rx=2809 tx=1498 comm=*system*
psu_energy_ac_mcp_machine=343546265
-------
timestamp=62791719259
iterations=278
sample_ns=100000000
window_ns=1000000000
rapl_core_sum_uj=111461290
rapl_psys_sum_uj=0
pid=0 energy=408537121515 alive=1 kernel=1 cpu_ns=33929000000 mem=250605568 instructions=47778424303 wakeups=22682 diski=6922240 disko=7999488 rx=2809 tx=1498 comm=*system*
psu_energy_ac_mcp_machine=347578125
-------
timestamp=62934109435
iterations=279
sample_ns=100000000
window_ns=1000000000
rapl_core_sum_uj=112159776
rapl_psys_sum_uj=0
pid=0 energy=410980328910 alive=1 kernel=1 cpu_ns=34055000000 mem=250609664 instructions=48141065782 wakeups=22876 diski=6922240 disko=7999488 rx=2809 tx=1498 comm=*system*
psu_energy_ac_mcp_machine=350506104
-------
timestamp=63074675496
iterations=281
sample_ns=100000000
window_ns=1000000000
rapl_core_sum_uj=113473862
rapl_psys_sum_uj=0
pid=0 energy=415575466065 alive=1 kernel=1 cpu_ns=34286000000 mem=250609664 instructions=48829093213 wakeups=23082 diski=6922240 disko=7999488 rx=2809 tx=1498 comm=*system*
psu_energy_ac_mcp_machine=354516357
-------
timestamp=63217615247
iterations=282
sample_ns=100000000
window_ns=1000000000
rapl_core_sum_uj=114170761
rapl_psys_sum_uj=0
pid=0 energy=418013467450 alive=1 kernel=1 cpu_ns=34411000000 mem=250433536 instructions=49191693490 wakeups=23283 diski=6922240 disko=7999488 rx=2809 tx=1498 comm=*system*
psu_energy_ac_mcp_machine=358499390
-------
timestamp=63360749980
iterations=283
sample_ns=100000000
window_ns=1000000000
rapl_core_sum_uj=114871200
rapl_psys_sum_uj=0
pid=0 energy=420445433050 alive=1 kernel=1 cpu_ns=34535000000 mem=250609664 instructions=49554086610 wakeups=23475 diski=6922240 disko=7999488 rx=2809 tx=1498 comm=*system*
psu_energy_ac_mcp_machine=361435547
-------
timestamp=63501405356
iterations=285
sample_ns=100000000
window_ns=1000000000
rapl_core_sum_uj=116185897
rapl_psys_sum_uj=0
pid=0 energy=425027603640 alive=1 kernel=1 cpu_ns=34764000000 mem=250433536 instructions=50241520728 wakeups=23680 diski=6922240 disko=7999488 rx=2809 tx=1498 comm=*system*
psu_energy_ac_mcp_machine=365455200
-------
timestamp=63645351874
iterations=286
sample_ns=100000000
window_ns=1000000000
rapl_core_sum_uj=116884017
rapl_psys_sum_uj=0
pid=0 energy=427459385095 alive=1 kernel=1 cpu_ns=34888000000 mem=250609664 instructions=50603877019 wakeups=23868 diski=6922240 disko=7999488 rx=2811 tx=1498 comm=*system*
psu_energy_ac_mcp_machine=368376831
-------
timestamp=63785738979
iterations=288
sample_ns=100000000
window_ns=1000000000
rapl_core_sum_uj=118217695
rapl_psys_sum_uj=0
pid=0 energy=432166831550 alive=1 kernel=1 cpu_ns=35131000000 mem=251138048 instructions=51302366310 wakeups=24081 diski=6922240 disko=7999488 rx=2811 tx=1498 comm=*system*
psu_energy_ac_mcp_machine=372411987
-------
timestamp=63928818720
iterations=289
sample_ns=100000000
window_ns=1000000000
rapl_core_sum_uj=118898542
rapl_psys_sum_uj=0
pid=0 energy=434512693055 alive=1 kernel=1 cpu_ns=35248000000 mem=250609664 instructions=51654538611 wakeups=24274 diski=6922240 disko=7999488 rx=2811 tx=1498 comm=*system*
psu_energy_ac_mcp_machine=375332764
-------
timestamp=64068902448
iterations=290
sample_ns=100000000
window_ns=1000000000
rapl_core_sum_uj=119595441
rapl_psys_sum_uj=0
pid=0 energy=436938911745 alive=1 kernel=1 cpu_ns=35371000000 mem=250617856 instructions=52016782349 wakeups=24460 diski=6922240 disko=7999488 rx=2811 tx=1498 comm=*system*
psu_energy_ac_mcp_machine=379395630
-------
timestamp=64212207122
iterations=292
sample_ns=100000000
window_ns=1000000000
rapl_core_sum_uj=120927776
rapl_psys_sum_uj=0
pid=0 energy=441582868175 alive=1 kernel=1 cpu_ns=35603000000 mem=250621952 instructions=52713573635 wakeups=24759 diski=6922240 disko=9854976 rx=2811 tx=1498 comm=*system*
psu_energy_ac_mcp_machine=382351929
-------
timestamp=64352602409
iterations=293
sample_ns=100000000
window_ns=1000000000
rapl_core_sum_uj=121627910
rapl_psys_sum_uj=0
pid=0 energy=444021713610 alive=1 kernel=1 cpu_ns=35728000000 mem=250621952 instructions=53076342722 wakeups=24957 diski=6922240 disko=9854976 rx=2811 tx=1498 comm=*system*
psu_energy_ac_mcp_machine=386400391
-------
timestamp=64496399536
iterations=294
sample_ns=100000000
window_ns=1000000000
rapl_core_sum_uj=122332682
rapl_psys_sum_uj=0
pid=0 energy=446472845940 alive=1 kernel=1 cpu_ns=35855000000 mem=250617856 instructions=53439569188 wakeups=25163 diski=6922240 disko=9854976 rx=2811 tx=1498 comm=*system*
psu_energy_ac_mcp_machine=389362915
-------
timestamp=64637011461
iterations=296
sample_ns=100000000
window_ns=1000000000
rapl_core_sum_uj=123649942
rapl_psys_sum_uj=0
pid=0 energy=451066303855 alive=1 kernel=1 cpu_ns=36086000000 mem=250630144 instructions=54127260771 wakeups=25370 diski=6922240 disko=9854976 rx=2811 tx=1498 comm=*system*
psu_energy_ac_mcp_machine=393356201
-------
timestamp=64778422008
iterations=297
sample_ns=100000000
window_ns=1000000000
rapl_core_sum_uj=124350442
rapl_psys_sum_uj=0
pid=0 energy=453508903985 alive=1 kernel=1 cpu_ns=36212000000 mem=250646528 instructions=54489780797 wakeups=25566 diski=6922240 disko=9854976 rx=2811 tx=1498 comm=*system*
psu_energy_ac_mcp_machine=397342773
-------
timestamp=64921398600
iterations=298
sample_ns=100000000
window_ns=1000000000
rapl_core_sum_uj=125051735
rapl_psys_sum_uj=0
pid=0 energy=455966473755 alive=1 kernel=1 cpu_ns=36341000000 mem=250576896 instructions=54852294751 wakeups=25760 diski=6922240 disko=9854976 rx=2811 tx=1498 comm=*system*
psu_energy_ac_mcp_machine=400302002
-------
timestamp=65061593653
iterations=300
sample_ns=100000000
window_ns=1000000000
rapl_core_sum_uj=126370337
rapl_psys_sum_uj=0
pid=0 energy=460556263035 alive=1 kernel=1 cpu_ns=36571000000 mem=250462208 instructions=55540252607 wakeups=25973 diski=6922240 disko=9854976 rx=2811 tx=1498 comm=*system*
psu_energy_ac_mcp_machine=404328491
-------
timestamp=65205239579
iterations=301
sample_ns=100000000
window_ns=1000000000
rapl_core_sum_uj=127075170
rapl_psys_sum_uj=0
pid=0 energy=462987397735 alive=1 kernel=1 cpu_ns=36694000000 mem=250638336 instructions=55903479547 wakeups=26181 diski=6922240 disko=9854976 rx=2811 tx=1498 comm=*system*
psu_energy_ac_mcp_machine=407267578
-------
timestamp=65346227159
iterations=303
sample_ns=100000000
window_ns=1000000000
rapl_core_sum_uj=128416234
rapl_psys_sum_uj=0
pid=0 energy=467697506580 alive=1 kernel=1 cpu_ns=36933000000 mem=250990592 instructions=56606501316 wakeups=26398 diski=6922240 disko=9854976 rx=2811 tx=1498 comm=*system*
psu_energy_ac_mcp_machine=411289429
-------
timestamp=65489226812
iterations=304
sample_ns=100000000
window_ns=1000000000
rapl_core_sum_uj=129090611
rapl_psys_sum_uj=0
pid=0 energy=470009888390 alive=1 kernel=1 cpu_ns=37048000000 mem=250638336 instructions=56953977678 wakeups=26582 diski=6922240 disko=9854976 rx=2811 tx=1498 comm=*system*
psu_energy_ac_mcp_machine=414237793
-------
timestamp=65629712546
iterations=305
sample_ns=100000000
window_ns=1000000000
rapl_core_sum_uj=129793491
rapl_psys_sum_uj=0
pid=0 energy=472453072315 alive=1 kernel=1 cpu_ns=37174000000 mem=250638336 instructions=57316614463 wakeups=26775 diski=6922240 disko=9854976 rx=2813 tx=1498 comm=*system*
psu_energy_ac_mcp_machine=418254639
-------
timestamp=65773186324
iterations=307
sample_ns=100000000
window_ns=1000000000
rapl_core_sum_uj=131109042
rapl_psys_sum_uj=0
pid=0 energy=477042221765 alive=1 kernel=1 cpu_ns=37404000000 mem=250638336 instructions=58004444353 wakeups=26977 diski=6922240 disko=9854976 rx=2813 tx=1498 comm=*system*
psu_energy_ac_mcp_machine=421184937
-------
timestamp=65914256988
iterations=308
sample_ns=100000000
window_ns=1000000000
rapl_core_sum_uj=131810702
rapl_psys_sum_uj=0
pid=0 energy=479491573835 alive=1 kernel=1 cpu_ns=37531000000 mem=250462208 instructions=58367314767 wakeups=27175 diski=6922240 disko=9854976 rx=2813 tx=1498 comm=*system*
psu_energy_ac_mcp_machine=425223511
-------
timestamp=66058466284
iterations=309
sample_ns=100000000
window_ns=1000000000
rapl_core_sum_uj=132517550
rapl_psys_sum_uj=0
pid=0 energy=481950062475 alive=1 kernel=1 cpu_ns=37660000000 mem=250650624 instructions=58730012495 wakeups=27371 diski=6922240 disko=9854976 rx=2813 tx=1498 comm=*system*
psu_energy_ac_mcp_machine=429233154
-------
timestamp=66202264879
iterations=311
sample_ns=100000000
window_ns=1000000000
rapl_core_sum_uj=133832124
rapl_psys_sum_uj=0
pid=0 energy=486540362285 alive=1 kernel=1 cpu_ns=37890000000 mem=250712064 instructions=59418072457 wakeups=27579 diski=6922240 disko=9854976 rx=2813 tx=1498 comm=*system*
psu_energy_ac_mcp_machine=432172729
-------
timestamp=66342744991
iterations=312
sample_ns=100000000
window_ns=1000000000
rapl_core_sum_uj=134530671
rapl_psys_sum_uj=0
pid=0 energy=488993976225 alive=1 kernel=1 cpu_ns=38018000000 mem=250707968 instructions=59780795245 wakeups=27776 diski=6922240 disko=9854976 rx=2813 tx=1498 comm=*system*
psu_energy_ac_mcp_machine=436193726
-------
timestamp=66485802841
iterations=314
sample_ns=100000000
window_ns=1000000000
rapl_core_sum_uj=135875702
rapl_psys_sum_uj=0
pid=0 energy=493756248340 alive=1 kernel=1 cpu_ns=38260000000 mem=251740160 instructions=60491249668 wakeups=28008 diski=6922240 disko=9854976 rx=2813 tx=1498 comm=*system*
psu_energy_ac_mcp_machine=439107300
-------
timestamp=66625297746
iterations=315
sample_ns=100000000
window_ns=1000000000
rapl_core_sum_uj=136532806
rapl_psys_sum_uj=0
pid=0 energy=496002992065 alive=1 kernel=1 cpu_ns=38369000000 mem=250724352 instructions=60831598413 wakeups=28185 diski=6922240 disko=9854976 rx=2813 tx=1498 comm=*system*
psu_energy_ac_mcp_machine=443160522
-------
timestamp=66771333709
iterations=316
sample_ns=100000000
window_ns=1000000000
rapl_core_sum_uj=137244048
rapl_psys_sum_uj=0
pid=0 energy=498574276960 alive=1 kernel=1 cpu_ns=38503000000 mem=250712064 instructions=61211855392 wakeups=28379 diski=6922240 disko=9854976 rx=2813 tx=1498 comm=*system*
psu_energy_ac_mcp_machine=446081665
-------
timestamp=66912075465
iterations=318
sample_ns=100000000
window_ns=1000000000
rapl_core_sum_uj=138568755
rapl_psys_sum_uj=0
pid=0 energy=503206054630 alive=1 kernel=1 cpu_ns=38737000000 mem=250716160 instructions=61904210926 wakeups=28595 diski=6922240 disko=9854976 rx=2813 tx=1498 comm=*system*
psu_energy_ac_mcp_machine=450120239
-------
timestamp=67055965092
iterations=319
sample_ns=100000000
window_ns=1000000000
rapl_core_sum_uj=139261015
rapl_psys_sum_uj=0
pid=0 energy=505611583160 alive=1 kernel=1 cpu_ns=38860000000 mem=250540032 instructions=62262316632 wakeups=28789 diski=6922240 disko=9854976 rx=2813 tx=1498 comm=*system*
psu_energy_ac_mcp_machine=453041992
-------
timestamp=67196741104
iterations=320
sample_ns=100000000
window_ns=1000000000
rapl_core_sum_uj=139962003
rapl_psys_sum_uj=0
pid=0 energy=508054288720 alive=1 kernel=1 cpu_ns=38986000000 mem=250716160 instructions=62624857744 wakeups=28986 diski=6922240 disko=9854976 rx=2813 tx=1498 comm=*system*
psu_energy_ac_mcp_machine=457066772
-------
timestamp=67338322871
iterations=322
sample_ns=100000000
window_ns=1000000000
rapl_core_sum_uj=141273526
rapl_psys_sum_uj=0
pid=0 energy=512637300015 alive=1 kernel=1 cpu_ns=39215000000 mem=250716160 instructions=63312460003 wakeups=29201 diski=6922240 disko=9854976 rx=2813 tx=1498 comm=*system*
psu_energy_ac_mcp_machine=460006226
-------
timestamp=67478423342
iterations=323
sample_ns=100000000
window_ns=1000000000
rapl_core_sum_uj=141967495
rapl_psys_sum_uj=0
pid=0 energy=515100065640 alive=1 kernel=1 cpu_ns=39345000000 mem=250716160 instructions=63675013128 wakeups=29396 diski=6922240 disko=9854976 rx=2813 tx=1498 comm=*system*
psu_energy_ac_mcp_machine=464018433
-------
timestamp=67618799911
iterations=324
sample_ns=100000000
window_ns=1000000000
rapl_core_sum_uj=142662807
rapl_psys_sum_uj=0
pid=0 energy=517547386885 alive=1 kernel=1 cpu_ns=39472000000 mem=250716160 instructions=64037477377 wakeups=29594 diski=6922240 disko=9854976 rx=2813 tx=1498 comm=*system*
psu_energy_ac_mcp_machine=468045776
-------
timestamp=67762683520
iterations=326
sample_ns=100000000
window_ns=1000000000
rapl_core_sum_uj=143975367
rapl_psys_sum_uj=0
pid=0 energy=522145813495 alive=1 kernel=1 cpu_ns=39704000000 mem=250716160 instructions=64725162699 wakeups=29805 diski=6922240 disko=9854976 rx=2815 tx=1498 comm=*system*
psu_energy_ac_mcp_machine=470969116
-------
timestamp=67902611673
iterations=327
sample_ns=100000000
window_ns=1000000000
rapl_core_sum_uj=144670679
rapl_psys_sum_uj=0
pid=0 energy=524589434635 alive=1 kernel=1 cpu_ns=39830000000 mem=250716160 instructions=65087886927 wakeups=30002 diski=6922240 disko=9854976 rx=2815 tx=1498 comm=*system*
psu_energy_ac_mcp_machine=474977051
-------
timestamp=68046787171
iterations=329
sample_ns=100000000
window_ns=1000000000
rapl_core_sum_uj=146009423
rapl_psys_sum_uj=0
pid=0 energy=529306318090 alive=1 kernel=1 cpu_ns=40069000000 mem=251289600 instructions=65792263618 wakeups=30232 diski=6922240 disko=9854976 rx=2816 tx=1499 comm=*system*
psu_energy_ac_mcp_machine=477921387
-------
timestamp=68186704051
iterations=330
sample_ns=100000000
window_ns=1000000000
rapl_core_sum_uj=146680260
rapl_psys_sum_uj=0
pid=0 energy=531618304890 alive=1 kernel=1 cpu_ns=40185000000 mem=250728448 instructions=66138660978 wakeups=30415 diski=6922240 disko=9854976 rx=2816 tx=1499 comm=*system*
psu_energy_ac_mcp_machine=481929932
-------
timestamp=68330788064
iterations=331
sample_ns=100000000
window_ns=1000000000
rapl_core_sum_uj=147379661
rapl_psys_sum_uj=0
pid=0 energy=534052892825 alive=1 kernel=1 cpu_ns=40309000000 mem=250728448 instructions=66501578565 wakeups=30622 diski=6922240 disko=9854976 rx=2816 tx=1499 comm=*system*
psu_energy_ac_mcp_machine=484860352
-------
timestamp=68470783942
iterations=333
sample_ns=100000000
window_ns=1000000000
rapl_core_sum_uj=148693319
rapl_psys_sum_uj=0
pid=0 energy=538662540740 alive=1 kernel=1 cpu_ns=40541000000 mem=250728448 instructions=67191508148 wakeups=30835 diski=6922240 disko=9854976 rx=2816 tx=1499 comm=*system*
psu_energy_ac_mcp_machine=488906128
-------
timestamp=68613782876
iterations=334
sample_ns=100000000
window_ns=1000000000
rapl_core_sum_uj=149386312
rapl_psys_sum_uj=0
pid=0 energy=541073570235 alive=1 kernel=1 cpu_ns=40663000000 mem=250728448 instructions=67551714047 wakeups=31025 diski=6922240 disko=9854976 rx=2816 tx=1499 comm=*system*
psu_energy_ac_mcp_machine=491846191
-------
timestamp=68753849798
iterations=335
sample_ns=100000000
window_ns=1000000000
rapl_core_sum_uj=150079976
rapl_psys_sum_uj=0
pid=0 energy=543514928040 alive=1 kernel=1 cpu_ns=40789000000 mem=250732544 instructions=67913985608 wakeups=31212 diski=6922240 disko=9854976 rx=2816 tx=1499 comm=*system*
psu_energy_ac_mcp_machine=495895264
-------
timestamp=68896579937
iterations=337
sample_ns=100000000
window_ns=1000000000
rapl_core_sum_uj=151391010
rapl_psys_sum_uj=0
pid=0 energy=548105488340 alive=1 kernel=1 cpu_ns=41019000000 mem=236310528 instructions=68602097668 wakeups=31423 diski=6922240 disko=9854976 rx=2817 tx=1500 comm=*system*
psu_energy_ac_mcp_machine=498820435
-------
timestamp=69036728887
iterations=338
sample_ns=100000000
window_ns=1000000000
rapl_core_sum_uj=152313068
rapl_psys_sum_uj=0
pid=0 energy=552019483300 alive=1 kernel=1 cpu_ns=41224000000 mem=250957824 instructions=69179896660 wakeups=31637 diski=7168000 disko=9854976 rx=2820 tx=1503 comm=*system*
psu_energy_ac_mcp_machine=503370239
-------
timestamp=69180331552
iterations=339
sample_ns=100000000
window_ns=1000000000
rapl_core_sum_uj=153334552
rapl_psys_sum_uj=0
pid=0 energy=556535769165 alive=1 kernel=1 cpu_ns=41453000000 mem=250802176 instructions=69854153833 wakeups=31841 diski=7168000 disko=9854976 rx=2820 tx=1503 comm=*system*
psu_energy_ac_mcp_machine=507982910
-------
timestamp=69323691736
iterations=341
sample_ns=100000000
window_ns=1000000000
rapl_core_sum_uj=155300921
rapl_psys_sum_uj=0
pid=0 energy=565278942545 alive=1 kernel=1 cpu_ns=41892000000 mem=250814464 instructions=71163788509 wakeups=32065 diski=7168000 disko=9883648 rx=2820 tx=1503 comm=*system*
psu_energy_ac_mcp_machine=511403687
-------
timestamp=69463911634
iterations=342
sample_ns=100000000
window_ns=1000000000
rapl_core_sum_uj=156320574
rapl_psys_sum_uj=0
pid=0 energy=569795013330 alive=1 kernel=1 cpu_ns=42122000000 mem=250982400 instructions=71837002666 wakeups=32264 diski=7168000 disko=9883648 rx=2820 tx=1503 comm=*system*
psu_energy_ac_mcp_machine=516042725
-------
timestamp=69607896348
iterations=344
sample_ns=100000000
window_ns=1000000000
rapl_core_sum_uj=158305863
rapl_psys_sum_uj=0
pid=0 energy=578660817265 alive=1 kernel=1 cpu_ns=42571000000 mem=251531264 instructions=73161163453 wakeups=32489 diski=7168000 disko=9883648 rx=2822 tx=1503 comm=*system*
psu_energy_ac_mcp_machine=519447510
-------
timestamp=69749085194
iterations=345
sample_ns=100000000
window_ns=1000000000
rapl_core_sum_uj=159303909
rapl_psys_sum_uj=0
pid=0 energy=583059145410 alive=1 kernel=1 cpu_ns=42792000000 mem=250851328 instructions=73819829082 wakeups=32679 diski=7168000 disko=9883648 rx=2822 tx=1503 comm=*system*
psu_energy_ac_mcp_machine=524071655
-------
timestamp=69892972177
iterations=346
sample_ns=100000000
window_ns=1000000000
rapl_core_sum_uj=160329482
rapl_psys_sum_uj=0
pid=0 energy=587586229640 alive=1 kernel=1 cpu_ns=43024000000 mem=250957824 instructions=74493245928 wakeups=32882 diski=7168000 disko=9883648 rx=2822 tx=1503 comm=*system*
psu_energy_ac_mcp_machine=527453369
-------
timestamp=70033536299
iterations=348
sample_ns=100000000
window_ns=1000000000
rapl_core_sum_uj=162292310
rapl_psys_sum_uj=0
pid=0 energy=596336559475 alive=1 kernel=1 cpu_ns=43464000000 mem=251355136 instructions=75803311895 wakeups=33097 diski=7168000 disko=9883648 rx=2822 tx=1503 comm=*system*
psu_energy_ac_mcp_machine=532100586
-------
timestamp=70177593897
iterations=349
sample_ns=100000000
window_ns=1000000000
rapl_core_sum_uj=163319531
rapl_psys_sum_uj=0
pid=0 energy=600858516440 alive=1 kernel=1 cpu_ns=43695000000 mem=251371520 instructions=76476703288 wakeups=33304 diski=7168000 disko=9883648 rx=2822 tx=1503 comm=*system*
psu_energy_ac_mcp_machine=535492554
-------
timestamp=70318910368
iterations=350
sample_ns=100000000
window_ns=1000000000
rapl_core_sum_uj=164342785
rapl_psys_sum_uj=0
pid=0 energy=605380215380 alive=1 kernel=1 cpu_ns=43926000000 mem=251396096 instructions=77150043076 wakeups=33506 diski=7168000 disko=9883648 rx=2822 tx=1503 comm=*system*
psu_energy_ac_mcp_machine=540122803
-------
timestamp=70460709043
iterations=352
sample_ns=100000000
window_ns=1000000000
rapl_core_sum_uj=166314281
rapl_psys_sum_uj=0
pid=0 energy=614136143350 alive=1 kernel=1 cpu_ns=44367000000 mem=251236352 instructions=78460228670 wakeups=33725 diski=7168000 disko=9883648 rx=2822 tx=1503 comm=*system*
psu_energy_ac_mcp_machine=544739380
-------
timestamp=70603990175
iterations=353
sample_ns=100000000
window_ns=1000000000
rapl_core_sum_uj=167338695
rapl_psys_sum_uj=0
pid=0 energy=618653891740 alive=1 kernel=1 cpu_ns=44597000000 mem=251342848 instructions=79133778348 wakeups=33928 diski=7168000 disko=9883648 rx=2822 tx=1503 comm=*system*
psu_energy_ac_mcp_machine=548124023
-------
timestamp=70745229836
iterations=354
sample_ns=100000000
window_ns=1000000000
rapl_core_sum_uj=168358897
rapl_psys_sum_uj=0
pid=0 energy=623184054945 alive=1 kernel=1 cpu_ns=44830000000 mem=251326464 instructions=79806810989 wakeups=34120 diski=7168000 disko=9883648 rx=2822 tx=1503 comm=*system*
psu_energy_ac_mcp_machine=552744873
-------
timestamp=70889462697
iterations=356
sample_ns=100000000
window_ns=1000000000
rapl_core_sum_uj=170329721
rapl_psys_sum_uj=0
pid=0 energy=631919838605 alive=1 kernel=1 cpu_ns=45266000000 mem=251334656 instructions=81117967721 wakeups=34339 diski=7168000 disko=9883648 rx=2822 tx=1503 comm=*system*
psu_energy_ac_mcp_machine=556118286
-------
timestamp=71030136719
iterations=357
sample_ns=100000000
window_ns=1000000000
rapl_core_sum_uj=171353707
rapl_psys_sum_uj=0
pid=0 energy=636427614330 alive=1 kernel=1 cpu_ns=45495000000 mem=251187200 instructions=81790522866 wakeups=34544 diski=7168000 disko=9883648 rx=2822 tx=1503 comm=*system*
psu_energy_ac_mcp_machine=560739014
-------
timestamp=71173434510
iterations=359
sample_ns=100000000
window_ns=1000000000
rapl_core_sum_uj=173327828
rapl_psys_sum_uj=0
pid=0 energy=645210123685 alive=1 kernel=1 cpu_ns=45936000000 mem=251199488 instructions=83106024737 wakeups=34765 diski=7168000 disko=9883648 rx=2822 tx=1503 comm=*system*
psu_energy_ac_mcp_machine=564107666
-------
timestamp=71313964484
iterations=360
sample_ns=100000000
window_ns=1000000000
rapl_core_sum_uj=174339607
rapl_psys_sum_uj=0
pid=0 energy=649678408295 alive=1 kernel=1 cpu_ns=46162000000 mem=251219968 instructions=83773681659 wakeups=34960 diski=7168000 disko=9883648 rx=2822 tx=1503 comm=*system*
psu_energy_ac_mcp_machine=568753784
-------
timestamp=71457735960
iterations=361
sample_ns=100000000
window_ns=1000000000
rapl_core_sum_uj=175365791
rapl_psys_sum_uj=0
pid=0 energy=654219616685 alive=1 kernel=1 cpu_ns=46397000000 mem=251334656 instructions=84446923337 wakeups=35160 diski=7168000 disko=9883648 rx=2822 tx=1503 comm=*system*
psu_energy_ac_mcp_machine=572131470
-------
timestamp=71598239203
iterations=363
sample_ns=100000000
window_ns=1000000000
rapl_core_sum_uj=177330695
rapl_psys_sum_uj=0
pid=0 energy=662949034330 alive=1 kernel=1 cpu_ns=46833000000 mem=251158528 instructions=85756806866 wakeups=35365 diski=7168000 disko=9883648 rx=2824 tx=1503 comm=*system*
psu_energy_ac_mcp_machine=576751343
-------
timestamp=71741509413
iterations=364
sample_ns=100000000
window_ns=1000000000
rapl_core_sum_uj=178355292
rapl_psys_sum_uj=0
pid=0 energy=667460334955 alive=1 kernel=1 cpu_ns=47062000000 mem=251310080 instructions=86430066991 wakeups=35563 diski=7168000 disko=9883648 rx=2824 tx=1503 comm=*system*
psu_energy_ac_mcp_machine=581344971
-------
timestamp=71886368762
iterations=365
sample_ns=100000000
window_ns=1000000000
rapl_core_sum_uj=179381476
rapl_psys_sum_uj=0
pid=0 energy=671977804400 alive=1 kernel=1 cpu_ns=47292000000 mem=251330560 instructions=87103560880 wakeups=35765 diski=7168000 disko=9883648 rx=2824 tx=1503 comm=*system*
psu_energy_ac_mcp_machine=584738281
-------
timestamp=72027426672
iterations=367
sample_ns=100000000
window_ns=1000000000
rapl_core_sum_uj=181345098
rapl_psys_sum_uj=0
pid=0 energy=680734681380 alive=1 kernel=1 cpu_ns=47733000000 mem=251277312 instructions=88413936276 wakeups=35978 diski=7168000 disko=9883648 rx=2824 tx=1503 comm=*system*
psu_energy_ac_mcp_machine=589352295
-------
timestamp=72171933349
iterations=368
sample_ns=100000000
window_ns=1000000000
rapl_core_sum_uj=182367742
rapl_psys_sum_uj=0
pid=0 energy=685271190290 alive=1 kernel=1 cpu_ns=47967000000 mem=251256832 instructions=89087238058 wakeups=36177 diski=7168000 disko=9883648 rx=2824 tx=1503 comm=*system*
psu_energy_ac_mcp_machine=592734985
-------
timestamp=72312563821
iterations=370
sample_ns=100000000
window_ns=1000000000
rapl_core_sum_uj=184360844
rapl_psys_sum_uj=0
pid=0 energy=694125143985 alive=1 kernel=1 cpu_ns=48414000000 mem=251957248 instructions=90411028797 wakeups=36419 diski=7168000 disko=9883648 rx=2825 tx=1503 comm=*system*
psu_energy_ac_mcp_machine=597342651
-------
timestamp=72455891228
iterations=371
sample_ns=100000000
window_ns=1000000000
rapl_core_sum_uj=185365909
rapl_psys_sum_uj=0
pid=0 energy=698531555040 alive=1 kernel=1 cpu_ns=48635000000 mem=251228160 instructions=91071311008 wakeups=36612 diski=7168000 disko=9883648 rx=2825 tx=1503 comm=*system*
psu_energy_ac_mcp_machine=600700317
-------
timestamp=72596905749
iterations=372
sample_ns=100000000
window_ns=1000000000
rapl_core_sum_uj=186386538
rapl_psys_sum_uj=0
pid=0 energy=703053517485 alive=1 kernel=1 cpu_ns=48866000000 mem=251211776 instructions=91744703497 wakeups=36815 diski=7168000 disko=9883648 rx=2825 tx=1503 comm=*system*
psu_energy_ac_mcp_machine=605331055
-------
timestamp=72740829929
iterations=374
sample_ns=100000000
window_ns=1000000000
rapl_core_sum_uj=188346681
rapl_psys_sum_uj=0
pid=0 energy=711792258350 alive=1 kernel=1 cpu_ns=49304000000 mem=251273216 instructions=93054451670 wakeups=37027 diski=7168000 disko=9883648 rx=2825 tx=1503 comm=*system*
psu_energy_ac_mcp_machine=609924072
-------
timestamp=72884854046
iterations=375
sample_ns=100000000
window_ns=1000000000
rapl_core_sum_uj=189369630
rapl_psys_sum_uj=0
pid=0 energy=716299032905 alive=1 kernel=1 cpu_ns=49532000000 mem=251203584 instructions=93727806581 wakeups=37225 diski=7168000 disko=9883648 rx=2825 tx=1503 comm=*system*
psu_energy_ac_mcp_machine=613326050
-------
timestamp=73025233953
iterations=376
sample_ns=100000000
window_ns=1000000000
rapl_core_sum_uj=190389466
rapl_psys_sum_uj=0
pid=0 energy=720802494955 alive=1 kernel=1 cpu_ns=49759000000 mem=251387904 instructions=94401498991 wakeups=37427 diski=7168000 disko=9883648 rx=2825 tx=1503 comm=*system*
psu_energy_ac_mcp_machine=617928345
-------
timestamp=73170216558
iterations=378
sample_ns=100000000
window_ns=1000000000
rapl_core_sum_uj=192355712
rapl_psys_sum_uj=0
pid=0 energy=729542018295 alive=1 kernel=1 cpu_ns=50197000000 mem=251400192 instructions=95711403659 wakeups=37642 diski=7168000 disko=9883648 rx=2825 tx=1503 comm=*system*
psu_energy_ac_mcp_machine=621311157
-------
timestamp=73310777080
iterations=379
sample_ns=100000000
window_ns=1000000000
rapl_core_sum_uj=193375121
rapl_psys_sum_uj=0
pid=0 energy=734058152340 alive=1 kernel=1 cpu_ns=50427000000 mem=251428864 instructions=96384630468 wakeups=37845 diski=7168000 disko=9883648 rx=2825 tx=1503 comm=*system*
psu_energy_ac_mcp_machine=625937012
-------
timestamp=73453991915
iterations=381
sample_ns=100000000
window_ns=1000000000
rapl_core_sum_uj=195366514
rapl_psys_sum_uj=0
pid=0 energy=742960370770 alive=1 kernel=1 cpu_ns=50880000000 mem=252137472 instructions=97712074154 wakeups=38076 diski=7168000 disko=9883648 rx=2825 tx=1503 comm=*system*
psu_energy_ac_mcp_machine=629295898
-------
timestamp=73594999718
iterations=382
sample_ns=100000000
window_ns=1000000000
rapl_core_sum_uj=196358213
rapl_psys_sum_uj=0
pid=0 energy=747330677955 alive=1 kernel=1 cpu_ns=51098000000 mem=251346944 instructions=98368135591 wakeups=38251 diski=7168000 disko=9883648 rx=2827 tx=1503 comm=*system*
psu_energy_ac_mcp_machine=633919312
-------
timestamp=73737922990
iterations=383
sample_ns=100000000
window_ns=1000000000
rapl_core_sum_uj=197379758
rapl_psys_sum_uj=0
pid=0 energy=751862929820 alive=1 kernel=1 cpu_ns=51331000000 mem=251400192 instructions=99041585964 wakeups=38452 diski=7168000 disko=9883648 rx=2827 tx=1503 comm=*system*
psu_energy_ac_mcp_machine=637283813
-------
timestamp=73878459745
iterations=385
sample_ns=100000000
window_ns=1000000000
rapl_core_sum_uj=199347774
rapl_psys_sum_uj=0
pid=0 energy=760625723875 alive=1 kernel=1 cpu_ns=51770000000 mem=251404288 instructions=100355144775 wakeups=38671 diski=7168000 disko=9883648 rx=2827 tx=1503 comm=*system*
psu_energy_ac_mcp_machine=641920288
-------
timestamp=74021358599
iterations=386
sample_ns=100000000
window_ns=1000000000
rapl_core_sum_uj=200364680
rapl_psys_sum_uj=0
pid=0 energy=765114695875 alive=1 kernel=1 cpu_ns=51998000000 mem=251371520 instructions=101024939175 wakeups=38860 diski=7168000 disko=9883648 rx=2827 tx=1503 comm=*system*
psu_energy_ac_mcp_machine=646522339
-------
timestamp=74165571716
iterations=387
sample_ns=100000000
window_ns=1000000000
rapl_core_sum_uj=201387324
rapl_psys_sum_uj=0
pid=0 energy=769641321320 alive=1 kernel=1 cpu_ns=52230000000 mem=251379712 instructions=101698264264 wakeups=39057 diski=7168000 disko=9883648 rx=2827 tx=1503 comm=*system*
psu_energy_ac_mcp_machine=649927490
-------
timestamp=74306739921
iterations=389
sample_ns=100000000
window_ns=1000000000
rapl_core_sum_uj=203350824
rapl_psys_sum_uj=0
pid=0 energy=778401203990 alive=1 kernel=1 cpu_ns=52672000000 mem=251375616 instructions=103008240798 wakeups=39278 diski=7168000 disko=9883648 rx=2827 tx=1503 comm=*system*
psu_energy_ac_mcp_machine=654540405
-------
timestamp=74449978927
iterations=390
sample_ns=100000000
window_ns=1000000000
rapl_core_sum_uj=204372552
rapl_psys_sum_uj=0
pid=0 energy=782919001570 alive=1 kernel=1 cpu_ns=52902000000 mem=251379712 instructions=103681800314 wakeups=39499 diski=7168000 disko=9900032 rx=2827 tx=1503 comm=*system*
psu_energy_ac_mcp_machine=657965820
-------
timestamp=74591263574
iterations=391
sample_ns=100000000
window_ns=1000000000
rapl_core_sum_uj=205392205
rapl_psys_sum_uj=0
pid=0 energy=787434071605 alive=1 kernel=1 cpu_ns=53132000000 mem=251330560 instructions=104354814321 wakeups=39699 diski=7168000 disko=9900032 rx=2827 tx=1503 comm=*system*
psu_energy_ac_mcp_machine=662610840
-------
timestamp=74735888314
iterations=393
sample_ns=100000000
window_ns=1000000000
rapl_core_sum_uj=207358330
rapl_psys_sum_uj=0
pid=0 energy=796177816850 alive=1 kernel=1 cpu_ns=53571000000 mem=251396096 instructions=105664563370 wakeups=39912 diski=7168000 disko=9900032 rx=2827 tx=1503 comm=*system*
psu_energy_ac_mcp_machine=665991577
-------
timestamp=74877081081
iterations=394
sample_ns=100000000
window_ns=1000000000
rapl_core_sum_uj=208376579
rapl_psys_sum_uj=0
pid=0 energy=800698750570 alive=1 kernel=1 cpu_ns=53802000000 mem=251383808 instructions=106337750114 wakeups=40106 diski=7168000 disko=9900032 rx=2827 tx=1503 comm=*system*
psu_energy_ac_mcp_machine=670632813
-------
timestamp=75022117046
iterations=396
sample_ns=100000000
window_ns=1000000000
rapl_core_sum_uj=210354300
rapl_psys_sum_uj=0
pid=0 energy=809536999560 alive=1 kernel=1 cpu_ns=54248000000 mem=251383808 instructions=107659399912 wakeups=40330 diski=7168000 disko=9900032 rx=2827 tx=1503 comm=*system*
psu_energy_ac_mcp_machine=675218506
-------
timestamp=75167360675
iterations=397
sample_ns=100000000
window_ns=1000000000
rapl_core_sum_uj=211358572
rapl_psys_sum_uj=0
pid=0 energy=813971484525 alive=1 kernel=1 cpu_ns=54473000000 mem=251207680 instructions=108321296905 wakeups=40527 diski=7168000 disko=9900032 rx=2827 tx=1503 comm=*system*
psu_energy_ac_mcp_machine=678617920
-------
timestamp=75307832248
iterations=398
sample_ns=100000000
window_ns=1000000000
rapl_core_sum_uj=212378469
rapl_psys_sum_uj=0
pid=0 energy=818502453375 alive=1 kernel=1 cpu_ns=54706000000 mem=251383808 instructions=108994490675 wakeups=40734 diski=7168000 disko=9900032 rx=2827 tx=1503 comm=*system*
psu_energy_ac_mcp_machine=683225586
-------
timestamp=75449630610
iterations=400
sample_ns=100000000
window_ns=1000000000
rapl_core_sum_uj=214341664
rapl_psys_sum_uj=0
pid=0 energy=827235662160 alive=1 kernel=1 cpu_ns=55143000000 mem=251383808 instructions=110304132432 wakeups=40947 diski=7168000 disko=9900032 rx=2827 tx=1503 comm=*system*
psu_energy_ac_mcp_machine=686620361
-------
timestamp=75590066454
iterations=401
sample_ns=100000000
window_ns=1000000000
rapl_core_sum_uj=215365650
rapl_psys_sum_uj=0
pid=0 energy=831764884440 alive=1 kernel=1 cpu_ns=55376000000 mem=251383808 instructions=110976976888 wakeups=41142 diski=7168000 disko=9900032 rx=2827 tx=1503 comm=*system*
psu_energy_ac_mcp_machine=691269897
-------
timestamp=75734861521
iterations=402
sample_ns=100000000
window_ns=1000000000
rapl_core_sum_uj=216389026
rapl_psys_sum_uj=0
pid=0 energy=836282514805 alive=1 kernel=1 cpu_ns=55606000000 mem=251207680 instructions=111650502961 wakeups=41339 diski=7168000 disko=9900032 rx=2829 tx=1503 comm=*system*
psu_energy_ac_mcp_machine=694638306
-------
timestamp=75875988175
iterations=404
sample_ns=100000000
window_ns=1000000000
rapl_core_sum_uj=218352038
rapl_psys_sum_uj=0
pid=0 energy=845021457910 alive=1 kernel=1 cpu_ns=56044000000 mem=251404288 instructions=112960291582 wakeups=41552 diski=7168000 disko=9900032 rx=2829 tx=1503 comm=*system*
psu_energy_ac_mcp_machine=699298462
-------
timestamp=76020250180
iterations=405
sample_ns=100000000
window_ns=1000000000
rapl_core_sum_uj=219380419
rapl_psys_sum_uj=0
pid=0 energy=849534877640 alive=1 kernel=1 cpu_ns=56273000000 mem=251392000 instructions=113633975528 wakeups=41767 diski=7168000 disko=9900032 rx=2829 tx=1503 comm=*system*
psu_energy_ac_mcp_machine=702662231
-------
timestamp=76161086945
iterations=407
sample_ns=100000000
window_ns=1000000000
rapl_core_sum_uj=221366502
rapl_psys_sum_uj=0
pid=0 energy=858385152110 alive=1 kernel=1 cpu_ns=56721000000 mem=251850752 instructions=114956030422 wakeups=41995 diski=7168000 disko=9900032 rx=2829 tx=1503 comm=*system*
psu_energy_ac_mcp_machine=707276123
-------
timestamp=76302746561
iterations=408
sample_ns=100000000
window_ns=1000000000
rapl_core_sum_uj=222370347
rapl_psys_sum_uj=0
pid=0 energy=862801567500 alive=1 kernel=1 cpu_ns=56943000000 mem=251396096 instructions=115617313500 wakeups=42187 diski=7168000 disko=9900032 rx=2829 tx=1503 comm=*system*
psu_energy_ac_mcp_machine=711873291
-------
timestamp=76447821008
iterations=409
sample_ns=100000000
window_ns=1000000000
rapl_core_sum_uj=223398362
rapl_psys_sum_uj=0
pid=0 energy=867323772905 alive=1 kernel=1 cpu_ns=57174000000 mem=251396096 instructions=116290754581 wakeups=42393 diski=7168000 disko=9900032 rx=2829 tx=1503 comm=*system*
psu_energy_ac_mcp_machine=715282471
-------
timestamp=76589092154
iterations=411
sample_ns=100000000
window_ns=1000000000
rapl_core_sum_uj=225362717
rapl_psys_sum_uj=0
pid=0 energy=876053893670 alive=1 kernel=1 cpu_ns=57610000000 mem=251400192 instructions=117600778734 wakeups=42604 diski=7168000 disko=9900032 rx=2829 tx=1503 comm=*system*
psu_energy_ac_mcp_machine=719890991
-------
timestamp=76733672074
iterations=412
sample_ns=100000000
window_ns=1000000000
rapl_core_sum_uj=226387436
rapl_psys_sum_uj=0
pid=0 energy=880556000725 alive=1 kernel=1 cpu_ns=57837000000 mem=251400192 instructions=118274200145 wakeups=42804 diski=7168000 disko=9900032 rx=2829 tx=1503 comm=*system*
psu_energy_ac_mcp_machine=723272339
-------
timestamp=76874603212
iterations=413
sample_ns=100000000
window_ns=1000000000
rapl_core_sum_uj=227409164
rapl_psys_sum_uj=0
pid=0 energy=885078241390 alive=1 kernel=1 cpu_ns=58068000000 mem=251400192 instructions=118947648278 wakeups=43004 diski=7168000 disko=9900032 rx=2829 tx=1503 comm=*system*
psu_energy_ac_mcp_machine=727894409
-------
timestamp=77019244774
iterations=415
sample_ns=100000000
window_ns=1000000000
rapl_core_sum_uj=229378340
rapl_psys_sum_uj=0
pid=0 energy=893794640485 alive=1 kernel=1 cpu_ns=58508000000 mem=251404288 instructions=120250928097 wakeups=43219 diski=7168000 disko=9900032 rx=2829 tx=1503 comm=*system*
psu_energy_ac_mcp_machine=731269897
-------
timestamp=77160310160
iterations=416
sample_ns=100000000
window_ns=1000000000
rapl_core_sum_uj=230399580
rapl_psys_sum_uj=0
pid=0 energy=898292038180 alive=1 kernel=1 cpu_ns=58738000000 mem=251404288 instructions=120920407636 wakeups=43417 diski=7168000 disko=9900032 rx=2829 tx=1503 comm=*system*
psu_energy_ac_mcp_machine=735910156
-------
timestamp=77302975460
iterations=418
sample_ns=100000000
window_ns=1000000000
rapl_core_sum_uj=232389691
rapl_psys_sum_uj=0
pid=0 energy=907129499315 alive=1 kernel=1 cpu_ns=59187000000 mem=252108800 instructions=122238899863 wakeups=43644 diski=7168000 disko=9900032 rx=2829 tx=1503 comm=*system*
psu_energy_ac_mcp_machine=740498901
-------
timestamp=77448155028
iterations=419
sample_ns=100000000
window_ns=1000000000
rapl_core_sum_uj=233387371
rapl_psys_sum_uj=0
pid=0 energy=911502303955 alive=1 kernel=1 cpu_ns=59408000000 mem=251404288 instructions=122892460791 wakeups=43833 diski=7168000 disko=9900032 rx=2829 tx=1503 comm=*system*
psu_energy_ac_mcp_machine=743907593
-------
timestamp=77589603749
iterations=420
sample_ns=100000000
window_ns=1000000000
rapl_core_sum_uj=234408122
rapl_psys_sum_uj=0
pid=0 energy=915993890480 alive=1 kernel=1 cpu_ns=59637000000 mem=251412480 instructions=123561778096 wakeups=44031 diski=7168000 disko=9900032 rx=2829 tx=1503 comm=*system*
psu_energy_ac_mcp_machine=748519897
-------
timestamp=77733633549
iterations=422
sample_ns=100000000
window_ns=1000000000
rapl_core_sum_uj=236369242
rapl_psys_sum_uj=0
pid=0 energy=924708826235 alive=1 kernel=1 cpu_ns=60078000000 mem=251412480 instructions=124863765247 wakeups=44240 diski=7168000 disko=9900032 rx=2831 tx=1503 comm=*system*
psu_energy_ac_mcp_machine=751892578
-------
timestamp=77874081469
iterations=423
sample_ns=100000000
window_ns=1000000000
rapl_core_sum_uj=237387979
rapl_psys_sum_uj=0
pid=0 energy=929215277265 alive=1 kernel=1 cpu_ns=60310000000 mem=251408384 instructions=125533055453 wakeups=44440 diski=7168000 disko=9900032 rx=2831 tx=1503 comm=*system*
psu_energy_ac_mcp_machine=756544434
-------
timestamp=78016912180
iterations=424
sample_ns=100000000
window_ns=1000000000
rapl_core_sum_uj=238407876
rapl_psys_sum_uj=0
pid=0 energy=933721817015 alive=1 kernel=1 cpu_ns=60542000000 mem=251469824 instructions=126202363403 wakeups=44643 diski=7168000 disko=9900032 rx=2831 tx=1503 comm=*system*
psu_energy_ac_mcp_machine=759905273
-------
timestamp=78157882486
iterations=426
sample_ns=100000000
window_ns=1000000000
rapl_core_sum_uj=240368995
rapl_psys_sum_uj=0
pid=0 energy=942429114045 alive=1 kernel=1 cpu_ns=60981000000 mem=251387904 instructions=127504822809 wakeups=44861 diski=7168000 disko=9900032 rx=2832 tx=1504 comm=*system*
psu_energy_ac_mcp_machine=764538574
-------
timestamp=78301875301
iterations=427
sample_ns=100000000
window_ns=1000000000
rapl_core_sum_uj=241391150
rapl_psys_sum_uj=0
pid=0 energy=946911099665 alive=1 kernel=1 cpu_ns=61208000000 mem=251412480 instructions=128174219933 wakeups=45059 diski=7168000 disko=9900032 rx=2832 tx=1504 comm=*system*
psu_energy_ac_mcp_machine=769116821
-------
timestamp=78446997326
iterations=429
sample_ns=100000000
window_ns=1000000000
rapl_core_sum_uj=243383092
rapl_psys_sum_uj=0
pid=0 energy=955749076260 alive=1 kernel=1 cpu_ns=61657000000 mem=252137472 instructions=129492815252 wakeups=45292 diski=7168000 disko=9900032 rx=2832 tx=1504 comm=*system*
psu_energy_ac_mcp_machine=772495850
-------
timestamp=78588222392
iterations=430
sample_ns=100000000
window_ns=1000000000
rapl_core_sum_uj=244376378
rapl_psys_sum_uj=0
pid=0 energy=960124805490 alive=1 kernel=1 cpu_ns=61879000000 mem=251461632 instructions=130145961098 wakeups=45483 diski=7168000 disko=9900032 rx=2832 tx=1504 comm=*system*
psu_energy_ac_mcp_machine=777106445
-------
timestamp=78731431636
iterations=431
sample_ns=100000000
window_ns=1000000000
rapl_core_sum_uj=245398716
rapl_psys_sum_uj=0
pid=0 energy=964627630765 alive=1 kernel=1 cpu_ns=62110000000 mem=251482112 instructions=130815526153 wakeups=45684 diski=7168000 disko=9900032 rx=2832 tx=1504 comm=*system*
psu_energy_ac_mcp_machine=780499268
-------
timestamp=78871958583
iterations=433
sample_ns=100000000
window_ns=1000000000
rapl_core_sum_uj=247358920
rapl_psys_sum_uj=0
pid=0 energy=973344425750 alive=1 kernel=1 cpu_ns=62551000000 mem=251420672 instructions=132117885150 wakeups=45896 diski=7168000 disko=9900032 rx=2832 tx=1504 comm=*system*
psu_energy_ac_mcp_machine=785131592
-------
timestamp=79015601699
iterations=434
sample_ns=100000000
window_ns=1000000000
rapl_core_sum_uj=248375887
rapl_psys_sum_uj=0
pid=0 energy=977832173795 alive=1 kernel=1 cpu_ns=62780000000 mem=251408384 instructions=132786434759 wakeups=46086 diski=7168000 disko=9900032 rx=2832 tx=1504 comm=*system*
psu_energy_ac_mcp_machine=788522217
-------
timestamp=79156696654
iterations=435
sample_ns=100000000
window_ns=1000000000
rapl_core_sum_uj=249396455
rapl_psys_sum_uj=0
pid=0 energy=982347437740 alive=1 kernel=1 cpu_ns=63013000000 mem=251371520 instructions=133456487548 wakeups=46287 diski=7168000 disko=9900032 rx=2832 tx=1504 comm=*system*
psu_energy_ac_mcp_machine=793179199
-------
timestamp=79300285769
iterations=437
sample_ns=100000000
window_ns=1000000000
rapl_core_sum_uj=251362457
rapl_psys_sum_uj=0
pid=0 energy=991065003660 alive=1 kernel=1 cpu_ns=63454000000 mem=251346944 instructions=134759000732 wakeups=46503 diski=7168000 disko=9900032 rx=2832 tx=1504 comm=*system*
psu_energy_ac_mcp_machine=796568481
-------
timestamp=79441225655
iterations=438
sample_ns=100000000
window_ns=1000000000
rapl_core_sum_uj=252382110
rapl_psys_sum_uj=0
pid=0 energy=995553263630 alive=1 kernel=1 cpu_ns=63682000000 mem=251322368 instructions=135428652726 wakeups=46715 diski=7168000 disko=9900032 rx=2832 tx=1504 comm=*system*
psu_energy_ac_mcp_machine=801218994
-------
timestamp=79583383722
iterations=439
sample_ns=100000000
window_ns=1000000000
rapl_core_sum_uj=253409636
rapl_psys_sum_uj=0
pid=0 energy=1000069252570 alive=1 kernel=1 cpu_ns=63915000000 mem=251346944 instructions=136098850514 wakeups=46968 diski=7168000 disko=11587584 rx=2832 tx=1504 comm=*system*
psu_energy_ac_mcp_machine=805877808
-------
timestamp=79727384640
iterations=441
sample_ns=100000000
window_ns=1000000000
rapl_core_sum_uj=255372098
rapl_psys_sum_uj=0
pid=0 energy=1008786021750 alive=1 kernel=1 cpu_ns=64356000000 mem=251432960 instructions=137401204350 wakeups=47190 diski=7168000 disko=11603968 rx=2834 tx=1504 comm=*system*
psu_energy_ac_mcp_machine=809297974
-------
timestamp=79867933329
iterations=442
sample_ns=100000000
window_ns=1000000000
rapl_core_sum_uj=256392483
rapl_psys_sum_uj=0
pid=0 energy=1013282986750 alive=1 kernel=1 cpu_ns=64586000000 mem=251355136 instructions=138070597350 wakeups=47390 diski=7168000 disko=11603968 rx=2834 tx=1504 comm=*system*
psu_energy_ac_mcp_machine=813941284
-------
timestamp=80012125669
iterations=444
sample_ns=100000000
window_ns=1000000000
rapl_core_sum_uj=258364956
rapl_psys_sum_uj=0
pid=0 energy=1022061075650 alive=1 kernel=1 cpu_ns=65031000000 mem=251609088 instructions=139381215130 wakeups=47616 diski=7168000 disko=11603968 rx=2834 tx=1504 comm=*system*
psu_energy_ac_mcp_machine=817353760
-------
timestamp=80152779189
iterations=445
sample_ns=100000000
window_ns=1000000000
rapl_core_sum_uj=259369777
rapl_psys_sum_uj=0
pid=0 energy=1026505870005 alive=1 kernel=1 cpu_ns=65258000000 mem=251432960 instructions=140043174001 wakeups=47810 diski=7168000 disko=11603968 rx=2834 tx=1504 comm=*system*
psu_energy_ac_mcp_machine=821984863
-------
timestamp=80296489536
iterations=446
sample_ns=100000000
window_ns=1000000000
rapl_core_sum_uj=260393519
rapl_psys_sum_uj=0
pid=0 energy=1030993633775 alive=1 kernel=1 cpu_ns=65486000000 mem=251437056 instructions=140712726755 wakeups=48014 diski=7168000 disko=11603968 rx=2834 tx=1504 comm=*system*
psu_energy_ac_mcp_machine=825371216
-------
timestamp=80437498639
iterations=448
sample_ns=100000000
window_ns=1000000000
rapl_core_sum_uj=262357386
rapl_psys_sum_uj=0
pid=0 energy=1039700747090 alive=1 kernel=1 cpu_ns=65925000000 mem=251437056 instructions=142015149418 wakeups=48228 diski=7168000 disko=11603968 rx=2834 tx=1504 comm=*system*
psu_energy_ac_mcp_machine=830030273
-------
timestamp=80580768349
iterations=449
sample_ns=100000000
window_ns=1000000000
rapl_core_sum_uj=263380335
rapl_psys_sum_uj=0
pid=0 energy=1044214134995 alive=1 kernel=1 cpu_ns=66158000000 mem=251437056 instructions=142684826999 wakeups=48431 diski=7168000 disko=11603968 rx=2834 tx=1504 comm=*system*
psu_energy_ac_mcp_machine=833426758
-------
timestamp=80721551074
iterations=450
sample_ns=100000000
window_ns=1000000000
rapl_core_sum_uj=264400415
rapl_psys_sum_uj=0
pid=0 energy=1048706671850 alive=1 kernel=1 cpu_ns=66387000000 mem=251437056 instructions=143354334370 wakeups=48628 diski=7168000 disko=11603968 rx=2834 tx=1504 comm=*system*
psu_energy_ac_mcp_machine=838062012
-------
timestamp=80864446946
iterations=452
sample_ns=100000000
window_ns=1000000000
rapl_core_sum_uj=266364159
rapl_psys_sum_uj=0
pid=0 energy=1057429839520 alive=1 kernel=1 cpu_ns=66829000000 mem=251441152 instructions=144656967904 wakeups=48846 diski=7168000 disko=11603968 rx=2834 tx=1504 comm=*system*
psu_energy_ac_mcp_machine=842693481
-------
timestamp=81007523080
iterations=453
sample_ns=100000000
window_ns=1000000000
rapl_core_sum_uj=267383812
rapl_psys_sum_uj=0
pid=0 energy=1061931443105 alive=1 kernel=1 cpu_ns=67060000000 mem=251265024 instructions=145326288621 wakeups=49051 diski=7168000 disko=11603968 rx=2834 tx=1504 comm=*system*
psu_energy_ac_mcp_machine=846114502
-------
timestamp=81147774964
iterations=455
sample_ns=100000000
window_ns=1000000000
rapl_core_sum_uj=269387839
rapl_psys_sum_uj=0
pid=0 energy=1070845923755 alive=1 kernel=1 cpu_ns=67516000000 mem=252674048 instructions=146653184751 wakeups=49297 diski=7168000 disko=11603968 rx=2834 tx=1504 comm=*system*
psu_energy_ac_mcp_machine=850744385
-------
timestamp=81291633982
iterations=456
sample_ns=100000000
window_ns=1000000000
rapl_core_sum_uj=270370749
rapl_psys_sum_uj=0
pid=0 energy=1075141941390 alive=1 kernel=1 cpu_ns=67730000000 mem=251441152 instructions=147298388278 wakeups=49467 diski=7168000 disko=11603968 rx=2834 tx=1504 comm=*system*
psu_energy_ac_mcp_machine=854146118
-------
timestamp=81431946334
iterations=457
sample_ns=100000000
window_ns=1000000000
rapl_core_sum_uj=271393454
rapl_psys_sum_uj=0
pid=0 energy=1079635286605 alive=1 kernel=1 cpu_ns=67959000000 mem=251441152 instructions=147968057321 wakeups=49667 diski=7168000 disko=11603968 rx=2834 tx=1504 comm=*system*
psu_energy_ac_mcp_machine=858774780
-------
timestamp=81576776789
iterations=459
sample_ns=100000000
window_ns=1000000000
rapl_core_sum_uj=273361288
rapl_psys_sum_uj=0
pid=0 energy=1088371666635 alive=1 kernel=1 cpu_ns=68404000000 mem=251441152 instructions=149270333327 wakeups=49872 diski=7168000 disko=11603968 rx=2836 tx=1504 comm=*system*
psu_energy_ac_mcp_machine=862167603
-------
timestamp=81717587897
iterations=460
sample_ns=100000000
window_ns=1000000000
rapl_core_sum_uj=274384298
rapl_psys_sum_uj=0
pid=0 energy=1092873480445 alive=1 kernel=1 cpu_ns=68635000000 mem=251441152 instructions=149939696089 wakeups=50061 diski=7168000 disko=11603968 rx=2836 tx=1504 comm=*system*
psu_energy_ac_mcp_machine=866852295
-------
timestamp=81861289243
iterations=461
sample_ns=100000000
window_ns=1000000000
rapl_core_sum_uj=275408773
rapl_psys_sum_uj=0
pid=0 energy=1097376637300 alive=1 kernel=1 cpu_ns=68866000000 mem=251441152 instructions=150609327460 wakeups=50262 diski=7168000 disko=11603968 rx=2836 tx=1504 comm=*system*
psu_energy_ac_mcp_machine=870263550
-------
timestamp=82001875746
iterations=463
sample_ns=100000000
window_ns=1000000000
rapl_core_sum_uj=277371663
rapl_psys_sum_uj=0
pid=0 energy=1106083137080 alive=1 kernel=1 cpu_ns=69305000000 mem=251465728 instructions=151911627416 wakeups=50471 diski=7168000 disko=11603968 rx=2836 tx=1504 comm=*system*
psu_energy_ac_mcp_machine=874894409
-------
timestamp=82144247830
iterations=464
sample_ns=100000000
window_ns=1000000000
rapl_core_sum_uj=278389485
rapl_psys_sum_uj=0
pid=0 energy=1110575513980 alive=1 kernel=1 cpu_ns=69534000000 mem=251461632 instructions=152581102796 wakeups=50669 diski=7168000 disko=11603968 rx=2836 tx=1504 comm=*system*
psu_energy_ac_mcp_machine=879497803
-------
timestamp=82288291333
iterations=465
sample_ns=100000000
window_ns=1000000000
rapl_core_sum_uj=279410603
rapl_psys_sum_uj=0
pid=0 energy=1115063446970 alive=1 kernel=1 cpu_ns=69762000000 mem=251408384 instructions=153250689394 wakeups=50868 diski=7168000 disko=11603968 rx=2836 tx=1504 comm=*system*
psu_energy_ac_mcp_machine=882919189
-------
timestamp=82429841049
iterations=467
sample_ns=100000000
window_ns=1000000000
rapl_core_sum_uj=281375750
rapl_psys_sum_uj=0
pid=0 energy=1123754555235 alive=1 kernel=1 cpu_ns=70198000000 mem=251465728 instructions=154552911047 wakeups=51082 diski=7168000 disko=11603968 rx=2836 tx=1504 comm=*system*
psu_energy_ac_mcp_machine=887551392
-------
timestamp=82572780057
iterations=468
sample_ns=100000000
window_ns=1000000000
rapl_core_sum_uj=282398394
rapl_psys_sum_uj=0
pid=0 energy=1128261317150 alive=1 kernel=1 cpu_ns=70430000000 mem=251465728 instructions=155222263430 wakeups=51284 diski=7168000 disko=11603968 rx=2836 tx=1504 comm=*system*
psu_energy_ac_mcp_machine=890958984
-------
timestamp=82713492021
iterations=470
sample_ns=100000000
window_ns=1000000000
rapl_core_sum_uj=284389543
rapl_psys_sum_uj=0
pid=0 energy=1137055354450 alive=1 kernel=1 cpu_ns=70875000000 mem=251994112 instructions=156536070890 wakeups=51503 diski=7168000 disko=11603968 rx=2836 tx=1504 comm=*system*
psu_energy_ac_mcp_machine=895608887
-------
timestamp=82857825187
iterations=471
sample_ns=100000000
window_ns=1000000000
rapl_core_sum_uj=285395585
rapl_psys_sum_uj=0
pid=0 energy=1141475919045 alive=1 kernel=1 cpu_ns=71101000000 mem=251465728 instructions=157194183809 wakeups=51695 diski=7168000 disko=11603968 rx=2836 tx=1504 comm=*system*
psu_energy_ac_mcp_machine=898988647
-------
timestamp=82999098477
iterations=472
sample_ns=100000000
window_ns=1000000000
rapl_core_sum_uj=286419815
rapl_psys_sum_uj=0
pid=0 energy=1145957877650 alive=1 kernel=1 cpu_ns=71328000000 mem=251490304 instructions=157863575530 wakeups=51896 diski=7168000 disko=11603968 rx=2836 tx=1504 comm=*system*
psu_energy_ac_mcp_machine=903656616
-------
timestamp=83144102389
iterations=474
sample_ns=100000000
window_ns=1000000000
rapl_core_sum_uj=288389296
rapl_psys_sum_uj=0
pid=0 energy=1154663971305 alive=1 kernel=1 cpu_ns=71766000000 mem=251510784 instructions=159166794261 wakeups=52114 diski=7168000 disko=11603968 rx=2836 tx=1504 comm=*system*
psu_energy_ac_mcp_machine=908268066
-------
timestamp=83288915199
iterations=475
sample_ns=100000000
window_ns=1000000000
rapl_core_sum_uj=289410902
rapl_psys_sum_uj=0
pid=0 energy=1159160291225 alive=1 kernel=1 cpu_ns=71996000000 mem=251449344 instructions=159836058245 wakeups=52314 diski=7168000 disko=11603968 rx=2836 tx=1504 comm=*system*
psu_energy_ac_mcp_machine=911674072
-------
timestamp=83429797897
iterations=476
sample_ns=100000000
window_ns=1000000000
rapl_core_sum_uj=290434156
rapl_psys_sum_uj=0
pid=0 energy=1163647585725 alive=1 kernel=1 cpu_ns=72224000000 mem=251441152 instructions=160505517145 wakeups=52512 diski=7168000 disko=11603968 rx=2836 tx=1504 comm=*system*
psu_energy_ac_mcp_machine=916308716
-------
timestamp=83574091389
iterations=478
sample_ns=100000000
window_ns=1000000000
rapl_core_sum_uj=292397717
rapl_psys_sum_uj=0
pid=0 energy=1172342170075 alive=1 kernel=1 cpu_ns=72661000000 mem=251424768 instructions=161807434015 wakeups=52728 diski=7168000 disko=11603968 rx=2836 tx=1504 comm=*system*
psu_energy_ac_mcp_machine=919706787
-------
timestamp=83714897293
iterations=479
sample_ns=100000000
window_ns=1000000000
rapl_core_sum_uj=293419079
rapl_psys_sum_uj=0
pid=0 energy=1176847781050 alive=1 kernel=1 cpu_ns=72893000000 mem=251383808 instructions=162476556210 wakeups=52923 diski=7168000 disko=11603968 rx=2838 tx=1504 comm=*system*
psu_energy_ac_mcp_machine=924358398
-------
timestamp=83858209232
iterations=481
sample_ns=100000000
window_ns=1000000000
rapl_core_sum_uj=295399546
rapl_psys_sum_uj=0
pid=0 energy=1185644480205 alive=1 kernel=1 cpu_ns=73340000000 mem=251834368 instructions=163788896041 wakeups=53149 diski=7168000 disko=11603968 rx=2838 tx=1504 comm=*system*
psu_energy_ac_mcp_machine=927720459
-------
timestamp=83999235886
iterations=482
sample_ns=100000000
window_ns=1000000000
rapl_core_sum_uj=296405893
rapl_psys_sum_uj=0
pid=0 energy=1190048093920 alive=1 kernel=1 cpu_ns=73561000000 mem=251498496 instructions=164448618784 wakeups=53342 diski=7168000 disko=11603968 rx=2838 tx=1504 comm=*system*
psu_energy_ac_mcp_machine=932378418
-------
timestamp=84142693383
iterations=483
sample_ns=100000000
window_ns=1000000000
rapl_core_sum_uj=297427011
rapl_psys_sum_uj=0
pid=0 energy=1194550247260 alive=1 kernel=1 cpu_ns=73792000000 mem=251514880 instructions=165118049452 wakeups=53540 diski=7168000 disko=11603968 rx=2838 tx=1504 comm=*system*
psu_energy_ac_mcp_machine=935762085
-------
timestamp=84283584721
iterations=485
sample_ns=100000000
window_ns=1000000000
rapl_core_sum_uj=299394539
rapl_psys_sum_uj=0
pid=0 energy=1203252674050 alive=1 kernel=1 cpu_ns=74230000000 mem=251543552 instructions=166420534810 wakeups=53768 diski=7168000 disko=11603968 rx=2838 tx=1504 comm=*system*
psu_energy_ac_mcp_machine=940394409
-------
timestamp=84426306126
iterations=486
sample_ns=100000000
window_ns=1000000000
rapl_core_sum_uj=300416877
rapl_psys_sum_uj=0
pid=0 energy=1207753388820 alive=1 kernel=1 cpu_ns=74460000000 mem=251392000 instructions=167090677764 wakeups=53975 diski=7168000 disko=11603968 rx=2838 tx=1504 comm=*system*
psu_energy_ac_mcp_machine=945018677
-------
timestamp=84569437408
iterations=487
sample_ns=100000000
window_ns=1000000000
rapl_core_sum_uj=301440375
rapl_psys_sum_uj=0
pid=0 energy=1212255012005 alive=1 kernel=1 cpu_ns=74691000000 mem=251420672 instructions=167760002401 wakeups=54174 diski=7168000 disko=11603968 rx=2838 tx=1504 comm=*system*
psu_energy_ac_mcp_machine=948424927
-------
timestamp=84710176056
iterations=489
sample_ns=100000000
window_ns=1000000000
rapl_core_sum_uj=303400579
rapl_psys_sum_uj=0
pid=0 energy=1220967677045 alive=1 kernel=1 cpu_ns=75131000000 mem=251445248 instructions=169062535409 wakeups=54386 diski=7168000 disko=11603968 rx=2838 tx=1504 comm=*system*
psu_energy_ac_mcp_machine=953058105
-------
timestamp=84854878437
iterations=490
sample_ns=100000000
window_ns=1000000000
rapl_core_sum_uj=304419194
rapl_psys_sum_uj=0
pid=0 energy=1225465491800 alive=1 kernel=1 cpu_ns=75361000000 mem=251473920 instructions=169732098360 wakeups=54590 diski=7168000 disko=11620352 rx=2838 tx=1504 comm=*system*
psu_energy_ac_mcp_machine=956449341
-------
timestamp=84995822969
iterations=492
sample_ns=100000000
window_ns=1000000000
rapl_core_sum_uj=306422001
rapl_psys_sum_uj=0
pid=0 energy=1234357097770 alive=1 kernel=1 cpu_ns=75812000000 mem=252653568 instructions=171059419554 wakeups=54831 diski=7168000 disko=11620352 rx=2838 tx=1504 comm=*system*
psu_energy_ac_mcp_machine=961115845
-------
timestamp=85140873800
iterations=493
sample_ns=100000000
window_ns=1000000000
rapl_core_sum_uj=307406986
rapl_psys_sum_uj=0
pid=0 energy=1238653985530 alive=1 kernel=1 cpu_ns=76026000000 mem=251494400 instructions=171704797106 wakeups=54998 diski=7168000 disko=11620352 rx=2838 tx=1504 comm=*system*
psu_energy_ac_mcp_machine=964522705
-------
timestamp=85281904041
iterations=494
sample_ns=100000000
window_ns=1000000000
rapl_core_sum_uj=308433780
rapl_psys_sum_uj=0
pid=0 energy=1243160641385 alive=1 kernel=1 cpu_ns=76257000000 mem=251498496 instructions=172375128277 wakeups=55213 diski=7168000 disko=11620352 rx=2838 tx=1504 comm=*system*
psu_energy_ac_mcp_machine=969156250
-------
timestamp=85426626152
iterations=496
sample_ns=100000000
window_ns=1000000000
rapl_core_sum_uj=310401735
rapl_psys_sum_uj=0
pid=0 energy=1251859763555 alive=1 kernel=1 cpu_ns=76695000000 mem=251502592 instructions=173676952711 wakeups=55435 diski=7168000 disko=11620352 rx=2838 tx=1504 comm=*system*
psu_energy_ac_mcp_machine=973775879
-------
timestamp=85569965253
iterations=497
sample_ns=100000000
window_ns=1000000000
rapl_core_sum_uj=311423341
rapl_psys_sum_uj=0
pid=0 energy=1256347061320 alive=1 kernel=1 cpu_ns=76923000000 mem=251498496 instructions=174346412264 wakeups=55635 diski=7168000 disko=11620352 rx=2838 tx=1504 comm=*system*
psu_energy_ac_mcp_machine=977178101
-------
timestamp=85710678995
iterations=498
sample_ns=100000000
window_ns=1000000000
rapl_core_sum_uj=312444520
rapl_psys_sum_uj=0
pid=0 energy=1260844510690 alive=1 kernel=1 cpu_ns=77153000000 mem=251510784 instructions=175015902138 wakeups=55829 diski=7168000 disko=11620352 rx=2840 tx=1504 comm=*system*
psu_energy_ac_mcp_machine=981811157
-------
timestamp=85855305070
iterations=500
sample_ns=100000000
window_ns=1000000000
rapl_core_sum_uj=314408935
rapl_psys_sum_uj=0
pid=0 energy=1269548078135 alive=1 kernel=1 cpu_ns=77591000000 mem=251502592 instructions=176318615627 wakeups=56041 diski=7168000 disko=11620352 rx=2840 tx=1504 comm=*system*
psu_energy_ac_mcp_machine=985198853
-------
timestamp=85995891011
iterations=501
sample_ns=100000000
window_ns=1000000000
rapl_core_sum_uj=315431212
rapl_psys_sum_uj=0
pid=0 energy=1274040548390 alive=1 kernel=1 cpu_ns=77820000000 mem=251392000 instructions=176988109678 wakeups=56253 diski=7168000 disko=11620352 rx=2840 tx=1504 comm=*system*
psu_energy_ac_mcp_machine=989849976
-------
timestamp=86138921962
iterations=503
sample_ns=100000000
window_ns=1000000000
rapl_core_sum_uj=317433469
rapl_psys_sum_uj=0
pid=0 energy=1282947934615 alive=1 kernel=1 cpu_ns=78276000000 mem=252768256 instructions=178313586923 wakeups=56494 diski=7168000 disko=11620352 rx=2840 tx=1504 comm=*system*
psu_energy_ac_mcp_machine=993234009
-------
timestamp=86279486337
iterations=504
sample_ns=100000000
window_ns=1000000000
rapl_core_sum_uj=318413693
rapl_psys_sum_uj=0
pid=0 energy=1287259936520 alive=1 kernel=1 cpu_ns=78492000000 mem=251461632 instructions=178959987304 wakeups=56668 diski=7168000 disko=11620352 rx=2840 tx=1504 comm=*system*
psu_energy_ac_mcp_machine=997869263
-------
timestamp=86423481841
iterations=505
sample_ns=100000000
window_ns=1000000000
rapl_core_sum_uj=319438961
rapl_psys_sum_uj=0
pid=0 energy=1291755927515 alive=1 kernel=1 cpu_ns=78722000000 mem=251494400 instructions=179629185503 wakeups=56864 diski=7168000 disko=11620352 rx=2840 tx=1504 comm=*system*
psu_energy_ac_mcp_machine=1001251465
-------
timestamp=86564376657
iterations=507
sample_ns=100000000
window_ns=1000000000
rapl_core_sum_uj=321416438
rapl_psys_sum_uj=0
pid=0 energy=1300518394310 alive=1 kernel=1 cpu_ns=79165000000 mem=251695104 instructions=180938678862 wakeups=57088 diski=7168000 disko=11620352 rx=2840 tx=1504 comm=*system*
psu_energy_ac_mcp_machine=1005871216
-------
timestamp=86706902924
iterations=508
sample_ns=100000000
window_ns=1000000000
rapl_core_sum_uj=322428461
rapl_psys_sum_uj=0
pid=0 energy=1304965707740 alive=1 kernel=1 cpu_ns=79392000000 mem=251539456 instructions=181601141548 wakeups=57279 diski=7168000 disko=11620352 rx=2840 tx=1504 comm=*system*
psu_energy_ac_mcp_machine=1010465576
-------
timestamp=86851177923
iterations=509
sample_ns=100000000
window_ns=1000000000
rapl_core_sum_uj=323451837
rapl_psys_sum_uj=0
pid=0 energy=1309483590970 alive=1 kernel=1 cpu_ns=79626000000 mem=251547648 instructions=182270718194 wakeups=57477 diski=7168000 disko=11620352 rx=2840 tx=1504 comm=*system*
psu_energy_ac_mcp_machine=1013863281
-------
timestamp=86992208594
iterations=511
sample_ns=100000000
window_ns=1000000000
rapl_core_sum_uj=325418755
rapl_psys_sum_uj=0
pid=0 energy=1318181204150 alive=1 kernel=1 cpu_ns=80063000000 mem=251518976 instructions=183573240830 wakeups=57693 diski=7168000 disko=11620352 rx=2840 tx=1504 comm=*system*
psu_energy_ac_mcp_machine=1018465332
-------
timestamp=87136252955
iterations=512
sample_ns=100000000
window_ns=1000000000
rapl_core_sum_uj=326444450
rapl_psys_sum_uj=0
pid=0 energy=1322682813575 alive=1 kernel=1 cpu_ns=80294000000 mem=251518976 instructions=184242562715 wakeups=57891 diski=7168000 disko=11620352 rx=2840 tx=1504 comm=*system*
psu_energy_ac_mcp_machine=1021869019
-------
timestamp=87277082254
iterations=513
sample_ns=100000000
window_ns=1000000000
rapl_core_sum_uj=327474113
rapl_psys_sum_uj=0
pid=0 energy=1327174535640 alive=1 kernel=1 cpu_ns=80522000000 mem=251518976 instructions=184912907128 wakeups=58102 diski=7168000 disko=11620352 rx=2840 tx=1504 comm=*system*
psu_energy_ac_mcp_machine=1026514893
-------
timestamp=87420175687
iterations=515
sample_ns=100000000
window_ns=1000000000
rapl_core_sum_uj=329447623
rapl_psys_sum_uj=0
pid=0 energy=1335870303075 alive=1 kernel=1 cpu_ns=80959000000 mem=251514880 instructions=186215060615 wakeups=58318 diski=7168000 disko=11620352 rx=2840 tx=1504 comm=*system*
psu_energy_ac_mcp_machine=1029879517
-------
timestamp=87560827411
iterations=516
sample_ns=100000000
window_ns=1000000000
rapl_core_sum_uj=330476126
rapl_psys_sum_uj=0
pid=0 energy=1340361767080 alive=1 kernel=1 cpu_ns=81188000000 mem=251523072 instructions=186884353416 wakeups=58518 diski=7168000 disko=11620352 rx=2840 tx=1504 comm=*system*
psu_energy_ac_mcp_machine=1034509521
-------
timestamp=87704247354
iterations=518
sample_ns=100000000
window_ns=1000000000
rapl_core_sum_uj=332487904
rapl_psys_sum_uj=0
pid=0 energy=1349269815310 alive=1 kernel=1 cpu_ns=81638000000 mem=252223488 instructions=188215963062 wakeups=58742 diski=7168000 disko=11620352 rx=2842 tx=1504 comm=*system*
psu_energy_ac_mcp_machine=1037871094
-------
timestamp=87845277204
iterations=519
sample_ns=100000000
window_ns=1000000000
rapl_core_sum_uj=333466602
rapl_psys_sum_uj=0
pid=0 energy=1353555990150 alive=1 kernel=1 cpu_ns=81855000000 mem=251518976 instructions=188856198030 wakeups=58924 diski=7168000 disko=11620352 rx=2842 tx=1504 comm=*system*
psu_energy_ac_mcp_machine=1042498779
-------
timestamp=87987817721
iterations=520
sample_ns=100000000
window_ns=1000000000
rapl_core_sum_uj=334494128
rapl_psys_sum_uj=0
pid=0 energy=1358053770410 alive=1 kernel=1 cpu_ns=82085000000 mem=251539456 instructions=189525754082 wakeups=59126 diski=7168000 disko=11620352 rx=2842 tx=1504 comm=*system*
psu_energy_ac_mcp_machine=1047082520
-------
timestamp=88131595999
iterations=522
sample_ns=100000000
window_ns=1000000000
rapl_core_sum_uj=336464525
rapl_psys_sum_uj=0
pid=0 energy=1366753330420 alive=1 kernel=1 cpu_ns=82522000000 mem=251559936 instructions=190828666084 wakeups=59339 diski=7168000 disko=11620352 rx=2842 tx=1504 comm=*system*
psu_energy_ac_mcp_machine=1050476807
-------
timestamp=88272216540
iterations=523
sample_ns=100000000
window_ns=1000000000
rapl_core_sum_uj=337486985
rapl_psys_sum_uj=0
pid=0 energy=1371248658010 alive=1 kernel=1 cpu_ns=82751000000 mem=251478016 instructions=191498731602 wakeups=59550 diski=7168000 disko=11620352 rx=2843 tx=1505 comm=*system*
psu_energy_ac_mcp_machine=1055089111
-------
timestamp=88416567015
iterations=524
sample_ns=100000000
window_ns=1000000000
rapl_core_sum_uj=338506455
rapl_psys_sum_uj=0
pid=0 energy=1375745961380 alive=1 kernel=1 cpu_ns=82981000000 mem=251408384 instructions=192168192276 wakeups=59748 diski=7168000 disko=11620352 rx=2843 tx=1505 comm=*system*
psu_energy_ac_mcp_machine=1058467041
-------
timestamp=88557168528
iterations=526
sample_ns=100000000
window_ns=1000000000
rapl_core_sum_uj=340471481
rapl_psys_sum_uj=0
pid=0 energy=1384453460865 alive=1 kernel=1 cpu_ns=83420000000 mem=251396096 instructions=193470692173 wakeups=59961 diski=7168000 disko=11620352 rx=2843 tx=1505 comm=*system*
psu_energy_ac_mcp_machine=1063095703
-------
timestamp=88702094024
iterations=527
sample_ns=100000000
window_ns=1000000000
rapl_core_sum_uj=341491622
rapl_psys_sum_uj=0
pid=0 energy=1388936909060 alive=1 kernel=1 cpu_ns=83647000000 mem=251404288 instructions=194140381812 wakeups=60163 diski=7168000 disko=11620352 rx=2843 tx=1505 comm=*system*
psu_energy_ac_mcp_machine=1066487305
-------
timestamp=88842738894
iterations=529
sample_ns=100000000
window_ns=1000000000
rapl_core_sum_uj=343493574
rapl_psys_sum_uj=0
pid=0 energy=1397826383915 alive=1 kernel=1 cpu_ns=84099000000 mem=252645376 instructions=195466276783 wakeups=60402 diski=7168000 disko=11620352 rx=2843 tx=1505 comm=*system*
psu_energy_ac_mcp_machine=1071143066
-------
timestamp=88987510748
iterations=530
sample_ns=100000000
window_ns=1000000000
rapl_core_sum_uj=344433454
rapl_psys_sum_uj=0
pid=0 energy=1401964913610 alive=1 kernel=1 cpu_ns=84311000000 mem=251957248 instructions=196081982722 wakeups=60602 diski=7168000 disko=11620352 rx=2847 tx=1509 comm=*system*
psu_energy_ac_mcp_machine=1075885864
-------
timestamp=89133247986
iterations=531
sample_ns=100000000
window_ns=1000000000
rapl_core_sum_uj=345782880
rapl_psys_sum_uj=0
pid=0 energy=1408396555030 alive=1 kernel=1 cpu_ns=84640000000 mem=252133376 instructions=197039311006 wakeups=60780 diski=7168000 disko=11620352 rx=2847 tx=1509 comm=*system*
psu_energy_ac_mcp_machine=1079692383
-------
timestamp=89277056949
iterations=533
sample_ns=100000000
window_ns=1000000000
rapl_core_sum_uj=348421368
rapl_psys_sum_uj=0
pid=0 energy=1421191028490 alive=1 kernel=1 cpu_ns=85286000000 mem=252133376 instructions=198952205698 wakeups=60987 diski=7168000 disko=11620352 rx=2847 tx=1509 comm=*system*
psu_energy_ac_mcp_machine=1084895264
-------
timestamp=89422181647
iterations=534
sample_ns=100000000
window_ns=1000000000
rapl_core_sum_uj=349769756
rapl_psys_sum_uj=0
pid=0 energy=1427726016660 alive=1 kernel=1 cpu_ns=85620000000 mem=252133376 instructions=199925203332 wakeups=61182 diski=7168000 disko=11620352 rx=2847 tx=1509 comm=*system*
psu_energy_ac_mcp_machine=1088713379
-------
timestamp=89564641345
iterations=535
sample_ns=100000000
window_ns=1000000000
rapl_core_sum_uj=351115825
rapl_psys_sum_uj=0
pid=0 energy=1434244033155 alive=1 kernel=1 cpu_ns=85951000000 mem=252133376 instructions=200897806631 wakeups=61376 diski=7168000 disko=11620352 rx=2847 tx=1509 comm=*system*
psu_energy_ac_mcp_machine=1093916016
-------
timestamp=89710422192
iterations=537
sample_ns=100000000
window_ns=1000000000
rapl_core_sum_uj=353754008
rapl_psys_sum_uj=0
pid=0 energy=1447037186470 alive=1 kernel=1 cpu_ns=86596000000 mem=252133376 instructions=202811437294 wakeups=61576 diski=7168000 disko=11620352 rx=2849 tx=1509 comm=*system*
psu_energy_ac_mcp_machine=1099106445
-------
timestamp=89855392696
iterations=538
sample_ns=100000000
window_ns=1000000000
rapl_core_sum_uj=355104227
rapl_psys_sum_uj=0
pid=0 energy=1453561923235 alive=1 kernel=1 cpu_ns=86928000000 mem=252309504 instructions=203784384647 wakeups=61760 diski=7168000 disko=11620352 rx=2849 tx=1509 comm=*system*
psu_energy_ac_mcp_machine=1102929077
-------
timestamp=89998835019
iterations=540
sample_ns=100000000
window_ns=1000000000
rapl_core_sum_uj=357776528
rapl_psys_sum_uj=0
pid=0 energy=1466532904105 alive=1 kernel=1 cpu_ns=87586000000 mem=252866560 instructions=205720580821 wakeups=61982 diski=7168000 disko=11640832 rx=2849 tx=1509 comm=*system*
psu_energy_ac_mcp_machine=1108163330
-------
timestamp=90144535999
iterations=541
sample_ns=100000000
window_ns=1000000000
rapl_core_sum_uj=359093910
rapl_psys_sum_uj=0
pid=0 energy=1472873278550 alive=1 kernel=1 cpu_ns=87909000000 mem=252510208 instructions=206665655710 wakeups=62169 diski=7168000 disko=11640832 rx=2849 tx=1509 comm=*system*
psu_energy_ac_mcp_machine=1112015259
-------
timestamp=90287036606
iterations=542
sample_ns=100000000
window_ns=1000000000
rapl_core_sum_uj=360446815
rapl_psys_sum_uj=0
pid=0 energy=1479407128465 alive=1 kernel=1 cpu_ns=88244000000 mem=252514304 instructions=207637425693 wakeups=62373 diski=7168000 disko=11640832 rx=2849 tx=1509 comm=*system*
psu_energy_ac_mcp_machine=1117194824
-------
timestamp=90430187645
iterations=544
sample_ns=100000000
window_ns=1000000000
rapl_core_sum_uj=363087012
rapl_psys_sum_uj=0
pid=0 energy=1492187750505 alive=1 kernel=1 cpu_ns=88890000000 mem=252514304 instructions=209547550101 wakeups=62584 diski=7168000 disko=11640832 rx=2849 tx=1509 comm=*system*
psu_energy_ac_mcp_machine=1122391479
-------
timestamp=90575776370
iterations=545
sample_ns=100000000
window_ns=1000000000
rapl_core_sum_uj=364441931
rapl_psys_sum_uj=0
pid=0 energy=1498719075880 alive=1 kernel=1 cpu_ns=89224000000 mem=252526592 instructions=210519815176 wakeups=62771 diski=7168000 disko=11640832 rx=2849 tx=1509 comm=*system*
psu_energy_ac_mcp_machine=1126201538
-------
timestamp=90718921064
iterations=547
sample_ns=100000000
window_ns=1000000000
rapl_core_sum_uj=367126866
rapl_psys_sum_uj=0
pid=0 energy=1511706802650 alive=1 kernel=1 cpu_ns=89884000000 mem=253394944 instructions=212457360530 wakeups=62991 diski=7168000 disko=11640832 rx=2849 tx=1509 comm=*system*
psu_energy_ac_mcp_machine=1131406494
-------
timestamp=90864665223
iterations=548
sample_ns=100000000
window_ns=1000000000
rapl_core_sum_uj=368438328
rapl_psys_sum_uj=0
pid=0 energy=1518022671255 alive=1 kernel=1 cpu_ns=90204000000 mem=252522496 instructions=213400534251 wakeups=63174 diski=7168000 disko=11640832 rx=2849 tx=1509 comm=*system*
psu_energy_ac_mcp_machine=1135245361
-------
timestamp=91006668902
iterations=549
sample_ns=100000000
window_ns=1000000000
rapl_core_sum_uj=369789951
rapl_psys_sum_uj=0
pid=0 energy=1524533538000 alive=1 kernel=1 cpu_ns=90535000000 mem=252522496 instructions=214371707600 wakeups=63375 diski=7168000 disko=11640832 rx=2849 tx=1509 comm=*system*
psu_energy_ac_mcp_machine=1140442261
-------
timestamp=91150495875
iterations=551
sample_ns=100000000
window_ns=1000000000
rapl_core_sum_uj=372430758
rapl_psys_sum_uj=0
pid=0 energy=1537306630625 alive=1 kernel=1 cpu_ns=91180000000 mem=252522496 instructions=216281326125 wakeups=63582 diski=7168000 disko=11640832 rx=2849 tx=1509 comm=*system*
psu_energy_ac_mcp_machine=1145663940
-------
timestamp=91296126624
iterations=552
sample_ns=100000000
window_ns=1000000000
rapl_core_sum_uj=373780367
rapl_psys_sum_uj=0
pid=0 energy=1543837287980 alive=1 kernel=1 cpu_ns=91514000000 mem=252522496 instructions=217253457596 wakeups=63771 diski=7168000 disko=11640832 rx=2849 tx=1509 comm=*system*
psu_energy_ac_mcp_machine=1149495483
-------
timestamp=91439190896
iterations=553
sample_ns=100000000
window_ns=1000000000
rapl_core_sum_uj=375131868
rapl_psys_sum_uj=0
pid=0 energy=1550372468630 alive=1 kernel=1 cpu_ns=91849000000 mem=252522496 instructions=218225493726 wakeups=63966 diski=7168000 disko=11640832 rx=2849 tx=1509 comm=*system*
psu_energy_ac_mcp_machine=1154729126
-------
timestamp=91585534788
iterations=555
sample_ns=100000000
window_ns=1000000000
rapl_core_sum_uj=377769013
rapl_psys_sum_uj=0
pid=0 energy=1563154139705 alive=1 kernel=1 cpu_ns=92495000000 mem=252522496 instructions=220135827941 wakeups=64171 diski=7168000 disko=11640832 rx=2849 tx=1509 comm=*system*
psu_energy_ac_mcp_machine=1158569336
-------
timestamp=91728252207
iterations=556
sample_ns=100000000
window_ns=1000000000
rapl_core_sum_uj=379119721
rapl_psys_sum_uj=0
pid=0 energy=1569693151055 alive=1 kernel=1 cpu_ns=92831000000 mem=252522496 instructions=221107630211 wakeups=64359 diski=7168000 disko=11640832 rx=2851 tx=1509 comm=*system*
psu_energy_ac_mcp_machine=1163733643
-------
timestamp=91870872790
iterations=558
sample_ns=100000000
window_ns=1000000000
rapl_core_sum_uj=381782562
rapl_psys_sum_uj=0
pid=0 energy=1582585973785 alive=1 kernel=1 cpu_ns=93484000000 mem=252882944 instructions=223033194757 wakeups=64568 diski=7168000 disko=11640832 rx=2851 tx=1509 comm=*system*
psu_energy_ac_mcp_machine=1168933838
-------
timestamp=92016554131
iterations=559
sample_ns=100000000
window_ns=1000000000
rapl_core_sum_uj=383111602
rapl_psys_sum_uj=0
pid=0 energy=1588994478435 alive=1 kernel=1 cpu_ns=93810000000 mem=252530688 instructions=223988895687 wakeups=64751 diski=7168000 disko=11640832 rx=2851 tx=1509 comm=*system*
psu_energy_ac_mcp_machine=1172760498
-------
timestamp=92158869816
iterations=560
sample_ns=100000000
window_ns=1000000000
rapl_core_sum_uj=384462737
rapl_psys_sum_uj=0
pid=0 energy=1595522528940 alive=1 kernel=1 cpu_ns=94144000000 mem=252534784 instructions=224960505788 wakeups=64943 diski=7168000 disko=11640832 rx=2851 tx=1509 comm=*system*
psu_energy_ac_mcp_machine=1177964233
-------
timestamp=92303967652
iterations=562
sample_ns=100000000
window_ns=1000000000
rapl_core_sum_uj=387104154
rapl_psys_sum_uj=0
pid=0 energy=1608298300365 alive=1 kernel=1 cpu_ns=94789000000 mem=252530688 instructions=226870660073 wakeups=65158 diski=7168000 disko=11640832 rx=2851 tx=1509 comm=*system*
psu_energy_ac_mcp_machine=1181787964
-------
timestamp=92446520226
iterations=563
sample_ns=100000000
window_ns=1000000000
rapl_core_sum_uj=388455411
rapl_psys_sum_uj=0
pid=0 energy=1614834303135 alive=1 kernel=1 cpu_ns=95124000000 mem=252534784 instructions=227842860627 wakeups=65358 diski=7168000 disko=11640832 rx=2851 tx=1509 comm=*system*
psu_energy_ac_mcp_machine=1186964355
-------
timestamp=92591699684
iterations=565
sample_ns=100000000
window_ns=1000000000
rapl_core_sum_uj=391125820
rapl_psys_sum_uj=0
pid=0 energy=1627753142660 alive=1 kernel=1 cpu_ns=95781000000 mem=253239296 instructions=229769628532 wakeups=65568 diski=7168000 disko=11640832 rx=2851 tx=1509 comm=*system*
psu_energy_ac_mcp_machine=1192127930
-------
timestamp=92736954311
iterations=566
sample_ns=100000000
window_ns=1000000000
rapl_core_sum_uj=392454555
rapl_psys_sum_uj=0
pid=0 energy=1634148633905 alive=1 kernel=1 cpu_ns=96106000000 mem=252534784 instructions=230723726781 wakeups=65743 diski=7168000 disko=11640832 rx=2851 tx=1509 comm=*system*
psu_energy_ac_mcp_machine=1195930298
-------
timestamp=92879273191
iterations=567
sample_ns=100000000
window_ns=1000000000
rapl_core_sum_uj=393806483
rapl_psys_sum_uj=0
pid=0 energy=1640677597200 alive=1 kernel=1 cpu_ns=96440000000 mem=252534784 instructions=231695519440 wakeups=65940 diski=7168000 disko=11640832 rx=2851 tx=1509 comm=*system*
psu_energy_ac_mcp_machine=1201137939
-------
timestamp=93024522932
iterations=569
sample_ns=100000000
window_ns=1000000000
rapl_core_sum_uj=396449854
rapl_psys_sum_uj=0
pid=0 energy=1653451593605 alive=1 kernel=1 cpu_ns=97085000000 mem=252542976 instructions=233605318721 wakeups=66149 diski=7168000 disko=11640832 rx=2851 tx=1509 comm=*system*
psu_energy_ac_mcp_machine=1204969971
-------
timestamp=93166537860
iterations=570
sample_ns=100000000
window_ns=1000000000
rapl_core_sum_uj=397801904
rapl_psys_sum_uj=0
pid=0 energy=1659985999185 alive=1 kernel=1 cpu_ns=97420000000 mem=252538880 instructions=234577199837 wakeups=66341 diski=7168000 disko=11640832 rx=2851 tx=1509 comm=*system*
psu_energy_ac_mcp_machine=1210173950
-------
timestamp=93311767849
iterations=571
sample_ns=100000000
window_ns=1000000000
rapl_core_sum_uj=399147607
rapl_psys_sum_uj=0
pid=0 energy=1666536312700 alive=1 kernel=1 cpu_ns=97758000000 mem=252555264 instructions=235549262540 wakeups=66532 diski=7168000 disko=11640832 rx=2851 tx=1509 comm=*system*
psu_energy_ac_mcp_machine=1215361084
-------
timestamp=93457451528
iterations=573
sample_ns=100000000
window_ns=1000000000
rapl_core_sum_uj=401780114
rapl_psys_sum_uj=0
pid=0 energy=1679294926485 alive=1 kernel=1 cpu_ns=98403000000 mem=252547072 instructions=237455985297 wakeups=66741 diski=7168000 disko=11640832 rx=2851 tx=1509 comm=*system*
psu_energy_ac_mcp_machine=1219168945
-------
timestamp=93599713153
iterations=574
sample_ns=100000000
window_ns=1000000000
rapl_core_sum_uj=403126000
rapl_psys_sum_uj=0
pid=0 energy=1685802375225 alive=1 kernel=1 cpu_ns=98736000000 mem=252551168 instructions=238424475045 wakeups=66933 diski=7168000 disko=11640832 rx=2851 tx=1509 comm=*system*
psu_energy_ac_mcp_machine=1224354736
-------
timestamp=93746570230
iterations=576
sample_ns=100000000
window_ns=1000000000
rapl_core_sum_uj=405755454
rapl_psys_sum_uj=0
pid=0 energy=1698570592015 alive=1 kernel=1 cpu_ns=99384000000 mem=252547072 instructions=240330118403 wakeups=67124 diski=7168000 disko=11640832 rx=2853 tx=1509 comm=*system*
psu_energy_ac_mcp_machine=1228172363
-------
timestamp=93888635019
iterations=577
sample_ns=100000000
window_ns=1000000000
rapl_core_sum_uj=407101828
rapl_psys_sum_uj=0
pid=0 energy=1705088833690 alive=1 kernel=1 cpu_ns=99719000000 mem=252551168 instructions=241298766738 wakeups=67319 diski=7168000 disko=11640832 rx=2853 tx=1509 comm=*system*
psu_energy_ac_mcp_machine=1233352539
-------
timestamp=94031956237
iterations=578
sample_ns=100000000
window_ns=1000000000
rapl_core_sum_uj=408448568
rapl_psys_sum_uj=0
pid=0 energy=1711601454750 alive=1 kernel=1 cpu_ns=100053000000 mem=252551168 instructions=242267290950 wakeups=67506 diski=7168000 disko=11640832 rx=2853 tx=1509 comm=*system*
psu_energy_ac_mcp_machine=1238571533
-------
timestamp=94178299156
iterations=580
sample_ns=100000000
window_ns=1000000000
rapl_core_sum_uj=411080281
rapl_psys_sum_uj=0
pid=0 energy=1724375221405 alive=1 kernel=1 cpu_ns=100701000000 mem=252551168 instructions=244174044281 wakeups=67715 diski=7168000 disko=11640832 rx=2853 tx=1509 comm=*system*
psu_energy_ac_mcp_machine=1242391724
-------
timestamp=94320655514
iterations=581
sample_ns=100000000
window_ns=1000000000
rapl_core_sum_uj=412428303
rapl_psys_sum_uj=0
pid=0 energy=1730889785065 alive=1 kernel=1 cpu_ns=101032000000 mem=252551168 instructions=245145957013 wakeups=67910 diski=7168000 disko=11640832 rx=2853 tx=1509 comm=*system*
psu_energy_ac_mcp_machine=1247609497
-------
timestamp=94467795159
iterations=583
sample_ns=100000000
window_ns=1000000000
rapl_core_sum_uj=415093951
rapl_psys_sum_uj=0
pid=0 energy=1743832590240 alive=1 kernel=1 cpu_ns=101690000000 mem=253079552 instructions=247076518048 wakeups=68141 diski=7168000 disko=11640832 rx=2853 tx=1509 comm=*system*
psu_energy_ac_mcp_machine=1251442749
-------
timestamp=94610256659
iterations=584
sample_ns=100000000
window_ns=1000000000
rapl_core_sum_uj=416416277
rapl_psys_sum_uj=0
pid=0 energy=1750207286930 alive=1 kernel=1 cpu_ns=102014000000 mem=252551168 instructions=248027457386 wakeups=68331 diski=7168000 disko=11640832 rx=2853 tx=1509 comm=*system*
psu_energy_ac_mcp_machine=1256617920
-------
timestamp=94753025542
iterations=585
sample_ns=100000000
window_ns=1000000000
rapl_core_sum_uj=417768449
rapl_psys_sum_uj=0
pid=0 energy=1756737974975 alive=1 kernel=1 cpu_ns=102348000000 mem=252551168 instructions=248999594995 wakeups=68519 diski=7168000 disko=11640832 rx=2853 tx=1509 comm=*system*
psu_energy_ac_mcp_machine=1261819214
-------
timestamp=94898842520
iterations=587
sample_ns=100000000
window_ns=1000000000
rapl_core_sum_uj=420410660
rapl_psys_sum_uj=0
pid=0 energy=1769512996180 alive=1 kernel=1 cpu_ns=102993000000 mem=252559360 instructions=250909599236 wakeups=68730 diski=7168000 disko=11640832 rx=2853 tx=1509 comm=*system*
psu_energy_ac_mcp_machine=1265650757
-------
timestamp=95041909783
iterations=588
sample_ns=100000000
window_ns=1000000000
rapl_core_sum_uj=421763992
rapl_psys_sum_uj=0
pid=0 energy=1776030164715 alive=1 kernel=1 cpu_ns=103325000000 mem=252563456 instructions=251881032943 wakeups=68931 diski=7168000 disko=11657216 rx=2853 tx=1509 comm=*system*
psu_energy_ac_mcp_machine=1270884277
-------
timestamp=95187300918
iterations=590
sample_ns=100000000
window_ns=1000000000
rapl_core_sum_uj=424436964
rapl_psys_sum_uj=0
pid=0 energy=1788992639360 alive=1 kernel=1 cpu_ns=103985000000 mem=253800448 instructions=253813527872 wakeups=69161 diski=7168000 disko=11657216 rx=2853 tx=1509 comm=*system*
psu_energy_ac_mcp_machine=1274727661
-------
timestamp=95329548689
iterations=591
sample_ns=100000000
window_ns=1000000000
rapl_core_sum_uj=425751783
rapl_psys_sum_uj=0
pid=0 energy=1795325885465 alive=1 kernel=1 cpu_ns=104304000000 mem=252567552 instructions=254761177093 wakeups=69335 diski=7168000 disko=11657216 rx=2853 tx=1509 comm=*system*
psu_energy_ac_mcp_machine=1279914063
-------
timestamp=95473688877
iterations=592
sample_ns=100000000
window_ns=1000000000
rapl_core_sum_uj=427101087
rapl_psys_sum_uj=0
pid=0 energy=1801856942580 alive=1 kernel=1 cpu_ns=104638000000 mem=252583936 instructions=255733388516 wakeups=69529 diski=7168000 disko=11661312 rx=2853 tx=1509 comm=*system*
psu_energy_ac_mcp_machine=1285114746
-------
timestamp=95619155790
iterations=594
sample_ns=100000000
window_ns=1000000000
rapl_core_sum_uj=429740673
rapl_psys_sum_uj=0
pid=0 energy=1814654160155 alive=1 kernel=1 cpu_ns=105287000000 mem=252567552 instructions=257643832031 wakeups=69724 diski=7168000 disko=11661312 rx=2855 tx=1509 comm=*system*
psu_energy_ac_mcp_machine=1288956665
-------
timestamp=95761480041
iterations=595
sample_ns=100000000
window_ns=1000000000
rapl_core_sum_uj=431091747
rapl_psys_sum_uj=0
pid=0 energy=1821178161570 alive=1 kernel=1 cpu_ns=105620000000 mem=252592128 instructions=258615632314 wakeups=69924 diski=7168000 disko=11661312 rx=2855 tx=1509 comm=*system*
psu_energy_ac_mcp_machine=1294169312
-------
timestamp=95906464535
iterations=596
sample_ns=100000000
window_ns=1000000000
rapl_core_sum_uj=432445079
rapl_psys_sum_uj=0
pid=0 energy=1827713532235 alive=1 kernel=1 cpu_ns=105955000000 mem=252588032 instructions=259587706447 wakeups=70121 diski=7168000 disko=11661312 rx=2855 tx=1509 comm=*system*
psu_energy_ac_mcp_machine=1298012207
-------
timestamp=96048697800
iterations=598
sample_ns=100000000
window_ns=1000000000
rapl_core_sum_uj=435076609
rapl_psys_sum_uj=0
pid=0 energy=1840483239480 alive=1 kernel=1 cpu_ns=106598000000 mem=252588032 instructions=261498647896 wakeups=70331 diski=7168000 disko=11661312 rx=2855 tx=1509 comm=*system*
psu_energy_ac_mcp_machine=1303196167
-------
timestamp=96194207960
iterations=599
sample_ns=100000000
window_ns=1000000000
rapl_core_sum_uj=436424387
rapl_psys_sum_uj=0
pid=0 energy=1847008420685 alive=1 kernel=1 cpu_ns=106931000000 mem=252588032 instructions=262470684137 wakeups=70525 diski=7168000 disko=11661312 rx=2855 tx=1509 comm=*system*
psu_energy_ac_mcp_machine=1308384399
-------
timestamp=96339711125
iterations=601
sample_ns=100000000
window_ns=1000000000
rapl_core_sum_uj=439104317
rapl_psys_sum_uj=0
pid=0 energy=1860018580225 alive=1 kernel=1 cpu_ns=107592000000 mem=253292544 instructions=264411716045 wakeups=70743 diski=7168000 disko=11661312 rx=2855 tx=1509 comm=*system*
psu_energy_ac_mcp_machine=1312195313
-------
timestamp=96482469645
iterations=602
sample_ns=100000000
window_ns=1000000000
rapl_core_sum_uj=440412666
rapl_psys_sum_uj=0
pid=0 energy=1866304025290 alive=1 kernel=1 cpu_ns=107909000000 mem=252588032 instructions=265351805058 wakeups=70934 diski=7168000 disko=11661312 rx=2855 tx=1509 comm=*system*
psu_energy_ac_mcp_machine=1317397339
-------
timestamp=96628348160
iterations=603
sample_ns=100000000
window_ns=1000000000
rapl_core_sum_uj=441762824
rapl_psys_sum_uj=0
pid=0 energy=1872849654800 alive=1 kernel=1 cpu_ns=108246000000 mem=252588032 instructions=266323930960 wakeups=71133 diski=7168000 disko=11661312 rx=2855 tx=1509 comm=*system*
psu_energy_ac_mcp_machine=1321231812
-------
timestamp=96771295143
iterations=605
sample_ns=100000000
window_ns=1000000000
rapl_core_sum_uj=444396307
rapl_psys_sum_uj=0
pid=0 energy=1885643002520 alive=1 kernel=1 cpu_ns=108894000000 mem=252588032 instructions=268234600504 wakeups=71329 diski=7168000 disko=11661312 rx=2855 tx=1509 comm=*system*
psu_energy_ac_mcp_machine=1326409668
-------
timestamp=96914100945
iterations=606
sample_ns=100000000
window_ns=1000000000
rapl_core_sum_uj=445743352
rapl_psys_sum_uj=0
pid=0 energy=1892176946045 alive=1 kernel=1 cpu_ns=109229000000 mem=252588032 instructions=269206389209 wakeups=71528 diski=7168000 disko=11661312 rx=2855 tx=1509 comm=*system*
psu_energy_ac_mcp_machine=1331614380
-------
timestamp=97059956610
iterations=608
sample_ns=100000000
window_ns=1000000000
rapl_core_sum_uj=448419560
rapl_psys_sum_uj=0
pid=0 energy=1905152372505 alive=1 kernel=1 cpu_ns=109888000000 mem=253825024 instructions=271142474501 wakeups=71755 diski=7168000 disko=11661312 rx=2855 tx=1509 comm=*system*
psu_energy_ac_mcp_machine=1335434204
-------
timestamp=97202169475
iterations=609
sample_ns=100000000
window_ns=1000000000
rapl_core_sum_uj=449732609
rapl_psys_sum_uj=0
pid=0 energy=1911476725500 alive=1 kernel=1 cpu_ns=110208000000 mem=252588032 instructions=272087345100 wakeups=71925 diski=7168000 disko=11661312 rx=2855 tx=1509 comm=*system*
psu_energy_ac_mcp_machine=1340636108
-------
timestamp=97348686961
iterations=610
sample_ns=100000000
window_ns=1000000000
rapl_core_sum_uj=451083622
rapl_psys_sum_uj=0
pid=0 energy=1918002135585 alive=1 kernel=1 cpu_ns=110541000000 mem=252588032 instructions=273059427117 wakeups=72120 diski=7168000 disko=11661312 rx=2855 tx=1509 comm=*system*
psu_energy_ac_mcp_machine=1344481567
-------
timestamp=97491438906
iterations=612
sample_ns=100000000
window_ns=1000000000
rapl_core_sum_uj=453718753
rapl_psys_sum_uj=0
pid=0 energy=1930789525605 alive=1 kernel=1 cpu_ns=111187000000 mem=252592128 instructions=274970905121 wakeups=72322 diski=7168000 disko=11661312 rx=2855 tx=1509 comm=*system*
psu_energy_ac_mcp_machine=1349672729
-------
timestamp=97635016516
iterations=613
sample_ns=100000000
window_ns=1000000000
rapl_core_sum_uj=455061343
rapl_psys_sum_uj=0
pid=0 energy=1937323684110 alive=1 kernel=1 cpu_ns=111522000000 mem=252592128 instructions=275942736822 wakeups=72515 diski=7168000 disko=11661312 rx=2857 tx=1509 comm=*system*
psu_energy_ac_mcp_machine=1354873657
-------
timestamp=97780389492
iterations=614
sample_ns=100000000
window_ns=1000000000
rapl_core_sum_uj=456408755
rapl_psys_sum_uj=0
pid=0 energy=1943853489985 alive=1 kernel=1 cpu_ns=111856000000 mem=252596224 instructions=276914697997 wakeups=72709 diski=7168000 disko=11661312 rx=2857 tx=1509 comm=*system*
psu_energy_ac_mcp_machine=1358699951
-------
timestamp=97922940442
iterations=616
sample_ns=100000000
window_ns=1000000000
rapl_core_sum_uj=459040163
rapl_psys_sum_uj=0
pid=0 energy=1956644554980 alive=1 kernel=1 cpu_ns=112503000000 mem=252596224 instructions=278825910996 wakeups=72915 diski=7168000 disko=11661312 rx=2857 tx=1509 comm=*system*
psu_energy_ac_mcp_machine=1363923218
-------
timestamp=98067677169
iterations=617
sample_ns=100000000
window_ns=1000000000
rapl_core_sum_uj=460386659
rapl_psys_sum_uj=0
pid=0 energy=1963164243925 alive=1 kernel=1 cpu_ns=112835000000 mem=252596224 instructions=279797848785 wakeups=73111 diski=7168000 disko=11661312 rx=2857 tx=1509 comm=*system*
psu_energy_ac_mcp_machine=1367755859
-------
timestamp=98210077284
iterations=619
sample_ns=100000000
window_ns=1000000000
rapl_core_sum_uj=463031982
rapl_psys_sum_uj=0
pid=0 energy=1976132626860 alive=1 kernel=1 cpu_ns=113496000000 mem=253300736 instructions=281730525372 wakeups=73326 diski=7168000 disko=11661312 rx=2858 tx=1510 comm=*system*
psu_energy_ac_mcp_machine=1372943726
-------
timestamp=98355241636
iterations=620
sample_ns=100000000
window_ns=1000000000
rapl_core_sum_uj=464363708
rapl_psys_sum_uj=0
pid=0 energy=1982480002570 alive=1 kernel=1 cpu_ns=113817000000 mem=252596224 instructions=282679000514 wakeups=73510 diski=7168000 disko=11661312 rx=2858 tx=1510 comm=*system*
psu_energy_ac_mcp_machine=1378133667
-------
timestamp=98501008749
iterations=621
sample_ns=100000000
window_ns=1000000000
rapl_core_sum_uj=465713134
rapl_psys_sum_uj=0
pid=0 energy=1989017681770 alive=1 kernel=1 cpu_ns=114153000000 mem=252596224 instructions=283650536354 wakeups=73710 diski=7168000 disko=11661312 rx=2858 tx=1510 comm=*system*
psu_energy_ac_mcp_machine=1381943481
-------
timestamp=98644216162
iterations=623
sample_ns=100000000
window_ns=1000000000
rapl_core_sum_uj=468351073
rapl_psys_sum_uj=0
pid=0 energy=2001810114815 alive=1 kernel=1 cpu_ns=114800000000 mem=252596224 instructions=285562022963 wakeups=73913 diski=7168000 disko=11661312 rx=2858 tx=1510 comm=*system*
psu_energy_ac_mcp_machine=1387153076
-------
timestamp=98790225529
iterations=624
sample_ns=100000000
window_ns=1000000000
rapl_core_sum_uj=469699766
rapl_psys_sum_uj=0
pid=0 energy=2008364176120 alive=1 kernel=1 cpu_ns=115139000000 mem=252596224 instructions=286533835224 wakeups=74110 diski=7168000 disko=11661312 rx=2858 tx=1510 comm=*system*
psu_energy_ac_mcp_machine=1390974731
-------
timestamp=98932479802
iterations=626
sample_ns=100000000
window_ns=1000000000
rapl_core_sum_uj=472373898
rapl_psys_sum_uj=0
pid=0 energy=2021337452860 alive=1 kernel=1 cpu_ns=115800000000 mem=253923328 instructions=288467490572 wakeups=74336 diski=7168000 disko=11661312 rx=2858 tx=1510 comm=*system*
psu_energy_ac_mcp_machine=1396155640
-------
timestamp=99075588379
iterations=627
sample_ns=100000000
window_ns=1000000000
rapl_core_sum_uj=473687740
rapl_psys_sum_uj=0
pid=0 energy=2027668993530 alive=1 kernel=1 cpu_ns=116119000000 mem=252719104 instructions=289414798706 wakeups=74508 diski=7168000 disko=11661312 rx=2858 tx=1510 comm=*system*
psu_energy_ac_mcp_machine=1401354248
-------
timestamp=99221423315
iterations=628
sample_ns=100000000
window_ns=1000000000
rapl_core_sum_uj=475039790
rapl_psys_sum_uj=0
pid=0 energy=2034198800590 alive=1 kernel=1 cpu_ns=116453000000 mem=252719104 instructions=290386760118 wakeups=74702 diski=7168000 disko=11661312 rx=2858 tx=1510 comm=*system*
psu_energy_ac_mcp_machine=1405169556
-------
timestamp=99364804654
iterations=630
sample_ns=100000000
window_ns=1000000000
rapl_core_sum_uj=477682368
rapl_psys_sum_uj=0
pid=0 energy=2046980484435 alive=1 kernel=1 cpu_ns=117098000000 mem=252719104 instructions=292298096887 wakeups=74901 diski=7168000 disko=11661312 rx=2858 tx=1510 comm=*system*
psu_energy_ac_mcp_machine=1410363037
-------
timestamp=99510654614
iterations=631
sample_ns=100000000
window_ns=1000000000
rapl_core_sum_uj=479033137
rapl_psys_sum_uj=0
pid=0 energy=2053494761565 alive=1 kernel=1 cpu_ns=117429000000 mem=252723200 instructions=293269952313 wakeups=75102 diski=7168000 disko=11661312 rx=2858 tx=1510 comm=*system*
psu_energy_ac_mcp_machine=1414184204
-------
timestamp=99653199497
iterations=632
sample_ns=100000000
window_ns=1000000000
rapl_core_sum_uj=480388117
rapl_psys_sum_uj=0
pid=0 energy=2060042688835 alive=1 kernel=1 cpu_ns=117766000000 mem=252723200 instructions=294242537767 wakeups=75298 diski=7168000 disko=11661312 rx=2858 tx=1510 comm=*system*
psu_energy_ac_mcp_machine=1419366455
-------
timestamp=99796696853
iterations=634
sample_ns=100000000
window_ns=1000000000
rapl_core_sum_uj=483032769
rapl_psys_sum_uj=0
pid=0 energy=2072817988395 alive=1 kernel=1 cpu_ns=118410000000 mem=252727296 instructions=296153597679 wakeups=75502 diski=7168000 disko=11661312 rx=2860 tx=1510 comm=*system*
psu_energy_ac_mcp_machine=1424559326
-------
timestamp=99941809752
iterations=635
sample_ns=100000000
window_ns=1000000000
rapl_core_sum_uj=484385796
rapl_psys_sum_uj=0
pid=0 energy=2079351685045 alive=1 kernel=1 cpu_ns=118745000000 mem=252723200 instructions=297125337009 wakeups=75694 diski=7168000 disko=11661312 rx=2860 tx=1510 comm=*system*
psu_energy_ac_mcp_machine=1428388184
-------
timestamp=100084212523
iterations=637
sample_ns=100000000
window_ns=1000000000
rapl_core_sum_uj=487041618
rapl_psys_sum_uj=0
pid=0 energy=2092198268900 alive=1 kernel=1 cpu_ns=119397000000 mem=253075456 instructions=299042653780 wakeups=75914 diski=7168000 disko=11812864 rx=2860 tx=1510 comm=*system*
psu_energy_ac_mcp_machine=1433634033
-------
timestamp=100230516229
iterations=638
sample_ns=100000000
window_ns=1000000000
rapl_core_sum_uj=488391349
rapl_psys_sum_uj=0
pid=0 energy=2098701378035 alive=1 kernel=1 cpu_ns=119727000000 mem=252723200 instructions=300013275607 wakeups=76110 diski=7168000 disko=11812864 rx=2860 tx=1510 comm=*system*
psu_energy_ac_mcp_machine=1437476196
-------
timestamp=100373281238
iterations=639
sample_ns=100000000
window_ns=1000000000
rapl_core_sum_uj=489731986
rapl_psys_sum_uj=0
pid=0 energy=2105177828300 alive=1 kernel=1 cpu_ns=120059000000 mem=252723200 instructions=300976565660 wakeups=76307 diski=7168000 disko=11812864 rx=2860 tx=1510 comm=*system*
psu_energy_ac_mcp_machine=1442657227
-------
timestamp=100516613513
iterations=641
sample_ns=100000000
window_ns=1000000000
rapl_core_sum_uj=492376150
rapl_psys_sum_uj=0
pid=0 energy=2117958391825 alive=1 kernel=1 cpu_ns=120704000000 mem=252723200 instructions=302887678365 wakeups=76518 diski=7168000 disko=11812864 rx=2860 tx=1510 comm=*system*
psu_energy_ac_mcp_machine=1447884399
-------
timestamp=100662218306
iterations=642
sample_ns=100000000
window_ns=1000000000
rapl_core_sum_uj=493731435
rapl_psys_sum_uj=0
pid=0 energy=2124498963035 alive=1 kernel=1 cpu_ns=121040000000 mem=252723200 instructions=303859792607 wakeups=76713 diski=7168000 disko=11812864 rx=2860 tx=1510 comm=*system*
psu_energy_ac_mcp_machine=1451700073
-------
timestamp=100804752438
iterations=644
sample_ns=100000000
window_ns=1000000000
rapl_core_sum_uj=496414112
rapl_psys_sum_uj=0
pid=0 energy=2137474095935 alive=1 kernel=1 cpu_ns=121700000000 mem=253956096 instructions=305794819187 wakeups=76933 diski=7168000 disko=11812864 rx=2860 tx=1510 comm=*system*
psu_energy_ac_mcp_machine=1456905640
-------
timestamp=100949542402
iterations=645
sample_ns=100000000
window_ns=1000000000
rapl_core_sum_uj=497726795
rapl_psys_sum_uj=0
pid=0 energy=2143796215680 alive=1 kernel=1 cpu_ns=122019000000 mem=252739584 instructions=306740243136 wakeups=77114 diski=7168000 disko=11812864 rx=2860 tx=1510 comm=*system*
psu_energy_ac_mcp_machine=1460759766
-------
timestamp=101091769522
iterations=646
sample_ns=100000000
window_ns=1000000000
rapl_core_sum_uj=499079822
rapl_psys_sum_uj=0
pid=0 energy=2150322438480 alive=1 kernel=1 cpu_ns=122352000000 mem=252751872 instructions=307712487696 wakeups=77306 diski=7168000 disko=11812864 rx=2860 tx=1510 comm=*system*
psu_energy_ac_mcp_machine=1465956177
-------
timestamp=101236963694
iterations=648
sample_ns=100000000
window_ns=1000000000
rapl_core_sum_uj=501726123
rapl_psys_sum_uj=0
pid=0 energy=2163100497400 alive=1 kernel=1 cpu_ns=122997000000 mem=252764160 instructions=309623099480 wakeups=77512 diski=7168000 disko=11812864 rx=2860 tx=1510 comm=*system*
psu_energy_ac_mcp_machine=1471133911
-------
timestamp=101382925066
iterations=649
sample_ns=100000000
window_ns=1000000000
rapl_core_sum_uj=503080187
rapl_psys_sum_uj=0
pid=0 energy=2169625743200 alive=1 kernel=1 cpu_ns=123330000000 mem=252743680 instructions=310595148640 wakeups=77705 diski=7168000 disko=11812864 rx=2860 tx=1510 comm=*system*
psu_energy_ac_mcp_machine=1474953979
-------
timestamp=101525375379
iterations=650
sample_ns=100000000
window_ns=1000000000
rapl_core_sum_uj=504433092
rapl_psys_sum_uj=0
pid=0 energy=2176150709185 alive=1 kernel=1 cpu_ns=123663000000 mem=252747776 instructions=311567141837 wakeups=77908 diski=7168000 disko=11812864 rx=2860 tx=1510 comm=*system*
psu_energy_ac_mcp_machine=1480171509
-------
timestamp=101671764007
iterations=652
sample_ns=100000000
window_ns=1000000000
rapl_core_sum_uj=507076707
rapl_psys_sum_uj=0
pid=0 energy=2188926084995 alive=1 kernel=1 cpu_ns=124307000000 mem=252764160 instructions=313478216999 wakeups=78108 diski=7168000 disko=11812864 rx=2862 tx=1510 comm=*system*
psu_energy_ac_mcp_machine=1483997925
-------
timestamp=101814218651
iterations=653
sample_ns=100000000
window_ns=1000000000
rapl_core_sum_uj=508428513
rapl_psys_sum_uj=0
pid=0 energy=2195454197690 alive=1 kernel=1 cpu_ns=124640000000 mem=252755968 instructions=314450839538 wakeups=78301 diski=7168000 disko=11812864 rx=2862 tx=1510 comm=*system*
psu_energy_ac_mcp_machine=1489171265
-------
timestamp=101957580822
iterations=655
sample_ns=100000000
window_ns=1000000000
rapl_core_sum_uj=511096725
rapl_psys_sum_uj=0
pid=0 energy=2208368303815 alive=1 kernel=1 cpu_ns=125295000000 mem=253079552 instructions=316378660763 wakeups=78512 diski=7168000 disko=11812864 rx=2862 tx=1510 comm=*system*
psu_energy_ac_mcp_machine=1494400146
-------
timestamp=102103214606
iterations=656
sample_ns=100000000
window_ns=1000000000
rapl_core_sum_uj=512436934
rapl_psys_sum_uj=0
pid=0 energy=2214830243355 alive=1 kernel=1 cpu_ns=125625000000 mem=252727296 instructions=317341048671 wakeups=78692 diski=7168000 disko=11812864 rx=2862 tx=1510 comm=*system*
psu_energy_ac_mcp_machine=1498222656
-------
timestamp=102245537958
iterations=657
sample_ns=100000000
window_ns=1000000000
rapl_core_sum_uj=513774397
rapl_psys_sum_uj=0
pid=0 energy=2221296076725 alive=1 kernel=1 cpu_ns=125956000000 mem=252727296 instructions=318303215345 wakeups=78899 diski=7168000 disko=11812864 rx=2863 tx=1510 comm=*system*
psu_energy_ac_mcp_machine=1503432617
-------
timestamp=102391901726
iterations=659
sample_ns=100000000
window_ns=1000000000
rapl_core_sum_uj=516420514
rapl_psys_sum_uj=0
pid=0 energy=2234095598785 alive=1 kernel=1 cpu_ns=126605000000 mem=252727296 instructions=320214119757 wakeups=79102 diski=7168000 disko=11812864 rx=2863 tx=1510 comm=*system*
psu_energy_ac_mcp_machine=1507263550
-------
timestamp=102534897543
iterations=660
sample_ns=100000000
window_ns=1000000000
rapl_core_sum_uj=517775189
rapl_psys_sum_uj=0
pid=0 energy=2240620995905 alive=1 kernel=1 cpu_ns=126938000000 mem=252727296 instructions=321186199181 wakeups=79295 diski=7168000 disko=11812864 rx=2863 tx=1510 comm=*system*
psu_energy_ac_mcp_machine=1512451172
-------
timestamp=102677770203
iterations=662
sample_ns=100000000
window_ns=1000000000
rapl_core_sum_uj=520450420
rapl_psys_sum_uj=0
pid=0 energy=2253560256125 alive=1 kernel=1 cpu_ns=127596000000 mem=253607936 instructions=323116051225 wakeups=79513 diski=7168000 disko=11812864 rx=2863 tx=1510 comm=*system*
psu_energy_ac_mcp_machine=1517654053
-------
timestamp=102823514110
iterations=663
sample_ns=100000000
window_ns=1000000000
rapl_core_sum_uj=521785503
rapl_psys_sum_uj=0
pid=0 energy=2259983229570 alive=1 kernel=1 cpu_ns=127920000000 mem=252727296 instructions=324076645914 wakeups=79687 diski=7168000 disko=11812864 rx=2863 tx=1510 comm=*system*
psu_energy_ac_mcp_machine=1521487183
-------
timestamp=102965910067
iterations=664
sample_ns=100000000
window_ns=1000000000
rapl_core_sum_uj=523125163
rapl_psys_sum_uj=0
pid=0 energy=2266451237425 alive=1 kernel=1 cpu_ns=128251000000 mem=252768256 instructions=325039247485 wakeups=79883 diski=7168000 disko=11812864 rx=2863 tx=1510 comm=*system*
psu_energy_ac_mcp_machine=1526719482
-------
timestamp=103110720678
iterations=666
sample_ns=100000000
window_ns=1000000000
rapl_core_sum_uj=525769815
rapl_psys_sum_uj=0
pid=0 energy=2279225506305 alive=1 kernel=1 cpu_ns=128895000000 mem=252760064 instructions=326950101261 wakeups=80084 diski=7168000 disko=11812864 rx=2863 tx=1510 comm=*system*
psu_energy_ac_mcp_machine=1530557251
-------
timestamp=103253477470
iterations=667
sample_ns=100000000
window_ns=1000000000
rapl_core_sum_uj=527123025
rapl_psys_sum_uj=0
pid=0 energy=2285757975565 alive=1 kernel=1 cpu_ns=129229000000 mem=252760064 instructions=327922595113 wakeups=80284 diski=7168000 disko=11812864 rx=2863 tx=1510 comm=*system*
psu_energy_ac_mcp_machine=1535742065
-------
timestamp=103398451643
iterations=668
sample_ns=100000000
window_ns=1000000000
rapl_core_sum_uj=528474343
rapl_psys_sum_uj=0
pid=0 energy=2292289528915 alive=1 kernel=1 cpu_ns=129563000000 mem=252772352 instructions=328894905783 wakeups=80477 diski=7168000 disko=11812864 rx=2863 tx=1510 comm=*system*
psu_energy_ac_mcp_machine=1540951660
-------
timestamp=103543956194
iterations=670
sample_ns=100000000
window_ns=1000000000
rapl_core_sum_uj=531115822
rapl_psys_sum_uj=0
pid=0 energy=2305067470550 alive=1 kernel=1 cpu_ns=130209000000 mem=252772352 instructions=330804494110 wakeups=80681 diski=7168000 disko=11812864 rx=2863 tx=1510 comm=*system*
psu_energy_ac_mcp_machine=1544774414
-------
timestamp=103686424638
iterations=671
sample_ns=100000000
window_ns=1000000000
rapl_core_sum_uj=532465675
rapl_psys_sum_uj=0
pid=0 energy=2311599541415 alive=1 kernel=1 cpu_ns=130543000000 mem=252772352 instructions=331776908283 wakeups=80876 diski=7168000 disko=11812864 rx=2865 tx=1510 comm=*system*
psu_energy_ac_mcp_machine=1549978394
-------
timestamp=103833769252
iterations=673
sample_ns=100000000
window_ns=1000000000
rapl_core_sum_uj=535106237
rapl_psys_sum_uj=0
pid=0 energy=2324505000045 alive=1 kernel=1 cpu_ns=131195000000 mem=252776448 instructions=333706000009 wakeups=81087 diski=7168000 disko=11812864 rx=2865 tx=1510 comm=*system*
psu_energy_ac_mcp_machine=1553806152
-------
timestamp=103976451073
iterations=674
sample_ns=100000000
window_ns=1000000000
rapl_core_sum_uj=536456029
rapl_psys_sum_uj=0
pid=0 energy=2330919972225 alive=1 kernel=1 cpu_ns=131524000000 mem=252776448 instructions=334659994445 wakeups=81275 diski=7168000 disko=11812864 rx=2865 tx=1510 comm=*system*
psu_energy_ac_mcp_machine=1558981812
-------
timestamp=104118674638
iterations=675
sample_ns=100000000
window_ns=1000000000
rapl_core_sum_uj=537808507
rapl_psys_sum_uj=0
pid=0 energy=2337449557565 alive=1 kernel=1 cpu_ns=131858000000 mem=252776448 instructions=335631911513 wakeups=81469 diski=7168000 disko=11812864 rx=2865 tx=1510 comm=*system*
psu_energy_ac_mcp_machine=1564195313
-------
timestamp=104264375715
iterations=677
sample_ns=100000000
window_ns=1000000000
rapl_core_sum_uj=540453648
rapl_psys_sum_uj=0
pid=0 energy=2350233102410 alive=1 kernel=1 cpu_ns=132504000000 mem=252776448 instructions=337542620482 wakeups=81677 diski=7168000 disko=11812864 rx=2865 tx=1510 comm=*system*
psu_energy_ac_mcp_machine=1568014282
-------
timestamp=104406912787
iterations=678
sample_ns=100000000
window_ns=1000000000
rapl_core_sum_uj=541806309
rapl_psys_sum_uj=0
pid=0 energy=2356757731310 alive=1 kernel=1 cpu_ns=132837000000 mem=252776448 instructions=338514546262 wakeups=81871 diski=7168000 disko=11812864 rx=2865 tx=1510 comm=*system*
psu_energy_ac_mcp_machine=1573220825
-------
timestamp=104553855860
iterations=680
sample_ns=100000000
window_ns=1000000000
rapl_core_sum_uj=544495029
rapl_psys_sum_uj=0
pid=0 energy=2369766397785 alive=1 kernel=1 cpu_ns=133497000000 mem=253480960 instructions=340456279557 wakeups=82095 diski=7168000 disko=11812864 rx=2865 tx=1510 comm=*system*
psu_energy_ac_mcp_machine=1577072266
-------
timestamp=104696169459
iterations=681
sample_ns=100000000
window_ns=1000000000
rapl_core_sum_uj=545804294
rapl_psys_sum_uj=0
pid=0 energy=2376087299575 alive=1 kernel=1 cpu_ns=133819000000 mem=252776448 instructions=341398459915 wakeups=82279 diski=7168000 disko=11812864 rx=2865 tx=1510 comm=*system*
psu_energy_ac_mcp_machine=1582273438
-------
timestamp=104838877336
iterations=682
sample_ns=100000000
window_ns=1000000000
rapl_core_sum_uj=547153964
rapl_psys_sum_uj=0
pid=0 energy=2382603654440 alive=1 kernel=1 cpu_ns=134150000000 mem=252776448 instructions=342370730888 wakeups=82466 diski=7168000 disko=11812864 rx=2865 tx=1510 comm=*system*
psu_energy_ac_mcp_machine=1587470947
-------
timestamp=104984719941
iterations=684
sample_ns=100000000
window_ns=1000000000
rapl_core_sum_uj=549794466
rapl_psys_sum_uj=0
pid=0 energy=2395377893190 alive=1 kernel=1 cpu_ns=134794000000 mem=252788736 instructions=344281578638 wakeups=82675 diski=7168000 disko=11812864 rx=2865 tx=1510 comm=*system*
psu_energy_ac_mcp_machine=1591286255
-------
timestamp=105127258329
iterations=685
sample_ns=100000000
window_ns=1000000000
rapl_core_sum_uj=551151643
rapl_psys_sum_uj=0
pid=0 energy=2401906812875 alive=1 kernel=1 cpu_ns=135127000000 mem=252801024 instructions=345254362575 wakeups=82947 diski=7168000 disko=14323712 rx=2865 tx=1510 comm=*system*
psu_energy_ac_mcp_machine=1596548340
-------
timestamp=105273966113
iterations=686
sample_ns=100000000
window_ns=1000000000
rapl_core_sum_uj=552503510
rapl_psys_sum_uj=0
pid=0 energy=2408445415765 alive=1 kernel=1 cpu_ns=135463000000 mem=252796928 instructions=346226083153 wakeups=83151 diski=7168000 disko=14323712 rx=2865 tx=1510 comm=*system*
psu_energy_ac_mcp_machine=1600405396
-------
timestamp=105416346514
iterations=688
sample_ns=100000000
window_ns=1000000000
rapl_core_sum_uj=555134978
rapl_psys_sum_uj=0
pid=0 energy=2421219787100 alive=1 kernel=1 cpu_ns=136109000000 mem=252809216 instructions=348134957420 wakeups=83359 diski=7168000 disko=14323712 rx=2865 tx=1510 comm=*system*
psu_energy_ac_mcp_machine=1605610107
-------
timestamp=105559282432
iterations=689
sample_ns=100000000
window_ns=1000000000
rapl_core_sum_uj=556485136
rapl_psys_sum_uj=0
pid=0 energy=2427756540145 alive=1 kernel=1 cpu_ns=136444000000 mem=252801024 instructions=349107308029 wakeups=83547 diski=7168000 disko=14323712 rx=2865 tx=1510 comm=*system*
psu_energy_ac_mcp_machine=1610805542
-------
timestamp=105706310674
iterations=691
sample_ns=100000000
window_ns=1000000000
rapl_core_sum_uj=559119291
rapl_psys_sum_uj=0
pid=0 energy=2440542561600 alive=1 kernel=1 cpu_ns=137090000000 mem=252805120 instructions=351018512320 wakeups=83750 diski=7168000 disko=14323712 rx=2867 tx=1510 comm=*system*
psu_energy_ac_mcp_machine=1614611084
-------
timestamp=105848849799
iterations=692
sample_ns=100000000
window_ns=1000000000
rapl_core_sum_uj=560469937
rapl_psys_sum_uj=0
pid=0 energy=2447070368640 alive=1 kernel=1 cpu_ns=137424000000 mem=252805120 instructions=351990073728 wakeups=83937 diski=7168000 disko=14323712 rx=2867 tx=1510 comm=*system*
psu_energy_ac_mcp_machine=1619826172
-------
timestamp=105993716111
iterations=693
sample_ns=100000000
window_ns=1000000000
rapl_core_sum_uj=561821804
rapl_psys_sum_uj=0
pid=0 energy=2453591294150 alive=1 kernel=1 cpu_ns=137756000000 mem=252801024 instructions=352962258830 wakeups=84136 diski=7168000 disko=14323712 rx=2867 tx=1510 comm=*system*
psu_energy_ac_mcp_machine=1623689697
-------
timestamp=106136190827
iterations=695
sample_ns=100000000
window_ns=1000000000
rapl_core_sum_uj=564456996
rapl_psys_sum_uj=0
pid=0 energy=2466374987775 alive=1 kernel=1 cpu_ns=138402000000 mem=252801024 instructions=354872997555 wakeups=84342 diski=7168000 disko=14323712 rx=2868 tx=1510 comm=*system*
psu_energy_ac_mcp_machine=1628880127
-------
timestamp=106279845807
iterations=696
sample_ns=100000000
window_ns=1000000000
rapl_core_sum_uj=565805995
rapl_psys_sum_uj=0
pid=0 energy=2472901226760 alive=1 kernel=1 cpu_ns=138735000000 mem=252809216 instructions=355845245352 wakeups=84531 diski=7168000 disko=14323712 rx=2868 tx=1510 comm=*system*
psu_energy_ac_mcp_machine=1634069580
-------
timestamp=106425320101
iterations=698
sample_ns=100000000
window_ns=1000000000
rapl_core_sum_uj=568470850
rapl_psys_sum_uj=0
pid=0 energy=2485798363160 alive=1 kernel=1 cpu_ns=139390000000 mem=253513728 instructions=357769672632 wakeups=84748 diski=7168000 disko=14323712 rx=2868 tx=1510 comm=*system*
psu_energy_ac_mcp_machine=1637887451
-------
timestamp=106567730055
iterations=699
sample_ns=100000000
window_ns=1000000000
rapl_core_sum_uj=569801050
rapl_psys_sum_uj=0
pid=0 energy=2492207877460 alive=1 kernel=1 cpu_ns=139715000000 mem=252809216 instructions=358726575492 wakeups=84934 diski=7168000 disko=14323712 rx=2868 tx=1510 comm=*system*
psu_energy_ac_mcp_machine=1643110718
-------
timestamp=106714224579
iterations=700
sample_ns=100000000
window_ns=1000000000
rapl_core_sum_uj=571151758
rapl_psys_sum_uj=0
pid=0 energy=2498739220285 alive=1 kernel=1 cpu_ns=140048000000 mem=252813312 instructions=359699844057 wakeups=85127 diski=7168000 disko=14323712 rx=2868 tx=1510 comm=*system*
psu_energy_ac_mcp_machine=1646946411
-------
timestamp=106856369845
iterations=702
sample_ns=100000000
window_ns=1000000000
rapl_core_sum_uj=573796472
rapl_psys_sum_uj=0
pid=0 energy=2511512484820 alive=1 kernel=1 cpu_ns=140693000000 mem=252813312 instructions=361609496964 wakeups=85335 diski=7168000 disko=14323712 rx=2868 tx=1510 comm=*system*
psu_energy_ac_mcp_machine=1652133057
-------
timestamp=107000545024
iterations=703
sample_ns=100000000
window_ns=1000000000
rapl_core_sum_uj=575147668
rapl_psys_sum_uj=0
pid=0 energy=2518047304945 alive=1 kernel=1 cpu_ns=141028000000 mem=252813312 instructions=362581460989 wakeups=85525 diski=7168000 disko=14323712 rx=2868 tx=1510 comm=*system*
psu_energy_ac_mcp_machine=1657331055
-------
timestamp=107145748517
iterations=704
sample_ns=100000000
window_ns=1000000000
rapl_core_sum_uj=576501366
rapl_psys_sum_uj=0
pid=0 energy=2524593949780 alive=1 kernel=1 cpu_ns=141365000000 mem=252813312 instructions=363553789956 wakeups=85721 diski=7168000 disko=14323712 rx=2868 tx=1510 comm=*system*
psu_energy_ac_mcp_machine=1661144043
-------
timestamp=107288140416
iterations=706
sample_ns=100000000
window_ns=1000000000
rapl_core_sum_uj=579145469
rapl_psys_sum_uj=0
pid=0 energy=2537363502360 alive=1 kernel=1 cpu_ns=142010000000 mem=252813312 instructions=365462700472 wakeups=85923 diski=7168000 disko=14323712 rx=2868 tx=1510 comm=*system*
psu_energy_ac_mcp_machine=1666363281
-------
timestamp=107434465366
iterations=707
sample_ns=100000000
window_ns=1000000000
rapl_core_sum_uj=580498374
rapl_psys_sum_uj=0
pid=0 energy=2543889065775 alive=1 kernel=1 cpu_ns=142343000000 mem=252813312 instructions=366434813155 wakeups=86118 diski=7168000 disko=14323712 rx=2868 tx=1510 comm=*system*
psu_energy_ac_mcp_machine=1670223511
-------
timestamp=107577942454
iterations=709
sample_ns=100000000
window_ns=1000000000
rapl_core_sum_uj=583143332
rapl_psys_sum_uj=0
pid=0 energy=2556698429450 alive=1 kernel=1 cpu_ns=142992000000 mem=252813312 instructions=368347685890 wakeups=86326 diski=7168000 disko=14323712 rx=2868 tx=1510 comm=*system*
psu_energy_ac_mcp_machine=1675416748
-------
timestamp=107720363822
iterations=710
sample_ns=100000000
window_ns=1000000000
rapl_core_sum_uj=584494894
rapl_psys_sum_uj=0
pid=0 energy=2563221284595 alive=1 kernel=1 cpu_ns=143326000000 mem=252813312 instructions=369318256919 wakeups=86511 diski=7168000 disko=14323712 rx=2870 tx=1510 comm=*system*
psu_energy_ac_mcp_machine=1680623413
-------
timestamp=107866269893
iterations=711
sample_ns=100000000
window_ns=1000000000
rapl_core_sum_uj=585846639
rapl_psys_sum_uj=0
pid=0 energy=2569747392290 alive=1 kernel=1 cpu_ns=143659000000 mem=252813312 instructions=370290478458 wakeups=86705 diski=7168000 disko=14323712 rx=2870 tx=1510 comm=*system*
psu_energy_ac_mcp_machine=1684452637
-------
timestamp=108008941947
iterations=713
sample_ns=100000000
window_ns=1000000000
rapl_core_sum_uj=588491352
rapl_psys_sum_uj=0
pid=0 energy=2582532075455 alive=1 kernel=1 cpu_ns=144305000000 mem=252829696 instructions=372201415091 wakeups=86914 diski=7168000 disko=14323712 rx=2870 tx=1510 comm=*system*
psu_energy_ac_mcp_machine=1689694092
-------
timestamp=108154925684
iterations=714
sample_ns=100000000
window_ns=1000000000
rapl_core_sum_uj=589846210
rapl_psys_sum_uj=0
pid=0 energy=2589058608930 alive=1 kernel=1 cpu_ns=144638000000 mem=252829696 instructions=373173721786 wakeups=87106 diski=7168000 disko=14323712 rx=2871 tx=1511 comm=*system*
psu_energy_ac_mcp_machine=1693532227
-------
timestamp=108297781965
iterations=716
sample_ns=100000000
window_ns=1000000000
rapl_core_sum_uj=592524859
rapl_psys_sum_uj=0
pid=0 energy=2602016885920 alive=1 kernel=1 cpu_ns=145295000000 mem=253542400 instructions=375108377184 wakeups=87331 diski=7168000 disko=14323712 rx=2871 tx=1511 comm=*system*
psu_energy_ac_mcp_machine=1698726440
-------
timestamp=108440276071
iterations=717
sample_ns=100000000
window_ns=1000000000
rapl_core_sum_uj=593840410
rapl_psys_sum_uj=0
pid=0 energy=2608367889695 alive=1 kernel=1 cpu_ns=145617000000 mem=252837888 instructions=376056577939 wakeups=87517 diski=7168000 disko=14323712 rx=2871 tx=1511 comm=*system*
psu_energy_ac_mcp_machine=1703943481
-------
timestamp=108586311398
iterations=718
sample_ns=100000000
window_ns=1000000000
rapl_core_sum_uj=595189836
rapl_psys_sum_uj=0
pid=0 energy=2614896876530 alive=1 kernel=1 cpu_ns=145951000000 mem=252837888 instructions=377028375306 wakeups=87707 diski=7168000 disko=14323712 rx=2871 tx=1511 comm=*system*
psu_energy_ac_mcp_machine=1707781372
-------
timestamp=108729154401
iterations=720
sample_ns=100000000
window_ns=1000000000
rapl_core_sum_uj=597833695
rapl_psys_sum_uj=0
pid=0 energy=2627673549675 alive=1 kernel=1 cpu_ns=146595000000 mem=252841984 instructions=378939709935 wakeups=87911 diski=7168000 disko=14323712 rx=2871 tx=1511 comm=*system*
psu_energy_ac_mcp_machine=1713005371
-------
timestamp=108875060691
iterations=721
sample_ns=100000000
window_ns=1000000000
rapl_core_sum_uj=599187637
rapl_psys_sum_uj=0
pid=0 energy=2634203415210 alive=1 kernel=1 cpu_ns=146929000000 mem=252841984 instructions=379911683042 wakeups=88109 diski=7168000 disko=14323712 rx=2871 tx=1511 comm=*system*
psu_energy_ac_mcp_machine=1716849121
-------
timestamp=109037522784
iterations=723
sample_ns=100000000
window_ns=1000000000
rapl_core_sum_uj=601838637
rapl_psys_sum_uj=0
pid=0 energy=2647173887135 alive=1 kernel=1 cpu_ns=147597000000 mem=254083072 instructions=381837777427 wakeups=88362 diski=7168000 disko=14323712 rx=2875 tx=1515 comm=*system*
psu_energy_ac_mcp_machine=1723438965
-------
timestamp=109203526597
iterations=724
sample_ns=100000000
window_ns=1000000000
rapl_core_sum_uj=603431715
rapl_psys_sum_uj=0
pid=0 energy=2655079619090 alive=1 kernel=1 cpu_ns=148005000000 mem=253730816 instructions=383010923818 wakeups=88554 diski=7168000 disko=14323712 rx=2875 tx=1515 comm=*system*
psu_energy_ac_mcp_machine=1729114136
-------
timestamp=109372530316
iterations=726
sample_ns=100000000
window_ns=1000000000
rapl_core_sum_uj=606629468
rapl_psys_sum_uj=0
pid=0 energy=2671286747430 alive=1 kernel=1 cpu_ns=148837000000 mem=254083072 instructions=385420349486 wakeups=88771 diski=7168000 disko=14323712 rx=2875 tx=1515 comm=*system*
psu_energy_ac_mcp_machine=1734778320
-------
timestamp=109538013853
iterations=727
sample_ns=100000000
window_ns=1000000000
rapl_core_sum_uj=608222424
rapl_psys_sum_uj=0
pid=0 energy=2679265752815 alive=1 kernel=1 cpu_ns=149250000000 mem=254083072 instructions=386603150563 wakeups=88982 diski=7168000 disko=14323712 rx=2875 tx=1515 comm=*system*
psu_energy_ac_mcp_machine=1740436890
-------
timestamp=109700534828
iterations=729
sample_ns=100000000
window_ns=1000000000
rapl_core_sum_uj=611425792
rapl_psys_sum_uj=0
pid=0 energy=2695449346965 alive=1 kernel=1 cpu_ns=150082000000 mem=254259200 instructions=389007869393 wakeups=89194 diski=7168000 disko=14323712 rx=2877 tx=1515 comm=*system*
psu_energy_ac_mcp_machine=1746100952
-------
timestamp=109868556078
iterations=731
sample_ns=100000000
window_ns=1000000000
rapl_core_sum_uj=614622935
rapl_psys_sum_uj=0
pid=0 energy=2711585167715 alive=1 kernel=1 cpu_ns=150913000000 mem=254259200 instructions=391404033543 wakeups=89424 diski=7168000 disko=14323712 rx=2877 tx=1515 comm=*system*
psu_energy_ac_mcp_machine=1751751709
-------
timestamp=110030524261
iterations=732
sample_ns=100000000
window_ns=1000000000
rapl_core_sum_uj=616213694
rapl_psys_sum_uj=0
pid=0 energy=2719618574250 alive=1 kernel=1 cpu_ns=151328000000 mem=253730816 instructions=392595714850 wakeups=89615 diski=7168000 disko=14323712 rx=2877 tx=1515 comm=*system*
psu_energy_ac_mcp_machine=1757416626
-------
timestamp=110195532030
iterations=734
sample_ns=100000000
window_ns=1000000000
rapl_core_sum_uj=619406136
rapl_psys_sum_uj=0
pid=0 energy=2735796606675 alive=1 kernel=1 cpu_ns=152160000000 mem=253730816 instructions=394999321335 wakeups=89845 diski=7168000 disko=14356480 rx=2877 tx=1515 comm=*system*
psu_energy_ac_mcp_machine=1764501343
-------
timestamp=110365009146
iterations=735
sample_ns=100000000
window_ns=1000000000
rapl_core_sum_uj=620994698
rapl_psys_sum_uj=0
pid=0 energy=2743789537315 alive=1 kernel=1 cpu_ns=152576000000 mem=253730816 instructions=396181907463 wakeups=90055 diski=7168000 disko=14356480 rx=2877 tx=1515 comm=*system*
psu_energy_ac_mcp_machine=1770147583
-------
timestamp=110531536773
iterations=737
sample_ns=100000000
window_ns=1000000000
rapl_core_sum_uj=624185798
rapl_psys_sum_uj=0
pid=0 energy=2759965754530 alive=1 kernel=1 cpu_ns=153406000000 mem=253906944 instructions=398587150906 wakeups=90268 diski=7168000 disko=14356480 rx=2877 tx=1515 comm=*system*
psu_energy_ac_mcp_machine=1775803223
-------
timestamp=110691013105
iterations=739
sample_ns=100000000
window_ns=1000000000
rapl_core_sum_uj=627376104
rapl_psys_sum_uj=0
pid=0 energy=2776111971995 alive=1 kernel=1 cpu_ns=154237000000 mem=254611456 instructions=400985394399 wakeups=90501 diski=7168000 disko=14356480 rx=2877 tx=1515 comm=*system*
psu_energy_ac_mcp_machine=1781453369
-------
timestamp=110858547528
iterations=740
sample_ns=100000000
window_ns=1000000000
rapl_core_sum_uj=628975591
rapl_psys_sum_uj=0
pid=0 energy=2784166613435 alive=1 kernel=1 cpu_ns=154652000000 mem=253906944 instructions=402181322687 wakeups=90685 diski=7168000 disko=14356480 rx=2877 tx=1515 comm=*system*
psu_energy_ac_mcp_machine=1787128906
-------
timestamp=111025530270
iterations=742
sample_ns=100000000
window_ns=1000000000
rapl_core_sum_uj=632179142
rapl_psys_sum_uj=0
pid=0 energy=2800340301050 alive=1 kernel=1 cpu_ns=155483000000 mem=253710336 instructions=404585060210 wakeups=90898 diski=7168000 disko=14356480 rx=2877 tx=1515 comm=*system*
psu_energy_ac_mcp_machine=1792797485
-------
timestamp=111190524458
iterations=743
sample_ns=100000000
window_ns=1000000000
rapl_core_sum_uj=633775821
rapl_psys_sum_uj=0
pid=0 energy=2808340942875 alive=1 kernel=1 cpu_ns=155897000000 mem=253710336 instructions=405771188575 wakeups=91095 diski=7168000 disko=14356480 rx=2877 tx=1515 comm=*system*
psu_energy_ac_mcp_machine=1798459961
-------
timestamp=111356509544
iterations=745
sample_ns=100000000
window_ns=1000000000
rapl_core_sum_uj=636981570
rapl_psys_sum_uj=0
pid=0 energy=2824521803960 alive=1 kernel=1 cpu_ns=156729000000 mem=253710336 instructions=408175360792 wakeups=91316 diski=7168000 disko=14356480 rx=2877 tx=1515 comm=*system*
psu_energy_ac_mcp_machine=1804128052
-------
timestamp=111514848065
iterations=747
sample_ns=100000000
window_ns=1000000000
rapl_core_sum_uj=640172915
rapl_psys_sum_uj=0
pid=0 energy=2840587074130 alive=1 kernel=1 cpu_ns=157560000000 mem=254943232 instructions=410557414826 wakeups=91568 diski=7168000 disko=14356480 rx=2877 tx=1515 comm=*system*
psu_energy_ac_mcp_machine=1809763428
-------
timestamp=111685833522
iterations=748
sample_ns=100000000
window_ns=1000000000
rapl_core_sum_uj=641792055
rapl_psys_sum_uj=0
pid=0 energy=2848763677540 alive=1 kernel=1 cpu_ns=157978000000 mem=253886464 instructions=411774735508 wakeups=91720 diski=7168000 disko=14356480 rx=2879 tx=1515 comm=*system*
psu_energy_ac_mcp_machine=1816829834
-------
timestamp=111851525179
iterations=750
sample_ns=100000000
window_ns=1000000000
rapl_core_sum_uj=644975282
rapl_psys_sum_uj=0
pid=0 energy=2864822618295 alive=1 kernel=1 cpu_ns=158805000000 mem=254267392 instructions=414159523659 wakeups=91949 diski=7168000 disko=14356480 rx=2879 tx=1515 comm=*system*
psu_energy_ac_mcp_machine=1822487305
-------
timestamp=112018528361
iterations=751
sample_ns=100000000
window_ns=1000000000
rapl_core_sum_uj=646573121
rapl_psys_sum_uj=0
pid=0 energy=2872846578670 alive=1 kernel=1 cpu_ns=159220000000 mem=253915136 instructions=415349315734 wakeups=92145 diski=7168000 disko=14356480 rx=2879 tx=1515 comm=*system*
psu_energy_ac_mcp_machine=1828143921
-------
timestamp=112182533432
iterations=753
sample_ns=100000000
window_ns=1000000000
rapl_core_sum_uj=649781860
rapl_psys_sum_uj=0
pid=0 energy=2889027371120 alive=1 kernel=1 cpu_ns=160052000000 mem=253915136 instructions=417753474224 wakeups=92366 diski=7168000 disko=14356480 rx=2879 tx=1515 comm=*system*
psu_energy_ac_mcp_machine=1833792480
-------
timestamp=112347562612
iterations=755
sample_ns=100000000
window_ns=1000000000
rapl_core_sum_uj=652979002
rapl_psys_sum_uj=0
pid=0 energy=2905111913590 alive=1 kernel=1 cpu_ns=160883000000 mem=254971904 instructions=420139382718 wakeups=92618 diski=7168000 disko=14356480 rx=2879 tx=1515 comm=*system*
psu_energy_ac_mcp_machine=1839435547
-------
timestamp=112511839388
iterations=756
sample_ns=100000000
window_ns=1000000000
rapl_core_sum_uj=654581663
rapl_psys_sum_uj=0
pid=0 energy=2913219929045 alive=1 kernel=1 cpu_ns=161299000000 mem=253739008 instructions=421344985809 wakeups=92794 diski=7168000 disko=14356480 rx=2879 tx=1515 comm=*system*
psu_energy_ac_mcp_machine=1845082275
-------
timestamp=112675522505
iterations=758
sample_ns=100000000
window_ns=1000000000
rapl_core_sum_uj=657781735
rapl_psys_sum_uj=0
pid=0 energy=2929340931570 alive=1 kernel=1 cpu_ns=162130000000 mem=254443520 instructions=423738186314 wakeups=93022 diski=7168000 disko=14356480 rx=2879 tx=1515 comm=*system*
psu_energy_ac_mcp_machine=1850745605
-------
timestamp=112840523010
iterations=759
sample_ns=100000000
window_ns=1000000000
rapl_core_sum_uj=659379452
rapl_psys_sum_uj=0
pid=0 energy=2937386034440 alive=1 kernel=1 cpu_ns=162546000000 mem=253739008 instructions=424931206888 wakeups=93201 diski=7168000 disko=14356480 rx=2879 tx=1515 comm=*system*
psu_energy_ac_mcp_machine=1857807251
-------
timestamp=113010531425
iterations=761
sample_ns=100000000
window_ns=1000000000
rapl_core_sum_uj=662582820
rapl_psys_sum_uj=0
pid=0 energy=2953570254800 alive=1 kernel=1 cpu_ns=163377000000 mem=253739008 instructions=427337050960 wakeups=93412 diski=7168000 disko=14356480 rx=2879 tx=1515 comm=*system*
psu_energy_ac_mcp_machine=1863466187
-------
timestamp=113177521366
iterations=762
sample_ns=100000000
window_ns=1000000000
rapl_core_sum_uj=664176814
rapl_psys_sum_uj=0
pid=0 energy=2961563328695 alive=1 kernel=1 cpu_ns=163793000000 mem=253739008 instructions=428519665739 wakeups=93606 diski=7168000 disko=14356480 rx=2879 tx=1515 comm=*system*
psu_energy_ac_mcp_machine=1869120117
-------
timestamp=113342508695
iterations=764
sample_ns=100000000
window_ns=1000000000
rapl_core_sum_uj=667383844
rapl_psys_sum_uj=0
pid=0 energy=2977747344490 alive=1 kernel=1 cpu_ns=164625000000 mem=253739008 instructions=430924468898 wakeups=93827 diski=7168000 disko=14356480 rx=2879 tx=1515 comm=*system*
psu_energy_ac_mcp_machine=1874779053
-------
timestamp=113509531058
iterations=766
sample_ns=100000000
window_ns=1000000000
rapl_core_sum_uj=670584344
rapl_psys_sum_uj=0
pid=0 energy=2993887616850 alive=1 kernel=1 cpu_ns=165457000000 mem=254443520 instructions=433320523370 wakeups=94058 diski=7168000 disko=14356480 rx=2879 tx=1515 comm=*system*
psu_energy_ac_mcp_machine=1880440552
-------
timestamp=113672999357
iterations=767
sample_ns=100000000
window_ns=1000000000
rapl_core_sum_uj=672181939
rapl_psys_sum_uj=0
pid=0 energy=3001933878330 alive=1 kernel=1 cpu_ns=165873000000 mem=253915136 instructions=434513775666 wakeups=94248 diski=7168000 disko=14356480 rx=2881 tx=1515 comm=*system*
psu_energy_ac_mcp_machine=1886088989
-------
timestamp=113837270925
iterations=769
sample_ns=100000000
window_ns=1000000000
rapl_core_sum_uj=675380119
rapl_psys_sum_uj=0
pid=0 energy=3018119150550 alive=1 kernel=1 cpu_ns=166705000000 mem=253931520 instructions=436918830110 wakeups=94458 diski=7168000 disko=14356480 rx=2881 tx=1515 comm=*system*
psu_energy_ac_mcp_machine=1891733765
-------
timestamp=114001521719
iterations=770
sample_ns=100000000
window_ns=1000000000
rapl_core_sum_uj=676973624
rapl_psys_sum_uj=0
pid=0 energy=3026110394420 alive=1 kernel=1 cpu_ns=167120000000 mem=253612032 instructions=438102078884 wakeups=94661 diski=7168000 disko=14356480 rx=2881 tx=1515 comm=*system*
psu_energy_ac_mcp_machine=1898816406
-------
timestamp=114167987242
iterations=772
sample_ns=100000000
window_ns=1000000000
rapl_core_sum_uj=680177907
rapl_psys_sum_uj=0
pid=0 energy=3042294691110 alive=1 kernel=1 cpu_ns=167952000000 mem=253612032 instructions=440506938222 wakeups=94879 diski=7168000 disko=14356480 rx=2881 tx=1515 comm=*system*
psu_energy_ac_mcp_machine=1904455200
-------
timestamp=114336530363
iterations=774
sample_ns=100000000
window_ns=1000000000
rapl_core_sum_uj=683377003
rapl_psys_sum_uj=0
pid=0 energy=3058426007145 alive=1 kernel=1 cpu_ns=168784000000 mem=254492672 instructions=442901201429 wakeups=95110 diski=7168000 disko=14356480 rx=2881 tx=1515 comm=*system*
psu_energy_ac_mcp_machine=1910113037
-------
timestamp=114501538988
iterations=775
sample_ns=100000000
window_ns=1000000000
rapl_core_sum_uj=684975208
rapl_psys_sum_uj=0
pid=0 energy=3066461140875 alive=1 kernel=1 cpu_ns=169199000000 mem=253964288 instructions=444093228175 wakeups=95309 diski=7168000 disko=14356480 rx=2881 tx=1515 comm=*system*
psu_energy_ac_mcp_machine=1915766357
-------
timestamp=114664556604
iterations=777
sample_ns=100000000
window_ns=1000000000
rapl_core_sum_uj=688172351
rapl_psys_sum_uj=0
pid=0 energy=3082627067105 alive=1 kernel=1 cpu_ns=170031000000 mem=253788160 instructions=446494413421 wakeups=95525 diski=7168000 disko=14356480 rx=2881 tx=1515 comm=*system*
psu_energy_ac_mcp_machine=1921413086
-------
timestamp=114828013560
iterations=778
sample_ns=100000000
window_ns=1000000000
rapl_core_sum_uj=689764636
rapl_psys_sum_uj=0
pid=0 energy=3090641022330 alive=1 kernel=1 cpu_ns=170447000000 mem=253612032 instructions=447681204466 wakeups=95715 diski=7168000 disko=14356480 rx=2881 tx=1515 comm=*system*
psu_energy_ac_mcp_machine=1927065552
-------
timestamp=114993832102
iterations=780
sample_ns=100000000
window_ns=1000000000
rapl_core_sum_uj=692966478
rapl_psys_sum_uj=0
pid=0 energy=3106821817335 alive=1 kernel=1 cpu_ns=171279000000 mem=253751296 instructions=450085363467 wakeups=95929 diski=7168000 disko=14356480 rx=2881 tx=1515 comm=*system*
psu_energy_ac_mcp_machine=1932733887
-------
timestamp=115160549597
iterations=782
sample_ns=100000000
window_ns=1000000000
rapl_core_sum_uj=696158555
rapl_psys_sum_uj=0
pid=0 energy=3122896472010 alive=1 kernel=1 cpu_ns=172111000000 mem=255160320 instructions=452468294402 wakeups=96188 diski=7168000 disko=14372864 rx=2881 tx=1515 comm=*system*
psu_energy_ac_mcp_machine=1939816650
-------
timestamp=115327534438
iterations=783
sample_ns=100000000
window_ns=1000000000
rapl_core_sum_uj=697758774
rapl_psys_sum_uj=0
pid=0 energy=3130987036380 alive=1 kernel=1 cpu_ns=172527000000 mem=253927424 instructions=453670407276 wakeups=96366 diski=7168000 disko=14372864 rx=2881 tx=1515 comm=*system*
psu_energy_ac_mcp_machine=1945487793
-------
timestamp=115496524078
iterations=785
sample_ns=100000000
window_ns=1000000000
rapl_core_sum_uj=700960861
rapl_psys_sum_uj=0
pid=0 energy=3147175419205 alive=1 kernel=1 cpu_ns=173359000000 mem=253751296 instructions=456076083841 wakeups=96591 diski=7168000 disko=14372864 rx=2881 tx=1515 comm=*system*
psu_energy_ac_mcp_machine=1951129150
-------
timestamp=115663522857
iterations=786
sample_ns=100000000
window_ns=1000000000
rapl_core_sum_uj=702552230
rapl_psys_sum_uj=0
pid=0 energy=3155177618950 alive=1 kernel=1 cpu_ns=173775000000 mem=253751296 instructions=457260523790 wakeups=96790 diski=7168000 disko=14372864 rx=2881 tx=1515 comm=*system*
psu_energy_ac_mcp_machine=1956772095
-------
timestamp=115829509589
iterations=788
sample_ns=100000000
window_ns=1000000000
rapl_core_sum_uj=705754499
rapl_psys_sum_uj=0
pid=0 energy=3171362995875 alive=1 kernel=1 cpu_ns=174606000000 mem=253927424 instructions=459666599175 wakeups=96991 diski=7168000 disko=14372864 rx=2883 tx=1515 comm=*system*
psu_energy_ac_mcp_machine=1962414063
-------
timestamp=115993535052
iterations=790
sample_ns=100000000
window_ns=1000000000
rapl_core_sum_uj=708940961
rapl_psys_sum_uj=0
pid=0 energy=3187458927075 alive=1 kernel=1 cpu_ns=175437000000 mem=254656512 instructions=462054785415 wakeups=97243 diski=7168000 disko=14372864 rx=2883 tx=1515 comm=*system*
psu_energy_ac_mcp_machine=1968040771
-------
timestamp=116155521775
iterations=791
sample_ns=100000000
window_ns=1000000000
rapl_core_sum_uj=710539349
rapl_psys_sum_uj=0
pid=0 energy=3195533449175 alive=1 kernel=1 cpu_ns=175853000000 mem=253952000 instructions=463253689835 wakeups=97426 diski=7168000 disko=14372864 rx=2883 tx=1515 comm=*system*
psu_energy_ac_mcp_machine=1973700073
-------
timestamp=116319009281
iterations=793
sample_ns=100000000
window_ns=1000000000
rapl_core_sum_uj=713733989
rapl_psys_sum_uj=0
pid=0 energy=3211676440265 alive=1 kernel=1 cpu_ns=176684000000 mem=254304256 instructions=465651288053 wakeups=97667 diski=7168000 disko=14372864 rx=2883 tx=1515 comm=*system*
psu_energy_ac_mcp_machine=1980768188
-------
timestamp=116489525806
iterations=794
sample_ns=100000000
window_ns=1000000000
rapl_core_sum_uj=715324931
rapl_psys_sum_uj=0
pid=0 energy=3219701181815 alive=1 kernel=1 cpu_ns=177100000000 mem=253775872 instructions=466840236363 wakeups=97869 diski=7168000 disko=14372864 rx=2883 tx=1515 comm=*system*
psu_energy_ac_mcp_machine=1986415894
-------
timestamp=116655533873
iterations=796
sample_ns=100000000
window_ns=1000000000
rapl_core_sum_uj=718521280
rapl_psys_sum_uj=0
pid=0 energy=3235884485965 alive=1 kernel=1 cpu_ns=177932000000 mem=253599744 instructions=469244897193 wakeups=98068 diski=7168000 disko=14372864 rx=2883 tx=1515 comm=*system*
psu_energy_ac_mcp_machine=1992088257
-------
timestamp=116827535799
iterations=798
sample_ns=100000000
window_ns=1000000000
rapl_core_sum_uj=721737892
rapl_psys_sum_uj=0
pid=0 energy=3252126622905 alive=1 kernel=1 cpu_ns=178772000000 mem=254681088 instructions=471653324581 wakeups=98310 diski=7168000 disko=14372864 rx=2883 tx=1515 comm=*system*
psu_energy_ac_mcp_machine=1997766724
-------
timestamp=116988990499
iterations=799
sample_ns=100000000
window_ns=1000000000
rapl_core_sum_uj=723302589
rapl_psys_sum_uj=0
pid=0 energy=3260061310990 alive=1 kernel=1 cpu_ns=179180000000 mem=253743104 instructions=472832262198 wakeups=98490 diski=7168000 disko=14372864 rx=2883 tx=1515 comm=*system*
psu_energy_ac_mcp_machine=2003436401
-------
timestamp=117154832805
iterations=801
sample_ns=100000000
window_ns=1000000000
rapl_core_sum_uj=726495947
rapl_psys_sum_uj=0
pid=0 energy=3276230215710 alive=1 kernel=1 cpu_ns=180012000000 mem=253743104 instructions=475234043142 wakeups=98720 diski=7168000 disko=14372864 rx=2883 tx=1515 comm=*system*
psu_energy_ac_mcp_machine=2009081909
-------
timestamp=117319518081
iterations=802
sample_ns=100000000
window_ns=1000000000
rapl_core_sum_uj=728085729
rapl_psys_sum_uj=0
pid=0 energy=3284250127640 alive=1 kernel=1 cpu_ns=180428000000 mem=253743104 instructions=476422025528 wakeups=98904 diski=7168000 disko=14372864 rx=2883 tx=1515 comm=*system*
psu_energy_ac_mcp_machine=2016141113
-------
timestamp=117487995548
iterations=804
sample_ns=100000000
window_ns=1000000000
rapl_core_sum_uj=731283909
rapl_psys_sum_uj=0
pid=0 energy=3300430612050 alive=1 kernel=1 cpu_ns=181260000000 mem=253743104 instructions=478826122410 wakeups=99117 diski=7168000 disko=14372864 rx=2883 tx=1515 comm=*system*
psu_energy_ac_mcp_machine=2021806152
-------
timestamp=117654565142
iterations=806
sample_ns=100000000
window_ns=1000000000
rapl_core_sum_uj=734477511
rapl_psys_sum_uj=0
pid=0 energy=3316513780525 alive=1 kernel=1 cpu_ns=182092000000 mem=254799872 instructions=481210756105 wakeups=99358 diski=7168000 disko=14372864 rx=2885 tx=1515 comm=*system*
psu_energy_ac_mcp_machine=2027478271
-------
timestamp=117823535688
iterations=807
sample_ns=100000000
window_ns=1000000000
rapl_core_sum_uj=736078585
rapl_psys_sum_uj=0
pid=0 energy=3324615579805 alive=1 kernel=1 cpu_ns=182508000000 mem=253919232 instructions=482415115961 wakeups=99527 diski=7168000 disko=14372864 rx=2885 tx=1515 comm=*system*
psu_energy_ac_mcp_machine=2033135010
-------
timestamp=117988524861
iterations=809
sample_ns=100000000
window_ns=1000000000
rapl_core_sum_uj=739274384
rapl_psys_sum_uj=0
pid=0 energy=3340772564205 alive=1 kernel=1 cpu_ns=183340000000 mem=253681664 instructions=484814512841 wakeups=99751 diski=7168000 disko=14372864 rx=2885 tx=1515 comm=*system*
psu_energy_ac_mcp_machine=2038806763
-------
timestamp=118152994123
iterations=810
sample_ns=100000000
window_ns=1000000000
rapl_core_sum_uj=740869293
rapl_psys_sum_uj=0
pid=0 energy=3348790486695 alive=1 kernel=1 cpu_ns=183756000000 mem=254033920 instructions=486002097339 wakeups=99946 diski=7168000 disko=14372864 rx=2885 tx=1515 comm=*system*
psu_energy_ac_mcp_machine=2044464600
-------
timestamp=118319536248
iterations=812
sample_ns=100000000
window_ns=1000000000
rapl_core_sum_uj=744071075
rapl_psys_sum_uj=0
pid=0 energy=3364970301815 alive=1 kernel=1 cpu_ns=184587000000 mem=253857792 instructions=488407060363 wakeups=100168 diski=7168000 disko=14372864 rx=2886 tx=1516 comm=*system*
psu_energy_ac_mcp_machine=2050124756
-------
timestamp=118483607766
iterations=814
sample_ns=100000000
window_ns=1000000000
rapl_core_sum_uj=747263213
rapl_psys_sum_uj=0
pid=0 energy=3381058849470 alive=1 kernel=1 cpu_ns=185419000000 mem=254914560 instructions=490792769894 wakeups=100412 diski=7168000 disko=14372864 rx=2886 tx=1516 comm=*system*
psu_energy_ac_mcp_machine=2057185303
-------
timestamp=118655526718
iterations=815
sample_ns=100000000
window_ns=1000000000
rapl_core_sum_uj=748860625
rapl_psys_sum_uj=0
pid=0 energy=3389150068620 alive=1 kernel=1 cpu_ns=185835000000 mem=253681664 instructions=491995013724 wakeups=100574 diski=7168000 disko=14372864 rx=2886 tx=1516 comm=*system*
psu_energy_ac_mcp_machine=2062846191
-------
timestamp=118819980750
iterations=817
sample_ns=100000000
window_ns=1000000000
rapl_core_sum_uj=752057280
rapl_psys_sum_uj=0
pid=0 energy=3405339055040 alive=1 kernel=1 cpu_ns=186667000000 mem=253681664 instructions=494400811008 wakeups=100793 diski=7168000 disko=14372864 rx=2886 tx=1516 comm=*system*
psu_energy_ac_mcp_machine=2068522339
-------
timestamp=118986526512
iterations=818
sample_ns=100000000
window_ns=1000000000
rapl_core_sum_uj=753650663
rapl_psys_sum_uj=0
pid=0 energy=3413334458235 alive=1 kernel=1 cpu_ns=187082000000 mem=253755392 instructions=495584891647 wakeups=100994 diski=7168000 disko=14372864 rx=2886 tx=1516 comm=*system*
psu_energy_ac_mcp_machine=2074188354
-------
timestamp=119150524524
iterations=820
sample_ns=100000000
window_ns=1000000000
rapl_core_sum_uj=756856045
rapl_psys_sum_uj=0
pid=0 energy=3429508802630 alive=1 kernel=1 cpu_ns=187914000000 mem=253755392 instructions=497987760526 wakeups=101211 diski=7168000 disko=14372864 rx=2886 tx=1516 comm=*system*
psu_energy_ac_mcp_machine=2079864380
-------
timestamp=119316542071
iterations=822
sample_ns=100000000
window_ns=1000000000
rapl_core_sum_uj=760049525
rapl_psys_sum_uj=0
pid=0 energy=3445576816835 alive=1 kernel=1 cpu_ns=188744000000 mem=254988288 instructions=500371363367 wakeups=101452 diski=7168000 disko=14372864 rx=2886 tx=1516 comm=*system*
psu_energy_ac_mcp_machine=2085540405
-------
timestamp=119478535845
iterations=823
sample_ns=100000000
window_ns=1000000000
rapl_core_sum_uj=761651697
rapl_psys_sum_uj=0
pid=0 energy=3453668207600 alive=1 kernel=1 cpu_ns=189158000000 mem=253755392 instructions=501575641520 wakeups=101628 diski=7168000 disko=14372864 rx=2886 tx=1516 comm=*system*
psu_energy_ac_mcp_machine=2091214478
-------
timestamp=119642844219
iterations=825
sample_ns=100000000
window_ns=1000000000
rapl_core_sum_uj=764850548
rapl_psys_sum_uj=0
pid=0 energy=3469793080065 alive=1 kernel=1 cpu_ns=189990000000 mem=254283776 instructions=503968616013 wakeups=101846 diski=7168000 disko=14372864 rx=2888 tx=1516 comm=*system*
psu_energy_ac_mcp_machine=2096875000
-------
timestamp=119809514839
iterations=826
sample_ns=100000000
window_ns=1000000000
rapl_core_sum_uj=766449852
rapl_psys_sum_uj=0
pid=0 energy=3477844428170 alive=1 kernel=1 cpu_ns=190406000000 mem=253755392 instructions=505162885634 wakeups=102032 diski=7168000 disko=14372864 rx=2888 tx=1516 comm=*system*
psu_energy_ac_mcp_machine=2103950684
-------
timestamp=119975532207
iterations=828
sample_ns=100000000
window_ns=1000000000
rapl_core_sum_uj=769646751
rapl_psys_sum_uj=0
pid=0 energy=3494029992000 alive=1 kernel=1 cpu_ns=191238000000 mem=253734912 instructions=507567998400 wakeups=102249 diski=7168000 disko=14372864 rx=2888 tx=1516 comm=*system*
psu_energy_ac_mcp_machine=2109596191
-------
timestamp=120140546154
iterations=829
sample_ns=100000000
window_ns=1000000000
rapl_core_sum_uj=771238059
rapl_psys_sum_uj=0
pid=0 energy=3502023592650 alive=1 kernel=1 cpu_ns=191653000000 mem=253911040 instructions=508751718530 wakeups=102436 diski=7168000 disko=14372864 rx=2888 tx=1516 comm=*system*
psu_energy_ac_mcp_machine=2115258911
-------
timestamp=120306534746
iterations=831
sample_ns=100000000
window_ns=1000000000
rapl_core_sum_uj=774441061
rapl_psys_sum_uj=0
pid=0 energy=3518195422065 alive=1 kernel=1 cpu_ns=192485000000 mem=253911040 instructions=511154084413 wakeups=102670 diski=7168000 disko=14389248 rx=2888 tx=1516 comm=*system*
psu_energy_ac_mcp_machine=2120929199
-------
timestamp=120468846951
iterations=833
sample_ns=100000000
window_ns=1000000000
rapl_core_sum_uj=777640706
rapl_psys_sum_uj=0
pid=0 energy=3534319928075 alive=1 kernel=1 cpu_ns=193316000000 mem=254439424 instructions=513547985615 wakeups=102900 diski=7168000 disko=14389248 rx=2888 tx=1516 comm=*system*
psu_energy_ac_mcp_machine=2126567383
-------
timestamp=120629540219
iterations=834
sample_ns=100000000
window_ns=1000000000
rapl_core_sum_uj=779239521
rapl_psys_sum_uj=0
pid=0 energy=3542385703280 alive=1 kernel=1 cpu_ns=193730000000 mem=253911040 instructions=514747140656 wakeups=103093 diski=7168000 disko=14389248 rx=2888 tx=1516 comm=*system*
psu_energy_ac_mcp_machine=2132214844
-------
timestamp=120794526042
iterations=836
sample_ns=100000000
window_ns=1000000000
rapl_core_sum_uj=782436359
rapl_psys_sum_uj=0
pid=0 energy=3558543575095 alive=1 kernel=1 cpu_ns=194562000000 mem=254263296 instructions=517146715019 wakeups=103313 diski=7168000 disko=14389248 rx=2888 tx=1516 comm=*system*
psu_energy_ac_mcp_machine=2137877441
-------
timestamp=120960540480
iterations=837
sample_ns=100000000
window_ns=1000000000
rapl_core_sum_uj=784030414
rapl_psys_sum_uj=0
pid=0 energy=3566558812445 alive=1 kernel=1 cpu_ns=194977000000 mem=253853696 instructions=518334762489 wakeups=103506 diski=7168000 disko=14389248 rx=2888 tx=1516 comm=*system*
psu_energy_ac_mcp_machine=2143545166
-------
timestamp=121123542767
iterations=839
sample_ns=100000000
window_ns=1000000000
rapl_core_sum_uj=787233477
rapl_psys_sum_uj=0
pid=0 energy=3582725497045 alive=1 kernel=1 cpu_ns=195807000000 mem=253853696 instructions=520738099409 wakeups=103723 diski=7168000 disko=14389248 rx=2888 tx=1516 comm=*system*
psu_energy_ac_mcp_machine=2150619141
-------
timestamp=121294560060
iterations=841
sample_ns=100000000
window_ns=1000000000
rapl_core_sum_uj=790426897
rapl_psys_sum_uj=0
pid=0 energy=3598803529635 alive=1 kernel=1 cpu_ns=196638000000 mem=255086592 instructions=523122705927 wakeups=103959 diski=7168000 disko=14389248 rx=2888 tx=1516 comm=*system*
psu_energy_ac_mcp_machine=2156279663
-------
timestamp=121457528019
iterations=842
sample_ns=100000000
window_ns=1000000000
rapl_core_sum_uj=792026262
rapl_psys_sum_uj=0
pid=0 energy=3606903701335 alive=1 kernel=1 cpu_ns=197054000000 mem=253853696 instructions=524326740267 wakeups=104138 diski=7168000 disko=14389248 rx=2888 tx=1516 comm=*system*
psu_energy_ac_mcp_machine=2161914795
-------
timestamp=121624010178
iterations=844
sample_ns=100000000
window_ns=1000000000
rapl_core_sum_uj=795224626
rapl_psys_sum_uj=0
pid=0 energy=3623046149560 alive=1 kernel=1 cpu_ns=197886000000 mem=254205952 instructions=526723229912 wakeups=104358 diski=7168000 disko=14389248 rx=2890 tx=1516 comm=*system*
psu_energy_ac_mcp_machine=2167540283
-------
timestamp=121789522491
iterations=845
sample_ns=100000000
window_ns=1000000000
rapl_core_sum_uj=796821000
rapl_psys_sum_uj=0
pid=0 energy=3631073302300 alive=1 kernel=1 cpu_ns=198301000000 mem=253853696 instructions=527913660460 wakeups=104540 diski=7168000 disko=14389248 rx=2890 tx=1516 comm=*system*
psu_energy_ac_mcp_machine=2173191284
-------
timestamp=121951527577
iterations=847
sample_ns=100000000
window_ns=1000000000
rapl_core_sum_uj=800024918
rapl_psys_sum_uj=0
pid=0 energy=3647261513055 alive=1 kernel=1 cpu_ns=199132000000 mem=253796352 instructions=530320302611 wakeups=104754 diski=7168000 disko=14389248 rx=2890 tx=1516 comm=*system*
psu_energy_ac_mcp_machine=2178846436
-------
timestamp=122117510156
iterations=848
sample_ns=100000000
window_ns=1000000000
rapl_core_sum_uj=801618912
rapl_psys_sum_uj=0
pid=0 energy=3655251033925 alive=1 kernel=1 cpu_ns=199548000000 mem=253796352 instructions=531502206785 wakeups=104961 diski=7168000 disko=14389248 rx=2890 tx=1516 comm=*system*
psu_energy_ac_mcp_machine=2184494507
-------
timestamp=122284545311
iterations=850
sample_ns=100000000
window_ns=1000000000
rapl_core_sum_uj=804822158
rapl_psys_sum_uj=0
pid=0 energy=3671435109895 alive=1 kernel=1 cpu_ns=200379000000 mem=253972480 instructions=533908021979 wakeups=105166 diski=7168000 disko=14389248 rx=2890 tx=1516 comm=*system*
psu_energy_ac_mcp_machine=2191562744
-------
timestamp=122450843837
iterations=852
sample_ns=100000000
window_ns=1000000000
rapl_core_sum_uj=808024489
rapl_psys_sum_uj=0
pid=0 energy=3687577159705 alive=1 kernel=1 cpu_ns=201211000000 mem=254500864 instructions=536304431941 wakeups=105394 diski=7168000 disko=14389248 rx=2890 tx=1516 comm=*system*
psu_energy_ac_mcp_machine=2197211426
-------
timestamp=122617510879
iterations=853
sample_ns=100000000
window_ns=1000000000
rapl_core_sum_uj=809622267
rapl_psys_sum_uj=0
pid=0 energy=3695614225195 alive=1 kernel=1 cpu_ns=201627000000 mem=253796352 instructions=537495845039 wakeups=105578 diski=7168000 disko=14389248 rx=2890 tx=1516 comm=*system*
psu_energy_ac_mcp_machine=2202870850
-------
timestamp=122783519635
iterations=855
sample_ns=100000000
window_ns=1000000000
rapl_core_sum_uj=812816785
rapl_psys_sum_uj=0
pid=0 energy=3711802932875 alive=1 kernel=1 cpu_ns=202459000000 mem=253796352 instructions=539901586575 wakeups=105787 diski=7168000 disko=14389248 rx=2890 tx=1516 comm=*system*
psu_energy_ac_mcp_machine=2208528442
-------
timestamp=122947519818
iterations=856
sample_ns=100000000
window_ns=1000000000
rapl_core_sum_uj=814406750
rapl_psys_sum_uj=0
pid=0 energy=3719793545375 alive=1 kernel=1 cpu_ns=202874000000 mem=253878272 instructions=541084709075 wakeups=105996 diski=7168000 disko=14389248 rx=2890 tx=1516 comm=*system*
psu_energy_ac_mcp_machine=2214188232
-------
timestamp=123112587335
iterations=858
sample_ns=100000000
window_ns=1000000000
rapl_core_sum_uj=817605113
rapl_psys_sum_uj=0
pid=0 energy=3735978453575 alive=1 kernel=1 cpu_ns=203705000000 mem=254054400 instructions=543490690715 wakeups=106184 diski=7168000 disko=14389248 rx=2890 tx=1516 comm=*system*
psu_energy_ac_mcp_machine=2219848999
-------
timestamp=123277532344
iterations=860
sample_ns=100000000
window_ns=1000000000
rapl_core_sum_uj=820799875
rapl_psys_sum_uj=0
pid=0 energy=3752072117850 alive=1 kernel=1 cpu_ns=204535000000 mem=254758912 instructions=545879423570 wakeups=106419 diski=7168000 disko=14389248 rx=2890 tx=1516 comm=*system*
psu_energy_ac_mcp_machine=2225508911
-------
timestamp=123442525368
iterations=861
sample_ns=100000000
window_ns=1000000000
rapl_core_sum_uj=822403756
rapl_psys_sum_uj=0
pid=0 energy=3760145962085 alive=1 kernel=1 cpu_ns=204951000000 mem=254054400 instructions=547078192417 wakeups=106605 diski=7168000 disko=14389248 rx=2890 tx=1516 comm=*system*
psu_energy_ac_mcp_machine=2231143799
-------
timestamp=123610507879
iterations=863
sample_ns=100000000
window_ns=1000000000
rapl_core_sum_uj=825605354
rapl_psys_sum_uj=0
pid=0 energy=3776307663695 alive=1 kernel=1 cpu_ns=205780000000 mem=254054400 instructions=549481532739 wakeups=106824 diski=7168000 disko=14389248 rx=2890 tx=1516 comm=*system*
psu_energy_ac_mcp_machine=2238203491
-------
timestamp=123777507542
iterations=864
sample_ns=100000000
window_ns=1000000000
rapl_core_sum_uj=827197395
rapl_psys_sum_uj=0
pid=0 energy=3784313451830 alive=1 kernel=1 cpu_ns=206196000000 mem=253878272 instructions=550666690366 wakeups=107024 diski=7168000 disko=14389248 rx=2892 tx=1516 comm=*system*
psu_energy_ac_mcp_machine=2243844727
-------
timestamp=123943255987
iterations=866
sample_ns=100000000
window_ns=1000000000
rapl_core_sum_uj=830402716
rapl_psys_sum_uj=0
pid=0 energy=3800501978415 alive=1 kernel=1 cpu_ns=207028000000 mem=253882368 instructions=553072395683 wakeups=107235 diski=7168000 disko=14389248 rx=2892 tx=1516 comm=*system*
psu_energy_ac_mcp_machine=2249474976
-------
timestamp=124112414889
iterations=868
sample_ns=100000000
window_ns=1000000000
rapl_core_sum_uj=833604680
rapl_psys_sum_uj=0
pid=0 energy=3816618302445 alive=1 kernel=1 cpu_ns=207860000000 mem=254586880 instructions=555463660489 wakeups=107462 diski=7168000 disko=14389248 rx=2892 tx=1516 comm=*system*
psu_energy_ac_mcp_machine=2255123535
-------
timestamp=124275519527
iterations=869
sample_ns=100000000
window_ns=1000000000
rapl_core_sum_uj=835204106
rapl_psys_sum_uj=0
pid=0 energy=3824665583600 alive=1 kernel=1 cpu_ns=208276000000 mem=253882368 instructions=556657116720 wakeups=107659 diski=7168000 disko=14389248 rx=2892 tx=1516 comm=*system*
psu_energy_ac_mcp_machine=2260806519
-------
timestamp=124443509451
iterations=871
sample_ns=100000000
window_ns=1000000000
rapl_core_sum_uj=838407779
rapl_psys_sum_uj=0
pid=0 energy=3840851727735 alive=1 kernel=1 cpu_ns=209108000000 mem=253882368 instructions=559062345547 wakeups=107891 diski=7168000 disko=14389248 rx=2892 tx=1516 comm=*system*
psu_energy_ac_mcp_machine=2266444458
-------
timestamp=124607521372
iterations=872
sample_ns=100000000
window_ns=1000000000
rapl_core_sum_uj=839999942
rapl_psys_sum_uj=0
pid=0 energy=3848887425740 alive=1 kernel=1 cpu_ns=209524000000 mem=254058496 instructions=560253485148 wakeups=108099 diski=7168000 disko=14389248 rx=2892 tx=1516 comm=*system*
psu_energy_ac_mcp_machine=2273502197
-------
timestamp=124779524318
iterations=874
sample_ns=100000000
window_ns=1000000000
rapl_core_sum_uj=843208742
rapl_psys_sum_uj=0
pid=0 energy=3865078406715 alive=1 kernel=1 cpu_ns=210356000000 mem=254058496 instructions=562659681343 wakeups=108296 diski=7168000 disko=14389248 rx=2892 tx=1516 comm=*system*
psu_energy_ac_mcp_machine=2279146362
-------
timestamp=124944996353
iterations=876
sample_ns=100000000
window_ns=1000000000
rapl_core_sum_uj=846410462
rapl_psys_sum_uj=0
pid=0 energy=3881212706430 alive=1 kernel=1 cpu_ns=211188000000 mem=254013440 instructions=565054541286 wakeups=108532 diski=7168000 disko=14389248 rx=2892 tx=1516 comm=*system*
psu_energy_ac_mcp_machine=2284798218
-------
timestamp=125107826654
iterations=877
sample_ns=100000000
window_ns=1000000000
rapl_core_sum_uj=848010315
rapl_psys_sum_uj=0
pid=0 energy=3889258565840 alive=1 kernel=1 cpu_ns=211603000000 mem=253661184 instructions=566248713168 wakeups=108716 diski=7168000 disko=14389248 rx=2892 tx=1516 comm=*system*
psu_energy_ac_mcp_machine=2290445923
-------
timestamp=125272537418
iterations=879
sample_ns=100000000
window_ns=1000000000
rapl_core_sum_uj=851209838
rapl_psys_sum_uj=0
pid=0 energy=3905467427150 alive=1 kernel=1 cpu_ns=212432000000 mem=253837312 instructions=568661485430 wakeups=108958 diski=7168000 disko=14389248 rx=2892 tx=1516 comm=*system*
psu_energy_ac_mcp_machine=2296118408
-------
timestamp=125434517847
iterations=880
sample_ns=100000000
window_ns=1000000000
rapl_core_sum_uj=852800108
rapl_psys_sum_uj=0
pid=0 energy=3913442899475 alive=1 kernel=1 cpu_ns=212845000000 mem=253661184 instructions=569843579895 wakeups=109160 diski=7168000 disko=14405632 rx=2892 tx=1516 comm=*system*
psu_energy_ac_mcp_machine=2301785400
-------
timestamp=125599525373
iterations=882
sample_ns=100000000
window_ns=1000000000
rapl_core_sum_uj=855999326
rapl_psys_sum_uj=0
pid=0 energy=3929628828255 alive=1 kernel=1 cpu_ns=213676000000 mem=253661184 instructions=572249765651 wakeups=109378 diski=7168000 disko=14405632 rx=2892 tx=1516 comm=*system*
psu_energy_ac_mcp_machine=2307441284
-------
timestamp=125766046788
iterations=884
sample_ns=100000000
window_ns=1000000000
rapl_core_sum_uj=859186093
rapl_psys_sum_uj=0
pid=0 energy=3945693301435 alive=1 kernel=1 cpu_ns=214506000000 mem=255070208 instructions=574632660287 wakeups=109630 diski=7168000 disko=14405632 rx=2894 tx=1516 comm=*system*
psu_energy_ac_mcp_machine=2314498901
-------
timestamp=125935518282
iterations=885
sample_ns=100000000
window_ns=1000000000
rapl_core_sum_uj=860786923
rapl_psys_sum_uj=0
pid=0 energy=3953797177315 alive=1 kernel=1 cpu_ns=214922000000 mem=253702144 instructions=575837435463 wakeups=109808 diski=7188480 disko=14405632 rx=2894 tx=1516 comm=*system*
psu_energy_ac_mcp_machine=2320158936
-------
timestamp=126100540629
iterations=887
sample_ns=100000000
window_ns=1000000000
rapl_core_sum_uj=863974544
rapl_psys_sum_uj=0
pid=0 energy=3970034323100 alive=1 kernel=1 cpu_ns=215753000000 mem=253173760 instructions=578253864620 wakeups=110065 diski=7254016 disko=14405632 rx=2894 tx=1516 comm=*system*
psu_energy_ac_mcp_machine=2325831543
-------
timestamp=126268528033
iterations=888
sample_ns=100000000
window_ns=1000000000
rapl_core_sum_uj=865568477
rapl_psys_sum_uj=0
pid=0 energy=3978041194430 alive=1 kernel=1 cpu_ns=216169000000 mem=253173760 instructions=579439238886 wakeups=110269 diski=7254016 disko=14405632 rx=2894 tx=1516 comm=*system*
psu_energy_ac_mcp_machine=2331511475
-------
timestamp=126429531246
iterations=890
sample_ns=100000000
window_ns=1000000000
rapl_core_sum_uj=868771357
rapl_psys_sum_uj=0
pid=0 energy=3994226884730 alive=1 kernel=1 cpu_ns=217001000000 mem=252997632 instructions=581844376946 wakeups=110486 diski=7254016 disko=14405632 rx=2894 tx=1516 comm=*system*
psu_energy_ac_mcp_machine=2337145630
-------
timestamp=126593529034
iterations=891
sample_ns=100000000
window_ns=1000000000
rapl_core_sum_uj=870364557
rapl_psys_sum_uj=0
pid=0 energy=4002224789435 alive=1 kernel=1 cpu_ns=217417000000 mem=252997632 instructions=583027957887 wakeups=110682 diski=7254016 disko=14405632 rx=2894 tx=1516 comm=*system*
psu_energy_ac_mcp_machine=2342786621
-------
timestamp=126761518763
iterations=893
sample_ns=100000000
window_ns=1000000000
rapl_core_sum_uj=873566949
rapl_psys_sum_uj=0
pid=0 energy=4018415194015 alive=1 kernel=1 cpu_ns=218249000000 mem=252997632 instructions=585434038803 wakeups=110895 diski=7254016 disko=14405632 rx=2894 tx=1516 comm=*system*
psu_energy_ac_mcp_machine=2348433472
-------
timestamp=126923014567
iterations=895
sample_ns=100000000
window_ns=1000000000
rapl_core_sum_uj=876767937
rapl_psys_sum_uj=0
pid=0 energy=4034548701880 alive=1 kernel=1 cpu_ns=219081000000 mem=253640704 instructions=587828740376 wakeups=111125 diski=7254016 disko=14405632 rx=2894 tx=1516 comm=*system*
psu_energy_ac_mcp_machine=2354095093
-------
timestamp=127084815677
iterations=896
sample_ns=100000000
window_ns=1000000000
rapl_core_sum_uj=878364189
rapl_psys_sum_uj=0
pid=0 energy=4042590773475 alive=1 kernel=1 cpu_ns=219495000000 mem=253288448 instructions=589023154695 wakeups=111310 diski=7254016 disko=14405632 rx=2894 tx=1516 comm=*system*
psu_energy_ac_mcp_machine=2359751099
-------
timestamp=127247818188
iterations=898
sample_ns=100000000
window_ns=1000000000
rapl_core_sum_uj=881569754
rapl_psys_sum_uj=0
pid=0 energy=4058753279215 alive=1 kernel=1 cpu_ns=220325000000 mem=253112320 instructions=591425655843 wakeups=111539 diski=7254016 disko=14405632 rx=2894 tx=1516 comm=*system*
psu_energy_ac_mcp_machine=2365408081
-------
timestamp=127411530498
iterations=899
sample_ns=100000000
window_ns=1000000000
rapl_core_sum_uj=883162527
rapl_psys_sum_uj=0
pid=0 energy=4066760582180 alive=1 kernel=1 cpu_ns=220741000000 mem=253112320 instructions=592611116436 wakeups=111730 diski=7254016 disko=14405632 rx=2894 tx=1516 comm=*system*
psu_energy_ac_mcp_machine=2372490234
-------
timestamp=127575533562
iterations=901
sample_ns=100000000
window_ns=1000000000
rapl_core_sum_uj=886367604
rapl_psys_sum_uj=0
pid=0 energy=4082942934650 alive=1 kernel=1 cpu_ns=221573000000 mem=253288448 instructions=595015586930 wakeups=111945 diski=7254016 disko=14405632 rx=2894 tx=1516 comm=*system*
psu_energy_ac_mcp_machine=2378133789
-------
timestamp=127742533668
iterations=903
sample_ns=100000000
window_ns=1000000000
rapl_core_sum_uj=889562855
rapl_psys_sum_uj=0
pid=0 energy=4099011948325 alive=1 kernel=1 cpu_ns=222403000000 mem=254345216 instructions=597399389665 wakeups=112161 diski=7254016 disko=14405632 rx=2896 tx=1516 comm=*system*
psu_energy_ac_mcp_machine=2383773315
-------
timestamp=127909532593
iterations=904
sample_ns=100000000
window_ns=1000000000
rapl_core_sum_uj=891163990
rapl_psys_sum_uj=0
pid=0 energy=4107120969325 alive=1 kernel=1 cpu_ns=222819000000 mem=253116416 instructions=598605193865 wakeups=112331 diski=7254016 disko=14405632 rx=2896 tx=1516 comm=*system*
psu_energy_ac_mcp_machine=2389416870
-------
timestamp=128067537552
iterations=906
sample_ns=100000000
window_ns=1000000000
rapl_core_sum_uj=894363818
rapl_psys_sum_uj=0
pid=0 energy=4123269037785 alive=1 kernel=1 cpu_ns=223650000000 mem=253292544 instructions=601003807557 wakeups=112549 diski=7254016 disko=14405632 rx=2897 tx=1517 comm=*system*
psu_energy_ac_mcp_machine=2395077759
-------
timestamp=128232514077
iterations=907
sample_ns=100000000
window_ns=1000000000
rapl_core_sum_uj=895956591
rapl_psys_sum_uj=0
pid=0 energy=4131296165440 alive=1 kernel=1 cpu_ns=224066000000 mem=253116416 instructions=602193233088 wakeups=112754 diski=7254016 disko=14405632 rx=2897 tx=1517 comm=*system*
psu_energy_ac_mcp_machine=2400724243
-------
timestamp=128398525064
iterations=909
sample_ns=100000000
window_ns=1000000000
rapl_core_sum_uj=899164415
rapl_psys_sum_uj=0
pid=0 energy=4147491493380 alive=1 kernel=1 cpu_ns=224898000000 mem=253116416 instructions=604600298676 wakeups=112966 diski=7254016 disko=14405632 rx=2897 tx=1517 comm=*system*
psu_energy_ac_mcp_machine=2406396851
-------
timestamp=128560618547
iterations=910
sample_ns=100000000
window_ns=1000000000
rapl_core_sum_uj=900762559
rapl_psys_sum_uj=0
pid=0 energy=4155485843975 alive=1 kernel=1 cpu_ns=225314000000 mem=253116416 instructions=605783168795 wakeups=113170 diski=7254016 disko=14405632 rx=2897 tx=1517 comm=*system*
psu_energy_ac_mcp_machine=2412066895
-------
timestamp=128729515588
iterations=912
sample_ns=100000000
window_ns=1000000000
rapl_core_sum_uj=903971115
rapl_psys_sum_uj=0
pid=0 energy=4171695561240 alive=1 kernel=1 cpu_ns=226146000000 mem=252940288 instructions=608193112248 wakeups=113381 diski=7254016 disko=14405632 rx=2897 tx=1517 comm=*system*
psu_energy_ac_mcp_machine=2419135254
-------
timestamp=128896556259
iterations=914
sample_ns=100000000
window_ns=1000000000
rapl_core_sum_uj=907173934
rapl_psys_sum_uj=0
pid=0 energy=4187817023775 alive=1 kernel=1 cpu_ns=226977000000 mem=253829120 instructions=610586404755 wakeups=113617 diski=7254016 disko=14405632 rx=2897 tx=1517 comm=*system*
psu_energy_ac_mcp_machine=2424777344
-------
timestamp=129047568792
iterations=915
sample_ns=100000000
window_ns=1000000000
rapl_core_sum_uj=908512312
rapl_psys_sum_uj=0
pid=0 energy=4194230625215 alive=1 kernel=1 cpu_ns=227310000000 mem=249450496 instructions=611536125043 wakeups=113840 diski=7254016 disko=14405632 rx=2901 tx=1522 comm=*system*
psu_energy_ac_mcp_machine=2428222900
-------
timestamp=129188827206
iterations=916
sample_ns=100000000
window_ns=1000000000
rapl_core_sum_uj=909107893
rapl_psys_sum_uj=0
pid=0 energy=4195793769330 alive=1 kernel=1 cpu_ns=227435000000 mem=371728384 instructions=611723753866 wakeups=114039 diski=7385088 disko=14405632 rx=2901 tx=1522 comm=*system*
psu_energy_ac_mcp_machine=2432178223
-------
timestamp=129332919680
iterations=918
sample_ns=100000000
window_ns=1000000000
rapl_core_sum_uj=910217145
rapl_psys_sum_uj=0
pid=0 energy=4198617433605 alive=1 kernel=1 cpu_ns=227661000000 mem=620716032 instructions=612062486721 wakeups=114248 diski=7385088 disko=14405632 rx=2901 tx=1522 comm=*system*
psu_energy_ac_mcp_machine=2436071777
-------
timestamp=129478617972
iterations=919
sample_ns=100000000
window_ns=1000000000
rapl_core_sum_uj=910807293
rapl_psys_sum_uj=0
pid=0 energy=4200191497755 alive=1 kernel=1 cpu_ns=227788000000 mem=744656896 instructions=612250299551 wakeups=114454 diski=7385088 disko=14405632 rx=2901 tx=1522 comm=*system*
psu_energy_ac_mcp_machine=2439043945
-------
timestamp=129619310854
iterations=921
sample_ns=100000000
window_ns=1000000000
rapl_core_sum_uj=911955730
rapl_psys_sum_uj=0
pid=0 energy=4203965102660 alive=1 kernel=1 cpu_ns=228030000000 mem=317734912 instructions=612763020532 wakeups=114659 diski=7385088 disko=14405632 rx=2903 tx=1522 comm=*system*
psu_energy_ac_mcp_machine=2442925415
-------
timestamp=129762987289
iterations=922
sample_ns=100000000
window_ns=1000000000
rapl_core_sum_uj=912503825
rapl_psys_sum_uj=0
pid=0 energy=4205608391405 alive=1 kernel=1 cpu_ns=228152000000 mem=397668352 instructions=612969678281 wakeups=114847 diski=7385088 disko=14405632 rx=2903 tx=1522 comm=*system*
psu_energy_ac_mcp_machine=2445718506
-------
timestamp=129904159331
iterations=923
sample_ns=100000000
window_ns=1000000000
rapl_core_sum_uj=913070048
rapl_psys_sum_uj=0
pid=0 energy=4207313025115 alive=1 kernel=1 cpu_ns=228277000000 mem=477044736 instructions=613185605023 wakeups=115041 diski=7385088 disko=14405632 rx=2903 tx=1522 comm=*system*
psu_energy_ac_mcp_machine=2449582520
-------
timestamp=130047885522
iterations=925
sample_ns=100000000
window_ns=1000000000
rapl_core_sum_uj=914118387
rapl_psys_sum_uj=0
pid=0 energy=4210447998300 alive=1 kernel=1 cpu_ns=228507000000 mem=637374464 instructions=613582599660 wakeups=115244 diski=7385088 disko=14405632 rx=2903 tx=1522 comm=*system*
psu_energy_ac_mcp_machine=2452365723
-------
timestamp=130189274029
iterations=926
sample_ns=100000000
window_ns=1000000000
rapl_core_sum_uj=914676309
rapl_psys_sum_uj=0
pid=0 energy=4212163117650 alive=1 kernel=1 cpu_ns=228633000000 mem=716988416 instructions=613799623530 wakeups=115452 diski=7385088 disko=14405632 rx=2903 tx=1522 comm=*system*
psu_energy_ac_mcp_machine=2456208008
-------
timestamp=130333270256
iterations=927
sample_ns=100000000
window_ns=1000000000
rapl_core_sum_uj=915236794
rapl_psys_sum_uj=0
pid=0 energy=4214282430760 alive=1 kernel=1 cpu_ns=228760000000 mem=786731008 instructions=614096486152 wakeups=115650 diski=7385088 disko=14405632 rx=2903 tx=1522 comm=*system*
psu_energy_ac_mcp_machine=2459076660
-------
timestamp=130474063046
iterations=929
sample_ns=100000000
window_ns=1000000000
rapl_core_sum_uj=916299171
rapl_psys_sum_uj=0
pid=0 energy=4223913137925 alive=1 kernel=1 cpu_ns=228992000000 mem=786735104 instructions=615790627585 wakeups=115875 diski=7385088 disko=14426112 rx=2903 tx=1522 comm=*system*
psu_energy_ac_mcp_machine=2463022217
-------
timestamp=130614894540
iterations=930
sample_ns=100000000
window_ns=1000000000
rapl_core_sum_uj=916895972
rapl_psys_sum_uj=0
pid=0 energy=4227845945650 alive=1 kernel=1 cpu_ns=229119000000 mem=256061440 instructions=616450189130 wakeups=116073 diski=7385088 disko=14426112 rx=2903 tx=1522 comm=*system*
psu_energy_ac_mcp_machine=2466933472
-------
timestamp=130759137901
iterations=932
sample_ns=100000000
window_ns=1000000000
rapl_core_sum_uj=917979101
rapl_psys_sum_uj=0
pid=0 energy=4230897925940 alive=1 kernel=1 cpu_ns=229360000000 mem=478838784 instructions=616819585188 wakeups=116290 diski=7385088 disko=14442496 rx=2903 tx=1522 comm=*system*
psu_energy_ac_mcp_machine=2469769531
-------
timestamp=130900225962
iterations=933
sample_ns=100000000
window_ns=1000000000
rapl_core_sum_uj=918523473
rapl_psys_sum_uj=0
pid=0 energy=4232403034595 alive=1 kernel=1 cpu_ns=229480000000 mem=588316672 instructions=617000606919 wakeups=116482 diski=7385088 disko=14442496 rx=2903 tx=1522 comm=*system*
psu_energy_ac_mcp_machine=2473632935
-------
timestamp=131044441685
iterations=934
sample_ns=100000000
window_ns=1000000000
rapl_core_sum_uj=919097935
rapl_psys_sum_uj=0
pid=0 energy=4234038165310 alive=1 kernel=1 cpu_ns=229610000000 mem=698572800 instructions=617197633062 wakeups=116689 diski=7385088 disko=14442496 rx=2903 tx=1522 comm=*system*
psu_energy_ac_mcp_machine=2476478394
-------
timestamp=131185760157
iterations=936
sample_ns=100000000
window_ns=1000000000
rapl_core_sum_uj=920211642
rapl_psys_sum_uj=0
pid=0 energy=4238328427305 alive=1 kernel=1 cpu_ns=229846000000 mem=786829312 instructions=617819685461 wakeups=116904 diski=7385088 disko=14442496 rx=2903 tx=1522 comm=*system*
psu_energy_ac_mcp_machine=2480847778
-------
timestamp=131330312051
iterations=937
sample_ns=100000000
window_ns=1000000000
rapl_core_sum_uj=920842196
rapl_psys_sum_uj=0
pid=0 energy=4241315970355 alive=1 kernel=1 cpu_ns=229971000000 mem=277286912 instructions=618292194071 wakeups=117107 diski=7450624 disko=14442496 rx=2903 tx=1522 comm=*system*
psu_energy_ac_mcp_machine=2483732788
-------
timestamp=131471682545
iterations=938
sample_ns=100000000
window_ns=1000000000
rapl_core_sum_uj=921456087
rapl_psys_sum_uj=0
pid=0 energy=4244088925885 alive=1 kernel=1 cpu_ns=230099000000 mem=341213184 instructions=618718785177 wakeups=117307 diski=7450624 disko=14442496 rx=2903 tx=1522 comm=*system*
psu_energy_ac_mcp_machine=2487706543
-------
timestamp=131615845509
iterations=940
sample_ns=100000000
window_ns=1000000000
rapl_core_sum_uj=922620270
rapl_psys_sum_uj=0
pid=0 energy=4249320737635 alive=1 kernel=1 cpu_ns=230328000000 mem=469090304 instructions=619536147527 wakeups=117506 diski=7450624 disko=14442496 rx=2905 tx=1522 comm=*system*
psu_energy_ac_mcp_machine=2491635498
-------
timestamp=131759826168
iterations=941
sample_ns=100000000
window_ns=1000000000
rapl_core_sum_uj=923243011
rapl_psys_sum_uj=0
pid=0 energy=4252091379995 alive=1 kernel=1 cpu_ns=230455000000 mem=532844544 instructions=619963275999 wakeups=117702 diski=7450624 disko=14442496 rx=2905 tx=1522 comm=*system*
psu_energy_ac_mcp_machine=2494495605
-------
timestamp=131900765700
iterations=943
sample_ns=100000000
window_ns=1000000000
rapl_core_sum_uj=924438262
rapl_psys_sum_uj=0
pid=0 energy=4257483807405 alive=1 kernel=1 cpu_ns=230694000000 mem=661897216 instructions=620802761481 wakeups=117931 diski=7450624 disko=14442496 rx=2905 tx=1522 comm=*system*
psu_energy_ac_mcp_machine=2498419678
-------
timestamp=132045071005
iterations=944
sample_ns=100000000
window_ns=1000000000
rapl_core_sum_uj=925032805
rapl_psys_sum_uj=0
pid=0 energy=4260100407815 alive=1 kernel=1 cpu_ns=230809000000 mem=724914176 instructions=621211081563 wakeups=118109 diski=7450624 disko=14442496 rx=2905 tx=1522 comm=*system*
psu_energy_ac_mcp_machine=2501286133
-------
timestamp=132187404512
iterations=945
sample_ns=100000000
window_ns=1000000000
rapl_core_sum_uj=925647795
rapl_psys_sum_uj=0
pid=0 energy=4262870134700 alive=1 kernel=1 cpu_ns=230934000000 mem=786931712 instructions=621640026940 wakeups=118308 diski=7450624 disko=14442496 rx=2905 tx=1522 comm=*system*
psu_energy_ac_mcp_machine=2505406006
-------
timestamp=132329608338
iterations=947
sample_ns=100000000
window_ns=1000000000
rapl_core_sum_uj=926886258
rapl_psys_sum_uj=0
pid=0 energy=4268726522065 alive=1 kernel=1 cpu_ns=231167000000 mem=786911232 instructions=622578304413 wakeups=118523 diski=7450624 disko=14442496 rx=2906 tx=1522 comm=*system*
psu_energy_ac_mcp_machine=2508477539
-------
timestamp=132469946838
iterations=948
sample_ns=100000000
window_ns=1000000000
rapl_core_sum_uj=927543118
rapl_psys_sum_uj=0
pid=0 energy=4271780167645 alive=1 kernel=1 cpu_ns=231291000000 mem=786919424 instructions=623065033529 wakeups=118726 diski=7450624 disko=14442496 rx=2906 tx=1522 comm=*system*
psu_energy_ac_mcp_machine=2512707153
-------
timestamp=132613120030
iterations=949
sample_ns=100000000
window_ns=1000000000
rapl_core_sum_uj=928199795
rapl_psys_sum_uj=0
pid=0 energy=4274835203265 alive=1 kernel=1 cpu_ns=231416000000 mem=786919424 instructions=623551040653 wakeups=118928 diski=7450624 disko=14442496 rx=2906 tx=1522 comm=*system*
psu_energy_ac_mcp_machine=2515779541
-------
timestamp=132753299385
iterations=951
sample_ns=100000000
window_ns=1000000000
rapl_core_sum_uj=929438259
rapl_psys_sum_uj=0
pid=0 energy=4280680054405 alive=1 kernel=1 cpu_ns=231647000000 mem=786923520 instructions=624489010881 wakeups=119128 diski=7450624 disko=14442496 rx=2906 tx=1522 comm=*system*
psu_energy_ac_mcp_machine=2519993408
-------
timestamp=132896592866
iterations=952
sample_ns=100000000
window_ns=1000000000
rapl_core_sum_uj=930092861
rapl_psys_sum_uj=0
pid=0 energy=4283732533300 alive=1 kernel=1 cpu_ns=231772000000 mem=786968576 instructions=624974506660 wakeups=119332 diski=7450624 disko=14442496 rx=2906 tx=1522 comm=*system*
psu_energy_ac_mcp_machine=2524133179
-------
timestamp=133040292952
iterations=953
sample_ns=100000000
window_ns=1000000000
rapl_core_sum_uj=930747035
rapl_psys_sum_uj=0
pid=0 energy=4286786597410 alive=1 kernel=1 cpu_ns=231897000000 mem=786911232 instructions=625460319482 wakeups=119529 diski=7450624 disko=14442496 rx=2906 tx=1522 comm=*system*
psu_energy_ac_mcp_machine=2527238403
-------
timestamp=133181246605
iterations=955
sample_ns=100000000
window_ns=1000000000
rapl_core_sum_uj=931984705
rapl_psys_sum_uj=0
pid=0 energy=4292632414195 alive=1 kernel=1 cpu_ns=232128000000 mem=786972672 instructions=626398482839 wakeups=119739 diski=7450624 disko=14442496 rx=2906 tx=1522 comm=*system*
psu_energy_ac_mcp_machine=2531446777
-------
timestamp=133326241623
iterations=956
sample_ns=100000000
window_ns=1000000000
rapl_core_sum_uj=932644189
rapl_psys_sum_uj=0
pid=0 energy=4295695691525 alive=1 kernel=1 cpu_ns=232255000000 mem=786968576 instructions=626884138305 wakeups=119937 diski=7450624 disko=14442496 rx=2906 tx=1522 comm=*system*
psu_energy_ac_mcp_machine=2534538086
-------
timestamp=133467056250
iterations=958
sample_ns=100000000
window_ns=1000000000
rapl_core_sum_uj=933899681
rapl_psys_sum_uj=0
pid=0 energy=4301615578295 alive=1 kernel=1 cpu_ns=232492000000 mem=787320832 instructions=627831115659 wakeups=120151 diski=7450624 disko=14442496 rx=2906 tx=1522 comm=*system*
psu_energy_ac_mcp_machine=2538759399
-------
timestamp=133611812299
iterations=959
sample_ns=100000000
window_ns=1000000000
rapl_core_sum_uj=934547141
rapl_psys_sum_uj=0
pid=0 energy=4304600207325 alive=1 kernel=1 cpu_ns=232612000000 mem=786972672 instructions=628308041465 wakeups=120339 diski=7450624 disko=14442496 rx=2906 tx=1522 comm=*system*
psu_energy_ac_mcp_machine=2541815308
-------
timestamp=133752606512
iterations=960
sample_ns=100000000
window_ns=1000000000
rapl_core_sum_uj=935205283
rapl_psys_sum_uj=0
pid=0 energy=4307639979060 alive=1 kernel=1 cpu_ns=232734000000 mem=786993152 instructions=628793995812 wakeups=120536 diski=7450624 disko=14442496 rx=2908 tx=1522 comm=*system*
psu_energy_ac_mcp_machine=2546034058
-------
timestamp=133896586749
iterations=962
sample_ns=100000000
window_ns=1000000000
rapl_core_sum_uj=936446554
rapl_psys_sum_uj=0
pid=0 energy=4313475493485 alive=1 kernel=1 cpu_ns=232963000000 mem=786976768 instructions=629732098697 wakeups=120740 diski=7450624 disko=14442496 rx=2908 tx=1522 comm=*system*
psu_energy_ac_mcp_machine=2549106201
-------
timestamp=134037263489
iterations=963
sample_ns=100000000
window_ns=1000000000
rapl_core_sum_uj=937109151
rapl_psys_sum_uj=0
pid=0 energy=4316530322805 alive=1 kernel=1 cpu_ns=233088000000 mem=786866176 instructions=630218064561 wakeups=120938 diski=7450624 disko=14442496 rx=2908 tx=1522 comm=*system*
psu_energy_ac_mcp_machine=2553298462
-------
timestamp=134177802080
iterations=964
sample_ns=100000000
window_ns=1000000000
rapl_core_sum_uj=937763936
rapl_psys_sum_uj=0
pid=0 energy=4319592730590 alive=1 kernel=1 cpu_ns=233215000000 mem=786841600 instructions=630703546118 wakeups=121127 diski=7450624 disko=14442496 rx=2908 tx=1522 comm=*system*
psu_energy_ac_mcp_machine=2557482544
-------
timestamp=134321584184
iterations=966
sample_ns=100000000
window_ns=1000000000
rapl_core_sum_uj=939003926
rapl_psys_sum_uj=0
pid=0 energy=4325433857280 alive=1 kernel=1 cpu_ns=233444000000 mem=786821120 instructions=631642771456 wakeups=121336 diski=7450624 disko=14442496 rx=2908 tx=1522 comm=*system*
psu_energy_ac_mcp_machine=2560588379
-------
timestamp=134461765512
iterations=967
sample_ns=100000000
window_ns=1000000000
rapl_core_sum_uj=939647785
rapl_psys_sum_uj=0
pid=0 energy=4329226384300 alive=1 kernel=1 cpu_ns=233570000000 mem=786853888 instructions=632275276860 wakeups=121548 diski=7450624 disko=14442496 rx=2908 tx=1522 comm=*system*
psu_energy_ac_mcp_machine=2564581665
-------
timestamp=134605663527
iterations=969
sample_ns=100000000
window_ns=1000000000
rapl_core_sum_uj=940842242
rapl_psys_sum_uj=0
pid=0 energy=4338578403395 alive=1 kernel=1 cpu_ns=233810000000 mem=787546112 instructions=633905680679 wakeups=121774 diski=7450624 disko=14442496 rx=2908 tx=1522 comm=*system*
psu_energy_ac_mcp_machine=2567464233
-------
timestamp=134746279468
iterations=970
sample_ns=100000000
window_ns=1000000000
rapl_core_sum_uj=941432818
rapl_psys_sum_uj=0
pid=0 energy=4343177146180 alive=1 kernel=1 cpu_ns=233924000000 mem=786894848 instructions=634711429236 wakeups=121952 diski=7450624 disko=14442496 rx=2908 tx=1522 comm=*system*
psu_energy_ac_mcp_machine=2571433228
-------
timestamp=134889600500
iterations=971
sample_ns=100000000
window_ns=1000000000
rapl_core_sum_uj=942052446
rapl_psys_sum_uj=0
pid=0 energy=4347928549375 alive=1 kernel=1 cpu_ns=234052000000 mem=786923520 instructions=635533709875 wakeups=122153 diski=7450624 disko=14442496 rx=2908 tx=1522 comm=*system*
psu_energy_ac_mcp_machine=2574336426
-------
timestamp=135030257390
iterations=973
sample_ns=100000000
window_ns=1000000000
rapl_core_sum_uj=943219987
rapl_psys_sum_uj=0
pid=0 energy=4356150181695 alive=1 kernel=1 cpu_ns=234286000000 mem=259149824 instructions=636944036339 wakeups=122371 diski=7450624 disko=14442496 rx=2908 tx=1522 comm=*system*
psu_energy_ac_mcp_machine=2578281006
-------
timestamp=135173973410
iterations=974
sample_ns=100000000
window_ns=1000000000
rapl_core_sum_uj=943784684
rapl_psys_sum_uj=0
pid=0 energy=4357873829205 alive=1 kernel=1 cpu_ns=234413000000 mem=356352000 instructions=637161765841 wakeups=122571 diski=7450624 disko=14442496 rx=2908 tx=1522 comm=*system*
psu_energy_ac_mcp_machine=2581098145
-------
timestamp=135315538357
iterations=975
sample_ns=100000000
window_ns=1000000000
rapl_core_sum_uj=944356522
rapl_psys_sum_uj=0
pid=0 energy=4359622186975 alive=1 kernel=1 cpu_ns=234541000000 mem=452304896 instructions=637383437395 wakeups=122768 diski=7450624 disko=14442496 rx=2908 tx=1522 comm=*system*
psu_energy_ac_mcp_machine=2584995483
-------
timestamp=135459191580
iterations=977
sample_ns=100000000
window_ns=1000000000
rapl_core_sum_uj=945417373
rapl_psys_sum_uj=0
pid=0 energy=4362819948255 alive=1 kernel=1 cpu_ns=234772000000 mem=646021120 instructions=637791989651 wakeups=122984 diski=7450624 disko=14442496 rx=2908 tx=1522 comm=*system*
psu_energy_ac_mcp_machine=2588812744
-------
timestamp=135603495420
iterations=978
sample_ns=100000000
window_ns=1000000000
rapl_core_sum_uj=945986586
rapl_psys_sum_uj=0
pid=0 energy=4364577492350 alive=1 kernel=1 cpu_ns=234901000000 mem=742465536 instructions=638014498470 wakeups=123178 diski=7450624 disko=14442496 rx=2908 tx=1522 comm=*system*
psu_energy_ac_mcp_machine=2591646240
-------
timestamp=135743802088
iterations=979
sample_ns=100000000
window_ns=1000000000
rapl_core_sum_uj=946538954
rapl_psys_sum_uj=0
pid=0 energy=4366517018600 alive=1 kernel=1 cpu_ns=235032000000 mem=786890752 instructions=638271403720 wakeups=123379 diski=7450624 disko=14458880 rx=2910 tx=1522 comm=*system*
psu_energy_ac_mcp_machine=2595712646
-------
timestamp=135888373280
iterations=981
sample_ns=100000000
window_ns=1000000000
rapl_core_sum_uj=947619031
rapl_psys_sum_uj=0
pid=0 energy=4372740888400 alive=1 kernel=1 cpu_ns=235263000000 mem=787099648 instructions=639285177680 wakeups=123650 diski=7450624 disko=17108992 rx=2910 tx=1522 comm=*system*
psu_energy_ac_mcp_machine=2598673950
-------
timestamp=136029464142
iterations=982
sample_ns=100000000
window_ns=1000000000
rapl_core_sum_uj=948246045
rapl_psys_sum_uj=0
pid=0 energy=4377815235525 alive=1 kernel=1 cpu_ns=235391000000 mem=787009536 instructions=640172047105 wakeups=123855 diski=7450624 disko=17108992 rx=2910 tx=1522 comm=*system*
psu_energy_ac_mcp_machine=2602744263
-------
timestamp=136174372103
iterations=984
sample_ns=100000000
window_ns=1000000000
rapl_core_sum_uj=949440014
rapl_psys_sum_uj=0
pid=0 energy=4387273192175 alive=1 kernel=1 cpu_ns=235628000000 mem=483930112 instructions=641826638435 wakeups=124072 diski=7450624 disko=17108992 rx=2910 tx=1522 comm=*system*
psu_energy_ac_mcp_machine=2605702271
-------
timestamp=136315369361
iterations=985
sample_ns=100000000
window_ns=1000000000
rapl_core_sum_uj=950019054
rapl_psys_sum_uj=0
pid=0 energy=4389032108810 alive=1 kernel=1 cpu_ns=235753000000 mem=340332544 instructions=642053421762 wakeups=124269 diski=7450624 disko=17108992 rx=2910 tx=1522 comm=*system*
psu_energy_ac_mcp_machine=2609616455
-------
timestamp=136459294518
iterations=986
sample_ns=100000000
window_ns=1000000000
rapl_core_sum_uj=950594554
rapl_psys_sum_uj=0
pid=0 energy=4390498831700 alive=1 kernel=1 cpu_ns=235885000000 mem=454553600 instructions=642214766340 wakeups=124467 diski=7450624 disko=17108992 rx=2910 tx=1522 comm=*system*
psu_energy_ac_mcp_machine=2613481079
-------
timestamp=136603888574
iterations=988
sample_ns=100000000
window_ns=1000000000
rapl_core_sum_uj=951661509
rapl_psys_sum_uj=0
pid=0 energy=4393093423365 alive=1 kernel=1 cpu_ns=236117000000 mem=682246144 instructions=642501684673 wakeups=124674 diski=7450624 disko=17108992 rx=2910 tx=1522 comm=*system*
psu_energy_ac_mcp_machine=2616321167
-------
timestamp=136745074526
iterations=989
sample_ns=100000000
window_ns=1000000000
rapl_core_sum_uj=952235849
rapl_psys_sum_uj=0
pid=0 energy=4394529717720 alive=1 kernel=1 cpu_ns=236243000000 mem=787132416 instructions=642662943544 wakeups=124872 diski=7450624 disko=17108992 rx=2910 tx=1522 comm=*system*
psu_energy_ac_mcp_machine=2620343628
-------
timestamp=136889066050
iterations=990
sample_ns=100000000
window_ns=1000000000
rapl_core_sum_uj=952859017
rapl_psys_sum_uj=0
pid=0 energy=4397628741050 alive=1 kernel=1 cpu_ns=236369000000 mem=672190464 instructions=643156748210 wakeups=125069 diski=7450624 disko=17108992 rx=2910 tx=1522 comm=*system*
psu_energy_ac_mcp_machine=2623215210
-------
timestamp=137029914476
iterations=992
sample_ns=100000000
window_ns=1000000000
rapl_core_sum_uj=953984504
rapl_psys_sum_uj=0
pid=0 energy=4401833338820 alive=1 kernel=1 cpu_ns=236597000000 mem=336965632 instructions=643769667764 wakeups=125283 diski=7450624 disko=17108992 rx=2910 tx=1522 comm=*system*
psu_energy_ac_mcp_machine=2627096680
-------
timestamp=137173643351
iterations=993
sample_ns=100000000
window_ns=1000000000
rapl_core_sum_uj=954565741
rapl_psys_sum_uj=0
pid=0 energy=4403275721120 alive=1 kernel=1 cpu_ns=236725000000 mem=439336960 instructions=643930144224 wakeups=125476 diski=7450624 disko=17108992 rx=2910 tx=1522 comm=*system*
psu_energy_ac_mcp_machine=2629885010
-------
timestamp=137314811808
iterations=995
sample_ns=100000000
window_ns=1000000000
rapl_core_sum_uj=955653509
rapl_psys_sum_uj=0
pid=0 energy=4405952182175 alive=1 kernel=1 cpu_ns=236963000000 mem=645083136 instructions=644227436435 wakeups=125701 diski=7450624 disko=17108992 rx=2910 tx=1522 comm=*system*
psu_energy_ac_mcp_machine=2633787109
-------
timestamp=137458349496
iterations=996
sample_ns=100000000
window_ns=1000000000
rapl_core_sum_uj=956219610
rapl_psys_sum_uj=0
pid=0 energy=4407317211945 alive=1 kernel=1 cpu_ns=237083000000 mem=746946560 instructions=644380442389 wakeups=125896 diski=7450624 disko=17108992 rx=2910 tx=1522 comm=*system*
psu_energy_ac_mcp_machine=2636624512
-------
timestamp=137599410318
iterations=997
sample_ns=100000000
window_ns=1000000000
rapl_core_sum_uj=956824041
rapl_psys_sum_uj=0
pid=0 energy=4409738185960 alive=1 kernel=1 cpu_ns=237211000000 mem=786878464 instructions=644736637192 wakeups=126091 diski=7450624 disko=17108992 rx=2910 tx=1522 comm=*system*
psu_energy_ac_mcp_machine=2640716797
-------
timestamp=137742479303
iterations=999
sample_ns=100000000
window_ns=1000000000
rapl_core_sum_uj=957963200
rapl_psys_sum_uj=0
pid=0 energy=4415819845065 alive=1 kernel=1 cpu_ns=237444000000 mem=339730432 instructions=645719969013 wakeups=126290 diski=7471104 disko=17108992 rx=2912 tx=1522 comm=*system*
psu_energy_ac_mcp_machine=2644610718
-------
timestamp=137887251456
iterations=1000
sample_ns=100000000
window_ns=1000000000
rapl_core_sum_uj=958563419
rapl_psys_sum_uj=0
pid=0 energy=4419043847185 alive=1 kernel=1 cpu_ns=237575000000 mem=402501632 instructions=646233769437 wakeups=126490 diski=7471104 disko=17108992 rx=2912 tx=1522 comm=*system*
psu_energy_ac_mcp_machine=2647489990
-------
timestamp=138028619603
iterations=1001
sample_ns=100000000
window_ns=1000000000
rapl_core_sum_uj=959161441
rapl_psys_sum_uj=0
pid=0 energy=4422233526310 alive=1 kernel=1 cpu_ns=237700000000 mem=465084416 instructions=646746705262 wakeups=126692 diski=7471104 disko=17108992 rx=2912 tx=1522 comm=*system*
psu_energy_ac_mcp_machine=2651391479
-------
timestamp=138173481993
iterations=1003
sample_ns=100000000
window_ns=1000000000
rapl_core_sum_uj=960283267
rapl_psys_sum_uj=0
pid=0 energy=4428356748450 alive=1 kernel=1 cpu_ns=237933000000 mem=590487552 instructions=647738349690 wakeups=126906 diski=7471104 disko=17108992 rx=2914 tx=1524 comm=*system*
psu_energy_ac_mcp_machine=2654213745
-------
timestamp=138314708878
iterations=1004
sample_ns=100000000
window_ns=1000000000
rapl_core_sum_uj=960883425
rapl_psys_sum_uj=0
pid=0 energy=4431585030885 alive=1 kernel=1 cpu_ns=238065000000 mem=653017088 instructions=648252006177 wakeups=127102 diski=7471104 disko=17108992 rx=2914 tx=1524 comm=*system*
psu_energy_ac_mcp_machine=2658119751
-------
timestamp=138459168909
iterations=1006
sample_ns=100000000
window_ns=1000000000
rapl_core_sum_uj=962032716
rapl_psys_sum_uj=0
pid=0 energy=4437821109655 alive=1 kernel=1 cpu_ns=238304000000 mem=779481088 instructions=649260221931 wakeups=127322 diski=7471104 disko=17108992 rx=2914 tx=1524 comm=*system*
psu_energy_ac_mcp_machine=2660964111
-------
timestamp=138599511424
iterations=1007
sample_ns=100000000
window_ns=1000000000
rapl_core_sum_uj=962637879
rapl_psys_sum_uj=0
pid=0 energy=4441786185570 alive=1 kernel=1 cpu_ns=238424000000 mem=787054592 instructions=649933237114 wakeups=127509 diski=7471104 disko=17108992 rx=2914 tx=1524 comm=*system*
psu_energy_ac_mcp_machine=2664922607
-------
timestamp=138741848855
iterations=1008
sample_ns=100000000
window_ns=1000000000
rapl_core_sum_uj=963265564
rapl_psys_sum_uj=0
pid=0 energy=4445982598045 alive=1 kernel=1 cpu_ns=238549000000 mem=787054592 instructions=650647519609 wakeups=127704 diski=7471104 disko=17108992 rx=2914 tx=1524 comm=*system*
psu_energy_ac_mcp_machine=2668866699
-------
timestamp=138885376630
iterations=1010
sample_ns=100000000
window_ns=1000000000
rapl_core_sum_uj=964442626
rapl_psys_sum_uj=0
pid=0 energy=4454117574350 alive=1 kernel=1 cpu_ns=238778000000 mem=787091456 instructions=652045514870 wakeups=127911 diski=7471104 disko=17108992 rx=2914 tx=1524 comm=*system*
psu_energy_ac_mcp_machine=2671758667
-------
timestamp=139026095658
iterations=1011
sample_ns=100000000
window_ns=1000000000
rapl_core_sum_uj=965071166
rapl_psys_sum_uj=0
pid=0 energy=4458332838400 alive=1 kernel=1 cpu_ns=238906000000 mem=787091456 instructions=652760567680 wakeups=128112 diski=7471104 disko=17108992 rx=2914 tx=1524 comm=*system*
psu_energy_ac_mcp_machine=2675746826
-------
timestamp=139169800839
iterations=1012
sample_ns=100000000
window_ns=1000000000
rapl_core_sum_uj=965696104
rapl_psys_sum_uj=0
pid=0 energy=4462532576145 alive=1 kernel=1 cpu_ns=239031000000 mem=787091456 instructions=653475515229 wakeups=128303 diski=7471104 disko=17108992 rx=2914 tx=1524 comm=*system*
psu_energy_ac_mcp_machine=2678626831
-------
timestamp=139310819347
iterations=1014
sample_ns=100000000
window_ns=1000000000
rapl_core_sum_uj=966883297
rapl_psys_sum_uj=0
pid=0 energy=4469471788310 alive=1 kernel=1 cpu_ns=239260000000 mem=256770048 instructions=654634357662 wakeups=128527 diski=7471104 disko=17108992 rx=2914 tx=1524 comm=*system*
psu_energy_ac_mcp_machine=2682577148
-------
timestamp=139455221761
iterations=1015
sample_ns=100000000
window_ns=1000000000
rapl_core_sum_uj=967486446
rapl_psys_sum_uj=0
pid=0 energy=4472311338850 alive=1 kernel=1 cpu_ns=239384000000 mem=336732160 instructions=655078267770 wakeups=128730 diski=7471104 disko=17108992 rx=2914 tx=1524 comm=*system*
psu_energy_ac_mcp_machine=2685423218
-------
timestamp=139595789393
iterations=1017
sample_ns=100000000
window_ns=1000000000
rapl_core_sum_uj=968647883
rapl_psys_sum_uj=0
pid=0 energy=4477905882105 alive=1 kernel=1 cpu_ns=239632000000 mem=497184768 instructions=655949176421 wakeups=128957 diski=7471104 disko=17108992 rx=2916 tx=1524 comm=*system*
psu_energy_ac_mcp_machine=2689354980
-------
timestamp=139740153297
iterations=1018
sample_ns=100000000
window_ns=1000000000
rapl_core_sum_uj=969210016
rapl_psys_sum_uj=0
pid=0 energy=4480581306240 alive=1 kernel=1 cpu_ns=239744000000 mem=575561728 instructions=656372261248 wakeups=129128 diski=7471104 disko=17108992 rx=2916 tx=1524 comm=*system*
psu_energy_ac_mcp_machine=2692174927
-------
timestamp=139881561274
iterations=1019
sample_ns=100000000
window_ns=1000000000
rapl_core_sum_uj=969811517
rapl_psys_sum_uj=0
pid=0 energy=4483452835075 alive=1 kernel=1 cpu_ns=239874000000 mem=655523840 instructions=656816567015 wakeups=129324 diski=7471104 disko=17108992 rx=2916 tx=1524 comm=*system*
psu_energy_ac_mcp_machine=2696085327
-------
timestamp=140023725572
iterations=1021
sample_ns=100000000
window_ns=1000000000
rapl_core_sum_uj=970944938
rapl_psys_sum_uj=0
pid=0 energy=4489520379115 alive=1 kernel=1 cpu_ns=240109000000 mem=787075072 instructions=657795075823 wakeups=129536 diski=7471104 disko=17108992 rx=2916 tx=1524 comm=*system*
psu_energy_ac_mcp_machine=2700030884
-------
timestamp=140166826160
iterations=1022
sample_ns=100000000
window_ns=1000000000
rapl_core_sum_uj=971577994
rapl_psys_sum_uj=0
pid=0 energy=4494087409390 alive=1 kernel=1 cpu_ns=240231000000 mem=787079168 instructions=658586481878 wakeups=129734 diski=7471104 disko=17108992 rx=2916 tx=1524 comm=*system*
psu_energy_ac_mcp_machine=2702960083
-------
timestamp=140307172802
iterations=1023
sample_ns=100000000
window_ns=1000000000
rapl_core_sum_uj=972207144
rapl_psys_sum_uj=0
pid=0 energy=4498673118685 alive=1 kernel=1 cpu_ns=240356000000 mem=787066880 instructions=659378623737 wakeups=129937 diski=7471104 disko=17108992 rx=2916 tx=1524 comm=*system*
psu_energy_ac_mcp_machine=2706958984
-------
timestamp=140450980679
iterations=1025
sample_ns=100000000
window_ns=1000000000
rapl_core_sum_uj=973393544
rapl_psys_sum_uj=0
pid=0 energy=4507564547545 alive=1 kernel=1 cpu_ns=240582000000 mem=787075072 instructions=660930909509 wakeups=130147 diski=7471104 disko=17108992 rx=2916 tx=1524 comm=*system*
psu_energy_ac_mcp_machine=2709896606
-------
timestamp=140591913849
iterations=1026
sample_ns=100000000
window_ns=1000000000
rapl_core_sum_uj=974021595
rapl_psys_sum_uj=0
pid=0 energy=4510600545830 alive=1 kernel=1 cpu_ns=240713000000 mem=256040960 instructions=661407109166 wakeups=130345 diski=7471104 disko=17108992 rx=2916 tx=1524 comm=*system*
psu_energy_ac_mcp_machine=2713866455
-------
timestamp=140737164007
iterations=1027
sample_ns=100000000
window_ns=1000000000
rapl_core_sum_uj=974620044
rapl_psys_sum_uj=0
pid=0 energy=4512576326815 alive=1 kernel=1 cpu_ns=240840000000 mem=354963456 instructions=661675265363 wakeups=130546 diski=7471104 disko=17108992 rx=2916 tx=1524 comm=*system*
psu_energy_ac_mcp_machine=2716719116
-------
timestamp=140878760051
iterations=1029
sample_ns=100000000
window_ns=1000000000
rapl_core_sum_uj=975745470
rapl_psys_sum_uj=0
pid=0 energy=4516234787115 alive=1 kernel=1 cpu_ns=241070000000 mem=552910848 instructions=662176957423 wakeups=130762 diski=7471104 disko=17129472 rx=2916 tx=1524 comm=*system*
psu_energy_ac_mcp_machine=2720705322
-------
timestamp=141023281103
iterations=1030
sample_ns=100000000
window_ns=1000000000
rapl_core_sum_uj=976347948
rapl_psys_sum_uj=0
pid=0 energy=4518217919215 alive=1 kernel=1 cpu_ns=241196000000 mem=651546624 instructions=662447583843 wakeups=130976 diski=7471104 disko=17264640 rx=2916 tx=1524 comm=*system*
psu_energy_ac_mcp_machine=2724597290
-------
timestamp=141168054221
iterations=1032
sample_ns=100000000
window_ns=1000000000
rapl_core_sum_uj=977386155
rapl_psys_sum_uj=0
pid=0 energy=4521210669460 alive=1 kernel=1 cpu_ns=241431000000 mem=787169280 instructions=662811133892 wakeups=131187 diski=7471104 disko=17264640 rx=2916 tx=1524 comm=*system*
psu_energy_ac_mcp_machine=2727422607
-------
timestamp=141308898123
iterations=1033
sample_ns=100000000
window_ns=1000000000
rapl_core_sum_uj=977861924
rapl_psys_sum_uj=0
pid=0 energy=4522082689320 alive=1 kernel=1 cpu_ns=241559000000 mem=787165184 instructions=662857537864 wakeups=131383 diski=7471104 disko=17264640 rx=2916 tx=1524 comm=*system*
psu_energy_ac_mcp_machine=2731311890
-------
timestamp=141453920687
iterations=1034
sample_ns=100000000
window_ns=1000000000
rapl_core_sum_uj=978455918
rapl_psys_sum_uj=0
pid=0 energy=4526500364950 alive=1 kernel=1 cpu_ns=241683000000 mem=628260864 instructions=663617072990 wakeups=131588 diski=7471104 disko=17264640 rx=2916 tx=1524 comm=*system*
psu_energy_ac_mcp_machine=2734322876
-------
timestamp=141595687159
iterations=1036
sample_ns=100000000
window_ns=1000000000
rapl_core_sum_uj=979640915
rapl_psys_sum_uj=0
pid=0 energy=4531319593925 alive=1 kernel=1 cpu_ns=241913000000 mem=718303232 instructions=664350918785 wakeups=131794 diski=7471104 disko=17264640 rx=2916 tx=1524 comm=*system*
psu_energy_ac_mcp_machine=2738458496
-------
timestamp=141743779451
iterations=1037
sample_ns=100000000
window_ns=1000000000
rapl_core_sum_uj=980287521
rapl_psys_sum_uj=0
pid=0 energy=4534200350705 alive=1 kernel=1 cpu_ns=242043000000 mem=787177472 instructions=664797070141 wakeups=131987 diski=7471104 disko=17264640 rx=2918 tx=1524 comm=*system*
psu_energy_ac_mcp_machine=2741541016
-------
timestamp=141884452756
iterations=1039
sample_ns=100000000
window_ns=1000000000
rapl_core_sum_uj=981509627
rapl_psys_sum_uj=0
pid=0 energy=4543842483120 alive=1 kernel=1 cpu_ns=242288000000 mem=788213760 instructions=666480496624 wakeups=132216 diski=7471104 disko=17264640 rx=2918 tx=1524 comm=*system*
psu_energy_ac_mcp_machine=2745657837
-------
timestamp=142024789141
iterations=1040
sample_ns=100000000
window_ns=1000000000
rapl_core_sum_uj=982105940
rapl_psys_sum_uj=0
pid=0 energy=4548563339355 alive=1 kernel=1 cpu_ns=242405000000 mem=787202048 instructions=667307667871 wakeups=132398 diski=7471104 disko=17264640 rx=2918 tx=1524 comm=*system*
psu_energy_ac_mcp_machine=2749793579
-------
timestamp=142168418511
iterations=1041
sample_ns=100000000
window_ns=1000000000
rapl_core_sum_uj=982741010
rapl_psys_sum_uj=0
pid=0 energy=4553416242075 alive=1 kernel=1 cpu_ns=242529000000 mem=787202048 instructions=668154248415 wakeups=132600 diski=7471104 disko=17264640 rx=2918 tx=1524 comm=*system*
psu_energy_ac_mcp_machine=2752815552
-------
timestamp=142309192224
iterations=1043
sample_ns=100000000
window_ns=1000000000
rapl_core_sum_uj=983940777
rapl_psys_sum_uj=0
pid=0 energy=4562959351585 alive=1 kernel=1 cpu_ns=242769000000 mem=787206144 instructions=669822870317 wakeups=132822 diski=7471104 disko=17264640 rx=2918 tx=1524 comm=*system*
psu_energy_ac_mcp_machine=2756954224
-------
timestamp=142452504305
iterations=1044
sample_ns=100000000
window_ns=1000000000
rapl_core_sum_uj=984536602
rapl_psys_sum_uj=0
pid=0 energy=4567647316375 alive=1 kernel=1 cpu_ns=242892000000 mem=787218432 instructions=670637463275 wakeups=133022 diski=7471104 disko=17264640 rx=2918 tx=1524 comm=*system*
psu_energy_ac_mcp_machine=2759834473
-------
timestamp=142593128982
iterations=1045
sample_ns=100000000
window_ns=1000000000
rapl_core_sum_uj=985129192
rapl_psys_sum_uj=0
pid=0 energy=4572330546435 alive=1 kernel=1 cpu_ns=243018000000 mem=787206144 instructions=671448109287 wakeups=133217 diski=7471104 disko=17264640 rx=2918 tx=1524 comm=*system*
psu_energy_ac_mcp_machine=2763769775
-------
timestamp=142736988291
iterations=1047
sample_ns=100000000
window_ns=1000000000
rapl_core_sum_uj=986252665
rapl_psys_sum_uj=0
pid=0 energy=4580944305530 alive=1 kernel=1 cpu_ns=243249000000 mem=390041600 instructions=672939861106 wakeups=133423 diski=7471104 disko=17264640 rx=2918 tx=1524 comm=*system*
psu_energy_ac_mcp_machine=2766656494
-------
timestamp=142878752970
iterations=1048
sample_ns=100000000
window_ns=1000000000
rapl_core_sum_uj=986837320
rapl_psys_sum_uj=0
pid=0 energy=4582585602905 alive=1 kernel=1 cpu_ns=243371000000 mem=348667904 instructions=673146120581 wakeups=133618 diski=7471104 disko=17264640 rx=2918 tx=1524 comm=*system*
psu_energy_ac_mcp_machine=2770580444
-------
timestamp=143023542954
iterations=1049
sample_ns=100000000
window_ns=1000000000
rapl_core_sum_uj=987417276
rapl_psys_sum_uj=0
pid=0 energy=4584017193920 alive=1 kernel=1 cpu_ns=243496000000 mem=462426112 instructions=673307438784 wakeups=133816 diski=7471104 disko=17264640 rx=2918 tx=1524 comm=*system*
psu_energy_ac_mcp_machine=2773420654
-------
timestamp=143164636785
iterations=1051
sample_ns=100000000
window_ns=1000000000
rapl_core_sum_uj=988483803
rapl_psys_sum_uj=0
pid=0 energy=4586632798380 alive=1 kernel=1 cpu_ns=243730000000 mem=691216384 instructions=673596559676 wakeups=134021 diski=7471104 disko=17264640 rx=2918 tx=1524 comm=*system*
psu_energy_ac_mcp_machine=2777305176
-------
timestamp=143306704904
iterations=1052
sample_ns=100000000
window_ns=1000000000
rapl_core_sum_uj=989069191
rapl_psys_sum_uj=0
pid=0 energy=4588664972230 alive=1 kernel=1 cpu_ns=243856000000 mem=787030016 instructions=673876994446 wakeups=134216 diski=7471104 disko=17264640 rx=2918 tx=1524 comm=*system*
psu_energy_ac_mcp_machine=2781256592
-------
timestamp=143449732703
iterations=1054
sample_ns=100000000
window_ns=1000000000
rapl_core_sum_uj=990239234
rapl_psys_sum_uj=0
pid=0 energy=4598912463330 alive=1 kernel=1 cpu_ns=244093000000 mem=787910656 instructions=675689492666 wakeups=134440 diski=7471104 disko=17264640 rx=2918 tx=1524 comm=*system*
psu_energy_ac_mcp_machine=2784245117
-------
timestamp=143590351211
iterations=1055
sample_ns=100000000
window_ns=1000000000
rapl_core_sum_uj=990836524
rapl_psys_sum_uj=0
pid=0 energy=4604018232495 alive=1 kernel=1 cpu_ns=244209000000 mem=787206144 instructions=676594646499 wakeups=134629 diski=7471104 disko=17264640 rx=2918 tx=1524 comm=*system*
psu_energy_ac_mcp_machine=2788279907
-------
timestamp=143733993907
iterations=1056
sample_ns=100000000
window_ns=1000000000
rapl_core_sum_uj=991450537
rapl_psys_sum_uj=0
pid=0 energy=4609242744420 alive=1 kernel=1 cpu_ns=244337000000 mem=787206144 instructions=677511548884 wakeups=134823 diski=7471104 disko=17264640 rx=2920 tx=1524 comm=*system*
psu_energy_ac_mcp_machine=2791269775
-------
timestamp=143874297894
iterations=1058
sample_ns=100000000
window_ns=1000000000
rapl_core_sum_uj=992644323
rapl_psys_sum_uj=0
pid=0 energy=4619397364815 alive=1 kernel=1 cpu_ns=244567000000 mem=787226624 instructions=679312472963 wakeups=135025 diski=7471104 disko=17264640 rx=2920 tx=1524 comm=*system*
psu_energy_ac_mcp_machine=2795369019
-------
timestamp=144017747368
iterations=1059
sample_ns=100000000
window_ns=1000000000
rapl_core_sum_uj=993283727
rapl_psys_sum_uj=0
pid=0 energy=4624616229640 alive=1 kernel=1 cpu_ns=244695000000 mem=787222528 instructions=680228245928 wakeups=135233 diski=7471104 disko=17264640 rx=2920 tx=1524 comm=*system*
psu_energy_ac_mcp_machine=2798367920
-------
timestamp=144157811606
iterations=1060
sample_ns=100000000
window_ns=1000000000
rapl_core_sum_uj=993925999
rapl_psys_sum_uj=0
pid=0 energy=4629813852305 alive=1 kernel=1 cpu_ns=244820000000 mem=787238912 instructions=681142770461 wakeups=135433 diski=7471104 disko=17264640 rx=2920 tx=1524 comm=*system*
psu_energy_ac_mcp_machine=2802425049
-------
timestamp=144300833096
iterations=1062
sample_ns=100000000
window_ns=1000000000
rapl_core_sum_uj=995067965
rapl_psys_sum_uj=0
pid=0 energy=4639917669590 alive=1 kernel=1 cpu_ns=245050000000 mem=787226624 instructions=682933533918 wakeups=135644 diski=7471104 disko=17264640 rx=2920 tx=1524 comm=*system*
psu_energy_ac_mcp_machine=2805329224
-------
timestamp=144440880824
iterations=1063
sample_ns=100000000
window_ns=1000000000
rapl_core_sum_uj=995661776
rapl_psys_sum_uj=0
pid=0 energy=4645086755295 alive=1 kernel=1 cpu_ns=245175000000 mem=787226624 instructions=683842351059 wakeups=135858 diski=7471104 disko=17264640 rx=2920 tx=1524 comm=*system*
psu_energy_ac_mcp_machine=2809344482
-------
timestamp=144584859819
iterations=1064
sample_ns=100000000
window_ns=1000000000
rapl_core_sum_uj=996273592
rapl_psys_sum_uj=0
pid=0 energy=4649095876075 alive=1 kernel=1 cpu_ns=245299000000 mem=423346176 instructions=684520175215 wakeups=136046 diski=7471104 disko=17264640 rx=2920 tx=1524 comm=*system*
psu_energy_ac_mcp_machine=2812205933
-------
timestamp=144726275550
iterations=1066
sample_ns=100000000
window_ns=1000000000
rapl_core_sum_uj=997342011
rapl_psys_sum_uj=0
pid=0 energy=4652428504295 alive=1 kernel=1 cpu_ns=245529000000 mem=458219520 instructions=684956700859 wakeups=136260 diski=7471104 disko=17264640 rx=2920 tx=1524 comm=*system*
psu_energy_ac_mcp_machine=2816105347
-------
timestamp=144868201935
iterations=1067
sample_ns=100000000
window_ns=1000000000
rapl_core_sum_uj=997915741
rapl_psys_sum_uj=0
pid=0 energy=4654159386320 alive=1 kernel=1 cpu_ns=245658000000 mem=569712640 instructions=685173877264 wakeups=136460 diski=7471104 disko=17264640 rx=2920 tx=1524 comm=*system*
psu_energy_ac_mcp_machine=2819972534
-------
timestamp=145013859459
iterations=1069
sample_ns=100000000
window_ns=1000000000
rapl_core_sum_uj=998987822
rapl_psys_sum_uj=0
pid=0 energy=4657474047020 alive=1 kernel=1 cpu_ns=245894000000 mem=786923520 instructions=685600809404 wakeups=136678 diski=7471104 disko=17264640 rx=2920 tx=1524 comm=*system*
psu_energy_ac_mcp_machine=2822831299
-------
timestamp=145154401511
iterations=1070
sample_ns=100000000
window_ns=1000000000
rapl_core_sum_uj=999616239
rapl_psys_sum_uj=0
pid=0 energy=4661792416120 alive=1 kernel=1 cpu_ns=246017000000 mem=787099648 instructions=686341483224 wakeups=136871 diski=7471104 disko=17264640 rx=2920 tx=1524 comm=*system*
psu_energy_ac_mcp_machine=2826964355
-------
timestamp=145299420073
iterations=1071
sample_ns=100000000
window_ns=1000000000
rapl_core_sum_uj=1000255093
rapl_psys_sum_uj=0
pid=0 energy=4665799932720 alive=1 kernel=1 cpu_ns=246144000000 mem=429559808 instructions=687015986544 wakeups=137076 diski=7471104 disko=17264640 rx=2920 tx=1524 comm=*system*
psu_energy_ac_mcp_machine=2829859985
-------
timestamp=145439956730
iterations=1073
sample_ns=100000000
window_ns=1000000000
rapl_core_sum_uj=1001385707
rapl_psys_sum_uj=0
pid=0 energy=4670908118815 alive=1 kernel=1 cpu_ns=246379000000 mem=376193024 instructions=687802623763 wakeups=137289 diski=7471104 disko=17264640 rx=2920 tx=1524 comm=*system*
psu_energy_ac_mcp_machine=2833811035
-------
timestamp=145583114972
iterations=1074
sample_ns=100000000
window_ns=1000000000
rapl_core_sum_uj=1001992396
rapl_psys_sum_uj=0
pid=0 energy=4673559859000 alive=1 kernel=1 cpu_ns=246506000000 mem=444530688 instructions=688205971800 wakeups=137485 diski=7471104 disko=17264640 rx=2920 tx=1524 comm=*system*
psu_energy_ac_mcp_machine=2836665405
-------
timestamp=145724389407
iterations=1075
sample_ns=100000000
window_ns=1000000000
rapl_core_sum_uj=1002600977
rapl_psys_sum_uj=0
pid=0 energy=4676211113360 alive=1 kernel=1 cpu_ns=246632000000 mem=513044480 instructions=688610222672 wakeups=137683 diski=7471104 disko=17264640 rx=2922 tx=1524 comm=*system*
psu_energy_ac_mcp_machine=2840595947
-------
timestamp=145869121045
iterations=1077
sample_ns=100000000
window_ns=1000000000
rapl_core_sum_uj=1003726586
rapl_psys_sum_uj=0
pid=0 energy=4681246946630 alive=1 kernel=1 cpu_ns=246868000000 mem=649895936 instructions=689381389326 wakeups=137884 diski=7471104 disko=17264640 rx=2922 tx=1524 comm=*system*
psu_energy_ac_mcp_machine=2844464111
-------
timestamp=146012433155
iterations=1078
sample_ns=100000000
window_ns=1000000000
rapl_core_sum_uj=1004335777
rapl_psys_sum_uj=0
pid=0 energy=4683906922250 alive=1 kernel=1 cpu_ns=246995000000 mem=718413824 instructions=689786384450 wakeups=138096 diski=7471104 disko=17285120 rx=2922 tx=1524 comm=*system*
psu_energy_ac_mcp_machine=2847363281
-------
timestamp=146153639771
iterations=1080
sample_ns=100000000
window_ns=1000000000
rapl_core_sum_uj=1005511801
rapl_psys_sum_uj=0
pid=0 energy=4691549698390 alive=1 kernel=1 cpu_ns=247236000000 mem=787636224 instructions=691073939678 wakeups=138321 diski=7471104 disko=17285120 rx=2922 tx=1524 comm=*system*
psu_energy_ac_mcp_machine=2851367188
-------
timestamp=146297306908
iterations=1081
sample_ns=100000000
window_ns=1000000000
rapl_core_sum_uj=1006126425
rapl_psys_sum_uj=0
pid=0 energy=4696617257130 alive=1 kernel=1 cpu_ns=247352000000 mem=787111936 instructions=691971451426 wakeups=138508 diski=7471104 disko=17285120 rx=2922 tx=1524 comm=*system*
psu_energy_ac_mcp_machine=2854302246
-------
timestamp=146437676860
iterations=1082
sample_ns=100000000
window_ns=1000000000
rapl_core_sum_uj=1006754598
rapl_psys_sum_uj=0
pid=0 energy=4701798279415 alive=1 kernel=1 cpu_ns=247481000000 mem=787107840 instructions=692878655883 wakeups=138706 diski=7471104 disko=17285120 rx=2922 tx=1524 comm=*system*
psu_energy_ac_mcp_machine=2858330933
-------
timestamp=146581556896
iterations=1084
sample_ns=100000000
window_ns=1000000000
rapl_core_sum_uj=1007916950
rapl_psys_sum_uj=0
pid=0 energy=4709570134960 alive=1 kernel=1 cpu_ns=247709000000 mem=295006208 instructions=694205026992 wakeups=138919 diski=7471104 disko=17285120 rx=2922 tx=1524 comm=*system*
psu_energy_ac_mcp_machine=2861215820
-------
timestamp=146722936247
iterations=1085
sample_ns=100000000
window_ns=1000000000
rapl_core_sum_uj=1008492267
rapl_psys_sum_uj=0
pid=0 energy=4711303313170 alive=1 kernel=1 cpu_ns=247834000000 mem=408084480 instructions=694426662634 wakeups=139115 diski=7471104 disko=17285120 rx=2922 tx=1524 comm=*system*
psu_energy_ac_mcp_machine=2865128052
-------
timestamp=146866339565
iterations=1086
sample_ns=100000000
window_ns=1000000000
rapl_core_sum_uj=1009072406
rapl_psys_sum_uj=0
pid=0 energy=4713057615335 alive=1 kernel=1 cpu_ns=247962000000 mem=520278016 instructions=694649523067 wakeups=139316 diski=7471104 disko=17285120 rx=2922 tx=1524 comm=*system*
psu_energy_ac_mcp_machine=2867955566
-------
timestamp=147007640644
iterations=1088
sample_ns=100000000
window_ns=1000000000
rapl_core_sum_uj=1010139910
rapl_psys_sum_uj=0
pid=0 energy=4716284555240 alive=1 kernel=1 cpu_ns=248196000000 mem=746541056 instructions=695060911048 wakeups=139525 diski=7471104 disko=17285120 rx=2922 tx=1524 comm=*system*
psu_energy_ac_mcp_machine=2871860840
-------
timestamp=147149346326
iterations=1089
sample_ns=100000000
window_ns=1000000000
rapl_core_sum_uj=1010734575
rapl_psys_sum_uj=0
pid=0 energy=4718982581845 alive=1 kernel=1 cpu_ns=248323000000 mem=787226624 instructions=695473516369 wakeups=139726 diski=7471104 disko=17285120 rx=2922 tx=1524 comm=*system*
psu_energy_ac_mcp_machine=2875828857
-------
timestamp=147292435976
iterations=1091
sample_ns=100000000
window_ns=1000000000
rapl_core_sum_uj=1011838822
rapl_psys_sum_uj=0
pid=0 energy=4722453697190 alive=1 kernel=1 cpu_ns=248571000000 mem=251445248 instructions=695919739438 wakeups=139956 diski=7471104 disko=17285120 rx=2922 tx=1524 comm=*system*
psu_energy_ac_mcp_machine=2878594360
-------
timestamp=147432965524
iterations=1092
sample_ns=100000000
window_ns=1000000000
rapl_core_sum_uj=1012360184
rapl_psys_sum_uj=0
pid=0 energy=4723700826840 alive=1 kernel=1 cpu_ns=248685000000 mem=250212352 instructions=696055165368 wakeups=140141 diski=7471104 disko=17285120 rx=2922 tx=1524 comm=*system*
psu_energy_ac_mcp_machine=2882383911
-------
timestamp=147577347066
iterations=1093
sample_ns=100000000
window_ns=1000000000
rapl_core_sum_uj=1012915176
rapl_psys_sum_uj=0
pid=0 energy=4725325462555 alive=1 kernel=1 cpu_ns=248811000000 mem=259194880 instructions=696254092511 wakeups=140341 diski=7471104 disko=17285120 rx=2922 tx=1524 comm=*system*
psu_energy_ac_mcp_machine=2885198120
-------
timestamp=147718338374
iterations=1095
sample_ns=100000000
window_ns=1000000000
rapl_core_sum_uj=1014029982
rapl_psys_sum_uj=0
pid=0 energy=4730303478365 alive=1 kernel=1 cpu_ns=249047000000 mem=397279232 instructions=697013695673 wakeups=140548 diski=7471104 disko=17285120 rx=2924 tx=1524 comm=*system*
psu_energy_ac_mcp_machine=2889075928
-------
timestamp=147862859676
iterations=1096
sample_ns=100000000
window_ns=1000000000
rapl_core_sum_uj=1014613417
rapl_psys_sum_uj=0
pid=0 energy=4732873197390 alive=1 kernel=1 cpu_ns=249171000000 mem=465264640 instructions=697403639478 wakeups=140741 diski=7471104 disko=17285120 rx=2924 tx=1524 comm=*system*
psu_energy_ac_mcp_machine=2891880859
-------
timestamp=148003802288
iterations=1097
sample_ns=100000000
window_ns=1000000000
rapl_core_sum_uj=1015211866
rapl_psys_sum_uj=0
pid=0 energy=4735457759850 alive=1 kernel=1 cpu_ns=249292000000 mem=533794816 instructions=697799551970 wakeups=140939 diski=7471104 disko=17285120 rx=2924 tx=1524 comm=*system*
psu_energy_ac_mcp_machine=2895848633
-------
timestamp=148147633719
iterations=1099
sample_ns=100000000
window_ns=1000000000
rapl_core_sum_uj=1016326977
rapl_psys_sum_uj=0
pid=0 energy=4740369506915 alive=1 kernel=1 cpu_ns=249517000000 mem=671166464 instructions=698556901383 wakeups=141154 diski=7471104 disko=17285120 rx=2924 tx=1524 comm=*system*
psu_energy_ac_mcp_machine=2898668823
-------
timestamp=148289154292
iterations=1100
sample_ns=100000000
window_ns=1000000000
rapl_core_sum_uj=1016921459
rapl_psys_sum_uj=0
pid=0 energy=4742981434585 alive=1 kernel=1 cpu_ns=249643000000 mem=739680256 instructions=698953286917 wakeups=141352 diski=7471104 disko=17285120 rx=2925 tx=1525 comm=*system*
psu_energy_ac_mcp_machine=2902572998
-------
timestamp=148430439024
iterations=1101
sample_ns=100000000
window_ns=1000000000
rapl_core_sum_uj=1017534862
rapl_psys_sum_uj=0
pid=0 energy=4745617987605 alive=1 kernel=1 cpu_ns=249769000000 mem=787234816 instructions=699354597521 wakeups=141551 diski=7471104 disko=17285120 rx=2925 tx=1525 comm=*system*
psu_energy_ac_mcp_machine=2906709595
-------
timestamp=148573803450
iterations=1103
sample_ns=100000000
window_ns=1000000000
rapl_core_sum_uj=1018735789
rapl_psys_sum_uj=0
pid=0 energy=4750737702240 alive=1 kernel=1 cpu_ns=250004000000 mem=787234816 instructions=700143540448 wakeups=141756 diski=7471104 disko=17285120 rx=2925 tx=1525 comm=*system*
psu_energy_ac_mcp_machine=2909778809
-------
timestamp=148713939376
iterations=1104
sample_ns=100000000
window_ns=1000000000
rapl_core_sum_uj=1019380442
rapl_psys_sum_uj=0
pid=0 energy=4753583197985 alive=1 kernel=1 cpu_ns=250126000000 mem=787238912 instructions=700590639597 wakeups=141951 diski=7471104 disko=17285120 rx=2925 tx=1525 comm=*system*
psu_energy_ac_mcp_machine=2913838745
-------
timestamp=148857860766
iterations=1106
sample_ns=100000000
window_ns=1000000000
rapl_core_sum_uj=1020579660
rapl_psys_sum_uj=0
pid=0 energy=4763578055755 alive=1 kernel=1 cpu_ns=250364000000 mem=787640320 instructions=702351611151 wakeups=142170 diski=7471104 disko=17285120 rx=2925 tx=1525 comm=*system*
psu_energy_ac_mcp_machine=2916773193
-------
timestamp=148997949859
iterations=1107
sample_ns=100000000
window_ns=1000000000
rapl_core_sum_uj=1021198190
rapl_psys_sum_uj=0
pid=0 energy=4768570637960 alive=1 kernel=1 cpu_ns=250480000000 mem=787283968 instructions=703234127592 wakeups=142366 diski=7471104 disko=17285120 rx=2925 tx=1525 comm=*system*
psu_energy_ac_mcp_machine=2920773804
-------
timestamp=149141856903
iterations=1108
sample_ns=100000000
window_ns=1000000000
rapl_core_sum_uj=1021821419
rapl_psys_sum_uj=0
pid=0 energy=4771883847815 alive=1 kernel=1 cpu_ns=250605000000 mem=787124224 instructions=703771769563 wakeups=142575 diski=7471104 disko=17285120 rx=2925 tx=1525 comm=*system*
psu_energy_ac_mcp_machine=2923627930
-------
timestamp=149305657490
iterations=1110
sample_ns=100000000
window_ns=1000000000
rapl_core_sum_uj=1023513313
rapl_psys_sum_uj=0
pid=0 energy=4779158589375 alive=1 kernel=1 cpu_ns=251073000000 mem=641990656 instructions=704758717875 wakeups=142824 diski=7471104 disko=17285120 rx=2928 tx=1528 comm=*system*
psu_energy_ac_mcp_machine=2928530273
-------
timestamp=149469648413
iterations=1111
sample_ns=100000000
window_ns=1000000000
rapl_core_sum_uj=1024788703
rapl_psys_sum_uj=0
pid=0 energy=4785058552375 alive=1 kernel=1 cpu_ns=251511000000 mem=382554112 instructions=705500710475 wakeups=143041 diski=7471104 disko=17285120 rx=2928 tx=1528 comm=*system*
psu_energy_ac_mcp_machine=2934961426
-------
timestamp=149639653616
iterations=1113
sample_ns=100000000
window_ns=1000000000
rapl_core_sum_uj=1027113531
rapl_psys_sum_uj=0
pid=0 energy=4803522377560 alive=1 kernel=1 cpu_ns=252343000000 mem=685494272 instructions=708361475512 wakeups=143251 diski=7471104 disko=17285120 rx=2928 tx=1528 comm=*system*
psu_energy_ac_mcp_machine=2940275635
-------
timestamp=149812976971
iterations=1115
sample_ns=100000000
window_ns=1000000000
rapl_core_sum_uj=1029564641
rapl_psys_sum_uj=0
pid=0 energy=4817817237875 alive=1 kernel=1 cpu_ns=253175000000 mem=561500160 instructions=710388447575 wakeups=143491 diski=7471104 disko=17285120 rx=2930 tx=1528 comm=*system*
psu_energy_ac_mcp_machine=2945870117
-------
timestamp=149982645454
iterations=1116
sample_ns=100000000
window_ns=1000000000
rapl_core_sum_uj=1030894963
rapl_psys_sum_uj=0
pid=0 energy=4827172177230 alive=1 kernel=1 cpu_ns=253586000000 mem=482037760 instructions=711848435446 wakeups=143675 diski=7471104 disko=17285120 rx=2930 tx=1528 comm=*system*
psu_energy_ac_mcp_machine=2951327759
-------
timestamp=150156674396
iterations=1118
sample_ns=100000000
window_ns=1000000000
rapl_core_sum_uj=1033726383
rapl_psys_sum_uj=0
pid=0 energy=4847263573165 alive=1 kernel=1 cpu_ns=254422000000 mem=787267584 instructions=715030714633 wakeups=143888 diski=7471104 disko=17285120 rx=2930 tx=1528 comm=*system*
psu_energy_ac_mcp_machine=2958710693
-------
timestamp=150322677478
iterations=1120
sample_ns=100000000
window_ns=1000000000
rapl_core_sum_uj=1036619876
rapl_psys_sum_uj=0
pid=0 energy=4867737254850 alive=1 kernel=1 cpu_ns=255254000000 mem=788500480 instructions=718293450970 wakeups=144133 diski=7471104 disko=17285120 rx=2930 tx=1528 comm=*system*
psu_energy_ac_mcp_machine=2964772705
-------
timestamp=150487187137
iterations=1121
sample_ns=100000000
window_ns=1000000000
rapl_core_sum_uj=1038056460
rapl_psys_sum_uj=0
pid=0 energy=4877911882250 alive=1 kernel=1 cpu_ns=255665000000 mem=787795968 instructions=719917376450 wakeups=144323 diski=7471104 disko=17285120 rx=2930 tx=1528 comm=*system*
psu_energy_ac_mcp_machine=2970831299
-------
timestamp=150655362054
iterations=1123
sample_ns=100000000
window_ns=1000000000
rapl_core_sum_uj=1040944886
rapl_psys_sum_uj=0
pid=0 energy=4899588567035 alive=1 kernel=1 cpu_ns=256496000000 mem=787795968 instructions=723421713407 wakeups=144541 diski=7471104 disko=17285120 rx=2930 tx=1528 comm=*system*
psu_energy_ac_mcp_machine=2976843750
-------
timestamp=150818605906
iterations=1124
sample_ns=100000000
window_ns=1000000000
rapl_core_sum_uj=1042343994
rapl_psys_sum_uj=0
pid=0 energy=4914597153905 alive=1 kernel=1 cpu_ns=256912000000 mem=787619840 instructions=726007430781 wakeups=144736 diski=7471104 disko=17285120 rx=2930 tx=1528 comm=*system*
psu_energy_ac_mcp_machine=2982439819
-------
timestamp=150993602171
iterations=1126
sample_ns=100000000
window_ns=1000000000
rapl_core_sum_uj=1044903441
rapl_psys_sum_uj=0
pid=0 energy=4935561537455 alive=1 kernel=1 cpu_ns=257747000000 mem=696999936 instructions=729365307491 wakeups=144987 diski=7471104 disko=17285120 rx=2930 tx=1528 comm=*system*
psu_energy_ac_mcp_machine=2989167603
-------
timestamp=151164662060
iterations=1128
sample_ns=100000000
window_ns=1000000000
rapl_core_sum_uj=1047350156
rapl_psys_sum_uj=0
pid=0 energy=4957073209185 alive=1 kernel=1 cpu_ns=258575000000 mem=504139776 instructions=732839641837 wakeups=145241 diski=7471104 disko=17305600 rx=2930 tx=1528 comm=*system*
psu_energy_ac_mcp_machine=2994759155
-------
timestamp=151337662672
iterations=1129
sample_ns=100000000
window_ns=1000000000
rapl_core_sum_uj=1048617734
rapl_psys_sum_uj=0
pid=0 energy=4964402220275 alive=1 kernel=1 cpu_ns=258994000000 mem=554512384 instructions=733886444055 wakeups=145436 diski=7471104 disko=17305600 rx=2930 tx=1528 comm=*system*
psu_energy_ac_mcp_machine=3000191895
-------
timestamp=151504062186
iterations=1131
sample_ns=100000000
window_ns=1000000000
rapl_core_sum_uj=1051122615
rapl_psys_sum_uj=0
pid=0 energy=4977076554345 alive=1 kernel=1 cpu_ns=259822000000 mem=408383488 instructions=735593310869 wakeups=145672 diski=7471104 disko=17305600 rx=2930 tx=1528 comm=*system*
psu_energy_ac_mcp_machine=3007045166
-------
timestamp=151678104292
iterations=1133
sample_ns=100000000
window_ns=1000000000
rapl_core_sum_uj=1053819270
rapl_psys_sum_uj=0
pid=0 energy=5002198253125 alive=1 kernel=1 cpu_ns=260657000000 mem=695582720 instructions=739782650625 wakeups=145895 diski=7471104 disko=17305600 rx=2932 tx=1528 comm=*system*
psu_energy_ac_mcp_machine=3012574463
-------
timestamp=151844586065
iterations=1134
sample_ns=100000000
window_ns=1000000000
rapl_core_sum_uj=1055150812
rapl_psys_sum_uj=0
pid=0 energy=5015576137440 alive=1 kernel=1 cpu_ns=261069000000 mem=666689536 instructions=742046227488 wakeups=146081 diski=7471104 disko=17305600 rx=2932 tx=1528 comm=*system*
psu_energy_ac_mcp_machine=3018037964
-------
timestamp=152012599063
iterations=1136
sample_ns=100000000
window_ns=1000000000
rapl_core_sum_uj=1057849908
rapl_psys_sum_uj=0
pid=0 energy=5041282502130 alive=1 kernel=1 cpu_ns=261901000000 mem=555020288 instructions=746355500426 wakeups=146303 diski=7471104 disko=17305600 rx=2932 tx=1528 comm=*system*
psu_energy_ac_mcp_machine=3023527222
-------
timestamp=152173598399
iterations=1137
sample_ns=100000000
window_ns=1000000000
rapl_core_sum_uj=1059216302
rapl_psys_sum_uj=0
pid=0 energy=5052732772470 alive=1 kernel=1 cpu_ns=262320000000 mem=618074112 instructions=748226554494 wakeups=146511 diski=7471104 disko=17305600 rx=2932 tx=1528 comm=*system*
psu_energy_ac_mcp_machine=3029032104
-------
timestamp=152341574282
iterations=1139
sample_ns=100000000
window_ns=1000000000
rapl_core_sum_uj=1061809319
rapl_psys_sum_uj=0
pid=0 energy=5073406366310 alive=1 kernel=1 cpu_ns=263152000000 mem=683593728 instructions=751529273262 wakeups=146720 diski=7471104 disko=17305600 rx=2932 tx=1528 comm=*system*
psu_energy_ac_mcp_machine=3034308105
-------
timestamp=152508565312
iterations=1141
sample_ns=100000000
window_ns=1000000000
rapl_core_sum_uj=1063941886
rapl_psys_sum_uj=0
pid=0 energy=5083111377545 alive=1 kernel=1 cpu_ns=263980000000 mem=739778560 instructions=752642275509 wakeups=146970 diski=7471104 disko=17305600 rx=2932 tx=1528 comm=*system*
psu_energy_ac_mcp_machine=3040488403
-------
timestamp=152678103029
iterations=1142
sample_ns=100000000
window_ns=1000000000
rapl_core_sum_uj=1064990408
rapl_psys_sum_uj=0
pid=0 energy=5089366281420 alive=1 kernel=1 cpu_ns=264395000000 mem=704200704 instructions=753478256284 wakeups=147154 diski=7471104 disko=17305600 rx=2932 tx=1528 comm=*system*
psu_energy_ac_mcp_machine=3045732422
-------
timestamp=152850015569
iterations=1144
sample_ns=100000000
window_ns=1000000000
rapl_core_sum_uj=1067477589
rapl_psys_sum_uj=0
pid=0 energy=5111626126280 alive=1 kernel=1 cpu_ns=265227000000 mem=708427776 instructions=757098225256 wakeups=147375 diski=7471104 disko=17305600 rx=2932 tx=1528 comm=*system*
psu_energy_ac_mcp_machine=3051288696
-------
timestamp=153017610498
iterations=1145
sample_ns=100000000
window_ns=1000000000
rapl_core_sum_uj=1068787464
rapl_psys_sum_uj=0
pid=0 energy=5122958130675 alive=1 kernel=1 cpu_ns=265643000000 mem=702210048 instructions=758948626135 wakeups=147590 diski=7471104 disko=17305600 rx=2932 tx=1528 comm=*system*
psu_energy_ac_mcp_machine=3056783447
-------
timestamp=153186973615
iterations=1147
sample_ns=100000000
window_ns=1000000000
rapl_core_sum_uj=1071431079
rapl_psys_sum_uj=0
pid=0 energy=5149781958865 alive=1 kernel=1 cpu_ns=266479000000 mem=724754432 instructions=763477391773 wakeups=147823 diski=7471104 disko=17305600 rx=2932 tx=1528 comm=*system*
psu_energy_ac_mcp_machine=3062424438
-------
timestamp=153355621280
iterations=1149
sample_ns=100000000
window_ns=1000000000
rapl_core_sum_uj=1074069079
rapl_psys_sum_uj=0
pid=0 energy=5179820088715 alive=1 kernel=1 cpu_ns=267307000000 mem=666279936 instructions=768657017743 wakeups=148054 diski=7471104 disko=17305600 rx=2932 tx=1528 comm=*system*
psu_energy_ac_mcp_machine=3069414307
-------
timestamp=153524929116
iterations=1150
sample_ns=100000000
window_ns=1000000000
rapl_core_sum_uj=1075384508
rapl_psys_sum_uj=0
pid=0 energy=5193887791485 alive=1 kernel=1 cpu_ns=267723000000 mem=667512832 instructions=771054558297 wakeups=148260 diski=7471104 disko=17305600 rx=2932 tx=1528 comm=*system*
psu_energy_ac_mcp_machine=3075001587
-------
timestamp=153691595398
iterations=1152
sample_ns=100000000
window_ns=1000000000
rapl_core_sum_uj=1078051560
rapl_psys_sum_uj=0
pid=0 energy=5219308933545 alive=1 kernel=1 cpu_ns=268554000000 mem=538595328 instructions=775307786709 wakeups=148475 diski=7471104 disko=17305600 rx=2934 tx=1528 comm=*system*
psu_energy_ac_mcp_machine=3080597412
-------
timestamp=153857592513
iterations=1154
sample_ns=100000000
window_ns=1000000000
rapl_core_sum_uj=1080718429
rapl_psys_sum_uj=0
pid=0 energy=5241136428335 alive=1 kernel=1 cpu_ns=269386000000 mem=701587456 instructions=778841285667 wakeups=148718 diski=7471104 disko=17305600 rx=2934 tx=1528 comm=*system*
psu_energy_ac_mcp_machine=3086054565
-------
timestamp=154025886569
iterations=1155
sample_ns=100000000
window_ns=1000000000
rapl_core_sum_uj=1082071517
rapl_psys_sum_uj=0
pid=0 energy=5253990489760 alive=1 kernel=1 cpu_ns=269805000000 mem=602611712 instructions=780993097952 wakeups=148901 diski=7471104 disko=17305600 rx=2934 tx=1528 comm=*system*
psu_energy_ac_mcp_machine=3091566162
-------
timestamp=154193621225
iterations=1157
sample_ns=100000000
window_ns=1000000000
rapl_core_sum_uj=1084620039
rapl_psys_sum_uj=0
pid=0 energy=5271335341675 alive=1 kernel=1 cpu_ns=270632000000 mem=593240064 instructions=783635068335 wakeups=149140 diski=7471104 disko=17305600 rx=2934 tx=1528 comm=*system*
psu_energy_ac_mcp_machine=3098195801
-------
timestamp=154363580356
iterations=1158
sample_ns=100000000
window_ns=1000000000
rapl_core_sum_uj=1085967023
rapl_psys_sum_uj=0
pid=0 energy=5281866075205 alive=1 kernel=1 cpu_ns=271048000000 mem=627232768 instructions=785325215041 wakeups=149337 diski=7471104 disko=17305600 rx=2934 tx=1528 comm=*system*
psu_energy_ac_mcp_machine=3103815186
-------
timestamp=154532331108
iterations=1160
sample_ns=100000000
window_ns=1000000000
rapl_core_sum_uj=1088683635
rapl_psys_sum_uj=0
pid=0 energy=5305090092425 alive=1 kernel=1 cpu_ns=271884000000 mem=392806400 instructions=789134018485 wakeups=149563 diski=7471104 disko=17305600 rx=2934 tx=1528 comm=*system*
psu_energy_ac_mcp_machine=3109209106
-------
timestamp=154701127582
iterations=1162
sample_ns=100000000
window_ns=1000000000
rapl_core_sum_uj=1091200907
rapl_psys_sum_uj=0
pid=0 energy=5320808349345 alive=1 kernel=1 cpu_ns=272715000000 mem=823967744 instructions=791446669869 wakeups=149806 diski=7471104 disko=17305600 rx=2934 tx=1528 comm=*system*
psu_energy_ac_mcp_machine=3114590332
-------
timestamp=154867084215
iterations=1163
sample_ns=100000000
window_ns=1000000000
rapl_core_sum_uj=1092346231
rapl_psys_sum_uj=0
pid=0 energy=5328164616800 alive=1 kernel=1 cpu_ns=273127000000 mem=838057984 instructions=792505923360 wakeups=149997 diski=7471104 disko=17305600 rx=2934 tx=1528 comm=*system*
psu_energy_ac_mcp_machine=3120109741
-------
timestamp=155031656504
iterations=1165
sample_ns=100000000
window_ns=1000000000
rapl_core_sum_uj=1094669533
rapl_psys_sum_uj=0
pid=0 energy=5346989816680 alive=1 kernel=1 cpu_ns=273959000000 mem=720199680 instructions=795438963336 wakeups=150214 diski=7471104 disko=17305600 rx=2934 tx=1528 comm=*system*
psu_energy_ac_mcp_machine=3126910034
-------
timestamp=155201657042
iterations=1166
sample_ns=100000000
window_ns=1000000000
rapl_core_sum_uj=1095814186
rapl_psys_sum_uj=0
pid=0 energy=5354285320185 alive=1 kernel=1 cpu_ns=274374000000 mem=817598464 instructions=796483064037 wakeups=150418 diski=7471104 disko=17305600 rx=2934 tx=1528 comm=*system*
psu_energy_ac_mcp_machine=3132336182
-------
timestamp=155368648099
iterations=1168
sample_ns=100000000
window_ns=1000000000
rapl_core_sum_uj=1098001074
rapl_psys_sum_uj=0
pid=0 energy=5369744397545 alive=1 kernel=1 cpu_ns=275206000000 mem=855113728 instructions=798742879509 wakeups=150637 diski=7471104 disko=17305600 rx=2934 tx=1528 comm=*system*
psu_energy_ac_mcp_machine=3137730225
-------
timestamp=155536084486
iterations=1170
sample_ns=100000000
window_ns=1000000000
rapl_core_sum_uj=1100217442
rapl_psys_sum_uj=0
pid=0 energy=5386037175900 alive=1 kernel=1 cpu_ns=276042000000 mem=855113728 instructions=801165435180 wakeups=150870 diski=7471104 disko=17305600 rx=2934 tx=1528 comm=*system*
psu_energy_ac_mcp_machine=3143136841
-------
timestamp=155700578044
iterations=1171
sample_ns=100000000
window_ns=1000000000
rapl_core_sum_uj=1101437473
rapl_psys_sum_uj=0
pid=0 energy=5395086191000 alive=1 kernel=1 cpu_ns=276458000000 mem=563269632 instructions=802559238200 wakeups=151058 diski=7471104 disko=17305600 rx=2936 tx=1528 comm=*system*
psu_energy_ac_mcp_machine=3148516846
-------
timestamp=155867599370
iterations=1173
sample_ns=100000000
window_ns=1000000000
rapl_core_sum_uj=1103836580
rapl_psys_sum_uj=0
pid=0 energy=5412933488490 alive=1 kernel=1 cpu_ns=277286000000 mem=759652352 instructions=805300697698 wakeups=151257 diski=7471104 disko=17305600 rx=2936 tx=1528 comm=*system*
psu_energy_ac_mcp_machine=3153876099
-------
timestamp=156033567955
iterations=1174
sample_ns=100000000
window_ns=1000000000
rapl_core_sum_uj=1105057466
rapl_psys_sum_uj=0
pid=0 energy=5423822240190 alive=1 kernel=1 cpu_ns=277702000000 mem=804753408 instructions=807062448038 wakeups=151467 diski=7471104 disko=17305600 rx=2936 tx=1528 comm=*system*
psu_energy_ac_mcp_machine=3159340332
-------
timestamp=156196583994
iterations=1176
sample_ns=100000000
window_ns=1000000000
rapl_core_sum_uj=1107669220
rapl_psys_sum_uj=0
pid=0 energy=5448196381240 alive=1 kernel=1 cpu_ns=278538000000 mem=735006720 instructions=811101276248 wakeups=151691 diski=7471104 disko=17321984 rx=2936 tx=1528 comm=*system*
psu_energy_ac_mcp_machine=3166239014
-------
timestamp=156368553242
iterations=1178
sample_ns=100000000
window_ns=1000000000
rapl_core_sum_uj=1110211029
rapl_psys_sum_uj=0
pid=0 energy=5473265132375 alive=1 kernel=1 cpu_ns=279365000000 mem=788373504 instructions=815288026475 wakeups=151928 diski=7471104 disko=17321984 rx=2936 tx=1528 comm=*system*
psu_energy_ac_mcp_machine=3171770630
-------
timestamp=156537161270
iterations=1179
sample_ns=100000000
window_ns=1000000000
rapl_core_sum_uj=1111473174
rapl_psys_sum_uj=0
pid=0 energy=5486067958715 alive=1 kernel=1 cpu_ns=279781000000 mem=658214912 instructions=817432591743 wakeups=152132 diski=7471104 disko=17321984 rx=2936 tx=1528 comm=*system*
psu_energy_ac_mcp_machine=3177142822
-------
timestamp=156713685295
iterations=1181
sample_ns=100000000
window_ns=1000000000
rapl_core_sum_uj=1114018949
rapl_psys_sum_uj=0
pid=0 energy=5507705474975 alive=1 kernel=1 cpu_ns=280612000000 mem=695025664 instructions=820929094995 wakeups=152349 diski=7471104 disko=17321984 rx=2936 tx=1528 comm=*system*
psu_energy_ac_mcp_machine=3184145508
-------
timestamp=156886223875
iterations=1183
sample_ns=100000000
window_ns=1000000000
rapl_core_sum_uj=1116393887
rapl_psys_sum_uj=0
pid=0 energy=5530139919805 alive=1 kernel=1 cpu_ns=281447000000 mem=788635648 instructions=824580983961 wakeups=152587 diski=7471104 disko=17321984 rx=2936 tx=1528 comm=*system*
psu_energy_ac_mcp_machine=3189707397
-------
timestamp=157073075117
iterations=1184
sample_ns=100000000
window_ns=1000000000
rapl_core_sum_uj=1117553188
rapl_psys_sum_uj=0
pid=0 energy=5540877950765 alive=1 kernel=1 cpu_ns=281859000000 mem=678907904 instructions=826316590153 wakeups=152789 diski=7471104 disko=17321984 rx=2936 tx=1528 comm=*system*
psu_energy_ac_mcp_machine=3195264404
-------
timestamp=157244264348
iterations=1186
sample_ns=100000000
window_ns=1000000000
rapl_core_sum_uj=1119915369
rapl_psys_sum_uj=0
pid=0 energy=5561488326435 alive=1 kernel=1 cpu_ns=282693000000 mem=787578880 instructions=829604665287 wakeups=153020 diski=7471104 disko=17321984 rx=2936 tx=1528 comm=*system*
psu_energy_ac_mcp_machine=3202188477
-------
timestamp=157433344816
iterations=1188
sample_ns=100000000
window_ns=1000000000
rapl_core_sum_uj=1122103112
rapl_psys_sum_uj=0
pid=0 energy=5580936542035 alive=1 kernel=1 cpu_ns=283522000000 mem=787931136 instructions=832665308407 wakeups=153242 diski=7471104 disko=17321984 rx=2936 tx=1528 comm=*system*
psu_energy_ac_mcp_machine=3208938354
-------
timestamp=157621493044
iterations=1190
sample_ns=100000000
window_ns=1000000000
rapl_core_sum_uj=1124274864
rapl_psys_sum_uj=0
pid=0 energy=5598810834780 alive=1 kernel=1 cpu_ns=284355000000 mem=788459520 instructions=835407166956 wakeups=153477 diski=7471104 disko=17321984 rx=2936 tx=1528 comm=*system*
psu_energy_ac_mcp_machine=3214407349
-------
timestamp=157803971480
iterations=1192
sample_ns=100000000
window_ns=1000000000
rapl_core_sum_uj=1126406150
rapl_psys_sum_uj=0
pid=0 energy=5616783244580 alive=1 kernel=1 cpu_ns=285175000000 mem=789164032 instructions=838181648916 wakeups=153712 diski=7471104 disko=17321984 rx=2938 tx=1528 comm=*system*
psu_energy_ac_mcp_machine=3221149292
-------
timestamp=157994363118
iterations=1193
sample_ns=100000000
window_ns=1000000000
rapl_core_sum_uj=1127516989
rapl_psys_sum_uj=0
pid=0 energy=5626951725100 alive=1 kernel=1 cpu_ns=285592000000 mem=787886080 instructions=839798345020 wakeups=153885 diski=7471104 disko=17321984 rx=2938 tx=1528 comm=*system*
psu_energy_ac_mcp_machine=3227968384
-------
timestamp=158181040794
iterations=1195
sample_ns=100000000
window_ns=1000000000
rapl_core_sum_uj=1129674642
rapl_psys_sum_uj=0
pid=0 energy=5645501098725 alive=1 kernel=1 cpu_ns=286423000000 mem=787886080 instructions=842677219745 wakeups=154110 diski=7471104 disko=17321984 rx=2938 tx=1528 comm=*system*
psu_energy_ac_mcp_machine=3233368774
-------
timestamp=158359057110
iterations=1197
sample_ns=100000000
window_ns=1000000000
rapl_core_sum_uj=1131814351
rapl_psys_sum_uj=0
pid=0 energy=5663579792155 alive=1 kernel=1 cpu_ns=287249000000 mem=788062208 instructions=845466958431 wakeups=154345 diski=7471104 disko=17321984 rx=2939 tx=1529 comm=*system*
psu_energy_ac_mcp_machine=3240161621
-------
timestamp=158542502441
iterations=1199
sample_ns=100000000
window_ns=1000000000
rapl_core_sum_uj=1133943866
rapl_psys_sum_uj=0
pid=0 energy=5681091844890 alive=1 kernel=1 cpu_ns=288081000000 mem=788590592 instructions=848137368978 wakeups=154583 diski=7471104 disko=17321984 rx=2939 tx=1529 comm=*system*
psu_energy_ac_mcp_machine=3245562988
-------
timestamp=158728859113
iterations=1200
sample_ns=100000000
window_ns=1000000000
rapl_core_sum_uj=1135041278
rapl_psys_sum_uj=0
pid=0 energy=5690703492690 alive=1 kernel=1 cpu_ns=288497000000 mem=787886080 instructions=849643698538 wakeups=154770 diski=7471104 disko=17321984 rx=2939 tx=1529 comm=*system*
psu_energy_ac_mcp_machine=3252387695
-------
timestamp=158920462402
iterations=1202
sample_ns=100000000
window_ns=1000000000
rapl_core_sum_uj=1137177629
rapl_psys_sum_uj=0
pid=0 energy=5708662229290 alive=1 kernel=1 cpu_ns=289328000000 mem=787886080 instructions=852404445858 wakeups=154988 diski=7471104 disko=17321984 rx=2939 tx=1529 comm=*system*
psu_energy_ac_mcp_machine=3259181641
-------
timestamp=159107258625
iterations=1204
sample_ns=100000000
window_ns=1000000000
rapl_core_sum_uj=1139288285
rapl_psys_sum_uj=0
pid=0 energy=5725589829780 alive=1 kernel=1 cpu_ns=290160000000 mem=787738624 instructions=854957965956 wakeups=155224 diski=7471104 disko=17321984 rx=2939 tx=1529 comm=*system*
psu_energy_ac_mcp_machine=3264606323
-------
timestamp=159283013782
iterations=1206
sample_ns=100000000
window_ns=1000000000
rapl_core_sum_uj=1141492020
rapl_psys_sum_uj=0
pid=0 energy=5744964560905 alive=1 kernel=1 cpu_ns=291004000000 mem=788619264 instructions=857988912181 wakeups=155465 diski=7471104 disko=17321984 rx=2939 tx=1529 comm=*system*
psu_energy_ac_mcp_machine=3271409424
-------
timestamp=159472951753
iterations=1207
sample_ns=100000000
window_ns=1000000000
rapl_core_sum_uj=1142631729
rapl_psys_sum_uj=0
pid=0 energy=5754668115825 alive=1 kernel=1 cpu_ns=291440000000 mem=787914752 instructions=859493623165 wakeups=155656 diski=7471104 disko=17321984 rx=2939 tx=1529 comm=*system*
psu_energy_ac_mcp_machine=3278193726
-------
timestamp=159662403748
iterations=1209
sample_ns=100000000
window_ns=1000000000
rapl_core_sum_uj=1144753249
rapl_psys_sum_uj=0
pid=0 energy=5772217827590 alive=1 kernel=1 cpu_ns=292272000000 mem=788090880 instructions=862171565518 wakeups=155874 diski=7471104 disko=17321984 rx=2939 tx=1529 comm=*system*
psu_energy_ac_mcp_machine=3283624023
-------
timestamp=159845592951
iterations=1211
sample_ns=100000000
window_ns=1000000000
rapl_core_sum_uj=1146908155
rapl_psys_sum_uj=0
pid=0 energy=5790539676015 alive=1 kernel=1 cpu_ns=293107000000 mem=788090880 instructions=865000935203 wakeups=156058 diski=7471104 disko=17321984 rx=2941 tx=1529 comm=*system*
psu_energy_ac_mcp_machine=3290402710
-------
timestamp=160034934600
iterations=1213
sample_ns=100000000
window_ns=1000000000
rapl_core_sum_uj=1149060681
rapl_psys_sum_uj=0
pid=0 energy=5808851370670 alive=1 kernel=1 cpu_ns=293939000000 mem=787955712 instructions=867831274134 wakeups=156297 diski=7471104 disko=17321984 rx=2941 tx=1529 comm=*system*
psu_energy_ac_mcp_machine=3297161133
-------
timestamp=160222082952
iterations=1215
sample_ns=100000000
window_ns=1000000000
rapl_core_sum_uj=1151170116
rapl_psys_sum_uj=0
pid=0 energy=5826101627550 alive=1 kernel=1 cpu_ns=294767000000 mem=788484096 instructions=870453325510 wakeups=156530 diski=7471104 disko=17321984 rx=2941 tx=1529 comm=*system*
psu_energy_ac_mcp_machine=3302566528
-------
timestamp=160402387875
iterations=1216
sample_ns=100000000
window_ns=1000000000
rapl_core_sum_uj=1152217052
rapl_psys_sum_uj=0
pid=0 energy=5834294123090 alive=1 kernel=1 cpu_ns=295183000000 mem=787955712 instructions=871675824618 wakeups=156723 diski=7471104 disko=17321984 rx=2941 tx=1529 comm=*system*
psu_energy_ac_mcp_machine=3309313354
-------
timestamp=160579822092
iterations=1218
sample_ns=100000000
window_ns=1000000000
rapl_core_sum_uj=1154477549
rapl_psys_sum_uj=0
pid=0 energy=5854231853045 alive=1 kernel=1 cpu_ns=296019000000 mem=660086784 instructions=874827370609 wakeups=156956 diski=7471104 disko=17321984 rx=2941 tx=1529 comm=*system*
psu_energy_ac_mcp_machine=3314894287
-------
timestamp=160745968193
iterations=1220
sample_ns=100000000
window_ns=1000000000
rapl_core_sum_uj=1157004404
rapl_psys_sum_uj=0
pid=0 energy=5876319660610 alive=1 kernel=1 cpu_ns=296855000000 mem=446091264 instructions=878408932122 wakeups=157186 diski=7471104 disko=17321984 rx=2941 tx=1529 comm=*system*
psu_energy_ac_mcp_machine=3320552856
-------
timestamp=160914270696
iterations=1221
sample_ns=100000000
window_ns=1000000000
rapl_core_sum_uj=1158248666
rapl_psys_sum_uj=0
pid=0 energy=5885857822915 alive=1 kernel=1 cpu_ns=297267000000 mem=491532288 instructions=879904564583 wakeups=157384 diski=7471104 disko=17321984 rx=2941 tx=1529 comm=*system*
psu_energy_ac_mcp_machine=3326013428
-------
timestamp=161081533438
iterations=1223
sample_ns=100000000
window_ns=1000000000
rapl_core_sum_uj=1160740974
rapl_psys_sum_uj=0
pid=0 energy=5903852370655 alive=1 kernel=1 cpu_ns=298099000000 mem=470429696 instructions=882671474131 wakeups=157611 diski=7471104 disko=17321984 rx=2941 tx=1529 comm=*system*
psu_energy_ac_mcp_machine=3332277100
-------
timestamp=161247870207
iterations=1225
sample_ns=100000000
window_ns=1000000000
rapl_core_sum_uj=1163188666
rapl_psys_sum_uj=0
pid=0 energy=5919765398480 alive=1 kernel=1 cpu_ns=298930000000 mem=598298624 instructions=885023079696 wakeups=157864 diski=7471104 disko=17338368 rx=2941 tx=1529 comm=*system*
psu_energy_ac_mcp_machine=3337288452
-------
timestamp=161420520274
iterations=1226
sample_ns=100000000
window_ns=1000000000
rapl_core_sum_uj=1164413153
rapl_psys_sum_uj=0
pid=0 energy=5927785972865 alive=1 kernel=1 cpu_ns=299345000000 mem=661704704 instructions=886212194573 wakeups=158044 diski=7471104 disko=17338368 rx=2941 tx=1529 comm=*system*
psu_energy_ac_mcp_machine=3342346924
-------
timestamp=161587516297
iterations=1228
sample_ns=100000000
window_ns=1000000000
rapl_core_sum_uj=1166920232
rapl_psys_sum_uj=0
pid=0 energy=5949326650900 alive=1 kernel=1 cpu_ns=300173000000 mem=744837120 instructions=889692330180 wakeups=158253 diski=7471104 disko=17338368 rx=2941 tx=1529 comm=*system*
psu_energy_ac_mcp_machine=3347512817
-------
timestamp=161750962780
iterations=1229
sample_ns=100000000
window_ns=1000000000
rapl_core_sum_uj=1168234807
rapl_psys_sum_uj=0
pid=0 energy=5961090758650 alive=1 kernel=1 cpu_ns=300593000000 mem=762273792 instructions=891625151730 wakeups=158440 diski=7471104 disko=17338368 rx=2943 tx=1529 comm=*system*
psu_energy_ac_mcp_machine=3352759521
-------
timestamp=161919506435
iterations=1231
sample_ns=100000000
window_ns=1000000000
rapl_core_sum_uj=1170855595
rapl_psys_sum_uj=0
pid=0 energy=5980212517080 alive=1 kernel=1 cpu_ns=301425000000 mem=787890176 instructions=894617503416 wakeups=158646 diski=7471104 disko=17338368 rx=2943 tx=1529 comm=*system*
psu_energy_ac_mcp_machine=3359332397
-------
timestamp=162088825909
iterations=1233
sample_ns=100000000
window_ns=1000000000
rapl_core_sum_uj=1173504397
rapl_psys_sum_uj=0
pid=0 energy=5999217823895 alive=1 kernel=1 cpu_ns=302251000000 mem=788594688 instructions=897592564779 wakeups=158878 diski=7471104 disko=17338368 rx=2943 tx=1529 comm=*system*
psu_energy_ac_mcp_machine=3364607910
-------
timestamp=162254962368
iterations=1234
sample_ns=100000000
window_ns=1000000000
rapl_core_sum_uj=1174834902
rapl_psys_sum_uj=0
pid=0 energy=6007678650340 alive=1 kernel=1 cpu_ns=302667000000 mem=788066304 instructions=898868730068 wakeups=159069 diski=7471104 disko=17338368 rx=2943 tx=1529 comm=*system*
psu_energy_ac_mcp_machine=3369881104
-------
timestamp=162418508332
iterations=1236
sample_ns=100000000
window_ns=1000000000
rapl_core_sum_uj=1177503419
rapl_psys_sum_uj=0
pid=0 energy=6027877831845 alive=1 kernel=1 cpu_ns=303503000000 mem=782958592 instructions=902072566369 wakeups=159279 diski=7471104 disko=17338368 rx=2944 tx=1529 comm=*system*
psu_energy_ac_mcp_machine=3375236694
-------
timestamp=162582579155
iterations=1237
sample_ns=100000000
window_ns=1000000000
rapl_core_sum_uj=1178694703
rapl_psys_sum_uj=0
pid=0 energy=6037099703695 alive=1 kernel=1 cpu_ns=303914000000 mem=660549632 instructions=903505940739 wakeups=159490 diski=7471104 disko=17338368 rx=2944 tx=1529 comm=*system*
psu_energy_ac_mcp_machine=3380510376
-------
timestamp=162751308933
iterations=1239
sample_ns=100000000
window_ns=1000000000
rapl_core_sum_uj=1181061096
rapl_psys_sum_uj=0
pid=0 energy=6051851371250 alive=1 kernel=1 cpu_ns=304746000000 mem=651919360 instructions=905624274250 wakeups=159696 diski=7471104 disko=17338368 rx=2944 tx=1529 comm=*system*
psu_energy_ac_mcp_machine=3385796143
-------
timestamp=162926202703
iterations=1241
sample_ns=100000000
window_ns=1000000000
rapl_core_sum_uj=1183297056
rapl_psys_sum_uj=0
pid=0 energy=6064153926525 alive=1 kernel=1 cpu_ns=305578000000 mem=565284864 instructions=907252785305 wakeups=159928 diski=7471104 disko=17338368 rx=2944 tx=1529 comm=*system*
psu_energy_ac_mcp_machine=3392483765
-------
timestamp=163116338568
iterations=1243
sample_ns=100000000
window_ns=1000000000
rapl_core_sum_uj=1185369442
rapl_psys_sum_uj=0
pid=0 energy=6071794643780 alive=1 kernel=1 cpu_ns=306410000000 mem=668672000 instructions=907948928756 wakeups=160177 diski=7471104 disko=17338368 rx=2944 tx=1529 comm=*system*
psu_energy_ac_mcp_machine=3397725220
-------
timestamp=163292592167
iterations=1244
sample_ns=100000000
window_ns=1000000000
rapl_core_sum_uj=1186430721
rapl_psys_sum_uj=0
pid=0 energy=6075327694535 alive=1 kernel=1 cpu_ns=306828000000 mem=674050048 instructions=908237538907 wakeups=160347 diski=7471104 disko=17338368 rx=2944 tx=1529 comm=*system*
psu_energy_ac_mcp_machine=3404340332
-------
timestamp=163491404560
iterations=1246
sample_ns=100000000
window_ns=1000000000
rapl_core_sum_uj=1188406550
rapl_psys_sum_uj=0
pid=0 energy=6082197150110 alive=1 kernel=1 cpu_ns=307656000000 mem=583659520 instructions=908783430022 wakeups=160554 diski=7471104 disko=17338368 rx=2944 tx=1529 comm=*system*
psu_energy_ac_mcp_machine=3410860474
-------
timestamp=163685177346
iterations=1248
sample_ns=100000000
window_ns=1000000000
rapl_core_sum_uj=1190345697
rapl_psys_sum_uj=0
pid=0 energy=6088095982980 alive=1 kernel=1 cpu_ns=308492000000 mem=787873792 instructions=909127196596 wakeups=160776 diski=7471104 disko=17338368 rx=2946 tx=1529 comm=*system*
psu_energy_ac_mcp_machine=3417309326
-------
timestamp=163885598911
iterations=1250
sample_ns=100000000
window_ns=1000000000
rapl_core_sum_uj=1192202385
rapl_psys_sum_uj=0
pid=0 energy=6093640808720 alive=1 kernel=1 cpu_ns=309323000000 mem=748199936 instructions=909405161744 wakeups=160989 diski=7471104 disko=17338368 rx=2946 tx=1529 comm=*system*
psu_energy_ac_mcp_machine=3423760376
-------
timestamp=164083321532
iterations=1252
sample_ns=100000000
window_ns=1000000000
rapl_core_sum_uj=1194215689
rapl_psys_sum_uj=0
pid=0 energy=6100316198120 alive=1 kernel=1 cpu_ns=310182000000 mem=706629632 instructions=909881239624 wakeups=161231 diski=7471104 disko=17338368 rx=2946 tx=1529 comm=*system*
psu_energy_ac_mcp_machine=3430229736
-------
timestamp=164277688216
iterations=1254
sample_ns=100000000
window_ns=1000000000
rapl_core_sum_uj=1196196340
rapl_psys_sum_uj=0
pid=0 energy=6106996493130 alive=1 kernel=1 cpu_ns=311012000000 mem=648359936 instructions=910387298626 wakeups=161481 diski=7471104 disko=17338368 rx=2946 tx=1529 comm=*system*
psu_energy_ac_mcp_machine=3436817749
-------
timestamp=164476481945
iterations=1256
sample_ns=100000000
window_ns=1000000000
rapl_core_sum_uj=1198118031
rapl_psys_sum_uj=0
pid=0 energy=6113003239945 alive=1 kernel=1 cpu_ns=311844000000 mem=789086208 instructions=910756647989 wakeups=161733 diski=7471104 disko=17338368 rx=2946 tx=1529 comm=*system*
psu_energy_ac_mcp_machine=3443263184
-------
timestamp=164683447256
iterations=1258
sample_ns=100000000
window_ns=1000000000
rapl_core_sum_uj=1200045703
rapl_psys_sum_uj=0
pid=0 energy=6119307153905 alive=1 kernel=1 cpu_ns=312675000000 mem=789086208 instructions=911186430781 wakeups=161956 diski=7471104 disko=17338368 rx=2946 tx=1529 comm=*system*
psu_energy_ac_mcp_machine=3449765625
-------
timestamp=164860036360
iterations=1259
sample_ns=100000000
window_ns=1000000000
rapl_core_sum_uj=1201116137
rapl_psys_sum_uj=0
pid=0 energy=6126965916260 alive=1 kernel=1 cpu_ns=313090000000 mem=637792256 instructions=912303183252 wakeups=162133 diski=7471104 disko=17338368 rx=2946 tx=1529 comm=*system*
psu_energy_ac_mcp_machine=3455177979
-------
timestamp=165044354324
iterations=1261
sample_ns=100000000
window_ns=1000000000
rapl_core_sum_uj=1203479845
rapl_psys_sum_uj=0
pid=0 energy=6140178169990 alive=1 kernel=1 cpu_ns=313922000000 mem=767967232 instructions=914113633998 wakeups=162353 diski=7471104 disko=17338368 rx=2946 tx=1529 comm=*system*
psu_energy_ac_mcp_machine=3461971802
-------
timestamp=165234118283
iterations=1263
sample_ns=100000000
window_ns=1000000000
rapl_core_sum_uj=1205407151
rapl_psys_sum_uj=0
pid=0 energy=6149154864035 alive=1 kernel=1 cpu_ns=314753000000 mem=788045824 instructions=915077972807 wakeups=162590 diski=7471104 disko=17338368 rx=2946 tx=1529 comm=*system*
psu_energy_ac_mcp_machine=3468468628
-------
timestamp=165412638719
iterations=1265
sample_ns=100000000
window_ns=1000000000
rapl_core_sum_uj=1207648361
rapl_psys_sum_uj=0
pid=0 energy=6162353019325 alive=1 kernel=1 cpu_ns=315588000000 mem=527200256 instructions=916882603865 wakeups=162853 diski=7471104 disko=17338368 rx=2946 tx=1529 comm=*system*
psu_energy_ac_mcp_machine=3473759277
-------
timestamp=165585839049
iterations=1266
sample_ns=100000000
window_ns=1000000000
rapl_core_sum_uj=1208838485
rapl_psys_sum_uj=0
pid=0 energy=6171263179065 alive=1 kernel=1 cpu_ns=316004000000 mem=699277312 instructions=918248635813 wakeups=163021 diski=7471104 disko=17338368 rx=2946 tx=1529 comm=*system*
psu_energy_ac_mcp_machine=3479129395
-------
timestamp=165752052897
iterations=1268
sample_ns=100000000
window_ns=1000000000
rapl_core_sum_uj=1211277266
rapl_psys_sum_uj=0
pid=0 energy=6196283269140 alive=1 kernel=1 cpu_ns=316844000000 mem=742580224 instructions=922412653828 wakeups=163252 diski=7471104 disko=17338368 rx=2948 tx=1529 comm=*system*
psu_energy_ac_mcp_machine=3484363037
-------
timestamp=165918703908
iterations=1269
sample_ns=100000000
window_ns=1000000000
rapl_core_sum_uj=1212509260
rapl_psys_sum_uj=0
pid=0 energy=6208662236635 alive=1 kernel=1 cpu_ns=317248000000 mem=763850752 instructions=924484447327 wakeups=163447 diski=7471104 disko=17338368 rx=2948 tx=1529 comm=*system*
psu_energy_ac_mcp_machine=3490906616
-------
timestamp=166089533938
iterations=1271
sample_ns=100000000
window_ns=1000000000
rapl_core_sum_uj=1215008038
rapl_psys_sum_uj=0
pid=0 energy=6232565380990 alive=1 kernel=1 cpu_ns=318080000000 mem=537247744 instructions=928433076198 wakeups=163682 diski=7471104 disko=17338368 rx=2948 tx=1529 comm=*system*
psu_energy_ac_mcp_machine=3495946777
-------
timestamp=166258559306
iterations=1273
sample_ns=100000000
window_ns=1000000000
rapl_core_sum_uj=1217289897
rapl_psys_sum_uj=0
pid=0 energy=6253750384985 alive=1 kernel=1 cpu_ns=318912000000 mem=502210560 instructions=931838076997 wakeups=163933 diski=7471104 disko=17354752 rx=2948 tx=1529 comm=*system*
psu_energy_ac_mcp_machine=3500866455
-------
timestamp=166428030983
iterations=1274
sample_ns=100000000
window_ns=1000000000
rapl_core_sum_uj=1218386576
rapl_psys_sum_uj=0
pid=0 energy=6263995009245 alive=1 kernel=1 cpu_ns=319326000000 mem=569708544 instructions=933473001849 wakeups=164125 diski=7471104 disko=17354752 rx=2948 tx=1529 comm=*system*
psu_energy_ac_mcp_machine=3505697876
-------
timestamp=166592545294
iterations=1276
sample_ns=100000000
window_ns=1000000000
rapl_core_sum_uj=1220586587
rapl_psys_sum_uj=0
pid=0 energy=6284391714610 alive=1 kernel=1 cpu_ns=320157000000 mem=582438912 instructions=936721342922 wakeups=164416 diski=7471104 disko=19943424 rx=2948 tx=1529 comm=*system*
psu_energy_ac_mcp_machine=3510577148
-------
timestamp=166758583582
iterations=1277
sample_ns=100000000
window_ns=1000000000
rapl_core_sum_uj=1221706399
rapl_psys_sum_uj=0
pid=0 energy=6294041916585 alive=1 kernel=1 cpu_ns=320571000000 mem=547270656 instructions=938237383317 wakeups=164618 diski=7471104 disko=19943424 rx=2948 tx=1529 comm=*system*
psu_energy_ac_mcp_machine=3515523315
-------
timestamp=166927730010
iterations=1279
sample_ns=100000000
window_ns=1000000000
rapl_core_sum_uj=1224012856
rapl_psys_sum_uj=0
pid=0 energy=6313060805920 alive=1 kernel=1 cpu_ns=321403000000 mem=518799360 instructions=941209161184 wakeups=164843 diski=7471104 disko=19943424 rx=2948 tx=1529 comm=*system*
psu_energy_ac_mcp_machine=3522241089
-------
timestamp=167095045950
iterations=1281
sample_ns=100000000
window_ns=1000000000
rapl_core_sum_uj=1226331947
rapl_psys_sum_uj=0
pid=0 energy=6331559416135 alive=1 kernel=1 cpu_ns=322238000000 mem=624291840 instructions=944073883227 wakeups=165068 diski=7471104 disko=19943424 rx=2948 tx=1529 comm=*system*
psu_energy_ac_mcp_machine=3527273682
-------
timestamp=167262607566
iterations=1282
sample_ns=100000000
window_ns=1000000000
rapl_core_sum_uj=1227468482
rapl_psys_sum_uj=0
pid=0 energy=6340037445170 alive=1 kernel=1 cpu_ns=322649000000 mem=595582976 instructions=945358489034 wakeups=165271 diski=7471104 disko=19943424 rx=2948 tx=1529 comm=*system*
psu_energy_ac_mcp_machine=3532322998
-------
timestamp=167429645825
iterations=1284
sample_ns=100000000
window_ns=1000000000
rapl_core_sum_uj=1229859656
rapl_psys_sum_uj=0
pid=0 energy=6356731862580 alive=1 kernel=1 cpu_ns=323481000000 mem=576385024 instructions=947865372516 wakeups=165503 diski=7471104 disko=19943424 rx=2948 tx=1529 comm=*system*
psu_energy_ac_mcp_machine=3537726196
-------
timestamp=167613648879
iterations=1286
sample_ns=100000000
window_ns=1000000000
rapl_core_sum_uj=1232267614
rapl_psys_sum_uj=0
pid=0 energy=6369598517830 alive=1 kernel=1 cpu_ns=324313000000 mem=688754688 instructions=949606703566 wakeups=165744 diski=7471104 disko=19943424 rx=2948 tx=1529 comm=*system*
psu_energy_ac_mcp_machine=3544579102
-------
timestamp=167789665137
iterations=1287
sample_ns=100000000
window_ns=1000000000
rapl_core_sum_uj=1233506017
rapl_psys_sum_uj=0
pid=0 energy=6377463227345 alive=1 kernel=1 cpu_ns=324732000000 mem=527069184 instructions=950760645469 wakeups=165934 diski=7471104 disko=19943424 rx=2950 tx=1529 comm=*system*
psu_energy_ac_mcp_machine=3550125244
-------
timestamp=167964323562
iterations=1289
sample_ns=100000000
window_ns=1000000000
rapl_core_sum_uj=1235980809
rapl_psys_sum_uj=0
pid=0 energy=6391683964685 alive=1 kernel=1 cpu_ns=325560000000 mem=589529088 instructions=952776792937 wakeups=166145 diski=7471104 disko=19943424 rx=2950 tx=1529 comm=*system*
psu_energy_ac_mcp_machine=3557199585
-------
timestamp=168138687354
iterations=1291
sample_ns=100000000
window_ns=1000000000
rapl_core_sum_uj=1238531406
rapl_psys_sum_uj=0
pid=0 energy=6405356683200 alive=1 kernel=1 cpu_ns=326392000000 mem=491601920 instructions=954679336640 wakeups=166384 diski=7471104 disko=19943424 rx=2951 tx=1530 comm=*system*
psu_energy_ac_mcp_machine=3562768555
-------
timestamp=168315628681
iterations=1292
sample_ns=100000000
window_ns=1000000000
rapl_core_sum_uj=1239842441
rapl_psys_sum_uj=0
pid=0 energy=6412524611620 alive=1 kernel=1 cpu_ns=326812000000 mem=597102592 instructions=955692922324 wakeups=166589 diski=7471104 disko=19943424 rx=2951 tx=1530 comm=*system*
psu_energy_ac_mcp_machine=3568399536
-------
timestamp=168484048917
iterations=1294
sample_ns=100000000
window_ns=1000000000
rapl_core_sum_uj=1242415865
rapl_psys_sum_uj=0
pid=0 energy=6425980172110 alive=1 kernel=1 cpu_ns=327640000000 mem=701722624 instructions=957556034422 wakeups=166808 diski=7471104 disko=19943424 rx=2951 tx=1530 comm=*system*
psu_energy_ac_mcp_machine=3575387085
-------
timestamp=168656637037
iterations=1296
sample_ns=100000000
window_ns=1000000000
rapl_core_sum_uj=1244961946
rapl_psys_sum_uj=0
pid=0 energy=6442006219790 alive=1 kernel=1 cpu_ns=328472000000 mem=647827456 instructions=959929243958 wakeups=167035 diski=7471104 disko=19943424 rx=2951 tx=1530 comm=*system*
psu_energy_ac_mcp_machine=3580922363
-------
timestamp=168826119954
iterations=1297
sample_ns=100000000
window_ns=1000000000
rapl_core_sum_uj=1246276093
rapl_psys_sum_uj=0
pid=0 energy=6451607354980 alive=1 kernel=1 cpu_ns=328888000000 mem=636555264 instructions=961433470996 wakeups=167232 diski=7471104 disko=19943424 rx=2951 tx=1530 comm=*system*
psu_energy_ac_mcp_machine=3586555420
-------
timestamp=168990650898
iterations=1299
sample_ns=100000000
window_ns=1000000000
rapl_core_sum_uj=1248830719
rapl_psys_sum_uj=0
pid=0 energy=6472467845150 alive=1 kernel=1 cpu_ns=329719000000 mem=390230016 instructions=964774569030 wakeups=167456 diski=7471104 disko=19943424 rx=2951 tx=1530 comm=*system*
psu_energy_ac_mcp_machine=3592028442
-------
timestamp=169159986870
iterations=1301
sample_ns=100000000
window_ns=1000000000
rapl_core_sum_uj=1251432707
rapl_psys_sum_uj=0
pid=0 energy=6488974915840 alive=1 kernel=1 cpu_ns=330555000000 mem=672210944 instructions=967239983168 wakeups=167715 diski=7471104 disko=19943424 rx=2951 tx=1530 comm=*system*
psu_energy_ac_mcp_machine=3597560791
-------
timestamp=169310793795
iterations=1302
sample_ns=100000000
window_ns=1000000000
rapl_core_sum_uj=1252387602
rapl_psys_sum_uj=0
pid=0 energy=6495344890720 alive=1 kernel=1 cpu_ns=330800000000 mem=308338688 instructions=968268978144 wakeups=167941 diski=7471104 disko=19943424 rx=2956 tx=1536 comm=*system*
psu_energy_ac_mcp_machine=3602288818
-------
timestamp=169453559946
iterations=1303
sample_ns=100000000
window_ns=1000000000
rapl_core_sum_uj=1253030119
rapl_psys_sum_uj=0
pid=0 energy=6497436488560 alive=1 kernel=1 cpu_ns=330925000000 mem=350810112 instructions=968562297712 wakeups=168141 diski=7553024 disko=19943424 rx=2956 tx=1536 comm=*system*
psu_energy_ac_mcp_machine=3606807251
-------
timestamp=169598514514
iterations=1305
sample_ns=100000000
window_ns=1000000000
rapl_core_sum_uj=1254254728
rapl_psys_sum_uj=0
pid=0 energy=6501620826260 alive=1 kernel=1 cpu_ns=331163000000 mem=350806016 instructions=969161165252 wakeups=168353 diski=7553024 disko=19943424 rx=2956 tx=1536 comm=*system*
psu_energy_ac_mcp_machine=3610169067
-------
timestamp=169742227277
iterations=1306
sample_ns=100000000
window_ns=1000000000
rapl_core_sum_uj=1254911771
rapl_psys_sum_uj=0
pid=0 energy=6503842051730 alive=1 kernel=1 cpu_ns=331294000000 mem=350810112 instructions=969474410346 wakeups=168551 diski=7553024 disko=19943424 rx=2958 tx=1536 comm=*system*
psu_energy_ac_mcp_machine=3614729004
-------
timestamp=169887574739
iterations=1308
sample_ns=100000000
window_ns=1000000000
rapl_core_sum_uj=1256168850
rapl_psys_sum_uj=0
pid=0 energy=6508152409080 alive=1 kernel=1 cpu_ns=331542000000 mem=351633408 instructions=970088481816 wakeups=168765 diski=7553024 disko=19943424 rx=2958 tx=1536 comm=*system*
psu_energy_ac_mcp_machine=3619232544
-------
timestamp=170034039059
iterations=1309
sample_ns=100000000
window_ns=1000000000
rapl_core_sum_uj=1256797939
rapl_psys_sum_uj=0
pid=0 energy=6510236238775 alive=1 kernel=1 cpu_ns=331660000000 mem=350892032 instructions=970387247755 wakeups=168951 diski=7553024 disko=19943424 rx=2958 tx=1536 comm=*system*
psu_energy_ac_mcp_machine=3622585938
-------
timestamp=170177360686
iterations=1310
sample_ns=100000000
window_ns=1000000000
rapl_core_sum_uj=1257455775
rapl_psys_sum_uj=0
pid=0 energy=6512471001675 alive=1 kernel=1 cpu_ns=331790000000 mem=350892032 instructions=970704200335 wakeups=169161 diski=7553024 disko=19943424 rx=2958 tx=1536 comm=*system*
psu_energy_ac_mcp_machine=3627130981
-------
timestamp=170323131124
iterations=1312
sample_ns=100000000
window_ns=1000000000
rapl_core_sum_uj=1258678736
rapl_psys_sum_uj=0
pid=0 energy=6516622874075 alive=1 kernel=1 cpu_ns=332024000000 mem=350896128 instructions=971300574815 wakeups=169374 diski=7553024 disko=19943424 rx=2958 tx=1536 comm=*system*
psu_energy_ac_mcp_machine=3630443237
-------
timestamp=170465820125
iterations=1313
sample_ns=100000000
window_ns=1000000000
rapl_core_sum_uj=1259330591
rapl_psys_sum_uj=0
pid=0 energy=6518840253935 alive=1 kernel=1 cpu_ns=332152000000 mem=350904320 instructions=971616050787 wakeups=169579 diski=7553024 disko=19943424 rx=2958 tx=1536 comm=*system*
psu_energy_ac_mcp_machine=3634974121
-------
timestamp=170611233661
iterations=1315
sample_ns=100000000
window_ns=1000000000
rapl_core_sum_uj=1260602807
rapl_psys_sum_uj=0
pid=0 energy=6523207127490 alive=1 kernel=1 cpu_ns=332405000000 mem=352120832 instructions=972236425498 wakeups=169809 diski=7553024 disko=19943424 rx=2958 tx=1536 comm=*system*
psu_energy_ac_mcp_machine=3639486816
-------
timestamp=170756726405
iterations=1316
sample_ns=100000000
window_ns=1000000000
rapl_core_sum_uj=1261211388
rapl_psys_sum_uj=0
pid=0 energy=6525231855490 alive=1 kernel=1 cpu_ns=332519000000 mem=350916608 instructions=972527371098 wakeups=169980 diski=7553024 disko=19943424 rx=2958 tx=1536 comm=*system*
psu_energy_ac_mcp_machine=3642830688
-------
timestamp=170899332222
iterations=1317
sample_ns=100000000
window_ns=1000000000
rapl_core_sum_uj=1261860130
rapl_psys_sum_uj=0
pid=0 energy=6527338216560 alive=1 kernel=1 cpu_ns=332649000000 mem=350908416 instructions=972818643312 wakeups=170181 diski=7553024 disko=19943424 rx=2958 tx=1536 comm=*system*
psu_energy_ac_mcp_machine=3647368408
-------
timestamp=171046324154
iterations=1319
sample_ns=100000000
window_ns=1000000000
rapl_core_sum_uj=1263096763
rapl_psys_sum_uj=0
pid=0 energy=6531517838365 alive=1 kernel=1 cpu_ns=332886000000 mem=350904320 instructions=973417567673 wakeups=170390 diski=7553024 disko=19943424 rx=2958 tx=1536 comm=*system*
psu_energy_ac_mcp_machine=3650691162
-------
timestamp=171189619073
iterations=1320
sample_ns=100000000
window_ns=1000000000
rapl_core_sum_uj=1263752036
rapl_psys_sum_uj=0
pid=0 energy=6533735779480 alive=1 kernel=1 cpu_ns=333017000000 mem=350904320 instructions=973730155896 wakeups=170594 diski=7553024 disko=19943424 rx=2958 tx=1536 comm=*system*
psu_energy_ac_mcp_machine=3655227417
-------
timestamp=171332704748
iterations=1321
sample_ns=100000000
window_ns=1000000000
rapl_core_sum_uj=1264408652
rapl_psys_sum_uj=0
pid=0 energy=6535971350050 alive=1 kernel=1 cpu_ns=333151000000 mem=350851072 instructions=974043270010 wakeups=170795 diski=7553024 disko=19968000 rx=2958 tx=1536 comm=*system*
psu_energy_ac_mcp_machine=3659760376
-------
timestamp=171479551499
iterations=1323
sample_ns=100000000
window_ns=1000000000
rapl_core_sum_uj=1265634664
rapl_psys_sum_uj=0
pid=0 energy=6540146506195 alive=1 kernel=1 cpu_ns=333388000000 mem=350904320 instructions=974641301239 wakeups=171004 diski=7553024 disko=19968000 rx=2958 tx=1536 comm=*system*
psu_energy_ac_mcp_machine=3663095825
-------
timestamp=171622578639
iterations=1324
sample_ns=100000000
window_ns=1000000000
rapl_core_sum_uj=1266289205
rapl_psys_sum_uj=0
pid=0 energy=6542371442845 alive=1 kernel=1 cpu_ns=333520000000 mem=350908416 instructions=974954288569 wakeups=171200 diski=7553024 disko=19968000 rx=2958 tx=1536 comm=*system*
psu_energy_ac_mcp_machine=3667658691
-------
timestamp=171768617536
iterations=1326
sample_ns=100000000
window_ns=1000000000
rapl_core_sum_uj=1267531086
rapl_psys_sum_uj=0
pid=0 energy=6546582848570 alive=1 kernel=1 cpu_ns=333758000000 mem=350908416 instructions=975558569714 wakeups=171411 diski=7553024 disko=19968000 rx=2960 tx=1536 comm=*system*
psu_energy_ac_mcp_machine=3670989502
-------
timestamp=171911523607
iterations=1327
sample_ns=100000000
window_ns=1000000000
rapl_core_sum_uj=1268173725
rapl_psys_sum_uj=0
pid=0 energy=6548758566720 alive=1 kernel=1 cpu_ns=333885000000 mem=350912512 instructions=975866713344 wakeups=171604 diski=7553024 disko=19968000 rx=2960 tx=1536 comm=*system*
psu_energy_ac_mcp_machine=3675532349
-------
timestamp=172054258146
iterations=1328
sample_ns=100000000
window_ns=1000000000
rapl_core_sum_uj=1268833881
rapl_psys_sum_uj=0
pid=0 energy=6550990809265 alive=1 kernel=1 cpu_ns=334015000000 mem=350912512 instructions=976183161853 wakeups=171795 diski=7553024 disko=19968000 rx=2960 tx=1536 comm=*system*
psu_energy_ac_mcp_machine=3680036743
-------
timestamp=172201428682
iterations=1330
sample_ns=100000000
window_ns=1000000000
rapl_core_sum_uj=1270062579
rapl_psys_sum_uj=0
pid=0 energy=6555134120285 alive=1 kernel=1 cpu_ns=334250000000 mem=350916608 instructions=976776824057 wakeups=172012 diski=7553024 disko=19968000 rx=2960 tx=1536 comm=*system*
psu_energy_ac_mcp_machine=3683354248
-------
timestamp=172344936754
iterations=1331
sample_ns=100000000
window_ns=1000000000
rapl_core_sum_uj=1270719073
rapl_psys_sum_uj=0
pid=0 energy=6557253307410 alive=1 kernel=1 cpu_ns=334381000000 mem=350920704 instructions=977069661482 wakeups=172212 diski=7553024 disko=19968000 rx=2960 tx=1536 comm=*system*
psu_energy_ac_mcp_machine=3687900269
-------
timestamp=172491493642
iterations=1333
sample_ns=100000000
window_ns=1000000000
rapl_core_sum_uj=1271960527
rapl_psys_sum_uj=0
pid=0 energy=6561496291365 alive=1 kernel=1 cpu_ns=334623000000 mem=351268864 instructions=977676258273 wakeups=172428 diski=7553024 disko=19968000 rx=2960 tx=1536 comm=*system*
psu_energy_ac_mcp_machine=3692380127
-------
timestamp=172638227284
iterations=1334
sample_ns=100000000
window_ns=1000000000
rapl_core_sum_uj=1272599626
rapl_psys_sum_uj=0
pid=0 energy=6563639248180 alive=1 kernel=1 cpu_ns=334745000000 mem=350920704 instructions=977982849636 wakeups=172620 diski=7553024 disko=19968000 rx=2960 tx=1536 comm=*system*
psu_energy_ac_mcp_machine=3695721436
-------
timestamp=172781113870
iterations=1335
sample_ns=100000000
window_ns=1000000000
rapl_core_sum_uj=1273252580
rapl_psys_sum_uj=0
pid=0 energy=6565846880955 alive=1 kernel=1 cpu_ns=334872000000 mem=350920704 instructions=978297376191 wakeups=172820 diski=7553024 disko=19968000 rx=2960 tx=1536 comm=*system*
psu_energy_ac_mcp_machine=3700257324
-------
timestamp=172927795666
iterations=1337
sample_ns=100000000
window_ns=1000000000
rapl_core_sum_uj=1274483109
rapl_psys_sum_uj=0
pid=0 energy=6570011017915 alive=1 kernel=1 cpu_ns=335106000000 mem=350937088 instructions=978896203583 wakeups=173025 diski=7553024 disko=19968000 rx=2960 tx=1536 comm=*system*
psu_energy_ac_mcp_machine=3703569092
-------
timestamp=173071309131
iterations=1338
sample_ns=100000000
window_ns=1000000000
rapl_core_sum_uj=1275140274
rapl_psys_sum_uj=0
pid=0 energy=6572233329075 alive=1 kernel=1 cpu_ns=335236000000 mem=350924800 instructions=979210665815 wakeups=173227 diski=7553024 disko=19968000 rx=2960 tx=1536 comm=*system*
psu_energy_ac_mcp_machine=3708072998
-------
timestamp=173213826859
iterations=1340
sample_ns=100000000
window_ns=1000000000
rapl_core_sum_uj=1276400954
rapl_psys_sum_uj=0
pid=0 energy=6576603520195 alive=1 kernel=1 cpu_ns=335492000000 mem=351977472 instructions=979828704039 wakeups=173455 diski=7553024 disko=19968000 rx=2960 tx=1536 comm=*system*
psu_energy_ac_mcp_machine=3712578857
-------
timestamp=173358886803
iterations=1341
sample_ns=100000000
window_ns=1000000000
rapl_core_sum_uj=1277011854
rapl_psys_sum_uj=0
pid=0 energy=6578638300990 alive=1 kernel=1 cpu_ns=335605000000 mem=350924800 instructions=980122660198 wakeups=173635 diski=7553024 disko=19968000 rx=2960 tx=1536 comm=*system*
psu_energy_ac_mcp_machine=3715918701
-------
timestamp=173501983487
iterations=1342
sample_ns=100000000
window_ns=1000000000
rapl_core_sum_uj=1277663648
rapl_psys_sum_uj=0
pid=0 energy=6580860988315 alive=1 kernel=1 cpu_ns=335736000000 mem=350924800 instructions=980436197663 wakeups=173844 diski=7553024 disko=19968000 rx=2960 tx=1536 comm=*system*
psu_energy_ac_mcp_machine=3720435303
-------
timestamp=173648887313
iterations=1344
sample_ns=100000000
window_ns=1000000000
rapl_core_sum_uj=1278893200
rapl_psys_sum_uj=0
pid=0 energy=6584908156930 alive=1 kernel=1 cpu_ns=335967000000 mem=350924800 instructions=981014631386 wakeups=174050 diski=7553024 disko=19968000 rx=2962 tx=1536 comm=*system*
psu_energy_ac_mcp_machine=3723770630
-------
timestamp=173792172858
iterations=1345
sample_ns=100000000
window_ns=1000000000
rapl_core_sum_uj=1279548534
rapl_psys_sum_uj=0
pid=0 energy=6587117991585 alive=1 kernel=1 cpu_ns=336097000000 mem=350932992 instructions=981326598317 wakeups=174241 diski=7553024 disko=19968000 rx=2962 tx=1536 comm=*system*
psu_energy_ac_mcp_machine=3728324585
-------
timestamp=173934744635
iterations=1346
sample_ns=100000000
window_ns=1000000000
rapl_core_sum_uj=1280204051
rapl_psys_sum_uj=0
pid=0 energy=6589343928350 alive=1 kernel=1 cpu_ns=336228000000 mem=350953472 instructions=981640785670 wakeups=174439 diski=7553024 disko=19968000 rx=2962 tx=1536 comm=*system*
psu_energy_ac_mcp_machine=3732834839
-------
timestamp=174080018822
iterations=1348
sample_ns=100000000
window_ns=1000000000
rapl_core_sum_uj=1281431955
rapl_psys_sum_uj=0
pid=0 energy=6593515444035 alive=1 kernel=1 cpu_ns=336463000000 mem=350937088 instructions=982240088807 wakeups=174637 diski=7553024 disko=19968000 rx=2962 tx=1536 comm=*system*
psu_energy_ac_mcp_machine=3736186401
-------
timestamp=174222853370
iterations=1349
sample_ns=100000000
window_ns=1000000000
rapl_core_sum_uj=1282088266
rapl_psys_sum_uj=0
pid=0 energy=6595732160285 alive=1 kernel=1 cpu_ns=336593000000 mem=350932992 instructions=982553432057 wakeups=174839 diski=7553024 disko=19968000 rx=2962 tx=1536 comm=*system*
psu_energy_ac_mcp_machine=3740727173
-------
timestamp=174369744474
iterations=1351
sample_ns=100000000
window_ns=1000000000
rapl_core_sum_uj=1283320321
rapl_psys_sum_uj=0
pid=0 energy=6599922584430 alive=1 kernel=1 cpu_ns=336832000000 mem=350949376 instructions=983152516886 wakeups=175054 diski=7553024 disko=19968000 rx=2962 tx=1536 comm=*system*
psu_energy_ac_mcp_machine=3744031982
-------
timestamp=174512946869
iterations=1352
sample_ns=100000000
window_ns=1000000000
rapl_core_sum_uj=1283976754
rapl_psys_sum_uj=0
pid=0 energy=6602130990150 alive=1 kernel=1 cpu_ns=336960000000 mem=350937088 instructions=983466198030 wakeups=175256 diski=7553024 disko=19968000 rx=2962 tx=1536 comm=*system*
psu_energy_ac_mcp_machine=3748572388
-------
timestamp=174656021145
iterations=1353
sample_ns=100000000
window_ns=1000000000
rapl_core_sum_uj=1284632576
rapl_psys_sum_uj=0
pid=0 energy=6604351105965 alive=1 kernel=1 cpu_ns=337089000000 mem=350937088 instructions=983781221193 wakeups=175458 diski=7553024 disko=19968000 rx=2962 tx=1536 comm=*system*
psu_energy_ac_mcp_machine=3753075439
-------
timestamp=174801996663
iterations=1355
sample_ns=100000000
window_ns=1000000000
rapl_core_sum_uj=1285857611
rapl_psys_sum_uj=0
pid=0 energy=6608514975190 alive=1 kernel=1 cpu_ns=337325000000 mem=350941184 instructions=984377995038 wakeups=175662 diski=7553024 disko=19968000 rx=2962 tx=1536 comm=*system*
psu_energy_ac_mcp_machine=3756404297
-------
timestamp=174945404141
iterations=1356
sample_ns=100000000
window_ns=1000000000
rapl_core_sum_uj=1286520513
rapl_psys_sum_uj=0
pid=0 energy=6610745307120 alive=1 kernel=1 cpu_ns=337455000000 mem=350941184 instructions=984694061424 wakeups=175865 diski=7553024 disko=19968000 rx=2962 tx=1536 comm=*system*
psu_energy_ac_mcp_machine=3760962769
-------
timestamp=175091810457
iterations=1358
sample_ns=100000000
window_ns=1000000000
rapl_core_sum_uj=1287762638
rapl_psys_sum_uj=0
pid=0 energy=6614875250820 alive=1 kernel=1 cpu_ns=337700000000 mem=351469568 instructions=985275050164 wakeups=176085 diski=7553024 disko=19968000 rx=2962 tx=1536 comm=*system*
psu_energy_ac_mcp_machine=3765455933
-------
timestamp=175238686419
iterations=1359
sample_ns=100000000
window_ns=1000000000
rapl_core_sum_uj=1288406925
rapl_psys_sum_uj=0
pid=0 energy=6617031559210 alive=1 kernel=1 cpu_ns=337823000000 mem=350945280 instructions=985583311842 wakeups=176280 diski=7553024 disko=19968000 rx=2962 tx=1536 comm=*system*
psu_energy_ac_mcp_machine=3768784790
-------
timestamp=175382075288
iterations=1360
sample_ns=100000000
window_ns=1000000000
rapl_core_sum_uj=1289069644
rapl_psys_sum_uj=0
pid=0 energy=6619241586320 alive=1 kernel=1 cpu_ns=337950000000 mem=350953472 instructions=985898317264 wakeups=176484 diski=7553024 disko=19968000 rx=2962 tx=1536 comm=*system*
psu_energy_ac_mcp_machine=3773286011
-------
timestamp=175528219806
iterations=1362
sample_ns=100000000
window_ns=1000000000
rapl_core_sum_uj=1290294314
rapl_psys_sum_uj=0
pid=0 energy=6623402727690 alive=1 kernel=1 cpu_ns=338184000000 mem=350953472 instructions=986496545538 wakeups=176692 diski=7553024 disko=19968000 rx=2962 tx=1536 comm=*system*
psu_energy_ac_mcp_machine=3776570679
-------
timestamp=175671499371
iterations=1363
sample_ns=100000000
window_ns=1000000000
rapl_core_sum_uj=1290951784
rapl_psys_sum_uj=0
pid=0 energy=6625623269940 alive=1 kernel=1 cpu_ns=338314000000 mem=350953472 instructions=986810653988 wakeups=176888 diski=7553024 disko=19968000 rx=2962 tx=1536 comm=*system*
psu_energy_ac_mcp_machine=3781137085
-------
timestamp=175816290547
iterations=1365
sample_ns=100000000
window_ns=1000000000
rapl_core_sum_uj=1292220032
rapl_psys_sum_uj=0
pid=0 energy=6629956118950 alive=1 kernel=1 cpu_ns=338565000000 mem=351727616 instructions=987426223790 wakeups=177110 diski=7553024 disko=19968000 rx=2964 tx=1536 comm=*system*
psu_energy_ac_mcp_machine=3785653931
-------
timestamp=175963214508
iterations=1366
sample_ns=100000000
window_ns=1000000000
rapl_core_sum_uj=1292843933
rapl_psys_sum_uj=0
pid=0 energy=6632033710485 alive=1 kernel=1 cpu_ns=338683000000 mem=350953472 instructions=987723742097 wakeups=177295 diski=7553024 disko=19968000 rx=2964 tx=1536 comm=*system*
psu_energy_ac_mcp_machine=3788975342
-------
timestamp=176106239404
iterations=1367
sample_ns=100000000
window_ns=1000000000
rapl_core_sum_uj=1293497741
rapl_psys_sum_uj=0
pid=0 energy=6634251739370 alive=1 kernel=1 cpu_ns=338813000000 mem=350957568 instructions=988037347874 wakeups=177495 diski=7553024 disko=19968000 rx=2964 tx=1536 comm=*system*
psu_energy_ac_mcp_machine=3793516235
-------
timestamp=176252862248
iterations=1369
sample_ns=100000000
window_ns=1000000000
rapl_core_sum_uj=1294731871
rapl_psys_sum_uj=0
pid=0 energy=6638427437835 alive=1 kernel=1 cpu_ns=339050000000 mem=350957568 instructions=988635487567 wakeups=177718 diski=7553024 disko=19968000 rx=2964 tx=1536 comm=*system*
psu_energy_ac_mcp_machine=3798016846
-------
timestamp=176399946259
iterations=1370
sample_ns=100000000
window_ns=1000000000
rapl_core_sum_uj=1295393003
rapl_psys_sum_uj=0
pid=0 energy=6640647904450 alive=1 kernel=1 cpu_ns=339180000000 mem=350961664 instructions=988949580890 wakeups=177928 diski=7553024 disko=19984384 rx=2964 tx=1536 comm=*system*
psu_energy_ac_mcp_machine=3801359985
-------
timestamp=176542728655
iterations=1372
sample_ns=100000000
window_ns=1000000000
rapl_core_sum_uj=1296649166
rapl_psys_sum_uj=0
pid=0 energy=6644845612710 alive=1 kernel=1 cpu_ns=339430000000 mem=351838208 instructions=989539122542 wakeups=178154 diski=7553024 disko=19984384 rx=2964 tx=1536 comm=*system*
psu_energy_ac_mcp_machine=3805875122
-------
timestamp=176689321168
iterations=1373
sample_ns=100000000
window_ns=1000000000
rapl_core_sum_uj=1297278133
rapl_psys_sum_uj=0
pid=0 energy=6646917834495 alive=1 kernel=1 cpu_ns=339545000000 mem=350961664 instructions=989838566899 wakeups=178340 diski=7553024 disko=19984384 rx=2964 tx=1536 comm=*system*
psu_energy_ac_mcp_machine=3809204346
-------
timestamp=176832232404
iterations=1374
sample_ns=100000000
window_ns=1000000000
rapl_core_sum_uj=1297936580
rapl_psys_sum_uj=0
pid=0 energy=6649143164190 alive=1 kernel=1 cpu_ns=339675000000 mem=350961664 instructions=990153632838 wakeups=178539 diski=7553024 disko=19984384 rx=2964 tx=1536 comm=*system*
psu_energy_ac_mcp_machine=3813757690
-------
timestamp=176977218095
iterations=1376
sample_ns=100000000
window_ns=1000000000
rapl_core_sum_uj=1299169122
rapl_psys_sum_uj=0
pid=0 energy=6653324189765 alive=1 kernel=1 cpu_ns=339912000000 mem=350961664 instructions=990752837953 wakeups=178748 diski=7553024 disko=19984384 rx=2964 tx=1536 comm=*system*
psu_energy_ac_mcp_machine=3818265503
-------
timestamp=177122490889
iterations=1377
sample_ns=100000000
window_ns=1000000000
rapl_core_sum_uj=1299823601
rapl_psys_sum_uj=0
pid=0 energy=6655573300320 alive=1 kernel=1 cpu_ns=340047000000 mem=350969856 instructions=991067660064 wakeups=178948 diski=7553024 disko=19984384 rx=2964 tx=1536 comm=*system*
psu_energy_ac_mcp_machine=3821588135
-------
timestamp=177265380480
iterations=1378
sample_ns=100000000
window_ns=1000000000
rapl_core_sum_uj=1300479240
rapl_psys_sum_uj=0
pid=0 energy=6657810644285 alive=1 kernel=1 cpu_ns=340180000000 mem=350969856 instructions=991382128857 wakeups=179146 diski=7553024 disko=19984384 rx=2964 tx=1536 comm=*system*
psu_energy_ac_mcp_machine=3826126587
-------
timestamp=177411356969
iterations=1380
sample_ns=100000000
window_ns=1000000000
rapl_core_sum_uj=1301711051
rapl_psys_sum_uj=0
pid=0 energy=6661972299100 alive=1 kernel=1 cpu_ns=340414000000 mem=350978048 instructions=991980459820 wakeups=179361 diski=7553024 disko=19984384 rx=2964 tx=1536 comm=*system*
psu_energy_ac_mcp_machine=3829429688
-------
timestamp=177554498381
iterations=1381
sample_ns=100000000
window_ns=1000000000
rapl_core_sum_uj=1302368155
rapl_psys_sum_uj=0
pid=0 energy=6664184944670 alive=1 kernel=1 cpu_ns=340543000000 mem=350969856 instructions=992293988934 wakeups=179554 diski=7553024 disko=19984384 rx=2964 tx=1536 comm=*system*
psu_energy_ac_mcp_machine=3833967285
-------
timestamp=177697230801
iterations=1383
sample_ns=100000000
window_ns=1000000000
rapl_core_sum_uj=1303607412
rapl_psys_sum_uj=0
pid=0 energy=6668388333550 alive=1 kernel=1 cpu_ns=340781000000 mem=350973952 instructions=992896666710 wakeups=179764 diski=7553024 disko=19984384 rx=2966 tx=1536 comm=*system*
psu_energy_ac_mcp_machine=3838478760
-------
timestamp=177843184504
iterations=1384
sample_ns=100000000
window_ns=1000000000
rapl_core_sum_uj=1304250051
rapl_psys_sum_uj=0
pid=0 energy=6670575315565 alive=1 kernel=1 cpu_ns=340909000000 mem=350978048 instructions=993206063113 wakeups=179955 diski=7553024 disko=19984384 rx=2966 tx=1536 comm=*system*
psu_energy_ac_mcp_machine=3841794678
-------
timestamp=177986871819
iterations=1385
sample_ns=100000000
window_ns=1000000000
rapl_core_sum_uj=1304905385
rapl_psys_sum_uj=0
pid=0 energy=6672796851315 alive=1 kernel=1 cpu_ns=341039000000 mem=350978048 instructions=993520370263 wakeups=180149 diski=7553024 disko=19984384 rx=2966 tx=1536 comm=*system*
psu_energy_ac_mcp_machine=3846339111
-------
timestamp=178132392167
iterations=1387
sample_ns=100000000
window_ns=1000000000
rapl_core_sum_uj=1306134998
rapl_psys_sum_uj=0
pid=0 energy=6676853181825 alive=1 kernel=1 cpu_ns=341275000000 mem=350973952 instructions=994095636365 wakeups=180356 diski=7553024 disko=19984384 rx=2966 tx=1536 comm=*system*
psu_energy_ac_mcp_machine=3849636108
-------
timestamp=178275265269
iterations=1388
sample_ns=100000000
window_ns=1000000000
rapl_core_sum_uj=1306789477
rapl_psys_sum_uj=0
pid=0 energy=6679072504845 alive=1 kernel=1 cpu_ns=341405000000 mem=350982144 instructions=994409500969 wakeups=180568 diski=7553024 disko=19984384 rx=2967 tx=1537 comm=*system*
psu_energy_ac_mcp_machine=3854166748
-------
timestamp=178418500066
iterations=1390
sample_ns=100000000
window_ns=1000000000
rapl_core_sum_uj=1308038804
rapl_psys_sum_uj=0
pid=0 energy=6683325764825 alive=1 kernel=1 cpu_ns=341648000000 mem=351510528 instructions=995017152965 wakeups=180793 diski=7553024 disko=19984384 rx=2967 tx=1537 comm=*system*
psu_energy_ac_mcp_machine=3858665771
-------
timestamp=178565543364
iterations=1391
sample_ns=100000000
window_ns=1000000000
rapl_core_sum_uj=1308679734
rapl_psys_sum_uj=0
pid=0 energy=6685477688460 alive=1 kernel=1 cpu_ns=341774000000 mem=350982144 instructions=995321537692 wakeups=180980 diski=7553024 disko=19984384 rx=2967 tx=1537 comm=*system*
psu_energy_ac_mcp_machine=3861991211
-------
timestamp=178709186550
iterations=1392
sample_ns=100000000
window_ns=1000000000
rapl_core_sum_uj=1309342880
rapl_psys_sum_uj=0
pid=0 energy=6687696860515 alive=1 kernel=1 cpu_ns=341903000000 mem=350982144 instructions=995636372103 wakeups=181177 diski=7553024 disko=19984384 rx=2967 tx=1537 comm=*system*
psu_energy_ac_mcp_machine=3866547485
-------
timestamp=178855285356
iterations=1394
sample_ns=100000000
window_ns=1000000000
rapl_core_sum_uj=1310573592
rapl_psys_sum_uj=0
pid=0 energy=6691856185700 alive=1 kernel=1 cpu_ns=342136000000 mem=350986240 instructions=996235237140 wakeups=181387 diski=7553024 disko=19984384 rx=2967 tx=1537 comm=*system*
psu_energy_ac_mcp_machine=3871040649
-------
timestamp=179002327626
iterations=1395
sample_ns=100000000
window_ns=1000000000
rapl_core_sum_uj=1311233137
rapl_psys_sum_uj=0
pid=0 energy=6694086950935 alive=1 kernel=1 cpu_ns=342267000000 mem=350986240 instructions=996550390187 wakeups=181587 diski=7553024 disko=19984384 rx=2967 tx=1537 comm=*system*
psu_energy_ac_mcp_machine=3874390991
-------
timestamp=179145338133
iterations=1397
sample_ns=100000000
window_ns=1000000000
rapl_core_sum_uj=1312489423
rapl_psys_sum_uj=0
pid=0 energy=6698388026975 alive=1 kernel=1 cpu_ns=342515000000 mem=351518720 instructions=997162605395 wakeups=181815 diski=7553024 disko=19984384 rx=2967 tx=1537 comm=*system*
psu_energy_ac_mcp_machine=3878898315
-------
timestamp=179291867155
iterations=1398
sample_ns=100000000
window_ns=1000000000
rapl_core_sum_uj=1313120282
rapl_psys_sum_uj=0
pid=0 energy=6700479826145 alive=1 kernel=1 cpu_ns=342633000000 mem=350990336 instructions=997462965229 wakeups=181997 diski=7553024 disko=19984384 rx=2967 tx=1537 comm=*system*
psu_energy_ac_mcp_machine=3882219604
-------
timestamp=179434193743
iterations=1399
sample_ns=100000000
window_ns=1000000000
rapl_core_sum_uj=1313776715
rapl_psys_sum_uj=0
pid=0 energy=6702710546040 alive=1 kernel=1 cpu_ns=342765000000 mem=350998528 instructions=997777109208 wakeups=182188 diski=7553024 disko=19984384 rx=2967 tx=1537 comm=*system*
psu_energy_ac_mcp_machine=3886735596
-------
timestamp=179578920484
iterations=1401
sample_ns=100000000
window_ns=1000000000
rapl_core_sum_uj=1314997845
rapl_psys_sum_uj=0
pid=0 energy=6706752872425 alive=1 kernel=1 cpu_ns=343000000000 mem=350990336 instructions=998350574485 wakeups=182393 diski=7553024 disko=19984384 rx=2967 tx=1537 comm=*system*
psu_energy_ac_mcp_machine=3891229980
-------
timestamp=179724848559
iterations=1402
sample_ns=100000000
window_ns=1000000000
rapl_core_sum_uj=1315667583
rapl_psys_sum_uj=0
pid=0 energy=6708973691625 alive=1 kernel=1 cpu_ns=343128000000 mem=350994432 instructions=998666738325 wakeups=182594 diski=7553024 disko=19984384 rx=2969 tx=1537 comm=*system*
psu_energy_ac_mcp_machine=3894577271
-------
timestamp=179868145992
iterations=1404
sample_ns=100000000
window_ns=1000000000
rapl_core_sum_uj=1316938395
rapl_psys_sum_uj=0
pid=0 energy=6713297700440 alive=1 kernel=1 cpu_ns=343378000000 mem=352137216 instructions=999281540088 wakeups=182822 diski=7553024 disko=19984384 rx=2969 tx=1537 comm=*system*
psu_energy_ac_mcp_machine=3899131836
-------
timestamp=180013988755
iterations=1405
sample_ns=100000000
window_ns=1000000000
rapl_core_sum_uj=1317558268
rapl_psys_sum_uj=0
pid=0 energy=6715350861280 alive=1 kernel=1 cpu_ns=343491000000 mem=350998528 instructions=999579172256 wakeups=182996 diski=7553024 disko=19984384 rx=2969 tx=1537 comm=*system*
psu_energy_ac_mcp_machine=3902429565
-------
timestamp=180157127936
iterations=1406
sample_ns=100000000
window_ns=1000000000
rapl_core_sum_uj=1318214090
rapl_psys_sum_uj=0
pid=0 energy=6717564658845 alive=1 kernel=1 cpu_ns=343620000000 mem=350998528 instructions=999892931769 wakeups=183193 diski=7553024 disko=19984384 rx=2969 tx=1537 comm=*system*
psu_energy_ac_mcp_machine=3906983276
-------
timestamp=180299893566
iterations=1408
sample_ns=100000000
window_ns=1000000000
rapl_core_sum_uj=1319447975
rapl_psys_sum_uj=0
pid=0 energy=6721721169580 alive=1 kernel=1 cpu_ns=343853000000 mem=350994432 instructions=1000491233916 wakeups=183415 diski=7553024 disko=19984384 rx=2969 tx=1537 comm=*system*
psu_energy_ac_mcp_machine=3911487305
-------
timestamp=180445674300
iterations=1409
sample_ns=100000000
window_ns=1000000000
rapl_core_sum_uj=1320112647
rapl_psys_sum_uj=0
pid=0 energy=6723941953905 alive=1 kernel=1 cpu_ns=343983000000 mem=351002624 instructions=1000805390781 wakeups=183619 diski=7553024 disko=19984384 rx=2969 tx=1537 comm=*system*
psu_energy_ac_mcp_machine=3914832031
-------
timestamp=180587794040
iterations=1410
sample_ns=100000000
window_ns=1000000000
rapl_core_sum_uj=1320767676
rapl_psys_sum_uj=0
pid=0 energy=6726163997710 alive=1 kernel=1 cpu_ns=344113000000 mem=351006720 instructions=1001119799542 wakeups=183812 diski=7553024 disko=19984384 rx=2969 tx=1537 comm=*system*
psu_energy_ac_mcp_machine=3919381714
-------
timestamp=180734543575
iterations=1412
sample_ns=100000000
window_ns=1000000000
rapl_core_sum_uj=1321997045
rapl_psys_sum_uj=0
pid=0 energy=6730311228720 alive=1 kernel=1 cpu_ns=344345000000 mem=351002624 instructions=1001717245744 wakeups=184021 diski=7553024 disko=19984384 rx=2969 tx=1537 comm=*system*
psu_energy_ac_mcp_machine=3922689209
-------
timestamp=180877433829
iterations=1413
sample_ns=100000000
window_ns=1000000000
rapl_core_sum_uj=1322656346
rapl_psys_sum_uj=0
pid=0 energy=6732547671735 alive=1 kernel=1 cpu_ns=344477000000 mem=351002624 instructions=1002032534347 wakeups=184212 diski=7553024 disko=19984384 rx=2969 tx=1537 comm=*system*
psu_energy_ac_mcp_machine=3927217285
-------
timestamp=181021322042
iterations=1415
sample_ns=100000000
window_ns=1000000000
rapl_core_sum_uj=1323897067
rapl_psys_sum_uj=0
pid=0 energy=6736663244770 alive=1 kernel=1 cpu_ns=344720000000 mem=351363072 instructions=1002612648954 wakeups=184433 diski=7553024 disko=19984384 rx=2969 tx=1537 comm=*system*
psu_energy_ac_mcp_machine=3931722046
-------
timestamp=181168400238
iterations=1416
sample_ns=100000000
window_ns=1000000000
rapl_core_sum_uj=1324546969
rapl_psys_sum_uj=0
pid=0 energy=6738823003420 alive=1 kernel=1 cpu_ns=344844000000 mem=351006720 instructions=1002920600684 wakeups=184633 diski=7553024 disko=19984384 rx=2969 tx=1537 comm=*system*
psu_energy_ac_mcp_machine=3935059326
-------
timestamp=181311508766
iterations=1417
sample_ns=100000000
window_ns=1000000000
rapl_core_sum_uj=1325202669
rapl_psys_sum_uj=0
pid=0 energy=6741063806235 alive=1 kernel=1 cpu_ns=344976000000 mem=351006720 instructions=1003236761247 wakeups=184833 diski=7553024 disko=19984384 rx=2969 tx=1537 comm=*system*
psu_energy_ac_mcp_machine=3939607300
-------
timestamp=181458110770
iterations=1419
sample_ns=100000000
window_ns=1000000000
rapl_core_sum_uj=1326430634
rapl_psys_sum_uj=0
pid=0 energy=6745227247975 alive=1 kernel=1 cpu_ns=345213000000 mem=351010816 instructions=1003832449595 wakeups=185054 diski=7553024 disko=20000768 rx=2969 tx=1537 comm=*system*
psu_energy_ac_mcp_machine=3944142944
-------
timestamp=181604526504
iterations=1420
sample_ns=100000000
window_ns=1000000000
rapl_core_sum_uj=1327096344
rapl_psys_sum_uj=0
pid=0 energy=6747449355320 alive=1 kernel=1 cpu_ns=345341000000 mem=351010816 instructions=1004148871064 wakeups=185248 diski=7553024 disko=20000768 rx=2969 tx=1537 comm=*system*
psu_energy_ac_mcp_machine=3947492676
-------
timestamp=181747547566
iterations=1422
sample_ns=100000000
window_ns=1000000000
rapl_core_sum_uj=1328344695
rapl_psys_sum_uj=0
pid=0 energy=6751678191230 alive=1 kernel=1 cpu_ns=345584000000 mem=351363072 instructions=1004751638246 wakeups=185466 diski=7553024 disko=20000768 rx=2971 tx=1537 comm=*system*
psu_energy_ac_mcp_machine=3952041748
-------
timestamp=181894278513
iterations=1423
sample_ns=100000000
window_ns=1000000000
rapl_core_sum_uj=1328994597
rapl_psys_sum_uj=0
pid=0 energy=6753832660770 alive=1 kernel=1 cpu_ns=345706000000 mem=351014912 instructions=1005060532154 wakeups=185666 diski=7553024 disko=20135936 rx=2971 tx=1537 comm=*system*
psu_energy_ac_mcp_machine=3955360107
-------
timestamp=182037390018
iterations=1424
sample_ns=100000000
window_ns=1000000000
rapl_core_sum_uj=1329651701
rapl_psys_sum_uj=0
pid=0 energy=6756052540765 alive=1 kernel=1 cpu_ns=345836000000 mem=351014912 instructions=1005374508153 wakeups=185862 diski=7553024 disko=20135936 rx=2971 tx=1537 comm=*system*
psu_energy_ac_mcp_machine=3959933105
-------
timestamp=182182063811
iterations=1426
sample_ns=100000000
window_ns=1000000000
rapl_core_sum_uj=1330880887
rapl_psys_sum_uj=0
pid=0 energy=6760220534205 alive=1 kernel=1 cpu_ns=346071000000 mem=351019008 instructions=1005973106841 wakeups=186073 diski=7553024 disko=20135936 rx=2971 tx=1537 comm=*system*
psu_energy_ac_mcp_machine=3964449341
-------
timestamp=182328989840
iterations=1427
sample_ns=100000000
window_ns=1000000000
rapl_core_sum_uj=1331540860
rapl_psys_sum_uj=0
pid=0 energy=6762437786565 alive=1 kernel=1 cpu_ns=346201000000 mem=351023104 instructions=1006286557313 wakeups=186269 diski=7553024 disko=20135936 rx=2971 tx=1537 comm=*system*
psu_energy_ac_mcp_machine=3967771118
-------
timestamp=182472396777
iterations=1429
sample_ns=100000000
window_ns=1000000000
rapl_core_sum_uj=1332791835
rapl_psys_sum_uj=0
pid=0 energy=6766602330650 alive=1 kernel=1 cpu_ns=346448000000 mem=351547392 instructions=1006872466130 wakeups=186496 diski=7553024 disko=20135936 rx=2971 tx=1537 comm=*system*
psu_energy_ac_mcp_machine=3972291626
-------
timestamp=182619429470
iterations=1430
sample_ns=100000000
window_ns=1000000000
rapl_core_sum_uj=1333429164
rapl_psys_sum_uj=0
pid=0 energy=6768723223170 alive=1 kernel=1 cpu_ns=346568000000 mem=351019008 instructions=1007176644634 wakeups=186682 diski=7553024 disko=20135936 rx=2971 tx=1537 comm=*system*
psu_energy_ac_mcp_machine=3976771729
-------
timestamp=182765749913
iterations=1431
sample_ns=100000000
window_ns=1000000000
rapl_core_sum_uj=1334086268
rapl_psys_sum_uj=0
pid=0 energy=6770942291780 alive=1 kernel=1 cpu_ns=346699000000 mem=351023104 instructions=1007489458356 wakeups=186883 diski=7553024 disko=20135936 rx=2971 tx=1537 comm=*system*
psu_energy_ac_mcp_machine=3980115601
-------
timestamp=182908728971
iterations=1433
sample_ns=100000000
window_ns=1000000000
rapl_core_sum_uj=1335314356
rapl_psys_sum_uj=0
pid=0 energy=6775106358885 alive=1 kernel=1 cpu_ns=346933000000 mem=351023104 instructions=1008088271777 wakeups=187086 diski=7553024 disko=20135936 rx=2971 tx=1537 comm=*system*
psu_energy_ac_mcp_machine=3984650757
-------
timestamp=183054494858
iterations=1434
sample_ns=100000000
window_ns=1000000000
rapl_core_sum_uj=1335969019
rapl_psys_sum_uj=0
pid=0 energy=6777326275035 alive=1 kernel=1 cpu_ns=347064000000 mem=351023104 instructions=1008401255007 wakeups=187281 diski=7553024 disko=20135936 rx=2971 tx=1537 comm=*system*
psu_energy_ac_mcp_machine=3987956055
-------
timestamp=183197420051
iterations=1436
sample_ns=100000000
window_ns=1000000000
rapl_core_sum_uj=1337228295
rapl_psys_sum_uj=0
pid=0 energy=6781657293450 alive=1 kernel=1 cpu_ns=347314000000 mem=351870976 instructions=1009017458690 wakeups=187515 diski=7553024 disko=20135936 rx=2971 tx=1537 comm=*system*
psu_energy_ac_mcp_machine=3992474731
-------
timestamp=183342529784
iterations=1437
sample_ns=100000000
window_ns=1000000000
rapl_core_sum_uj=1337856285
rapl_psys_sum_uj=0
pid=0 energy=6783730748480 alive=1 kernel=1 cpu_ns=347432000000 mem=351031296 instructions=1009314149696 wakeups=187688 diski=7553024 disko=20135936 rx=2971 tx=1537 comm=*system*
psu_energy_ac_mcp_machine=3996983765
-------
timestamp=183488136419
iterations=1438
sample_ns=100000000
window_ns=1000000000
rapl_core_sum_uj=1338513877
rapl_psys_sum_uj=0
pid=0 energy=6785956692950 alive=1 kernel=1 cpu_ns=347561000000 mem=351031296 instructions=1009630338590 wakeups=187900 diski=7553024 disko=20135936 rx=2971 tx=1537 comm=*system*
psu_energy_ac_mcp_machine=4000307373
-------
timestamp=183631927656
iterations=1440
sample_ns=100000000
window_ns=1000000000
rapl_core_sum_uj=1339743063
rapl_psys_sum_uj=0
pid=0 energy=6790102537365 alive=1 kernel=1 cpu_ns=347795000000 mem=351027200 instructions=1010225507473 wakeups=188097 diski=7553024 disko=20135936 rx=2971 tx=1537 comm=*system*
psu_energy_ac_mcp_machine=4004837280
-------
timestamp=183778298300
iterations=1441
sample_ns=100000000
window_ns=1000000000
rapl_core_sum_uj=1340405477
rapl_psys_sum_uj=0
pid=0 energy=6792353194755 alive=1 kernel=1 cpu_ns=347929000000 mem=351027200 instructions=1010541638951 wakeups=188298 diski=7553024 disko=20135936 rx=2973 tx=1537 comm=*system*
psu_energy_ac_mcp_machine=4008145142
-------
timestamp=183921045414
iterations=1442
sample_ns=100000000
window_ns=1000000000
rapl_core_sum_uj=1341055806
rapl_psys_sum_uj=0
pid=0 energy=6794467672365 alive=1 kernel=1 cpu_ns=348060000000 mem=351035392 instructions=1010833534473 wakeups=188505 diski=7553024 disko=20135936 rx=2973 tx=1537 comm=*system*
psu_energy_ac_mcp_machine=4012690063
-------
timestamp=184063750179
iterations=1444
sample_ns=100000000
window_ns=1000000000
rapl_core_sum_uj=1342277790
rapl_psys_sum_uj=0
pid=0 energy=6798615234105 alive=1 kernel=1 cpu_ns=348295000000 mem=351039488 instructions=1011428046821 wakeups=188704 diski=7553024 disko=20135936 rx=2973 tx=1537 comm=*system*
psu_energy_ac_mcp_machine=4017221313
-------
timestamp=184209255753
iterations=1445
sample_ns=100000000
window_ns=1000000000
rapl_core_sum_uj=1342932025
rapl_psys_sum_uj=0
pid=0 energy=6800850940035 alive=1 kernel=1 cpu_ns=348426000000 mem=351035392 instructions=1011744188007 wakeups=188912 diski=7553024 disko=20135936 rx=2973 tx=1537 comm=*system*
psu_energy_ac_mcp_machine=4020558350
-------
timestamp=184352368162
iterations=1447
sample_ns=100000000
window_ns=1000000000
rapl_core_sum_uj=1344161516
rapl_psys_sum_uj=0
pid=0 energy=6805036046965 alive=1 kernel=1 cpu_ns=348664000000 mem=351055872 instructions=1012343209393 wakeups=189125 diski=7553024 disko=20135936 rx=2973 tx=1537 comm=*system*
psu_energy_ac_mcp_machine=4025105225
-------
timestamp=184498719790
iterations=1448
sample_ns=100000000
window_ns=1000000000
rapl_core_sum_uj=1344813371
rapl_psys_sum_uj=0
pid=0 energy=6807254913900 alive=1 kernel=1 cpu_ns=348793000000 mem=351039488 instructions=1012657982780 wakeups=189330 diski=7553024 disko=20135936 rx=2973 tx=1537 comm=*system*
psu_energy_ac_mcp_machine=4028440552
-------
timestamp=184641926592
iterations=1449
sample_ns=100000000
window_ns=1000000000
rapl_core_sum_uj=1345473405
rapl_psys_sum_uj=0
pid=0 energy=6809487887940 alive=1 kernel=1 cpu_ns=348925000000 mem=351055872 instructions=1012972577588 wakeups=189527 diski=7553024 disko=20135936 rx=2973 tx=1537 comm=*system*
psu_energy_ac_mcp_machine=4032995605
-------
timestamp=184785906674
iterations=1451
sample_ns=100000000
window_ns=1000000000
rapl_core_sum_uj=1346699051
rapl_psys_sum_uj=0
pid=0 energy=6813654430140 alive=1 kernel=1 cpu_ns=349160000000 mem=351047680 instructions=1013570886028 wakeups=189731 diski=7553024 disko=20135936 rx=2973 tx=1537 comm=*system*
psu_energy_ac_mcp_machine=4037528931
-------
timestamp=184932321653
iterations=1452
sample_ns=100000000
window_ns=1000000000
rapl_core_sum_uj=1347357132
rapl_psys_sum_uj=0
pid=0 energy=6815891454740 alive=1 kernel=1 cpu_ns=349293000000 mem=351043584 instructions=1013885290948 wakeups=189933 diski=7553024 disko=20135936 rx=2973 tx=1537 comm=*system*
psu_energy_ac_mcp_machine=4040881714
-------
timestamp=185075332994
iterations=1454
sample_ns=100000000
window_ns=1000000000
rapl_core_sum_uj=1348602188
rapl_psys_sum_uj=0
pid=0 energy=6820172109830 alive=1 kernel=1 cpu_ns=349538000000 mem=351571968 instructions=1014496421966 wakeups=190157 diski=7553024 disko=20135936 rx=2973 tx=1537 comm=*system*
psu_energy_ac_mcp_machine=4045459717
-------
timestamp=185222035228
iterations=1455
sample_ns=100000000
window_ns=1000000000
rapl_core_sum_uj=1349240005
rapl_psys_sum_uj=0
pid=0 energy=6822287048080 alive=1 kernel=1 cpu_ns=349660000000 mem=351043584 instructions=1014797409616 wakeups=190358 diski=7553024 disko=20135936 rx=2973 tx=1537 comm=*system*
psu_energy_ac_mcp_machine=4049974976
-------
timestamp=185368338024
iterations=1456
sample_ns=100000000
window_ns=1000000000
rapl_core_sum_uj=1349888076
rapl_psys_sum_uj=0
pid=0 energy=6824380825525 alive=1 kernel=1 cpu_ns=349787000000 mem=351043584 instructions=1015089165105 wakeups=190554 diski=7553024 disko=20135936 rx=2973 tx=1537 comm=*system*
psu_energy_ac_mcp_machine=4053351074
-------
timestamp=185511683248
iterations=1458
sample_ns=100000000
window_ns=1000000000
rapl_core_sum_uj=1351113783
rapl_psys_sum_uj=0
pid=0 energy=6828555060710 alive=1 kernel=1 cpu_ns=350023000000 mem=351059968 instructions=1015688012142 wakeups=190765 diski=7553024 disko=20135936 rx=2973 tx=1537 comm=*system*
psu_energy_ac_mcp_machine=4057894287
-------
timestamp=185658173439
iterations=1459
sample_ns=100000000
window_ns=1000000000
rapl_core_sum_uj=1351771803
rapl_psys_sum_uj=0
pid=0 energy=6830781007515 alive=1 kernel=1 cpu_ns=350155000000 mem=351055872 instructions=1016001201503 wakeups=190960 diski=7553024 disko=20135936 rx=2973 tx=1537 comm=*system*
psu_energy_ac_mcp_machine=4061233521
-------
timestamp=185801586450
iterations=1461
sample_ns=100000000
window_ns=1000000000
rapl_core_sum_uj=1353023389
rapl_psys_sum_uj=0
pid=0 energy=6835067171560 alive=1 kernel=1 cpu_ns=350402000000 mem=351551488 instructions=1016611434312 wakeups=191179 diski=7553024 disko=20135936 rx=2975 tx=1537 comm=*system*
psu_energy_ac_mcp_machine=4065777710
-------
timestamp=185945687294
iterations=1462
sample_ns=100000000
window_ns=1000000000
rapl_core_sum_uj=1353655347
rapl_psys_sum_uj=0
pid=0 energy=6837204880310 alive=1 kernel=1 cpu_ns=350527000000 mem=351055872 instructions=1016913976062 wakeups=191369 diski=7553024 disko=20135936 rx=2975 tx=1537 comm=*system*
psu_energy_ac_mcp_machine=4070310791
-------
timestamp=186091438266
iterations=1463
sample_ns=100000000
window_ns=1000000000
rapl_core_sum_uj=1354314831
rapl_psys_sum_uj=0
pid=0 energy=6839447842005 alive=1 kernel=1 cpu_ns=350660000000 mem=351055872 instructions=1017229568401 wakeups=191568 diski=7553024 disko=20135936 rx=2975 tx=1537 comm=*system*
psu_energy_ac_mcp_machine=4073662720
-------
timestamp=186235094626
iterations=1465
sample_ns=100000000
window_ns=1000000000
rapl_core_sum_uj=1355540782
rapl_psys_sum_uj=0
pid=0 energy=6843609346345 alive=1 kernel=1 cpu_ns=350896000000 mem=351055872 instructions=1017825869269 wakeups=191773 diski=7553024 disko=20135936 rx=2975 tx=1537 comm=*system*
psu_energy_ac_mcp_machine=4078222900
-------
timestamp=186380569519
iterations=1466
sample_ns=100000000
window_ns=1000000000
rapl_core_sum_uj=1356193186
rapl_psys_sum_uj=0
pid=0 energy=6845828495625 alive=1 kernel=1 cpu_ns=351024000000 mem=351059968 instructions=1018141699125 wakeups=191969 diski=7553024 disko=20135936 rx=2975 tx=1537 comm=*system*
psu_energy_ac_mcp_machine=4081569946
-------
timestamp=186523940186
iterations=1468
sample_ns=100000000
window_ns=1000000000
rapl_core_sum_uj=1357459238
rapl_psys_sum_uj=0
pid=0 energy=6850184208150 alive=1 kernel=1 cpu_ns=351279000000 mem=352112640 instructions=1018757841630 wakeups=192214 diski=7553024 disko=20156416 rx=2975 tx=1537 comm=*system*
psu_energy_ac_mcp_machine=4086127197
-------
timestamp=186667275898
iterations=1469
sample_ns=100000000
window_ns=1000000000
rapl_core_sum_uj=1358075998
rapl_psys_sum_uj=0
pid=0 energy=6852222114030 alive=1 kernel=1 cpu_ns=351391000000 mem=351080448 instructions=1019053422806 wakeups=192387 diski=7553024 disko=20156416 rx=2975 tx=1537 comm=*system*
psu_energy_ac_mcp_machine=4090642944
-------
timestamp=186814161587
iterations=1470
sample_ns=100000000
window_ns=1000000000
rapl_core_sum_uj=1358731088
rapl_psys_sum_uj=0
pid=0 energy=6854323530875 alive=1 kernel=1 cpu_ns=351520000000 mem=351059968 instructions=1019344706175 wakeups=192577 diski=7553024 disko=20156416 rx=2975 tx=1537 comm=*system*
psu_energy_ac_mcp_machine=4093992554
-------
timestamp=186957310373
iterations=1472
sample_ns=100000000
window_ns=1000000000
rapl_core_sum_uj=1359956001
rapl_psys_sum_uj=0
pid=0 energy=6858492537815 alive=1 kernel=1 cpu_ns=351756000000 mem=351080448 instructions=1019942507563 wakeups=192784 diski=7553024 disko=20156416 rx=2975 tx=1537 comm=*system*
psu_energy_ac_mcp_machine=4098545532
-------
timestamp=187103256178
iterations=1473
sample_ns=100000000
window_ns=1000000000
rapl_core_sum_uj=1360613227
rapl_psys_sum_uj=0
pid=0 energy=6860706363495 alive=1 kernel=1 cpu_ns=351884000000 mem=351064064 instructions=1020257272699 wakeups=192983 diski=7553024 disko=20156416 rx=2975 tx=1537 comm=*system*
psu_energy_ac_mcp_machine=4101856445
-------
timestamp=187246430379
iterations=1474
sample_ns=100000000
window_ns=1000000000
rapl_core_sum_uj=1361268012
rapl_psys_sum_uj=0
pid=0 energy=6862946774530 alive=1 kernel=1 cpu_ns=352018000000 mem=351080448 instructions=1020571354906 wakeups=193185 diski=7553024 disko=20156416 rx=2975 tx=1537 comm=*system*
psu_energy_ac_mcp_machine=4106430420
-------
timestamp=187389680659
iterations=1476
sample_ns=100000000
window_ns=1000000000
rapl_core_sum_uj=1362494085
rapl_psys_sum_uj=0
pid=0 energy=6867118650735 alive=1 kernel=1 cpu_ns=352254000000 mem=351068160 instructions=1021169730147 wakeups=193393 diski=7553024 disko=20156416 rx=2975 tx=1537 comm=*system*
psu_energy_ac_mcp_machine=4110971069
-------
timestamp=187536458304
iterations=1477
sample_ns=100000000
window_ns=1000000000
rapl_core_sum_uj=1363154180
rapl_psys_sum_uj=0
pid=0 energy=6869344972335 alive=1 kernel=1 cpu_ns=352386000000 mem=351068160 instructions=1021482994467 wakeups=193589 diski=7553024 disko=20156416 rx=2975 tx=1537 comm=*system*
psu_energy_ac_mcp_machine=4114294434
-------
timestamp=187679835793
iterations=1479
sample_ns=100000000
window_ns=1000000000
rapl_core_sum_uj=1364382329
rapl_psys_sum_uj=0
pid=0 energy=6873562055450 alive=1 kernel=1 cpu_ns=352627000000 mem=351068160 instructions=1022085411090 wakeups=193806 diski=7553024 disko=20156416 rx=2977 tx=1537 comm=*system*
psu_energy_ac_mcp_machine=4118823608
-------
timestamp=187826175611
iterations=1480
sample_ns=100000000
window_ns=1000000000
rapl_core_sum_uj=1365031376
rapl_psys_sum_uj=0
pid=0 energy=6875749695330 alive=1 kernel=1 cpu_ns=352754000000 mem=351076352 instructions=1022395939066 wakeups=193994 diski=7553024 disko=20156416 rx=2977 tx=1537 comm=*system*
psu_energy_ac_mcp_machine=4123316528
-------
timestamp=187972025123
iterations=1481
sample_ns=100000000
window_ns=1000000000
rapl_core_sum_uj=1365683170
rapl_psys_sum_uj=0
pid=0 energy=6877976103795 alive=1 kernel=1 cpu_ns=352883000000 mem=351072256 instructions=1022712220759 wakeups=194195 diski=7553024 disko=20156416 rx=2977 tx=1537 comm=*system*
psu_energy_ac_mcp_machine=4126673584
-------
timestamp=188115320218
iterations=1483
sample_ns=100000000
window_ns=1000000000
rapl_core_sum_uj=1366909426
rapl_psys_sum_uj=0
pid=0 energy=6882121908265 alive=1 kernel=1 cpu_ns=353120000000 mem=351080448 instructions=1023304381653 wakeups=194406 diski=7553024 disko=20156416 rx=2977 tx=1537 comm=*system*
psu_energy_ac_mcp_machine=4131219238
-------
timestamp=188260724330
iterations=1484
sample_ns=100000000
window_ns=1000000000
rapl_core_sum_uj=1367560549
rapl_psys_sum_uj=0
pid=0 energy=6884248888985 alive=1 kernel=1 cpu_ns=353250000000 mem=351076352 instructions=1023599777797 wakeups=194622 diski=7553024 disko=20156416 rx=2978 tx=1538 comm=*system*
psu_energy_ac_mcp_machine=4134530640
-------
timestamp=188403450768
iterations=1486
sample_ns=100000000
window_ns=1000000000
rapl_core_sum_uj=1368797181
rapl_psys_sum_uj=0
pid=0 energy=6888494065170 alive=1 kernel=1 cpu_ns=353491000000 mem=351428608 instructions=1024207813034 wakeups=194849 diski=7553024 disko=20156416 rx=2978 tx=1538 comm=*system*
psu_energy_ac_mcp_machine=4139054321
-------
timestamp=188549032678
iterations=1487
sample_ns=100000000
window_ns=1000000000
rapl_core_sum_uj=1369435974
rapl_psys_sum_uj=0
pid=0 energy=6890650222930 alive=1 kernel=1 cpu_ns=353617000000 mem=351084544 instructions=1024513044586 wakeups=195037 diski=7553024 disko=20156416 rx=2978 tx=1538 comm=*system*
psu_energy_ac_mcp_machine=4143557251
-------
timestamp=188694255808
iterations=1488
sample_ns=100000000
window_ns=1000000000
rapl_core_sum_uj=1370091918
rapl_psys_sum_uj=0
pid=0 energy=6892865614675 alive=1 kernel=1 cpu_ns=353744000000 mem=351080448 instructions=1024829122935 wakeups=195233 diski=7553024 disko=20156416 rx=2978 tx=1538 comm=*system*
psu_energy_ac_mcp_machine=4146878662
-------
timestamp=188837347413
iterations=1490
sample_ns=100000000
window_ns=1000000000
rapl_core_sum_uj=1371317076
rapl_psys_sum_uj=0
pid=0 energy=6897017609355 alive=1 kernel=1 cpu_ns=353978000000 mem=351080448 instructions=1025425521871 wakeups=195444 diski=7553024 disko=20156416 rx=2978 tx=1538 comm=*system*
psu_energy_ac_mcp_machine=4151437866
-------
timestamp=188983238892
iterations=1491
sample_ns=100000000
window_ns=1000000000
rapl_core_sum_uj=1371972349
rapl_psys_sum_uj=0
pid=0 energy=6899240692335 alive=1 kernel=1 cpu_ns=354108000000 mem=351084544 instructions=1025740138467 wakeups=195640 diski=7553024 disko=20156416 rx=2978 tx=1538 comm=*system*
psu_energy_ac_mcp_machine=4154752808
-------
timestamp=189126430723
iterations=1493
sample_ns=100000000
window_ns=1000000000
rapl_core_sum_uj=1373227902
rapl_psys_sum_uj=0
pid=0 energy=6903532762245 alive=1 kernel=1 cpu_ns=354354000000 mem=351764480 instructions=1026352552449 wakeups=195872 diski=7553024 disko=20156416 rx=2980 tx=1538 comm=*system*
psu_energy_ac_mcp_machine=4159298950
-------
timestamp=189269013579
iterations=1494
sample_ns=100000000
window_ns=1000000000
rapl_core_sum_uj=1373856991
rapl_psys_sum_uj=0
pid=0 energy=6905621320985 alive=1 kernel=1 cpu_ns=354472000000 mem=351088640 instructions=1026652264197 wakeups=196053 diski=7553024 disko=20156416 rx=2980 tx=1538 comm=*system*
psu_energy_ac_mcp_machine=4163700195
-------
timestamp=189448202516
iterations=1496
sample_ns=100000000
window_ns=1000000000
rapl_core_sum_uj=1375596675
rapl_psys_sum_uj=0
pid=0 energy=6912347783125 alive=1 kernel=1 cpu_ns=355133000000 mem=352014336 instructions=1027336556625 wakeups=196297 diski=7553024 disko=20156416 rx=2985 tx=1543 comm=*system*
psu_energy_ac_mcp_machine=4168816040
-------
timestamp=189627301393
iterations=1497
sample_ns=100000000
window_ns=1000000000
rapl_core_sum_uj=1376527216
rapl_psys_sum_uj=0
pid=0 energy=6915992913570 alive=1 kernel=1 cpu_ns=355548000000 mem=351485952 instructions=1027650582714 wakeups=196485 diski=7553024 disko=20156416 rx=2985 tx=1543 comm=*system*
psu_energy_ac_mcp_machine=4175195435
-------
timestamp=189816393924
iterations=1499
sample_ns=100000000
window_ns=1000000000
rapl_core_sum_uj=1378366937
rapl_psys_sum_uj=0
pid=0 energy=6923108935855 alive=1 kernel=1 cpu_ns=356380000000 mem=351309824 instructions=1028241787171 wakeups=196699 diski=7553024 disko=20156416 rx=2987 tx=1543 comm=*system*
psu_energy_ac_mcp_machine=4180287964
-------
timestamp=189999389616
iterations=1501
sample_ns=100000000
window_ns=1000000000
rapl_core_sum_uj=1380203667
rapl_psys_sum_uj=0
pid=0 energy=6930235272600 alive=1 kernel=1 cpu_ns=357212000000 mem=351191040 instructions=1028835054520 wakeups=196934 diski=7553024 disko=20156416 rx=2987 tx=1543 comm=*system*
psu_energy_ac_mcp_machine=4186690918
-------
timestamp=190188208630
iterations=1503
sample_ns=100000000
window_ns=1000000000
rapl_core_sum_uj=1382059684
rapl_psys_sum_uj=0
pid=0 energy=6937425889760 alive=1 kernel=1 cpu_ns=358048000000 mem=351719424 instructions=1029437177952 wakeups=197168 diski=7553024 disko=20156416 rx=2987 tx=1543 comm=*system*
psu_energy_ac_mcp_machine=4193075562
-------
timestamp=190368396012
iterations=1504
sample_ns=100000000
window_ns=1000000000
rapl_core_sum_uj=1382976859
rapl_psys_sum_uj=0
pid=0 energy=6940989278930 alive=1 kernel=1 cpu_ns=358460000000 mem=351191040 instructions=1029737855786 wakeups=197357 diski=7553024 disko=20156416 rx=2987 tx=1543 comm=*system*
psu_energy_ac_mcp_machine=4198168213
-------
timestamp=190552164584
iterations=1506
sample_ns=100000000
window_ns=1000000000
rapl_core_sum_uj=1384812307
rapl_psys_sum_uj=0
pid=0 energy=6948102272860 alive=1 kernel=1 cpu_ns=359291000000 mem=351543296 instructions=1030329454572 wakeups=197568 diski=7553024 disko=20156416 rx=2987 tx=1543 comm=*system*
psu_energy_ac_mcp_machine=4204559082
-------
timestamp=190736296901
iterations=1508
sample_ns=100000000
window_ns=1000000000
rapl_core_sum_uj=1386652699
rapl_psys_sum_uj=0
pid=0 energy=6955212788830 alive=1 kernel=1 cpu_ns=360121000000 mem=351367168 instructions=1030921557766 wakeups=197787 diski=7553024 disko=20156416 rx=2987 tx=1543 comm=*system*
psu_energy_ac_mcp_machine=4209650635
-------
timestamp=190914752826
iterations=1510
sample_ns=100000000
window_ns=1000000000
rapl_core_sum_uj=1388493274
rapl_psys_sum_uj=0
pid=0 energy=6962230518780 alive=1 kernel=1 cpu_ns=360952000000 mem=351600640 instructions=1031494103756 wakeups=198010 diski=7553024 disko=20156416 rx=2987 tx=1543 comm=*system*
psu_energy_ac_mcp_machine=4216071289
-------
timestamp=191098373258
iterations=1511
sample_ns=100000000
window_ns=1000000000
rapl_core_sum_uj=1389425952
rapl_psys_sum_uj=0
pid=0 energy=6965839871245 alive=1 kernel=1 cpu_ns=361368000000 mem=351248384 instructions=1031799974249 wakeups=198210 diski=7553024 disko=20156416 rx=2987 tx=1543 comm=*system*
psu_energy_ac_mcp_machine=4221166382
-------
timestamp=191281916034
iterations=1513
sample_ns=100000000
window_ns=1000000000
rapl_core_sum_uj=1391262560
rapl_psys_sum_uj=0
pid=0 energy=6972954867820 alive=1 kernel=1 cpu_ns=362199000000 mem=351600640 instructions=1032391973564 wakeups=198428 diski=7553024 disko=20156416 rx=2987 tx=1543 comm=*system*
psu_energy_ac_mcp_machine=4227529175
-------
timestamp=191470296931
iterations=1515
sample_ns=100000000
window_ns=1000000000
rapl_core_sum_uj=1393100450
rapl_psys_sum_uj=0
pid=0 energy=6980074501640 alive=1 kernel=1 cpu_ns=363031000000 mem=351424512 instructions=1032983900328 wakeups=198641 diski=7553024 disko=20156416 rx=2987 tx=1543 comm=*system*
psu_energy_ac_mcp_machine=4233896729
-------
timestamp=191654324463
iterations=1517
sample_ns=100000000
window_ns=1000000000
rapl_core_sum_uj=1394938157
rapl_psys_sum_uj=0
pid=0 energy=6987213980360 alive=1 kernel=1 cpu_ns=363863000000 mem=351600640 instructions=1033579796072 wakeups=198865 diski=7553024 disko=20156416 rx=2987 tx=1543 comm=*system*
psu_energy_ac_mcp_machine=4239002563
-------
timestamp=191829645356
iterations=1519
sample_ns=100000000
window_ns=1000000000
rapl_core_sum_uj=1396790390
rapl_psys_sum_uj=0
pid=0 energy=6994408623460 alive=1 kernel=1 cpu_ns=364695000000 mem=352538624 instructions=1034186724692 wakeups=199124 diski=7553024 disko=20176896 rx=2989 tx=1543 comm=*system*
psu_energy_ac_mcp_machine=4245426758
-------
timestamp=192016401493
iterations=1520
sample_ns=100000000
window_ns=1000000000
rapl_core_sum_uj=1397712753
rapl_psys_sum_uj=0
pid=0 energy=6997989427455 alive=1 kernel=1 cpu_ns=365115000000 mem=351305728 instructions=1034482885491 wakeups=199296 diski=7553024 disko=20176896 rx=2989 tx=1543 comm=*system*
psu_energy_ac_mcp_machine=4250532349
-------
timestamp=192199420116
iterations=1522
sample_ns=100000000
window_ns=1000000000
rapl_core_sum_uj=1399539290
rapl_psys_sum_uj=0
pid=0 energy=7005076511995 alive=1 kernel=1 cpu_ns=365943000000 mem=351129600 instructions=1035072302399 wakeups=199524 diski=7553024 disko=20176896 rx=2989 tx=1543 comm=*system*
psu_energy_ac_mcp_machine=4256911743
-------
timestamp=192387360622
iterations=1524
sample_ns=100000000
window_ns=1000000000
rapl_core_sum_uj=1401374799
rapl_psys_sum_uj=0
pid=0 energy=7012073817335 alive=1 kernel=1 cpu_ns=366773000000 mem=351481856 instructions=1035641763467 wakeups=199760 diski=7553024 disko=20176896 rx=2990 tx=1543 comm=*system*
psu_energy_ac_mcp_machine=4263307617
-------
timestamp=192573178369
iterations=1526
sample_ns=100000000
window_ns=1000000000
rapl_core_sum_uj=1403223797
rapl_psys_sum_uj=0
pid=0 energy=7019282612270 alive=1 kernel=1 cpu_ns=367609000000 mem=352010240 instructions=1036247522454 wakeups=200008 diski=7553024 disko=20176896 rx=2990 tx=1543 comm=*system*
psu_energy_ac_mcp_machine=4268404053
-------
timestamp=192752430973
iterations=1527
sample_ns=100000000
window_ns=1000000000
rapl_core_sum_uj=1404133648
rapl_psys_sum_uj=0
pid=0 energy=7022815972815 alive=1 kernel=1 cpu_ns=368020000000 mem=351481856 instructions=1036543194563 wakeups=200200 diski=7553024 disko=20176896 rx=2990 tx=1543 comm=*system*
psu_energy_ac_mcp_machine=4274790283
-------
timestamp=192939244300
iterations=1529
sample_ns=100000000
window_ns=1000000000
rapl_core_sum_uj=1405957438
rapl_psys_sum_uj=0
pid=0 energy=7029917842515 alive=1 kernel=1 cpu_ns=368850000000 mem=351416320 instructions=1037133568503 wakeups=200416 diski=7553024 disko=20176896 rx=2990 tx=1543 comm=*system*
psu_energy_ac_mcp_machine=4279896240
-------
timestamp=193117353148
iterations=1531
sample_ns=100000000
window_ns=1000000000
rapl_core_sum_uj=1407802347
rapl_psys_sum_uj=0
pid=0 energy=7037101827015 alive=1 kernel=1 cpu_ns=369689000000 mem=351416320 instructions=1037731365403 wakeups=200634 diski=7553024 disko=20176896 rx=2990 tx=1543 comm=*system*
psu_energy_ac_mcp_machine=4286305542
-------
timestamp=193307205275
iterations=1533
sample_ns=100000000
window_ns=1000000000
rapl_core_sum_uj=1409696938
rapl_psys_sum_uj=0
pid=0 energy=7044486377145 alive=1 kernel=1 cpu_ns=370543000000 mem=352296960 instructions=1038354275429 wakeups=200875 diski=7553024 disko=20176896 rx=2990 tx=1543 comm=*system*
psu_energy_ac_mcp_machine=4292680542
-------
timestamp=193489352730
iterations=1534
sample_ns=100000000
window_ns=1000000000
rapl_core_sum_uj=1410613563
rapl_psys_sum_uj=0
pid=0 energy=7048051127900 alive=1 kernel=1 cpu_ns=370959000000 mem=351416320 instructions=1038651225580 wakeups=201066 diski=7553024 disko=20176896 rx=2990 tx=1543 comm=*system*
psu_energy_ac_mcp_machine=4297760742
-------
timestamp=193675208112
iterations=1536
sample_ns=100000000
window_ns=1000000000
rapl_core_sum_uj=1412513404
rapl_psys_sum_uj=0
pid=0 energy=7055409026535 alive=1 kernel=1 cpu_ns=371823000000 mem=351416320 instructions=1039258805307 wakeups=201270 diski=7553024 disko=20176896 rx=2990 tx=1543 comm=*system*
psu_energy_ac_mcp_machine=4304138062
-------
timestamp=193860544444
iterations=1538
sample_ns=100000000
window_ns=1000000000
rapl_core_sum_uj=1414347631
rapl_psys_sum_uj=0
pid=0 energy=7062467100190 alive=1 kernel=1 cpu_ns=372655000000 mem=351674368 instructions=1039838420038 wakeups=201485 diski=7553024 disko=20176896 rx=2992 tx=1543 comm=*system*
psu_energy_ac_mcp_machine=4309261108
-------
timestamp=194033868743
iterations=1540
sample_ns=100000000
window_ns=1000000000
rapl_core_sum_uj=1416198704
rapl_psys_sum_uj=0
pid=0 energy=7069631077300 alive=1 kernel=1 cpu_ns=373487000000 mem=352186368 instructions=1040439215460 wakeups=201732 diski=7553024 disko=20176896 rx=2992 tx=1543 comm=*system*
psu_energy_ac_mcp_machine=4315660278
-------
timestamp=194221587393
iterations=1541
sample_ns=100000000
window_ns=1000000000
rapl_core_sum_uj=1417123142
rapl_psys_sum_uj=0
pid=0 energy=7073189771635 alive=1 kernel=1 cpu_ns=373903000000 mem=351305728 instructions=1040734954327 wakeups=201915 diski=7553024 disko=20176896 rx=2992 tx=1543 comm=*system*
psu_energy_ac_mcp_machine=4320751953
-------
timestamp=194403367590
iterations=1543
sample_ns=100000000
window_ns=1000000000
rapl_core_sum_uj=1418961581
rapl_psys_sum_uj=0
pid=0 energy=7080310291375 alive=1 kernel=1 cpu_ns=374735000000 mem=351305728 instructions=1041327058275 wakeups=202128 diski=7553024 disko=20176896 rx=2992 tx=1543 comm=*system*
psu_energy_ac_mcp_machine=4327147217
-------
timestamp=194582330469
iterations=1545
sample_ns=100000000
window_ns=1000000000
rapl_core_sum_uj=1420799653
rapl_psys_sum_uj=0
pid=0 energy=7087441509385 alive=1 kernel=1 cpu_ns=375566000000 mem=351481856 instructions=1041922301877 wakeups=202373 diski=7553024 disko=20176896 rx=2992 tx=1543 comm=*system*
psu_energy_ac_mcp_machine=4332241577
-------
timestamp=194767292083
iterations=1547
sample_ns=100000000
window_ns=1000000000
rapl_core_sum_uj=1422647736
rapl_psys_sum_uj=0
pid=0 energy=7094617427050 alive=1 kernel=1 cpu_ns=376398000000 mem=352186368 instructions=1042525485410 wakeups=202615 diski=7553024 disko=20176896 rx=2992 tx=1543 comm=*system*
psu_energy_ac_mcp_machine=4338658081
-------
timestamp=194951277240
iterations=1548
sample_ns=100000000
window_ns=1000000000
rapl_core_sum_uj=1423572662
rapl_psys_sum_uj=0
pid=0 energy=7098184945805 alive=1 kernel=1 cpu_ns=376814000000 mem=351428608 instructions=1042822989161 wakeups=202805 diski=7553024 disko=20176896 rx=2992 tx=1543 comm=*system*
psu_energy_ac_mcp_machine=4345057007
-------
timestamp=195144389166
iterations=1550
sample_ns=100000000
window_ns=1000000000
rapl_core_sum_uj=1425416838
rapl_psys_sum_uj=0
pid=0 energy=7105275271355 alive=1 kernel=1 cpu_ns=377646000000 mem=351428608 instructions=1043409054271 wakeups=203020 diski=7553024 disko=20176896 rx=2992 tx=1543 comm=*system*
psu_energy_ac_mcp_machine=4350171875
-------
timestamp=195324247050
iterations=1552
sample_ns=100000000
window_ns=1000000000
rapl_core_sum_uj=1427254789
rapl_psys_sum_uj=0
pid=0 energy=7112331181230 alive=1 kernel=1 cpu_ns=378478000000 mem=351252480 instructions=1043988236246 wakeups=203246 diski=7553024 disko=20176896 rx=2992 tx=1543 comm=*system*
psu_energy_ac_mcp_machine=4356557007
-------
timestamp=195512154894
iterations=1554
sample_ns=100000000
window_ns=1000000000
rapl_core_sum_uj=1429101224
rapl_psys_sum_uj=0
pid=0 energy=7119433880105 alive=1 kernel=1 cpu_ns=379307000000 mem=351604736 instructions=1044579776021 wakeups=203489 diski=7553024 disko=20176896 rx=2992 tx=1543 comm=*system*
psu_energy_ac_mcp_machine=4362936890
-------
timestamp=195702327657
iterations=1556
sample_ns=100000000
window_ns=1000000000
rapl_core_sum_uj=1430947110
rapl_psys_sum_uj=0
pid=0 energy=7126601217800 alive=1 kernel=1 cpu_ns=380138000000 mem=352309248 instructions=1045182243560 wakeups=203723 diski=7553024 disko=20176896 rx=2994 tx=1543 comm=*system*
psu_energy_ac_mcp_machine=4368019775
-------
timestamp=195886432090
iterations=1557
sample_ns=100000000
window_ns=1000000000
rapl_core_sum_uj=1431866177
rapl_psys_sum_uj=0
pid=0 energy=7130150904095 alive=1 kernel=1 cpu_ns=380553000000 mem=351428608 instructions=1045477180819 wakeups=203901 diski=7553024 disko=20176896 rx=2994 tx=1543 comm=*system*
psu_energy_ac_mcp_machine=4374403320
-------
timestamp=196067910097
iterations=1559
sample_ns=100000000
window_ns=1000000000
rapl_core_sum_uj=1433706936
rapl_psys_sum_uj=0
pid=0 energy=7137271717755 alive=1 kernel=1 cpu_ns=381385000000 mem=351334400 instructions=1046069343551 wakeups=204127 diski=7553024 disko=20176896 rx=2994 tx=1543 comm=*system*
psu_energy_ac_mcp_machine=4380806274
-------
timestamp=196254360297
iterations=1561
sample_ns=100000000
window_ns=1000000000
rapl_core_sum_uj=1435555690
rapl_psys_sum_uj=0
pid=0 energy=7144380090820 alive=1 kernel=1 cpu_ns=382215000000 mem=351510528 instructions=1046661018164 wakeups=204358 diski=7553024 disko=20176896 rx=2994 tx=1543 comm=*system*
psu_energy_ac_mcp_machine=4385900391
-------
timestamp=196437315223
iterations=1563
sample_ns=100000000
window_ns=1000000000
rapl_core_sum_uj=1437437220
rapl_psys_sum_uj=0
pid=0 energy=7151624704630 alive=1 kernel=1 cpu_ns=383055000000 mem=352038912 instructions=1047269940926 wakeups=204610 diski=7553024 disko=20176896 rx=2994 tx=1543 comm=*system*
psu_energy_ac_mcp_machine=4392266724
-------
timestamp=196622429096
iterations=1564
sample_ns=100000000
window_ns=1000000000
rapl_core_sum_uj=1438419458
rapl_psys_sum_uj=0
pid=0 energy=7155339411050 alive=1 kernel=1 cpu_ns=383494000000 mem=351510528 instructions=1047573882210 wakeups=204792 diski=7553024 disko=20176896 rx=2994 tx=1543 comm=*system*
psu_energy_ac_mcp_machine=4397349976
-------
timestamp=196806570247
iterations=1566
sample_ns=100000000
window_ns=1000000000
rapl_core_sum_uj=1440265465
rapl_psys_sum_uj=0
pid=0 energy=7162435127315 alive=1 kernel=1 cpu_ns=384326000000 mem=351510528 instructions=1048161025463 wakeups=205013 diski=7553024 disko=20176896 rx=2994 tx=1543 comm=*system*
psu_energy_ac_mcp_machine=4403726196
-------
timestamp=196996149996
iterations=1568
sample_ns=100000000
window_ns=1000000000
rapl_core_sum_uj=1442104393
rapl_psys_sum_uj=0
pid=0 energy=7169512421960 alive=1 kernel=1 cpu_ns=385156000000 mem=351571968 instructions=1048746484392 wakeups=205252 diski=7553024 disko=20193280 rx=2994 tx=1543 comm=*system*
psu_energy_ac_mcp_machine=4410179565
-------
timestamp=197180404760
iterations=1570
sample_ns=100000000
window_ns=1000000000
rapl_core_sum_uj=1443946982
rapl_psys_sum_uj=0
pid=0 energy=7176673895895 alive=1 kernel=1 cpu_ns=385988000000 mem=351924224 instructions=1049346779179 wakeups=205500 diski=7553024 disko=20193280 rx=2994 tx=1543 comm=*system*
psu_energy_ac_mcp_machine=4415297974
-------
timestamp=197372252582
iterations=1572
sample_ns=100000000
window_ns=1000000000
rapl_core_sum_uj=1445797567
rapl_psys_sum_uj=0
pid=0 energy=7183857043275 alive=1 kernel=1 cpu_ns=386818000000 mem=352452608 instructions=1049953408655 wakeups=205799 diski=7553024 disko=22872064 rx=2994 tx=1543 comm=*system*
psu_energy_ac_mcp_machine=4421734375
-------
timestamp=197555448861
iterations=1573
sample_ns=100000000
window_ns=1000000000
rapl_core_sum_uj=1446718038
rapl_psys_sum_uj=0
pid=0 energy=7187410948855 alive=1 kernel=1 cpu_ns=387234000000 mem=351395840 instructions=1050248189771 wakeups=205976 diski=7553024 disko=22872064 rx=2994 tx=1543 comm=*system*
psu_energy_ac_mcp_machine=4428150757
-------
timestamp=197741382318
iterations=1575
sample_ns=100000000
window_ns=1000000000
rapl_core_sum_uj=1448633931
rapl_psys_sum_uj=0
pid=0 energy=7194826718480 alive=1 kernel=1 cpu_ns=388101000000 mem=351571968 instructions=1050864343696 wakeups=206200 diski=7553024 disko=22872064 rx=2996 tx=1543 comm=*system*
psu_energy_ac_mcp_machine=4433244995
-------
timestamp=197924348539
iterations=1577
sample_ns=100000000
window_ns=1000000000
rapl_core_sum_uj=1450489520
rapl_psys_sum_uj=0
pid=0 energy=7201976896545 alive=1 kernel=1 cpu_ns=388936000000 mem=351641600 instructions=1051459379309 wakeups=206443 diski=7553024 disko=22872064 rx=2996 tx=1543 comm=*system*
psu_energy_ac_mcp_machine=4439634277
-------
timestamp=198111470099
iterations=1579
sample_ns=100000000
window_ns=1000000000
rapl_core_sum_uj=1452398821
rapl_psys_sum_uj=0
pid=0 energy=7209327605440 alive=1 kernel=1 cpu_ns=389792000000 mem=352522240 instructions=1052073521088 wakeups=206689 diski=7553024 disko=22872064 rx=2997 tx=1544 comm=*system*
psu_energy_ac_mcp_machine=4446018555
-------
timestamp=198298209720
iterations=1580
sample_ns=100000000
window_ns=1000000000
rapl_core_sum_uj=1453319048
rapl_psys_sum_uj=0
pid=0 energy=7212844577365 alive=1 kernel=1 cpu_ns=390208000000 mem=351465472 instructions=1052360915473 wakeups=206869 diski=7553024 disko=22872064 rx=2997 tx=1544 comm=*system*
psu_energy_ac_mcp_machine=4451089478
-------
timestamp=198479279198
iterations=1582
sample_ns=100000000
window_ns=1000000000
rapl_core_sum_uj=1455161332
rapl_psys_sum_uj=0
pid=0 energy=7219931650355 alive=1 kernel=1 cpu_ns=391040000000 mem=351465472 instructions=1052946330071 wakeups=207098 diski=7553024 disko=22872064 rx=2997 tx=1544 comm=*system*
psu_energy_ac_mcp_machine=4457488647
-------
timestamp=198663896717
iterations=1584
sample_ns=100000000
window_ns=1000000000
rapl_core_sum_uj=1457006057
rapl_psys_sum_uj=0
pid=0 energy=7227071196990 alive=1 kernel=1 cpu_ns=391872000000 mem=351641600 instructions=1053542239398 wakeups=207331 diski=7553024 disko=22872064 rx=2997 tx=1544 comm=*system*
psu_energy_ac_mcp_machine=4462582275
-------
timestamp=198844243703
iterations=1586
sample_ns=100000000
window_ns=1000000000
rapl_core_sum_uj=1458863112
rapl_psys_sum_uj=0
pid=0 energy=7234259895620 alive=1 kernel=1 cpu_ns=392704000000 mem=352522240 instructions=1054147979124 wakeups=207568 diski=7553024 disko=22872064 rx=2997 tx=1544 comm=*system*
psu_energy_ac_mcp_machine=4468985474
-------
timestamp=199031289408
iterations=1587
sample_ns=100000000
window_ns=1000000000
rapl_core_sum_uj=1459785658
rapl_psys_sum_uj=0
pid=0 energy=7237813891990 alive=1 kernel=1 cpu_ns=393120000000 mem=351399936 instructions=1054442778398 wakeups=207751 diski=7553024 disko=22872064 rx=2997 tx=1544 comm=*system*
psu_energy_ac_mcp_machine=4474100952
-------
timestamp=199212305969
iterations=1589
sample_ns=100000000
window_ns=1000000000
rapl_core_sum_uj=1461619946
rapl_psys_sum_uj=0
pid=0 energy=7244934677560 alive=1 kernel=1 cpu_ns=393952000000 mem=351399936 instructions=1055034935512 wakeups=207971 diski=7553024 disko=22872064 rx=2997 tx=1544 comm=*system*
psu_energy_ac_mcp_machine=4480476929
-------
timestamp=199395397125
iterations=1591
sample_ns=100000000
window_ns=1000000000
rapl_core_sum_uj=1463459484
rapl_psys_sum_uj=0
pid=0 energy=7252035648485 alive=1 kernel=1 cpu_ns=394784000000 mem=351576064 instructions=1055623129697 wakeups=208166 diski=7553024 disko=22872064 rx=2997 tx=1544 comm=*system*
psu_energy_ac_mcp_machine=4486863281
-------
timestamp=199584069081
iterations=1593
sample_ns=100000000
window_ns=1000000000
rapl_core_sum_uj=1465310680
rapl_psys_sum_uj=0
pid=0 energy=7259199486810 alive=1 kernel=1 cpu_ns=395615000000 mem=352280576 instructions=1056224897362 wakeups=208403 diski=7553024 disko=22872064 rx=2997 tx=1544 comm=*system*
psu_energy_ac_mcp_machine=4491961670
-------
timestamp=199760361242
iterations=1594
sample_ns=100000000
window_ns=1000000000
rapl_core_sum_uj=1466232310
rapl_psys_sum_uj=0
pid=0 energy=7262711167575 alive=1 kernel=1 cpu_ns=396031000000 mem=351576064 instructions=1056511233515 wakeups=208592 diski=7553024 disko=22872064 rx=2999 tx=1544 comm=*system*
psu_energy_ac_mcp_machine=4498343628
-------
timestamp=199950377179
iterations=1596
sample_ns=100000000
window_ns=1000000000
rapl_core_sum_uj=1468136728
rapl_psys_sum_uj=0
pid=0 energy=7270065598570 alive=1 kernel=1 cpu_ns=396895000000 mem=351481856 instructions=1057118119714 wakeups=208806 diski=7553024 disko=22872064 rx=2999 tx=1544 comm=*system*
psu_energy_ac_mcp_machine=4504732178
-------
timestamp=200135956662
iterations=1598
sample_ns=100000000
window_ns=1000000000
rapl_core_sum_uj=1469969003
rapl_psys_sum_uj=0
pid=0 energy=7277180668055 alive=1 kernel=1 cpu_ns=397726000000 mem=351481856 instructions=1057710133611 wakeups=209030 diski=7553024 disko=22872064 rx=2999 tx=1544 comm=*system*
psu_energy_ac_mcp_machine=4509845703
-------
timestamp=200317354114
iterations=1600
sample_ns=100000000
window_ns=1000000000
rapl_core_sum_uj=1471818184
rapl_psys_sum_uj=0
pid=0 energy=7284347234160 alive=1 kernel=1 cpu_ns=398557000000 mem=352186368 instructions=1058312446832 wakeups=209274 diski=7553024 disko=22872064 rx=2999 tx=1544 comm=*system*
psu_energy_ac_mcp_machine=4516247925
-------
timestamp=200504395474
iterations=1601
sample_ns=100000000
window_ns=1000000000
rapl_core_sum_uj=1472743843
rapl_psys_sum_uj=0
pid=0 energy=7287935363255 alive=1 kernel=1 cpu_ns=398973000000 mem=351481856 instructions=1058614072651 wakeups=209472 diski=7553024 disko=22872064 rx=2999 tx=1544 comm=*system*
psu_energy_ac_mcp_machine=4521360107
-------
timestamp=200684820623
iterations=1603
sample_ns=100000000
window_ns=1000000000
rapl_core_sum_uj=1474578497
rapl_psys_sum_uj=0
pid=0 energy=7295048177055 alive=1 kernel=1 cpu_ns=399804000000 mem=351481856 instructions=1059205635411 wakeups=209679 diski=7553024 disko=22872064 rx=2999 tx=1544 comm=*system*
psu_energy_ac_mcp_machine=4527765503
-------
timestamp=200870346014
iterations=1605
sample_ns=100000000
window_ns=1000000000
rapl_core_sum_uj=1476412603
rapl_psys_sum_uj=0
pid=0 energy=7302130067750 alive=1 kernel=1 cpu_ns=400635000000 mem=351657984 instructions=1059791013550 wakeups=209880 diski=7553024 disko=22872064 rx=2999 tx=1544 comm=*system*
psu_energy_ac_mcp_machine=4534181274
-------
timestamp=201058209031
iterations=1607
sample_ns=100000000
window_ns=1000000000
rapl_core_sum_uj=1478252629
rapl_psys_sum_uj=0
pid=0 energy=7309275657280 alive=1 kernel=1 cpu_ns=401465000000 mem=351924224 instructions=1060390131456 wakeups=210118 diski=7553024 disko=22872064 rx=2999 tx=1544 comm=*system*
psu_energy_ac_mcp_machine=4539300171
-------
timestamp=201238193223
iterations=1609
sample_ns=100000000
window_ns=1000000000
rapl_core_sum_uj=1480122867
rapl_psys_sum_uj=0
pid=0 energy=7316458964150 alive=1 kernel=1 cpu_ns=402305000000 mem=352628736 instructions=1060986792830 wakeups=210364 diski=7553024 disko=22872064 rx=2999 tx=1544 comm=*system*
psu_energy_ac_mcp_machine=4545697876
-------
timestamp=201419386696
iterations=1610
sample_ns=100000000
window_ns=1000000000
rapl_core_sum_uj=1481090457
rapl_psys_sum_uj=0
pid=0 energy=7320164370895 alive=1 kernel=1 cpu_ns=402744000000 mem=351571968 instructions=1061288874179 wakeups=210538 diski=7553024 disko=22872064 rx=2999 tx=1544 comm=*system*
psu_energy_ac_mcp_machine=4550794922
-------
timestamp=201595914233
iterations=1612
sample_ns=100000000
window_ns=1000000000
rapl_core_sum_uj=1482927004
rapl_psys_sum_uj=0
pid=0 energy=7327282526225 alive=1 kernel=1 cpu_ns=403576000000 mem=351748096 instructions=1061880505245 wakeups=210755 diski=7553024 disko=22872064 rx=2999 tx=1544 comm=*system*
psu_energy_ac_mcp_machine=4557203247
-------
timestamp=201790359261
iterations=1614
sample_ns=100000000
window_ns=1000000000
rapl_core_sum_uj=1484775880
rapl_psys_sum_uj=0
pid=0 energy=7334443330015 alive=1 kernel=1 cpu_ns=404407000000 mem=352276480 instructions=1062481666003 wakeups=210990 diski=7553024 disko=22872064 rx=3001 tx=1544 comm=*system*
psu_energy_ac_mcp_machine=4562311890
-------
timestamp=201969978259
iterations=1615
sample_ns=100000000
window_ns=1000000000
rapl_core_sum_uj=1485721741
rapl_psys_sum_uj=0
pid=0 energy=7338104204350 alive=1 kernel=1 cpu_ns=404831000000 mem=351465472 instructions=1062789840870 wakeups=211187 diski=7553024 disko=22876160 rx=3001 tx=1544 comm=*system*
psu_energy_ac_mcp_machine=4568758179
-------
timestamp=202161334630
iterations=1617
sample_ns=100000000
window_ns=1000000000
rapl_core_sum_uj=1487611145
rapl_psys_sum_uj=0
pid=0 energy=7345421092670 alive=1 kernel=1 cpu_ns=405687000000 mem=351289344 instructions=1063397218534 wakeups=211415 diski=7553024 disko=22896640 rx=3001 tx=1544 comm=*system*
psu_energy_ac_mcp_machine=4575159912
-------
timestamp=202344455127
iterations=1619
sample_ns=100000000
window_ns=1000000000
rapl_core_sum_uj=1489444396
rapl_psys_sum_uj=0
pid=0 energy=7352511822950 alive=1 kernel=1 cpu_ns=406519000000 mem=351289344 instructions=1063983364590 wakeups=211636 diski=7553024 disko=22896640 rx=3001 tx=1544 comm=*system*
psu_energy_ac_mcp_machine=4580275269
-------
timestamp=202528389304
iterations=1621
sample_ns=100000000
window_ns=1000000000
rapl_core_sum_uj=1491294188
rapl_psys_sum_uj=0
pid=0 energy=7359672663835 alive=1 kernel=1 cpu_ns=407355000000 mem=351993856 instructions=1064579532767 wakeups=211877 diski=7553024 disko=22896640 rx=3001 tx=1544 comm=*system*
psu_energy_ac_mcp_machine=4586678467
-------
timestamp=202705347392
iterations=1622
sample_ns=100000000
window_ns=1000000000
rapl_core_sum_uj=1492213438
rapl_psys_sum_uj=0
pid=0 energy=7363203262300 alive=1 kernel=1 cpu_ns=407767000000 mem=351641600 instructions=1064873652460 wakeups=212070 diski=7553024 disko=22896640 rx=3001 tx=1544 comm=*system*
psu_energy_ac_mcp_machine=4591792969
-------
timestamp=202889375928
iterations=1624
sample_ns=100000000
window_ns=1000000000
rapl_core_sum_uj=1494125302
rapl_psys_sum_uj=0
pid=0 energy=7370565162550 alive=1 kernel=1 cpu_ns=408631000000 mem=351322112 instructions=1065482032510 wakeups=212289 diski=7553024 disko=22896640 rx=3001 tx=1544 comm=*system*
psu_energy_ac_mcp_machine=4598174805
-------
timestamp=203070374594
iterations=1626
sample_ns=100000000
window_ns=1000000000
rapl_core_sum_uj=1495972408
rapl_psys_sum_uj=0
pid=0 energy=7377679694065 alive=1 kernel=1 cpu_ns=409463000000 mem=351326208 instructions=1066072938813 wakeups=212510 diski=7553024 disko=22896640 rx=3001 tx=1544 comm=*system*
psu_energy_ac_mcp_machine=4603285889
-------
timestamp=203253229388
iterations=1628
sample_ns=100000000
window_ns=1000000000
rapl_core_sum_uj=1497830134
rapl_psys_sum_uj=0
pid=0 energy=7384859645835 alive=1 kernel=1 cpu_ns=410294000000 mem=352206848 instructions=1066677929167 wakeups=212750 diski=7553024 disko=22896640 rx=3001 tx=1544 comm=*system*
psu_energy_ac_mcp_machine=4609690063
-------
timestamp=203431889423
iterations=1629
sample_ns=100000000
window_ns=1000000000
rapl_core_sum_uj=1498756891
rapl_psys_sum_uj=0
pid=0 energy=7388429365825 alive=1 kernel=1 cpu_ns=410709000000 mem=351326208 instructions=1066976873165 wakeups=212943 diski=7553024 disko=22896640 rx=3001 tx=1544 comm=*system*
psu_energy_ac_mcp_machine=4616087524
-------
timestamp=203618914940
iterations=1631
sample_ns=100000000
window_ns=1000000000
rapl_core_sum_uj=1500607415
rapl_psys_sum_uj=0
pid=0 energy=7395546921480 alive=1 kernel=1 cpu_ns=411541000000 mem=351502336 instructions=1067568384296 wakeups=213166 diski=7553024 disko=22896640 rx=3001 tx=1544 comm=*system*
psu_energy_ac_mcp_machine=4621185913
-------
timestamp=203808381663
iterations=1633
sample_ns=100000000
window_ns=1000000000
rapl_core_sum_uj=1502452140
rapl_psys_sum_uj=0
pid=0 energy=7402631328765 alive=1 kernel=1 cpu_ns=412372000000 mem=351678464 instructions=1068154265753 wakeups=213371 diski=7553024 disko=22896640 rx=3003 tx=1544 comm=*system*
psu_energy_ac_mcp_machine=4627568237
-------
timestamp=203993099228
iterations=1635
sample_ns=100000000
window_ns=1000000000
rapl_core_sum_uj=1504305166
rapl_psys_sum_uj=0
pid=0 energy=7409779157265 alive=1 kernel=1 cpu_ns=413203000000 mem=351723520 instructions=1068752831453 wakeups=213603 diski=7553024 disko=22896640 rx=3003 tx=1544 comm=*system*
psu_energy_ac_mcp_machine=4632659546
-------
timestamp=204173502101
iterations=1637
sample_ns=100000000
window_ns=1000000000
rapl_core_sum_uj=1506162221
rapl_psys_sum_uj=0
pid=0 energy=7416892135660 alive=1 kernel=1 cpu_ns=414033000000 mem=352780288 instructions=1069345427132 wakeups=213850 diski=7553024 disko=22896640 rx=3003 tx=1544 comm=*system*
psu_energy_ac_mcp_machine=4639050903
-------
timestamp=204359352817
iterations=1638
sample_ns=100000000
window_ns=1000000000
rapl_core_sum_uj=1507083119
rapl_psys_sum_uj=0
pid=0 energy=7420395191150 alive=1 kernel=1 cpu_ns=414448000000 mem=351547392 instructions=1069631038230 wakeups=214028 diski=7553024 disko=22896640 rx=3003 tx=1544 comm=*system*
psu_energy_ac_mcp_machine=4645421875
-------
timestamp=204546453783
iterations=1640
sample_ns=100000000
window_ns=1000000000
rapl_core_sum_uj=1508934437
rapl_psys_sum_uj=0
pid=0 energy=7427509026990 alive=1 kernel=1 cpu_ns=415278000000 mem=351371264 instructions=1070223805398 wakeups=214246 diski=7553024 disko=22896640 rx=3003 tx=1544 comm=*system*
psu_energy_ac_mcp_machine=4650496216
-------
timestamp=204730334918
iterations=1642
sample_ns=100000000
window_ns=1000000000
rapl_core_sum_uj=1510788074
rapl_psys_sum_uj=0
pid=0 energy=7434639835900 alive=1 kernel=1 cpu_ns=416110000000 mem=351547392 instructions=1070817967180 wakeups=214467 diski=7553024 disko=22896640 rx=3003 tx=1544 comm=*system*
psu_energy_ac_mcp_machine=4656890747
-------
timestamp=204915217521
iterations=1644
sample_ns=100000000
window_ns=1000000000
rapl_core_sum_uj=1512648303
rapl_psys_sum_uj=0
pid=0 energy=7441808200200 alive=1 kernel=1 cpu_ns=416942000000 mem=352051200 instructions=1071419640040 wakeups=214697 diski=7553024 disko=22896640 rx=3003 tx=1544 comm=*system*
psu_energy_ac_mcp_machine=4661990479
-------
timestamp=205099358046
iterations=1645
sample_ns=100000000
window_ns=1000000000
rapl_core_sum_uj=1513576586
rapl_psys_sum_uj=0
pid=0 energy=7445381804730 alive=1 kernel=1 cpu_ns=417357000000 mem=351346688 instructions=1071719360946 wakeups=214889 diski=7553024 disko=22896640 rx=3003 tx=1544 comm=*system*
psu_energy_ac_mcp_machine=4668394287
-------
timestamp=205282398791
iterations=1647
sample_ns=100000000
window_ns=1000000000
rapl_core_sum_uj=1515422837
rapl_psys_sum_uj=0
pid=0 energy=7452475518530 alive=1 kernel=1 cpu_ns=418189000000 mem=351522816 instructions=1072306103706 wakeups=215118 diski=7553024 disko=22896640 rx=3003 tx=1544 comm=*system*
psu_energy_ac_mcp_machine=4674799316
-------
timestamp=205468429645
iterations=1649
sample_ns=100000000
window_ns=1000000000
rapl_core_sum_uj=1517261764
rapl_psys_sum_uj=0
pid=0 energy=7459583953085 alive=1 kernel=1 cpu_ns=419020000000 mem=351698944 instructions=1072896790617 wakeups=215323 diski=7553024 disko=22896640 rx=3003 tx=1544 comm=*system*
psu_energy_ac_mcp_machine=4679887573
-------
timestamp=205652111893
iterations=1651
sample_ns=100000000
window_ns=1000000000
rapl_core_sum_uj=1519118209
rapl_psys_sum_uj=0
pid=0 energy=7466687199785 alive=1 kernel=1 cpu_ns=419851000000 mem=352227328 instructions=1073486439957 wakeups=215544 diski=7553024 disko=22896640 rx=3003 tx=1544 comm=*system*
psu_energy_ac_mcp_machine=4686271729
-------
timestamp=205837411684
iterations=1653
sample_ns=100000000
window_ns=1000000000
rapl_core_sum_uj=1520979170
rapl_psys_sum_uj=0
pid=0 energy=7473831882145 alive=1 kernel=1 cpu_ns=420683000000 mem=352763904 instructions=1074083376429 wakeups=215791 diski=7553024 disko=22896640 rx=3005 tx=1544 comm=*system*
psu_energy_ac_mcp_machine=4691344482
-------
timestamp=206018331216
iterations=1654
sample_ns=100000000
window_ns=1000000000
rapl_core_sum_uj=1521898969
rapl_psys_sum_uj=0
pid=0 energy=7477363308305 alive=1 kernel=1 cpu_ns=421099000000 mem=351531008 instructions=1074373661661 wakeups=215946 diski=7553024 disko=22896640 rx=3005 tx=1544 comm=*system*
psu_energy_ac_mcp_machine=4697735840
-------
timestamp=206201321254
iterations=1656
sample_ns=100000000
window_ns=1000000000
rapl_core_sum_uj=1523743572
rapl_psys_sum_uj=0
pid=0 energy=7484473169795 alive=1 kernel=1 cpu_ns=421929000000 mem=351531008 instructions=1074965633959 wakeups=216173 diski=7553024 disko=22896640 rx=3005 tx=1544 comm=*system*
psu_energy_ac_mcp_machine=4704118896
-------
timestamp=206387351918
iterations=1658
sample_ns=100000000
window_ns=1000000000
rapl_core_sum_uj=1525592021
rapl_psys_sum_uj=0
pid=0 energy=7491612879405 alive=1 kernel=1 cpu_ns=422760000000 mem=351707136 instructions=1075562575881 wakeups=216392 diski=7553024 disko=22896640 rx=3005 tx=1544 comm=*system*
psu_energy_ac_mcp_machine=4709213989
-------
timestamp=206569397882
iterations=1660
sample_ns=100000000
window_ns=1000000000
rapl_core_sum_uj=1527449198
rapl_psys_sum_uj=0
pid=0 energy=7498765337735 alive=1 kernel=1 cpu_ns=423592000000 mem=352940032 instructions=1076161067547 wakeups=216636 diski=7553024 disko=22896640 rx=3005 tx=1544 comm=*system*
psu_energy_ac_mcp_machine=4715611694
-------
timestamp=206759225196
iterations=1661
sample_ns=100000000
window_ns=1000000000
rapl_core_sum_uj=1528371622
rapl_psys_sum_uj=0
pid=0 energy=7502312538025 alive=1 kernel=1 cpu_ns=424008000000 mem=351707136 instructions=1076454507605 wakeups=216807 diski=7553024 disko=22896640 rx=3005 tx=1544 comm=*system*
psu_energy_ac_mcp_machine=4721974487
-------
timestamp=206949184058
iterations=1663
sample_ns=100000000
window_ns=1000000000
rapl_core_sum_uj=1530221353
rapl_psys_sum_uj=0
pid=0 energy=7509426767585 alive=1 kernel=1 cpu_ns=424839000000 mem=351543296 instructions=1077046353517 wakeups=217030 diski=7553024 disko=22896640 rx=3005 tx=1544 comm=*system*
psu_energy_ac_mcp_machine=4727055786
-------
timestamp=207133426476
iterations=1665
sample_ns=100000000
window_ns=1000000000
rapl_core_sum_uj=1532066261
rapl_psys_sum_uj=0
pid=0 energy=7516487274615 alive=1 kernel=1 cpu_ns=425671000000 mem=351367168 instructions=1077626454923 wakeups=217243 diski=7553024 disko=22896640 rx=3005 tx=1544 comm=*system*
psu_energy_ac_mcp_machine=4733446045
-------
timestamp=207308161901
iterations=1667
sample_ns=100000000
window_ns=1000000000
rapl_core_sum_uj=1533915870
rapl_psys_sum_uj=0
pid=0 energy=7523613408695 alive=1 kernel=1 cpu_ns=426503000000 mem=351895552 instructions=1078219681739 wakeups=217490 diski=7553024 disko=22913024 rx=3005 tx=1544 comm=*system*
psu_energy_ac_mcp_machine=4738564941
-------
timestamp=207489065830
iterations=1668
sample_ns=100000000
window_ns=1000000000
rapl_core_sum_uj=1534847876
rapl_psys_sum_uj=0
pid=0 energy=7527206462490 alive=1 kernel=1 cpu_ns=426917000000 mem=351543296 instructions=1078524292498 wakeups=217686 diski=7553024 disko=22913024 rx=3005 tx=1544 comm=*system*
psu_energy_ac_mcp_machine=4744958130
-------
timestamp=207674327139
iterations=1670
sample_ns=100000000
window_ns=1000000000
rapl_core_sum_uj=1536689977
rapl_psys_sum_uj=0
pid=0 energy=7534319276475 alive=1 kernel=1 cpu_ns=427748000000 mem=351719424 instructions=1079115855295 wakeups=217895 diski=7553024 disko=22913024 rx=3005 tx=1544 comm=*system*
psu_energy_ac_mcp_machine=4750055786
-------
timestamp=207860837794
iterations=1672
sample_ns=100000000
window_ns=1000000000
rapl_core_sum_uj=1538532933
rapl_psys_sum_uj=0
pid=0 energy=7541438839395 alive=1 kernel=1 cpu_ns=428580000000 mem=351600640 instructions=1079707767879 wakeups=218115 diski=7553024 disko=22913024 rx=3007 tx=1544 comm=*system*
psu_energy_ac_mcp_machine=4756446167
-------
timestamp=208049398445
iterations=1674
sample_ns=100000000
window_ns=1000000000
rapl_core_sum_uj=1540386508
rapl_psys_sum_uj=0
pid=0 energy=7548556641765 alive=1 kernel=1 cpu_ns=429411000000 mem=351723520 instructions=1080300328353 wakeups=218345 diski=7553024 disko=22913024 rx=3008 tx=1545 comm=*system*
psu_energy_ac_mcp_machine=4762863037
-------
timestamp=208231907132
iterations=1676
sample_ns=100000000
window_ns=1000000000
rapl_core_sum_uj=1542247774
rapl_psys_sum_uj=0
pid=0 energy=7555727577780 alive=1 kernel=1 cpu_ns=430242000000 mem=352428032 instructions=1080903515556 wakeups=218592 diski=7553024 disko=22913024 rx=3008 tx=1545 comm=*system*
psu_energy_ac_mcp_machine=4767957520
-------
timestamp=208417361957
iterations=1677
sample_ns=100000000
window_ns=1000000000
rapl_core_sum_uj=1543165071
rapl_psys_sum_uj=0
pid=0 energy=7559274006770 alive=1 kernel=1 cpu_ns=430657000000 mem=351547392 instructions=1081197801354 wakeups=218767 diski=7553024 disko=22913024 rx=3008 tx=1545 comm=*system*
psu_energy_ac_mcp_machine=4774348755
-------
timestamp=208607383047
iterations=1679
sample_ns=100000000
window_ns=1000000000
rapl_core_sum_uj=1545001434
rapl_psys_sum_uj=0
pid=0 energy=7566357372580 alive=1 kernel=1 cpu_ns=431489000000 mem=351547392 instructions=1081782474516 wakeups=218981 diski=7553024 disko=22913024 rx=3008 tx=1545 comm=*system*
psu_energy_ac_mcp_machine=4780734741
-------
timestamp=208791338832
iterations=1681
sample_ns=100000000
window_ns=1000000000
rapl_core_sum_uj=1546834623
rapl_psys_sum_uj=0
pid=0 energy=7573411366270 alive=1 kernel=1 cpu_ns=432320000000 mem=351547392 instructions=1082362273254 wakeups=219198 diski=7553024 disko=22913024 rx=3008 tx=1545 comm=*system*
psu_energy_ac_mcp_machine=4785816895
-------
timestamp=208970458912
iterations=1683
sample_ns=100000000
window_ns=1000000000
rapl_core_sum_uj=1548686306
rapl_psys_sum_uj=0
pid=0 energy=7580590950625 alive=1 kernel=1 cpu_ns=433151000000 mem=352260096 instructions=1082967190125 wakeups=219440 diski=7553024 disko=22913024 rx=3008 tx=1545 comm=*system*
psu_energy_ac_mcp_machine=4792202637
-------
timestamp=209155869241
iterations=1684
sample_ns=100000000
window_ns=1000000000
rapl_core_sum_uj=1549609340
rapl_psys_sum_uj=0
pid=0 energy=7584165711310 alive=1 kernel=1 cpu_ns=433567000000 mem=351555584 instructions=1083266142262 wakeups=219627 diski=7553024 disko=22913024 rx=3008 tx=1545 comm=*system*
psu_energy_ac_mcp_machine=4797294556
-------
timestamp=209314943501
iterations=1686
sample_ns=100000000
window_ns=1000000000
rapl_core_sum_uj=1551443567
rapl_psys_sum_uj=0
pid=0 energy=7591281440075 alive=1 kernel=1 cpu_ns=434398000000 mem=351555584 instructions=1083858288015 wakeups=219850 diski=7553024 disko=22913024 rx=3008 tx=1545 comm=*system*
psu_energy_ac_mcp_machine=4802393799
-------
timestamp=209456904195
iterations=1687
sample_ns=100000000
window_ns=1000000000
rapl_core_sum_uj=1552210595
rapl_psys_sum_uj=0
pid=0 energy=7594093200550 alive=1 kernel=1 cpu_ns=434635000000 mem=324194304 instructions=1084183640110 wakeups=220084 diski=7667712 disko=22913024 rx=3014 tx=1552 comm=*system*
psu_energy_ac_mcp_machine=4806590820
-------
timestamp=209602385132
iterations=1689
sample_ns=100000000
window_ns=1000000000
rapl_core_sum_uj=1553408042
rapl_psys_sum_uj=0
pid=0 energy=7597990998550 alive=1 kernel=1 cpu_ns=434864000000 mem=717156352 instructions=1084734199710 wakeups=220285 diski=7667712 disko=22913024 rx=3014 tx=1552 comm=*system*
psu_energy_ac_mcp_machine=4809654541
-------
timestamp=209744682881
iterations=1690
sample_ns=100000000
window_ns=1000000000
rapl_core_sum_uj=1554054038
rapl_psys_sum_uj=0
pid=0 energy=7600648979985 alive=1 kernel=1 cpu_ns=434995000000 mem=349937664 instructions=1085134795997 wakeups=220496 diski=7667712 disko=22913024 rx=3016 tx=1552 comm=*system*
psu_energy_ac_mcp_machine=4813739380
-------
timestamp=209890535945
iterations=1692
sample_ns=100000000
window_ns=1000000000
rapl_core_sum_uj=1555290060
rapl_psys_sum_uj=0
pid=0 energy=7604895430990 alive=1 kernel=1 cpu_ns=435247000000 mem=572141568 instructions=1085732086198 wakeups=220736 diski=7667712 disko=22913024 rx=3016 tx=1552 comm=*system*
psu_energy_ac_mcp_machine=4817943481
-------
timestamp=210034334748
iterations=1693
sample_ns=100000000
window_ns=1000000000
rapl_core_sum_uj=1555892782
rapl_psys_sum_uj=0
pid=0 energy=7606819174190 alive=1 kernel=1 cpu_ns=435363000000 mem=766930944 instructions=1086000834838 wakeups=220903 diski=7667712 disko=22913024 rx=3016 tx=1552 comm=*system*
psu_energy_ac_mcp_machine=4820998657
-------
timestamp=210177558283
iterations=1694
sample_ns=100000000
window_ns=1000000000
rapl_core_sum_uj=1556529744
rapl_psys_sum_uj=0
pid=0 energy=7609648773425 alive=1 kernel=1 cpu_ns=435494000000 mem=236417024 instructions=1086435754685 wakeups=221113 diski=7667712 disko=22913024 rx=3016 tx=1552 comm=*system*
psu_energy_ac_mcp_machine=4825073120
-------
timestamp=210323287901
iterations=1696
sample_ns=100000000
window_ns=1000000000
rapl_core_sum_uj=1557714252
rapl_psys_sum_uj=0
pid=0 energy=7613552128100 alive=1 kernel=1 cpu_ns=435730000000 mem=625139712 instructions=1086980425620 wakeups=221329 diski=7667712 disko=22913024 rx=3016 tx=1552 comm=*system*
psu_energy_ac_mcp_machine=4828120850
-------
timestamp=210465384859
iterations=1697
sample_ns=100000000
window_ns=1000000000
rapl_core_sum_uj=1558357867
rapl_psys_sum_uj=0
pid=0 energy=7615816951055 alive=1 kernel=1 cpu_ns=435862000000 mem=623063040 instructions=1087301390211 wakeups=221544 diski=7667712 disko=22913024 rx=3016 tx=1552 comm=*system*
psu_energy_ac_mcp_machine=4832208374
-------
timestamp=210610802629
iterations=1698
sample_ns=100000000
window_ns=1000000000
rapl_core_sum_uj=1558993670
rapl_psys_sum_uj=0
pid=0 energy=7618477862140 alive=1 kernel=1 cpu_ns=435993000000 mem=285798400 instructions=1087702572428 wakeups=221752 diski=7667712 disko=22913024 rx=3016 tx=1552 comm=*system*
psu_energy_ac_mcp_machine=4836327026
-------
timestamp=210755943615
iterations=1700
sample_ns=100000000
window_ns=1000000000
rapl_core_sum_uj=1560177507
rapl_psys_sum_uj=0
pid=0 energy=7622400853370 alive=1 kernel=1 cpu_ns=436226000000 mem=679960576 instructions=1088254170674 wakeups=221955 diski=7667712 disko=22913024 rx=3016 tx=1552 comm=*system*
psu_energy_ac_mcp_machine=4839402588
-------
timestamp=210897826740
iterations=1701
sample_ns=100000000
window_ns=1000000000
rapl_core_sum_uj=1560819596
rapl_psys_sum_uj=0
pid=0 energy=7624890124245 alive=1 kernel=1 cpu_ns=436354000000 mem=461107200 instructions=1088624024849 wakeups=222163 diski=7667712 disko=22913024 rx=3016 tx=1552 comm=*system*
psu_energy_ac_mcp_machine=4843476685
-------
timestamp=211042286442
iterations=1703
sample_ns=100000000
window_ns=1000000000
rapl_core_sum_uj=1562032425
rapl_psys_sum_uj=0
pid=0 energy=7629198234175 alive=1 kernel=1 cpu_ns=436595000000 mem=539725824 instructions=1089244646835 wakeups=222393 diski=7667712 disko=22913024 rx=3016 tx=1552 comm=*system*
psu_energy_ac_mcp_machine=4846535034
-------
timestamp=211183954586
iterations=1704
sample_ns=100000000
window_ns=1000000000
rapl_core_sum_uj=1562659561
rapl_psys_sum_uj=0
pid=0 energy=7631233853155 alive=1 kernel=1 cpu_ns=436718000000 mem=735424512 instructions=1089528770631 wakeups=222594 diski=7667712 disko=22913024 rx=3016 tx=1552 comm=*system*
psu_energy_ac_mcp_machine=4850685425
-------
timestamp=211327984200
iterations=1705
sample_ns=100000000
window_ns=1000000000
rapl_core_sum_uj=1563304946
rapl_psys_sum_uj=0
pid=0 energy=7633989010495 alive=1 kernel=1 cpu_ns=436845000000 mem=279130112 instructions=1089952802099 wakeups=222797 diski=7667712 disko=22913024 rx=3016 tx=1552 comm=*system*
psu_energy_ac_mcp_machine=4853648804
-------
timestamp=211470789361
iterations=1707
sample_ns=100000000
window_ns=1000000000
rapl_core_sum_uj=1564498731
rapl_psys_sum_uj=0
pid=0 energy=7637954741775 alive=1 kernel=1 cpu_ns=437076000000 mem=601075712 instructions=1090514948355 wakeups=223012 diski=7667712 disko=22913024 rx=3016 tx=1552 comm=*system*
psu_energy_ac_mcp_machine=4857851929
-------
timestamp=211613145399
iterations=1708
sample_ns=100000000
window_ns=1000000000
rapl_core_sum_uj=1565141492
rapl_psys_sum_uj=0
pid=0 energy=7640134526070 alive=1 kernel=1 cpu_ns=437204000000 mem=688242688 instructions=1090822905214 wakeups=223212 diski=7667712 disko=22913024 rx=3016 tx=1552 comm=*system*
psu_energy_ac_mcp_machine=4861888550
-------
timestamp=211758233825
iterations=1709
sample_ns=100000000
window_ns=1000000000
rapl_core_sum_uj=1565777966
rapl_psys_sum_uj=0
pid=0 energy=7642844686205 alive=1 kernel=1 cpu_ns=437331000000 mem=268357632 instructions=1091237937241 wakeups=223423 diski=7667712 disko=22913024 rx=3018 tx=1552 comm=*system*
psu_energy_ac_mcp_machine=4864929565
-------
timestamp=211900943638
iterations=1711
sample_ns=100000000
window_ns=1000000000
rapl_core_sum_uj=1566962779
rapl_psys_sum_uj=0
pid=0 energy=7646745340230 alive=1 kernel=1 cpu_ns=437566000000 mem=658006016 instructions=1091783068046 wakeups=223630 diski=7667712 disko=22913024 rx=3018 tx=1552 comm=*system*
psu_energy_ac_mcp_machine=4869111572
-------
timestamp=212047496804
iterations=1712
sample_ns=100000000
window_ns=1000000000
rapl_core_sum_uj=1567606883
rapl_psys_sum_uj=0
pid=0 energy=7649117233010 alive=1 kernel=1 cpu_ns=437691000000 mem=530784256 instructions=1092132446602 wakeups=223836 diski=7667712 disko=22913024 rx=3018 tx=1552 comm=*system*
psu_energy_ac_mcp_machine=4872033813
-------
timestamp=212190028221
iterations=1714
sample_ns=100000000
window_ns=1000000000
rapl_core_sum_uj=1568810007
rapl_psys_sum_uj=0
pid=0 energy=7653500019600 alive=1 kernel=1 cpu_ns=437934000000 mem=514936832 instructions=1092766003920 wakeups=224087 diski=7667712 disko=22913024 rx=3018 tx=1552 comm=*system*
psu_energy_ac_mcp_machine=4876257568
-------
timestamp=212333801528
iterations=1715
sample_ns=100000000
window_ns=1000000000
rapl_core_sum_uj=1569439096
rapl_psys_sum_uj=0
pid=0 energy=7655552986075 alive=1 kernel=1 cpu_ns=438057000000 mem=709906432 instructions=1093053597215 wakeups=224284 diski=7667712 disko=22937600 rx=3018 tx=1552 comm=*system*
psu_energy_ac_mcp_machine=4880396484
-------
timestamp=212478723433
iterations=1716
sample_ns=100000000
window_ns=1000000000
rapl_core_sum_uj=1570079354
rapl_psys_sum_uj=0
pid=0 energy=7658192924870 alive=1 kernel=1 cpu_ns=438184000000 mem=361000960 instructions=1093454584974 wakeups=224499 diski=7667712 disko=22937600 rx=3018 tx=1552 comm=*system*
psu_energy_ac_mcp_machine=4883374023
-------
timestamp=212621759010
iterations=1718
sample_ns=100000000
window_ns=1000000000
rapl_core_sum_uj=1571270332
rapl_psys_sum_uj=0
pid=0 energy=7662280891585 alive=1 kernel=1 cpu_ns=438417000000 mem=573820928 instructions=1094039178317 wakeups=224709 diski=7667712 disko=22937600 rx=3018 tx=1552 comm=*system*
psu_energy_ac_mcp_machine=4887550659
-------
timestamp=212765597668
iterations=1719
sample_ns=100000000
window_ns=1000000000
rapl_core_sum_uj=1571910529
rapl_psys_sum_uj=0
pid=0 energy=7664386887705 alive=1 kernel=1 cpu_ns=438546000000 mem=764039168 instructions=1094331377541 wakeups=224903 diski=7667712 disko=22937600 rx=3018 tx=1552 comm=*system*
psu_energy_ac_mcp_machine=4890518555
-------
timestamp=212907622615
iterations=1721
sample_ns=100000000
window_ns=1000000000
rapl_core_sum_uj=1573138006
rapl_psys_sum_uj=0
pid=0 energy=7669196816605 alive=1 kernel=1 cpu_ns=438796000000 mem=435957760 instructions=1095043363321 wakeups=225163 diski=7667712 disko=22937600 rx=3018 tx=1552 comm=*system*
psu_energy_ac_mcp_machine=4894684448
-------
timestamp=213053076817
iterations=1722
sample_ns=100000000
window_ns=1000000000
rapl_core_sum_uj=1573740850
rapl_psys_sum_uj=0
pid=0 energy=7671126586865 alive=1 kernel=1 cpu_ns=438909000000 mem=632197120 instructions=1095316317373 wakeups=225332 diski=7667712 disko=22937600 rx=3018 tx=1552 comm=*system*
psu_energy_ac_mcp_machine=4897741333
-------
timestamp=213195086243
iterations=1723
sample_ns=100000000
window_ns=1000000000
rapl_core_sum_uj=1574379949
rapl_psys_sum_uj=0
pid=0 energy=7673416712700 alive=1 kernel=1 cpu_ns=439037000000 mem=593862656 instructions=1095646342540 wakeups=225545 diski=7667712 disko=22937600 rx=3018 tx=1552 comm=*system*
psu_energy_ac_mcp_machine=4901798706
-------
timestamp=213337736806
iterations=1725
sample_ns=100000000
window_ns=1000000000
rapl_core_sum_uj=1575570378
rapl_psys_sum_uj=0
pid=0 energy=7677829455595 alive=1 kernel=1 cpu_ns=439270000000 mem=492462080 instructions=1096295891119 wakeups=225769 diski=7667712 disko=22937600 rx=3018 tx=1552 comm=*system*
psu_energy_ac_mcp_machine=4905980347
-------
timestamp=213483030606
iterations=1726
sample_ns=100000000
window_ns=1000000000
rapl_core_sum_uj=1576215885
rapl_psys_sum_uj=0
pid=0 energy=7679935983755 alive=1 kernel=1 cpu_ns=439398000000 mem=688312320 instructions=1096589196751 wakeups=225975 diski=7667712 disko=22937600 rx=3018 tx=1552 comm=*system*
psu_energy_ac_mcp_machine=4909028687
-------
timestamp=213624627028
iterations=1727
sample_ns=100000000
window_ns=1000000000
rapl_core_sum_uj=1576850833
rapl_psys_sum_uj=0
pid=0 energy=7682486538950 alive=1 kernel=1 cpu_ns=439524000000 mem=424148992 instructions=1096973307790 wakeups=226171 diski=7667712 disko=22937600 rx=3018 tx=1552 comm=*system*
psu_energy_ac_mcp_machine=4913087402
-------
timestamp=213769985522
iterations=1729
sample_ns=100000000
window_ns=1000000000
rapl_core_sum_uj=1578044313
rapl_psys_sum_uj=0
pid=0 energy=7686669987185 alive=1 kernel=1 cpu_ns=439761000000 mem=550002688 instructions=1097572997437 wakeups=226389 diski=7667712 disko=22937600 rx=3020 tx=1552 comm=*system*
psu_energy_ac_mcp_machine=4916134399
-------
timestamp=213911192757
iterations=1730
sample_ns=100000000
window_ns=1000000000
rapl_core_sum_uj=1578681642
rapl_psys_sum_uj=0
pid=0 energy=7688764002970 alive=1 kernel=1 cpu_ns=439889000000 mem=743849984 instructions=1097863800594 wakeups=226597 diski=7667712 disko=22937600 rx=3020 tx=1552 comm=*system*
psu_energy_ac_mcp_machine=4920245117
-------
timestamp=214055899136
iterations=1732
sample_ns=100000000
window_ns=1000000000
rapl_core_sum_uj=1579899353
rapl_psys_sum_uj=0
pid=0 energy=7693517963670 alive=1 kernel=1 cpu_ns=440133000000 mem=412061696 instructions=1098570592734 wakeups=226833 diski=7667712 disko=22937600 rx=3020 tx=1552 comm=*system*
psu_energy_ac_mcp_machine=4924381470
-------
timestamp=214201715997
iterations=1733
sample_ns=100000000
window_ns=1000000000
rapl_core_sum_uj=1580514953
rapl_psys_sum_uj=0
pid=0 energy=7695506179535 alive=1 kernel=1 cpu_ns=440251000000 mem=608145408 instructions=1098850235907 wakeups=227025 diski=7667712 disko=22937600 rx=3020 tx=1552 comm=*system*
psu_energy_ac_mcp_machine=4927457397
-------
timestamp=214343612766
iterations=1734
sample_ns=100000000
window_ns=1000000000
rapl_core_sum_uj=1581164000
rapl_psys_sum_uj=0
pid=0 energy=7697725991100 alive=1 kernel=1 cpu_ns=440383000000 mem=668590080 instructions=1099162198220 wakeups=227233 diski=7667712 disko=22937600 rx=3020 tx=1552 comm=*system*
psu_energy_ac_mcp_machine=4931524292
-------
timestamp=214490731142
iterations=1736
sample_ns=100000000
window_ns=1000000000
rapl_core_sum_uj=1582355161
rapl_psys_sum_uj=0
pid=0 energy=7702222898540 alive=1 kernel=1 cpu_ns=440616000000 mem=465928192 instructions=1099828579708 wakeups=227481 diski=7667712 disko=22937600 rx=3020 tx=1552 comm=*system*
psu_energy_ac_mcp_machine=4934580811
-------
timestamp=214632620483
iterations=1737
sample_ns=100000000
window_ns=1000000000
rapl_core_sum_uj=1582991940
rapl_psys_sum_uj=0
pid=0 energy=7704296487790 alive=1 kernel=1 cpu_ns=440742000000 mem=657895424 instructions=1100117297558 wakeups=227680 diski=7667712 disko=22937600 rx=3020 tx=1552 comm=*system*
psu_energy_ac_mcp_machine=4938799683
-------
timestamp=214778597370
iterations=1739
sample_ns=100000000
window_ns=1000000000
rapl_core_sum_uj=1584227840
rapl_psys_sum_uj=0
pid=0 energy=7709113349675 alive=1 kernel=1 cpu_ns=440992000000 mem=324333568 instructions=1100830669935 wakeups=227935 diski=7667712 disko=22937600 rx=3020 tx=1552 comm=*system*
psu_energy_ac_mcp_machine=4942805908
-------
timestamp=214924387091
iterations=1740
sample_ns=100000000
window_ns=1000000000
rapl_core_sum_uj=1584831477
rapl_psys_sum_uj=0
pid=0 energy=7711015623875 alive=1 kernel=1 cpu_ns=441104000000 mem=518397952 instructions=1101099124775 wakeups=228108 diski=7667712 disko=22937600 rx=3020 tx=1552 comm=*system*
psu_energy_ac_mcp_machine=4945878418
-------
timestamp=215065334150
iterations=1741
sample_ns=100000000
window_ns=1000000000
rapl_core_sum_uj=1585472956
rapl_psys_sum_uj=0
pid=0 energy=7713145855790 alive=1 kernel=1 cpu_ns=441239000000 mem=712318976 instructions=1101390171158 wakeups=228305 diski=7667712 disko=22937600 rx=3020 tx=1552 comm=*system*
psu_energy_ac_mcp_machine=4950014160
-------
timestamp=215209878927
iterations=1743
sample_ns=100000000
window_ns=1000000000
rapl_core_sum_uj=1586673821
rapl_psys_sum_uj=0
pid=0 energy=7717786037365 alive=1 kernel=1 cpu_ns=441474000000 mem=380768256 instructions=1102083207473 wakeups=228538 diski=7667712 disko=22937600 rx=3020 tx=1552 comm=*system*
psu_energy_ac_mcp_machine=4953022583
-------
timestamp=215352063168
iterations=1744
sample_ns=100000000
window_ns=1000000000
rapl_core_sum_uj=1587310112
rapl_psys_sum_uj=0
pid=0 energy=7719880011725 alive=1 kernel=1 cpu_ns=441601000000 mem=575205376 instructions=1102375002345 wakeups=228742 diski=7667712 disko=22937600 rx=3020 tx=1552 comm=*system*
psu_energy_ac_mcp_machine=4957242920
-------
timestamp=215497391914
iterations=1745
sample_ns=100000000
window_ns=1000000000
rapl_core_sum_uj=1587960197
rapl_psys_sum_uj=0
pid=0 energy=7722007611785 alive=1 kernel=1 cpu_ns=441732000000 mem=762789888 instructions=1102669522357 wakeups=228944 diski=7667712 disko=22937600 rx=3020 tx=1552 comm=*system*
psu_energy_ac_mcp_machine=4961260620
-------
timestamp=215643189457
iterations=1747
sample_ns=100000000
window_ns=1000000000
rapl_core_sum_uj=1589143973
rapl_psys_sum_uj=0
pid=0 energy=7726605644795 alive=1 kernel=1 cpu_ns=441966000000 mem=441384960 instructions=1103355128959 wakeups=229183 diski=7667712 disko=22937600 rx=3020 tx=1552 comm=*system*
psu_energy_ac_mcp_machine=4964339111
-------
timestamp=215785163941
iterations=1748
sample_ns=100000000
window_ns=1000000000
rapl_core_sum_uj=1589780386
rapl_psys_sum_uj=0
pid=0 energy=7728709407785 alive=1 kernel=1 cpu_ns=442098000000 mem=633892864 instructions=1103643881557 wakeups=229378 diski=7667712 disko=22937600 rx=3022 tx=1552 comm=*system*
psu_energy_ac_mcp_machine=4968520386
-------
timestamp=215928831603
iterations=1750
sample_ns=100000000
window_ns=1000000000
rapl_core_sum_uj=1590992788
rapl_psys_sum_uj=0
pid=0 energy=7733453617505 alive=1 kernel=1 cpu_ns=442344000000 mem=299933696 instructions=1104346723501 wakeups=229614 diski=7667712 disko=22937600 rx=3022 tx=1552 comm=*system*
psu_energy_ac_mcp_machine=4971419556
-------
timestamp=216071514586
iterations=1751
sample_ns=100000000
window_ns=1000000000
rapl_core_sum_uj=1591608754
rapl_psys_sum_uj=0
pid=0 energy=7735436331490 alive=1 kernel=1 cpu_ns=442464000000 mem=492654592 instructions=1104623266298 wakeups=229801 diski=7667712 disko=22937600 rx=3022 tx=1552 comm=*system*
psu_energy_ac_mcp_machine=4975646484
-------
timestamp=216216162588
iterations=1752
sample_ns=100000000
window_ns=1000000000
rapl_core_sum_uj=1592246937
rapl_psys_sum_uj=0
pid=0 energy=7737525904180 alive=1 kernel=1 cpu_ns=442592000000 mem=685690880 instructions=1104913180836 wakeups=230001 diski=7667712 disko=22937600 rx=3022 tx=1552 comm=*system*
psu_energy_ac_mcp_machine=4978672241
-------
timestamp=216357664557
iterations=1754
sample_ns=100000000
window_ns=1000000000
rapl_core_sum_uj=1593437549
rapl_psys_sum_uj=0
pid=0 energy=7742144847095 alive=1 kernel=1 cpu_ns=442824000000 mem=354959360 instructions=1105604969419 wakeups=230235 diski=7667712 disko=22937600 rx=3022 tx=1552 comm=*system*
psu_energy_ac_mcp_machine=4982749634
-------
timestamp=216501279779
iterations=1755
sample_ns=100000000
window_ns=1000000000
rapl_core_sum_uj=1594077441
rapl_psys_sum_uj=0
pid=0 energy=7744244814930 alive=1 kernel=1 cpu_ns=442954000000 mem=547995648 instructions=1105894962986 wakeups=230437 diski=7667712 disko=22937600 rx=3022 tx=1552 comm=*system*
psu_energy_ac_mcp_machine=4986931152
-------
timestamp=216646192155
iterations=1756
sample_ns=100000000
window_ns=1000000000
rapl_core_sum_uj=1594716295
rapl_psys_sum_uj=0
pid=0 energy=7746359878360 alive=1 kernel=1 cpu_ns=443086000000 mem=741756928 instructions=1106185975672 wakeups=230638 diski=7667712 disko=22937600 rx=3022 tx=1552 comm=*system*
psu_energy_ac_mcp_machine=4989875977
-------
timestamp=216788319769
iterations=1758
sample_ns=100000000
window_ns=1000000000
rapl_core_sum_uj=1595906053
rapl_psys_sum_uj=0
pid=0 energy=7750986377250 alive=1 kernel=1 cpu_ns=443320000000 mem=408756224 instructions=1106877275450 wakeups=230865 diski=7667712 disko=22937600 rx=3022 tx=1552 comm=*system*
psu_energy_ac_mcp_machine=4994018433
-------
timestamp=216934224488
iterations=1759
sample_ns=100000000
window_ns=1000000000
rapl_core_sum_uj=1596540696
rapl_psys_sum_uj=0
pid=0 energy=7753108745905 alive=1 kernel=1 cpu_ns=443453000000 mem=603189248 instructions=1107168749181 wakeups=231061 diski=7667712 disko=22937600 rx=3022 tx=1552 comm=*system*
psu_energy_ac_mcp_machine=4997063477
-------
timestamp=217076904241
iterations=1761
sample_ns=100000000
window_ns=1000000000
rapl_core_sum_uj=1597743820
rapl_psys_sum_uj=0
pid=0 energy=7757810953610 alive=1 kernel=1 cpu_ns=443696000000 mem=269484032 instructions=1107866190722 wakeups=231312 diski=7667712 disko=22937600 rx=3022 tx=1552 comm=*system*
psu_energy_ac_mcp_machine=5001145996
-------
timestamp=217221948253
iterations=1762
sample_ns=100000000
window_ns=1000000000
rapl_core_sum_uj=1598366317
rapl_psys_sum_uj=0
pid=0 energy=7759831578975 alive=1 kernel=1 cpu_ns=443819000000 mem=461467648 instructions=1108147315795 wakeups=231505 diski=7667712 disko=22937600 rx=3022 tx=1552 comm=*system*
psu_energy_ac_mcp_machine=5005337036
-------
timestamp=217365234294
iterations=1763
sample_ns=100000000
window_ns=1000000000
rapl_core_sum_uj=1599007308
rapl_psys_sum_uj=0
pid=0 energy=7761913741775 alive=1 kernel=1 cpu_ns=443945000000 mem=654319616 instructions=1108437748355 wakeups=231716 diski=7667712 disko=22953984 rx=3022 tx=1552 comm=*system*
psu_energy_ac_mcp_machine=5008385986
-------
timestamp=217507545662
iterations=1765
sample_ns=100000000
window_ns=1000000000
rapl_core_sum_uj=1600194197
rapl_psys_sum_uj=0
pid=0 energy=7766531154310 alive=1 kernel=1 cpu_ns=444176000000 mem=321437696 instructions=1109130230862 wakeups=231941 diski=7667712 disko=22953984 rx=3022 tx=1552 comm=*system*
psu_energy_ac_mcp_machine=5012468750
-------
timestamp=217651972184
iterations=1766
sample_ns=100000000
window_ns=1000000000
rapl_core_sum_uj=1600827375
rapl_psys_sum_uj=0
pid=0 energy=7768631253405 alive=1 kernel=1 cpu_ns=444308000000 mem=512716800 instructions=1109418250681 wakeups=232139 diski=7667712 disko=22953984 rx=3022 tx=1552 comm=*system*
psu_energy_ac_mcp_machine=5015524170
-------
timestamp=217792242942
iterations=1767
sample_ns=100000000
window_ns=1000000000
rapl_core_sum_uj=1601464765
rapl_psys_sum_uj=0
pid=0 energy=7770722492235 alive=1 kernel=1 cpu_ns=444436000000 mem=706224128 instructions=1109708498447 wakeups=232330 diski=7667712 disko=22953984 rx=3024 tx=1552 comm=*system*
psu_energy_ac_mcp_machine=5019614868
-------
timestamp=217937528583
iterations=1769
sample_ns=100000000
window_ns=1000000000
rapl_core_sum_uj=1602648907
rapl_psys_sum_uj=0
pid=0 energy=7775337001930 alive=1 kernel=1 cpu_ns=444669000000 mem=373940224 instructions=1110398400386 wakeups=232556 diski=7667712 disko=22953984 rx=3024 tx=1552 comm=*system*
psu_energy_ac_mcp_machine=5022638306
-------
timestamp=218080695047
iterations=1770
sample_ns=100000000
window_ns=1000000000
rapl_core_sum_uj=1603283977
rapl_psys_sum_uj=0
pid=0 energy=7777440967940 alive=1 kernel=1 cpu_ns=444801000000 mem=565571584 instructions=1110687193588 wakeups=232758 diski=7667712 disko=22953984 rx=3024 tx=1552 comm=*system*
psu_energy_ac_mcp_machine=5026870972
-------
timestamp=218223867609
iterations=1772
sample_ns=100000000
window_ns=1000000000
rapl_core_sum_uj=1604479655
rapl_psys_sum_uj=0
pid=0 energy=7782083679475 alive=1 kernel=1 cpu_ns=445037000000 mem=230748160 instructions=1111379735895 wakeups=233014 diski=7667712 disko=22953984 rx=3025 tx=1553 comm=*system*
psu_energy_ac_mcp_machine=5030894287
-------
timestamp=218369482041
iterations=1773
sample_ns=100000000
window_ns=1000000000
rapl_core_sum_uj=1605118265
rapl_psys_sum_uj=0
pid=0 energy=7784117902475 alive=1 kernel=1 cpu_ns=445161000000 mem=420605952 instructions=1111662580495 wakeups=233213 diski=7667712 disko=22953984 rx=3025 tx=1553 comm=*system*
psu_energy_ac_mcp_machine=5033990112
-------
timestamp=218511108836
iterations=1774
sample_ns=100000000
window_ns=1000000000
rapl_core_sum_uj=1605764200
rapl_psys_sum_uj=0
pid=0 energy=7786226379330 alive=1 kernel=1 cpu_ns=445292000000 mem=613998592 instructions=1111953275866 wakeups=233419 diski=7667712 disko=22953984 rx=3025 tx=1553 comm=*system*
psu_energy_ac_mcp_machine=5038170288
-------
timestamp=218662492739
iterations=1776
sample_ns=100000000
window_ns=1000000000
rapl_core_sum_uj=1606950356
rapl_psys_sum_uj=0
pid=0 energy=7790865253280 alive=1 kernel=1 cpu_ns=445526000000 mem=288317440 instructions=1112647050656 wakeups=233637 diski=7667712 disko=22953984 rx=3025 tx=1553 comm=*system*
psu_energy_ac_mcp_machine=5042201050
-------
timestamp=218808246851
iterations=1777
sample_ns=100000000
window_ns=1000000000
rapl_core_sum_uj=1607592506
rapl_psys_sum_uj=0
pid=0 energy=7792967481730 alive=1 kernel=1 cpu_ns=445656000000 mem=481890304 instructions=1112937496346 wakeups=233832 diski=7667712 disko=22953984 rx=3025 tx=1553 comm=*system*
psu_energy_ac_mcp_machine=5045291626
-------
timestamp=218949813885
iterations=1779
sample_ns=100000000
window_ns=1000000000
rapl_core_sum_uj=1608792639
rapl_psys_sum_uj=0
pid=0 energy=7797314687105 alive=1 kernel=1 cpu_ns=445893000000 mem=460668928 instructions=1113569937421 wakeups=234068 diski=7667712 disko=22953984 rx=3025 tx=1553 comm=*system*
psu_energy_ac_mcp_machine=5049393677
-------
timestamp=219093160707
iterations=1780
sample_ns=100000000
window_ns=1000000000
rapl_core_sum_uj=1609415075
rapl_psys_sum_uj=0
pid=0 energy=7799696015010 alive=1 kernel=1 cpu_ns=446014000000 mem=344944640 instructions=1113925203002 wakeups=234261 diski=7667712 disko=22953984 rx=3025 tx=1553 comm=*system*
psu_energy_ac_mcp_machine=5052438843
-------
timestamp=219235692737
iterations=1781
sample_ns=100000000
window_ns=1000000000
rapl_core_sum_uj=1610055211
rapl_psys_sum_uj=0
pid=0 energy=7801806791165 alive=1 kernel=1 cpu_ns=446144000000 mem=539746304 instructions=1114217358233 wakeups=234457 diski=7667712 disko=22953984 rx=3025 tx=1553 comm=*system*
psu_energy_ac_mcp_machine=5056670288
-------
timestamp=219380268082
iterations=1783
sample_ns=100000000
window_ns=1000000000
rapl_core_sum_uj=1611258946
rapl_psys_sum_uj=0
pid=0 energy=7806365578685 alive=1 kernel=1 cpu_ns=446378000000 mem=294277120 instructions=1114895115737 wakeups=234684 diski=7667712 disko=22953984 rx=3025 tx=1553 comm=*system*
psu_energy_ac_mcp_machine=5059605835
-------
timestamp=219522500784
iterations=1784
sample_ns=100000000
window_ns=1000000000
rapl_core_sum_uj=1611895115
rapl_psys_sum_uj=0
pid=0 energy=7808526317770 alive=1 kernel=1 cpu_ns=446507000000 mem=394846208 instructions=1115198263554 wakeups=234898 diski=7667712 disko=22953984 rx=3025 tx=1553 comm=*system*
psu_energy_ac_mcp_machine=5063832397
-------
timestamp=219665422762
iterations=1785
sample_ns=100000000
window_ns=1000000000
rapl_core_sum_uj=1612528110
rapl_psys_sum_uj=0
pid=0 energy=7810608434920 alive=1 kernel=1 cpu_ns=446635000000 mem=587563008 instructions=1115486686984 wakeups=235091 diski=7667712 disko=22953984 rx=3025 tx=1553 comm=*system*
psu_energy_ac_mcp_machine=5067960449
-------
timestamp=219811162102
iterations=1787
sample_ns=100000000
window_ns=1000000000
rapl_core_sum_uj=1613715182
rapl_psys_sum_uj=0
pid=0 energy=7815271310875 alive=1 kernel=1 cpu_ns=446871000000 mem=259911680 instructions=1116183262175 wakeups=235325 diski=7667712 disko=22953984 rx=3027 tx=1553 comm=*system*
psu_energy_ac_mcp_machine=5070938843
-------
timestamp=219953249697
iterations=1788
sample_ns=100000000
window_ns=1000000000
rapl_core_sum_uj=1614348848
rapl_psys_sum_uj=0
pid=0 energy=7817365386810 alive=1 kernel=1 cpu_ns=447004000000 mem=449490944 instructions=1116469077362 wakeups=235522 diski=7667712 disko=22953984 rx=3027 tx=1553 comm=*system*
psu_energy_ac_mcp_machine=5075150513
-------
timestamp=220097339878
iterations=1790
sample_ns=100000000
window_ns=1000000000
rapl_core_sum_uj=1615537629
rapl_psys_sum_uj=0
pid=0 energy=7821545253280 alive=1 kernel=1 cpu_ns=447240000000 mem=548356096 instructions=1117069050656 wakeups=235742 diski=7667712 disko=22953984 rx=3027 tx=1553 comm=*system*
psu_energy_ac_mcp_machine=5078155029
-------
timestamp=220238876783
iterations=1791
sample_ns=100000000
window_ns=1000000000
rapl_core_sum_uj=1616169953
rapl_psys_sum_uj=0
pid=0 energy=7824115126210 alive=1 kernel=1 cpu_ns=447371000000 mem=310939648 instructions=1117452025242 wakeups=235961 diski=7667712 disko=22953984 rx=3027 tx=1553 comm=*system*
psu_energy_ac_mcp_machine=5082330444
-------
timestamp=220385333752
iterations=1792
sample_ns=100000000
window_ns=1000000000
rapl_core_sum_uj=1616808502
rapl_psys_sum_uj=0
pid=0 energy=7826203584425 alive=1 kernel=1 cpu_ns=447500000000 mem=503091200 instructions=1117740716885 wakeups=236163 diski=7667712 disko=22953984 rx=3027 tx=1553 comm=*system*
psu_energy_ac_mcp_machine=5086485596
-------
timestamp=220529612344
iterations=1794
sample_ns=100000000
window_ns=1000000000
rapl_core_sum_uj=1618008086
rapl_psys_sum_uj=0
pid=0 energy=7830613371420 alive=1 kernel=1 cpu_ns=447737000000 mem=399859712 instructions=1118385674284 wakeups=236401 diski=7667712 disko=22953984 rx=3027 tx=1553 comm=*system*
psu_energy_ac_mcp_machine=5089450317
-------
timestamp=220671793578
iterations=1795
sample_ns=100000000
window_ns=1000000000
rapl_core_sum_uj=1618640837
rapl_psys_sum_uj=0
pid=0 energy=7832935422605 alive=1 kernel=1 cpu_ns=447865000000 mem=363044864 instructions=1118722084521 wakeups=236599 diski=7667712 disko=22953984 rx=3027 tx=1553 comm=*system*
psu_energy_ac_mcp_machine=5093658569
-------
timestamp=220816392439
iterations=1797
sample_ns=100000000
window_ns=1000000000
rapl_core_sum_uj=1619853849
rapl_psys_sum_uj=0
pid=0 energy=7836972482350 alive=1 kernel=1 cpu_ns=448107000000 mem=756285440 instructions=1119287496470 wakeups=236820 diski=7667712 disko=22953984 rx=3027 tx=1553 comm=*system*
psu_energy_ac_mcp_machine=5096710327
-------
timestamp=220958319006
iterations=1798
sample_ns=100000000
window_ns=1000000000
rapl_core_sum_uj=1620465238
rapl_psys_sum_uj=0
pid=0 energy=7839643041275 alive=1 kernel=1 cpu_ns=448225000000 mem=235659264 instructions=1119703608255 wakeups=237032 diski=7667712 disko=22953984 rx=3027 tx=1553 comm=*system*
psu_energy_ac_mcp_machine=5100787476
-------
timestamp=221105095874
iterations=1799
sample_ns=100000000
window_ns=1000000000
rapl_core_sum_uj=1621097623
rapl_psys_sum_uj=0
pid=0 energy=7841727720650 alive=1 kernel=1 cpu_ns=448354000000 mem=414777344 instructions=1119991544130 wakeups=237238 diski=7667712 disko=22953984 rx=3027 tx=1553 comm=*system*
psu_energy_ac_mcp_machine=5103838501
-------
timestamp=221246386236
iterations=1801
sample_ns=100000000
window_ns=1000000000
rapl_core_sum_uj=1622289395
rapl_psys_sum_uj=0
pid=0 energy=7845772198010 alive=1 kernel=1 cpu_ns=448585000000 mem=649613312 instructions=1120569439602 wakeups=237459 diski=7667712 disko=22953984 rx=3027 tx=1553 comm=*system*
psu_energy_ac_mcp_machine=5107975342
-------
timestamp=221388116137
iterations=1802
sample_ns=100000000
window_ns=1000000000
rapl_core_sum_uj=1622926052
rapl_psys_sum_uj=0
pid=0 energy=7848455087570 alive=1 kernel=1 cpu_ns=448713000000 mem=278867968 instructions=1120978017514 wakeups=237664 diski=7667712 disko=22953984 rx=3027 tx=1553 comm=*system*
psu_energy_ac_mcp_machine=5112103516
-------
timestamp=221534019527
iterations=1803
sample_ns=100000000
window_ns=1000000000
rapl_core_sum_uj=1623569850
rapl_psys_sum_uj=0
pid=0 energy=7850555399545 alive=1 kernel=1 cpu_ns=448845000000 mem=470355968 instructions=1121266079909 wakeups=237873 diski=7667712 disko=22953984 rx=3027 tx=1553 comm=*system*
psu_energy_ac_mcp_machine=5115145874
-------
timestamp=221674984692
iterations=1805
sample_ns=100000000
window_ns=1000000000
rapl_core_sum_uj=1624757777
rapl_psys_sum_uj=0
pid=0 energy=7854818447150 alive=1 kernel=1 cpu_ns=449079000000 mem=486526976 instructions=1121884689430 wakeups=238093 diski=7667712 disko=22953984 rx=3027 tx=1553 comm=*system*
psu_energy_ac_mcp_machine=5119214355
-------
timestamp=221819773243
iterations=1806
sample_ns=100000000
window_ns=1000000000
rapl_core_sum_uj=1625390833
rapl_psys_sum_uj=0
pid=0 energy=7857262988330 alive=1 kernel=1 cpu_ns=449204000000 mem=331710464 instructions=1122248597666 wakeups=238293 diski=7667712 disko=22953984 rx=3029 tx=1553 comm=*system*
psu_energy_ac_mcp_machine=5122269043
-------
timestamp=221962881372
iterations=1808
sample_ns=100000000
window_ns=1000000000
rapl_core_sum_uj=1626595360
rapl_psys_sum_uj=0
pid=0 energy=7861261047065 alive=1 kernel=1 cpu_ns=449443000000 mem=724033536 instructions=1122809209413 wakeups=238516 diski=7667712 disko=22953984 rx=3029 tx=1553 comm=*system*
psu_energy_ac_mcp_machine=5126464844
-------
timestamp=222107825405
iterations=1809
sample_ns=100000000
window_ns=1000000000
rapl_core_sum_uj=1627217552
rapl_psys_sum_uj=0
pid=0 energy=7863850216185 alive=1 kernel=1 cpu_ns=449567000000 mem=332423168 instructions=1123203043237 wakeups=238719 diski=7667712 disko=22953984 rx=3029 tx=1553 comm=*system*
psu_energy_ac_mcp_machine=5130475952
-------
timestamp=222252802304
iterations=1810
sample_ns=100000000
window_ns=1000000000
rapl_core_sum_uj=1627855918
rapl_psys_sum_uj=0
pid=0 energy=7866059118280 alive=1 kernel=1 cpu_ns=449693000000 mem=382967808 instructions=1123518823656 wakeups=238936 diski=7667712 disko=22953984 rx=3029 tx=1553 comm=*system*
psu_energy_ac_mcp_machine=5133548950
-------
timestamp=222393577695
iterations=1812
sample_ns=100000000
window_ns=1000000000
rapl_core_sum_uj=1629046713
rapl_psys_sum_uj=0
pid=0 energy=7869966453110 alive=1 kernel=1 cpu_ns=449924000000 mem=755478528 instructions=1124069290622 wakeups=239164 diski=7667712 disko=22970368 rx=3030 tx=1553 comm=*system*
psu_energy_ac_mcp_machine=5137716187
-------
timestamp=222537875378
iterations=1813
sample_ns=100000000
window_ns=1000000000
rapl_core_sum_uj=1629680074
rapl_psys_sum_uj=0
pid=0 energy=7872773979580 alive=1 kernel=1 cpu_ns=450053000000 mem=244006912 instructions=1124501795916 wakeups=239376 diski=7667712 disko=22970368 rx=3030 tx=1553 comm=*system*
psu_energy_ac_mcp_machine=5140676025
-------
timestamp=222680321452
iterations=1814
sample_ns=100000000
window_ns=1000000000
rapl_core_sum_uj=1630312764
rapl_psys_sum_uj=0
pid=0 energy=7874850349315 alive=1 kernel=1 cpu_ns=450183000000 mem=433815552 instructions=1124787069863 wakeups=239572 diski=7667712 disko=22970368 rx=3030 tx=1553 comm=*system*
psu_energy_ac_mcp_machine=5144878662
-------
timestamp=222823181541
iterations=1816
sample_ns=100000000
window_ns=1000000000
rapl_core_sum_uj=1631501118
rapl_psys_sum_uj=0
pid=0 energy=7878978345590 alive=1 kernel=1 cpu_ns=450417000000 mem=589746176 instructions=1125378669118 wakeups=239788 diski=7667712 disko=22994944 rx=3030 tx=1553 comm=*system*
psu_energy_ac_mcp_machine=5147882446
-------
timestamp=222964551150
iterations=1817
sample_ns=100000000
window_ns=1000000000
rapl_core_sum_uj=1632131916
rapl_psys_sum_uj=0
pid=0 energy=7881595019905 alive=1 kernel=1 cpu_ns=450546000000 mem=298078208 instructions=1125773003981 wakeups=239997 diski=7667712 disko=23064576 rx=3030 tx=1553 comm=*system*
psu_energy_ac_mcp_machine=5152049561
-------
timestamp=223110554748
iterations=1819
sample_ns=100000000
window_ns=1000000000
rapl_core_sum_uj=1633330707
rapl_psys_sum_uj=0
pid=0 energy=7885577635260 alive=1 kernel=1 cpu_ns=450788000000 mem=689266688 instructions=1126327527052 wakeups=240213 diski=7667712 disko=23064576 rx=3030 tx=1553 comm=*system*
psu_energy_ac_mcp_machine=5156221680
-------
timestamp=223256190512
iterations=1820
sample_ns=100000000
window_ns=1000000000
rapl_core_sum_uj=1633969317
rapl_psys_sum_uj=0
pid=0 energy=7888065623750 alive=1 kernel=1 cpu_ns=450915000000 mem=432766976 instructions=1126698124750 wakeups=240429 diski=7667712 disko=23064576 rx=3030 tx=1553 comm=*system*
psu_energy_ac_mcp_machine=5159126953
-------
timestamp=223398887555
iterations=1821
sample_ns=100000000
window_ns=1000000000
rapl_core_sum_uj=1634607561
rapl_psys_sum_uj=0
pid=0 energy=7890413700345 alive=1 kernel=1 cpu_ns=451043000000 mem=347344896 instructions=1127039740069 wakeups=240630 diski=7667712 disko=23064576 rx=3030 tx=1553 comm=*system*
psu_energy_ac_mcp_machine=5163335815
-------
timestamp=223542709054
iterations=1823
sample_ns=100000000
window_ns=1000000000
rapl_core_sum_uj=1635797867
rapl_psys_sum_uj=0
pid=0 energy=7894333832065 alive=1 kernel=1 cpu_ns=451275000000 mem=740290560 instructions=1127591766413 wakeups=240841 diski=7667712 disko=23064576 rx=3030 tx=1553 comm=*system*
psu_energy_ac_mcp_machine=5166367798
-------
timestamp=223684150337
iterations=1824
sample_ns=100000000
window_ns=1000000000
rapl_core_sum_uj=1636436599
rapl_psys_sum_uj=0
pid=0 energy=7897090067180 alive=1 kernel=1 cpu_ns=451402000000 mem=272183296 instructions=1128016013436 wakeups=241055 diski=7667712 disko=23064576 rx=3030 tx=1553 comm=*system*
psu_energy_ac_mcp_machine=5170434082
-------
timestamp=223830568565
iterations=1826
sample_ns=100000000
window_ns=1000000000
rapl_core_sum_uj=1637654860
rapl_psys_sum_uj=0
pid=0 energy=7901208783455 alive=1 kernel=1 cpu_ns=451651000000 mem=601391104 instructions=1128590756691 wakeups=241285 diski=7667712 disko=23064576 rx=3032 tx=1553 comm=*system*
psu_energy_ac_mcp_machine=5174550049
-------
timestamp=223974303456
iterations=1827
sample_ns=100000000
window_ns=1000000000
rapl_core_sum_uj=1638268385
rapl_psys_sum_uj=0
pid=0 energy=7903272498265 alive=1 kernel=1 cpu_ns=451771000000 mem=687157248 instructions=1128883499653 wakeups=241478 diski=7667712 disko=23064576 rx=3032 tx=1553 comm=*system*
psu_energy_ac_mcp_machine=5177538330
-------
timestamp=224116216306
iterations=1828
sample_ns=100000000
window_ns=1000000000
rapl_core_sum_uj=1638899549
rapl_psys_sum_uj=0
pid=0 energy=7905992050960 alive=1 kernel=1 cpu_ns=451898000000 mem=266387456 instructions=1129300410192 wakeups=241679 diski=7667712 disko=23064576 rx=3032 tx=1553 comm=*system*
psu_energy_ac_mcp_machine=5181662476
-------
timestamp=224261250303
iterations=1830
sample_ns=100000000
window_ns=1000000000
rapl_core_sum_uj=1640087475
rapl_psys_sum_uj=0
pid=0 energy=7909920201520 alive=1 kernel=1 cpu_ns=452133000000 mem=659156992 instructions=1129851040304 wakeups=241894 diski=7667712 disko=23064576 rx=3032 tx=1553 comm=*system*
psu_energy_ac_mcp_machine=5184734253
-------
timestamp=224402753406
iterations=1831
sample_ns=100000000
window_ns=1000000000
rapl_core_sum_uj=1640725963
rapl_psys_sum_uj=0
pid=0 energy=7912300186890 alive=1 kernel=1 cpu_ns=452263000000 mem=523038720 instructions=1130197037378 wakeups=242108 diski=7667712 disko=23064576 rx=3032 tx=1553 comm=*system*
psu_energy_ac_mcp_machine=5188794434
-------
timestamp=224547305325
iterations=1832
sample_ns=100000000
window_ns=1000000000
rapl_core_sum_uj=1641365245
rapl_psys_sum_uj=0
pid=0 energy=7914789307160 alive=1 kernel=1 cpu_ns=452388000000 mem=318373888 instructions=1130569861432 wakeups=242335 diski=7667712 disko=23064576 rx=3032 tx=1553 comm=*system*
psu_energy_ac_mcp_machine=5191839966
-------
timestamp=224689958762
iterations=1834
sample_ns=100000000
window_ns=1000000000
rapl_core_sum_uj=1642550730
rapl_psys_sum_uj=0
pid=0 energy=7918719348450 alive=1 kernel=1 cpu_ns=452624000000 mem=709906432 instructions=1131119869690 wakeups=242540 diski=7667712 disko=23064576 rx=3032 tx=1553 comm=*system*
psu_energy_ac_mcp_machine=5196057373
-------
timestamp=224832965215
iterations=1835
sample_ns=100000000
window_ns=1000000000
rapl_core_sum_uj=1643192331
rapl_psys_sum_uj=0
pid=0 energy=7921314874815 alive=1 kernel=1 cpu_ns=452748000000 mem=360468480 instructions=1131514974963 wakeups=242743 diski=7667712 disko=23064576 rx=3032 tx=1553 comm=*system*
psu_energy_ac_mcp_machine=5200083008
-------
timestamp=224978701944
iterations=1837
sample_ns=100000000
window_ns=1000000000
rapl_core_sum_uj=1644403756
rapl_psys_sum_uj=0
pid=0 energy=7925490074670 alive=1 kernel=1 cpu_ns=452988000000 mem=571920384 instructions=1132110014934 wakeups=242972 diski=7667712 disko=23064576 rx=3032 tx=1553 comm=*system*
psu_energy_ac_mcp_machine=5203155029
-------
timestamp=225119781290
iterations=1838
sample_ns=100000000
window_ns=1000000000
rapl_core_sum_uj=1645028145
rapl_psys_sum_uj=0
pid=0 energy=7927526311530 alive=1 kernel=1 cpu_ns=453111000000 mem=768135168 instructions=1132394262306 wakeups=243162 diski=7667712 disko=23064576 rx=3032 tx=1553 comm=*system*
psu_energy_ac_mcp_machine=5207298218
-------
timestamp=225264121376
iterations=1839
sample_ns=100000000
window_ns=1000000000
rapl_core_sum_uj=1645667366
rapl_psys_sum_uj=0
pid=0 energy=7930335431355 alive=1 kernel=1 cpu_ns=453237000000 mem=239222784 instructions=1132830086271 wakeups=243388 diski=7667712 disko=23064576 rx=3032 tx=1553 comm=*system*
psu_energy_ac_mcp_machine=5210310059
-------
timestamp=225406019524
iterations=1841
sample_ns=100000000
window_ns=1000000000
rapl_core_sum_uj=1646854804
rapl_psys_sum_uj=0
pid=0 energy=7934270144325 alive=1 kernel=1 cpu_ns=453475000000 mem=630489088 instructions=1133379028865 wakeups=243592 diski=7667712 disko=23064576 rx=3032 tx=1553 comm=*system*
psu_energy_ac_mcp_machine=5214534058
-------
timestamp=225549734156
iterations=1842
sample_ns=100000000
window_ns=1000000000
rapl_core_sum_uj=1647498663
rapl_psys_sum_uj=0
pid=0 energy=7936559238205 alive=1 kernel=1 cpu_ns=453605000000 mem=601231360 instructions=1133706847641 wakeups=243799 diski=7667712 disko=23064576 rx=3032 tx=1553 comm=*system*
psu_energy_ac_mcp_machine=5217485474
-------
timestamp=225691956690
iterations=1843
sample_ns=100000000
window_ns=1000000000
rapl_core_sum_uj=1648136846
rapl_psys_sum_uj=0
pid=0 energy=7939161069720 alive=1 kernel=1 cpu_ns=453729000000 mem=293888000 instructions=1134103213944 wakeups=244011 diski=7667712 disko=23064576 rx=3032 tx=1553 comm=*system*
psu_energy_ac_mcp_machine=5221614380
-------
timestamp=225834928668
iterations=1845
sample_ns=100000000
window_ns=1000000000
rapl_core_sum_uj=1649328007
rapl_psys_sum_uj=0
pid=0 energy=7943077071405 alive=1 kernel=1 cpu_ns=453963000000 mem=684822528 instructions=1134652414281 wakeups=244217 diski=7667712 disko=23064576 rx=3034 tx=1553 comm=*system*
psu_energy_ac_mcp_machine=5225799561
-------
timestamp=225979731237
iterations=1846
sample_ns=100000000
window_ns=1000000000
rapl_core_sum_uj=1649966861
rapl_psys_sum_uj=0
pid=0 energy=7945581299180 alive=1 kernel=1 cpu_ns=454091000000 mem=448819200 instructions=1135025259836 wakeups=244431 diski=7667712 disko=23064576 rx=3034 tx=1553 comm=*system*
psu_energy_ac_mcp_machine=5228721191
-------
timestamp=226121774270
iterations=1848
sample_ns=100000000
window_ns=1000000000
rapl_core_sum_uj=1651177859
rapl_psys_sum_uj=0
pid=0 energy=7949857986030 alive=1 kernel=1 cpu_ns=454331000000 mem=541630464 instructions=1135640597206 wakeups=244676 diski=7667712 disko=23064576 rx=3034 tx=1553 comm=*system*
psu_energy_ac_mcp_machine=5232949463
-------
timestamp=226266438946
iterations=1849
sample_ns=100000000
window_ns=1000000000
rapl_core_sum_uj=1651797243
rapl_psys_sum_uj=0
pid=0 energy=7951854948140 alive=1 kernel=1 cpu_ns=454449000000 mem=736776192 instructions=1135921989628 wakeups=244856 diski=7667712 disko=23064576 rx=3034 tx=1553 comm=*system*
psu_energy_ac_mcp_machine=5235980469
-------
timestamp=226407616234
iterations=1850
sample_ns=100000000
window_ns=1000000000
rapl_core_sum_uj=1652433107
rapl_psys_sum_uj=0
pid=0 energy=7954606935155 alive=1 kernel=1 cpu_ns=454579000000 mem=275095552 instructions=1136342387031 wakeups=245068 diski=7667712 disko=23064576 rx=3034 tx=1553 comm=*system*
psu_energy_ac_mcp_machine=5240087402
-------
timestamp=226554078776
iterations=1852
sample_ns=100000000
window_ns=1000000000
rapl_core_sum_uj=1653627869
rapl_psys_sum_uj=0
pid=0 energy=7958602744025 alive=1 kernel=1 cpu_ns=454815000000 mem=604647424 instructions=1136905548805 wakeups=245294 diski=7667712 disko=23064576 rx=3034 tx=1553 comm=*system*
psu_energy_ac_mcp_machine=5244253906
-------
timestamp=226698611115
iterations=1853
sample_ns=100000000
window_ns=1000000000
rapl_core_sum_uj=1654265747
rapl_psys_sum_uj=0
pid=0 energy=7960789126975 alive=1 kernel=1 cpu_ns=454945000000 mem=690016256 instructions=1137212825395 wakeups=245501 diski=7667712 disko=23064576 rx=3034 tx=1553 comm=*system*
psu_energy_ac_mcp_machine=5247218384
-------
timestamp=226839547473
iterations=1854
sample_ns=100000000
window_ns=1000000000
rapl_core_sum_uj=1654897705
rapl_psys_sum_uj=0
pid=0 energy=7963520452650 alive=1 kernel=1 cpu_ns=455071000000 mem=264417280 instructions=1137633090530 wakeups=245706 diski=7667712 disko=23064576 rx=3034 tx=1553 comm=*system*
psu_energy_ac_mcp_machine=5251356201
-------
timestamp=226984587974
iterations=1856
sample_ns=100000000
window_ns=1000000000
rapl_core_sum_uj=1656084288
rapl_psys_sum_uj=0
pid=0 energy=7967460235405 alive=1 kernel=1 cpu_ns=455309000000 mem=655536128 instructions=1138183047081 wakeups=245914 diski=7667712 disko=23064576 rx=3034 tx=1553 comm=*system*
psu_energy_ac_mcp_machine=5254424438
-------
timestamp=227126895860
iterations=1857
sample_ns=100000000
window_ns=1000000000
rapl_core_sum_uj=1656722715
rapl_psys_sum_uj=0
pid=0 energy=7969858251515 alive=1 kernel=1 cpu_ns=455441000000 mem=529498112 instructions=1138530650303 wakeups=246118 diski=7667712 disko=23064576 rx=3034 tx=1553 comm=*system*
psu_energy_ac_mcp_machine=5258464600
-------
timestamp=227273727381
iterations=1859
sample_ns=100000000
window_ns=1000000000
rapl_core_sum_uj=1657918149
rapl_psys_sum_uj=0
pid=0 energy=7974158103690 alive=1 kernel=1 cpu_ns=455670000000 mem=512036864 instructions=1139161620738 wakeups=246347 diski=7667712 disko=23064576 rx=3034 tx=1553 comm=*system*
psu_energy_ac_mcp_machine=5261540649
-------
timestamp=227414642341
iterations=1860
sample_ns=100000000
window_ns=1000000000
rapl_core_sum_uj=1658558468
rapl_psys_sum_uj=0
pid=0 energy=7976250517685 alive=1 kernel=1 cpu_ns=455798000000 mem=705245184 instructions=1139452103537 wakeups=246555 diski=7667712 disko=23085056 rx=3034 tx=1553 comm=*system*
psu_energy_ac_mcp_machine=5265734375
-------
timestamp=227556041036
iterations=1861
sample_ns=100000000
window_ns=1000000000
rapl_core_sum_uj=1659192134
rapl_psys_sum_uj=0
pid=0 energy=7978865848770 alive=1 kernel=1 cpu_ns=455923000000 mem=374583296 instructions=1139850169754 wakeups=246756 diski=7667712 disko=23085056 rx=3034 tx=1553 comm=*system*
psu_energy_ac_mcp_machine=5269790039
-------
timestamp=227700180901
iterations=1863
sample_ns=100000000
window_ns=1000000000
rapl_core_sum_uj=1660378779
rapl_psys_sum_uj=0
pid=0 energy=7982971004560 alive=1 kernel=1 cpu_ns=456156000000 mem=569741312 instructions=1140438200912 wakeups=246969 diski=7667712 disko=23085056 rx=3036 tx=1553 comm=*system*
psu_energy_ac_mcp_machine=5272830200
-------
timestamp=227841516025
iterations=1864
sample_ns=100000000
window_ns=1000000000
rapl_core_sum_uj=1661011835
rapl_psys_sum_uj=0
pid=0 energy=7985065877635 alive=1 kernel=1 cpu_ns=456283000000 mem=764182528 instructions=1140730175527 wakeups=247163 diski=7667712 disko=23085056 rx=3036 tx=1553 comm=*system*
psu_energy_ac_mcp_machine=5276920410
-------
timestamp=227985661127
iterations=1865
sample_ns=100000000
window_ns=1000000000
rapl_core_sum_uj=1661646417
rapl_psys_sum_uj=0
pid=0 energy=7987886440935 alive=1 kernel=1 cpu_ns=456411000000 mem=235524096 instructions=1141166288187 wakeups=247385 diski=7667712 disko=23085056 rx=3036 tx=1553 comm=*system*
psu_energy_ac_mcp_machine=5279997314
-------
timestamp=228127700882
iterations=1867
sample_ns=100000000
window_ns=1000000000
rapl_core_sum_uj=1662848992
rapl_psys_sum_uj=0
pid=0 energy=7991852307455 alive=1 kernel=1 cpu_ns=456649000000 mem=623939584 instructions=1141721461491 wakeups=247678 diski=7667712 disko=25870336 rx=3036 tx=1553 comm=*system*
psu_energy_ac_mcp_machine=5284244385
-------
timestamp=228271839775
iterations=1868
sample_ns=100000000
window_ns=1000000000
rapl_core_sum_uj=1663490898
rapl_psys_sum_uj=0
pid=0 energy=7994091865665 alive=1 kernel=1 cpu_ns=456775000000 mem=623992832 instructions=1142043373133 wakeups=247899 diski=7667712 disko=25870336 rx=3037 tx=1554 comm=*system*
psu_energy_ac_mcp_machine=5287225220
-------
timestamp=228415279591
iterations=1870
sample_ns=100000000
window_ns=1000000000
rapl_core_sum_uj=1664685172
rapl_psys_sum_uj=0
pid=0 energy=7998561571620 alive=1 kernel=1 cpu_ns=457009000000 mem=481148928 instructions=1142703314324 wakeups=248129 diski=7667712 disko=25870336 rx=3037 tx=1554 comm=*system*
psu_energy_ac_mcp_machine=5291403076
-------
timestamp=228557984771
iterations=1871
sample_ns=100000000
window_ns=1000000000
rapl_core_sum_uj=1665314810
rapl_psys_sum_uj=0
pid=0 energy=8000646188505 alive=1 kernel=1 cpu_ns=457138000000 mem=675422208 instructions=1142991237701 wakeups=248319 diski=7667712 disko=25870336 rx=3037 tx=1554 comm=*system*
psu_energy_ac_mcp_machine=5295541870
-------
timestamp=228704163011
iterations=1872
sample_ns=100000000
window_ns=1000000000
rapl_core_sum_uj=1665950857
rapl_psys_sum_uj=0
pid=0 energy=8003132271640 alive=1 kernel=1 cpu_ns=457268000000 mem=468905984 instructions=1143358454328 wakeups=248523 diski=7667712 disko=25870336 rx=3037 tx=1554 comm=*system*
psu_energy_ac_mcp_machine=5298489624
-------
timestamp=228846533535
iterations=1874
sample_ns=100000000
window_ns=1000000000
rapl_core_sum_uj=1667140614
rapl_psys_sum_uj=0
pid=0 energy=8007365991285 alive=1 kernel=1 cpu_ns=457504000000 mem=533073920 instructions=1143969198257 wakeups=248747 diski=7667712 disko=25870336 rx=3037 tx=1554 comm=*system*
psu_energy_ac_mcp_machine=5302697876
-------
timestamp=228990288808
iterations=1875
sample_ns=100000000
window_ns=1000000000
rapl_core_sum_uj=1667773365
rapl_psys_sum_uj=0
pid=0 energy=8009471126645 alive=1 kernel=1 cpu_ns=457636000000 mem=725409792 instructions=1144258225329 wakeups=248936 diski=7667712 disko=25870336 rx=3037 tx=1554 comm=*system*
psu_energy_ac_mcp_machine=5305720337
-------
timestamp=229131631121
iterations=1877
sample_ns=100000000
window_ns=1000000000
rapl_core_sum_uj=1668997180
rapl_psys_sum_uj=0
pid=0 energy=8014297135060 alive=1 kernel=1 cpu_ns=457890000000 mem=391127040 instructions=1144969427012 wakeups=249194 diski=7667712 disko=25870336 rx=3037 tx=1554 comm=*system*
psu_energy_ac_mcp_machine=5309824585
-------
timestamp=229278154461
iterations=1878
sample_ns=100000000
window_ns=1000000000
rapl_core_sum_uj=1669598620
rapl_psys_sum_uj=0
pid=0 energy=8016214159010 alive=1 kernel=1 cpu_ns=458003000000 mem=585080832 instructions=1145239831802 wakeups=249362 diski=7667712 disko=25870336 rx=3037 tx=1554 comm=*system*
psu_energy_ac_mcp_machine=5313991211
-------
timestamp=229423261629
iterations=1879
sample_ns=100000000
window_ns=1000000000
rapl_core_sum_uj=1670247240
rapl_psys_sum_uj=0
pid=0 energy=8018174441190 alive=1 kernel=1 cpu_ns=458132000000 mem=730583040 instructions=1145502888238 wakeups=249574 diski=7667712 disko=25870336 rx=3038 tx=1555 comm=*system*
psu_energy_ac_mcp_machine=5317105103
-------
timestamp=229565619094
iterations=1881
sample_ns=100000000
window_ns=1000000000
rapl_core_sum_uj=1671491929
rapl_psys_sum_uj=0
pid=0 energy=8020761364225 alive=1 kernel=1 cpu_ns=458366000000 mem=730710016 instructions=1145786272845 wakeups=249795 diski=7667712 disko=25870336 rx=3038 tx=1555 comm=*system*
psu_energy_ac_mcp_machine=5321381592
-------
timestamp=229710880830
iterations=1882
sample_ns=100000000
window_ns=1000000000
rapl_core_sum_uj=1672164719
rapl_psys_sum_uj=0
pid=0 energy=8022209791355 alive=1 kernel=1 cpu_ns=458498000000 mem=730677248 instructions=1145943958271 wakeups=249992 diski=7667712 disko=25870336 rx=3038 tx=1555 comm=*system*
psu_energy_ac_mcp_machine=5324518677
-------
timestamp=229852771892
iterations=1883
sample_ns=100000000
window_ns=1000000000
rapl_core_sum_uj=1672829880
rapl_psys_sum_uj=0
pid=0 energy=8023637797645 alive=1 kernel=1 cpu_ns=458625000000 mem=730685440 instructions=1146102559529 wakeups=250190 diski=7667712 disko=25870336 rx=3040 tx=1555 comm=*system*
psu_energy_ac_mcp_machine=5328820557
-------
timestamp=229998669338
iterations=1885
sample_ns=100000000
window_ns=1000000000
rapl_core_sum_uj=1674075057
rapl_psys_sum_uj=0
pid=0 energy=8026241277825 alive=1 kernel=1 cpu_ns=458862000000 mem=730685440 instructions=1146386255565 wakeups=250412 diski=7667712 disko=25870336 rx=3040 tx=1555 comm=*system*
psu_energy_ac_mcp_machine=5333050537
-------
timestamp=230143776364
iterations=1886
sample_ns=100000000
window_ns=1000000000
rapl_core_sum_uj=1674734541
rapl_psys_sum_uj=0
pid=0 energy=8027684192585 alive=1 kernel=1 cpu_ns=458991000000 mem=726495232 instructions=1146545838517 wakeups=250616 diski=7667712 disko=25870336 rx=3040 tx=1555 comm=*system*
psu_energy_ac_mcp_machine=5336212158
-------
timestamp=230286258086
iterations=1888
sample_ns=100000000
window_ns=1000000000
rapl_core_sum_uj=1675991437
rapl_psys_sum_uj=0
pid=0 energy=8030316406785 alive=1 kernel=1 cpu_ns=459230000000 mem=730554368 instructions=1146833281357 wakeups=250855 diski=7667712 disko=25870336 rx=3040 tx=1555 comm=*system*
psu_energy_ac_mcp_machine=5340512085
-------
timestamp=230431936417
iterations=1889
sample_ns=100000000
window_ns=1000000000
rapl_core_sum_uj=1676652691
rapl_psys_sum_uj=0
pid=0 energy=8031736864110 alive=1 kernel=1 cpu_ns=459357000000 mem=730632192 instructions=1146990372822 wakeups=251050 diski=7667712 disko=25870336 rx=3040 tx=1555 comm=*system*
psu_energy_ac_mcp_machine=5343621826
-------
timestamp=230575085767
iterations=1890
sample_ns=100000000
window_ns=1000000000
rapl_core_sum_uj=1677318523
rapl_psys_sum_uj=0
pid=0 energy=8033158177190 alive=1 kernel=1 cpu_ns=459484000000 mem=730599424 instructions=1147147635438 wakeups=251256 diski=7667712 disko=25870336 rx=3040 tx=1555 comm=*system*
psu_energy_ac_mcp_machine=5347927856
-------
timestamp=230721118764
iterations=1892
sample_ns=100000000
window_ns=1000000000
rapl_core_sum_uj=1678568949
rapl_psys_sum_uj=0
pid=0 energy=8035738659750 alive=1 kernel=1 cpu_ns=459716000000 mem=730574848 instructions=1147431731950 wakeups=251483 diski=7667712 disko=25870336 rx=3040 tx=1555 comm=*system*
psu_energy_ac_mcp_machine=5352155151
-------
timestamp=230866923418
iterations=1893
sample_ns=100000000
window_ns=1000000000
rapl_core_sum_uj=1679235452
rapl_psys_sum_uj=0
pid=0 energy=8037174449595 alive=1 kernel=1 cpu_ns=459845000000 mem=730697728 instructions=1147589889919 wakeups=251685 diski=7667712 disko=25870336 rx=3040 tx=1555 comm=*system*
psu_energy_ac_mcp_machine=5355291626
-------
timestamp=231009585698
iterations=1895
sample_ns=100000000
window_ns=1000000000
rapl_core_sum_uj=1680508461
rapl_psys_sum_uj=0
pid=0 energy=8039862250600 alive=1 kernel=1 cpu_ns=460087000000 mem=731402240 instructions=1147885450120 wakeups=251922 diski=7667712 disko=25870336 rx=3040 tx=1555 comm=*system*
psu_energy_ac_mcp_machine=5359575439
-------
timestamp=231154928976
iterations=1896
sample_ns=100000000
window_ns=1000000000
rapl_core_sum_uj=1681163612
rapl_psys_sum_uj=0
pid=0 energy=8041203665665 alive=1 kernel=1 cpu_ns=460208000000 mem=730693632 instructions=1148032733133 wakeups=252118 diski=7667712 disko=25870336 rx=3041 tx=1555 comm=*system*
psu_energy_ac_mcp_machine=5362690186
-------
timestamp=231297662126
iterations=1897
sample_ns=100000000
window_ns=1000000000
rapl_core_sum_uj=1681836524
rapl_psys_sum_uj=0
pid=0 energy=8042653932980 alive=1 kernel=1 cpu_ns=460337000000 mem=730660864 instructions=1148193786596 wakeups=252327 diski=7667712 disko=25870336 rx=3041 tx=1555 comm=*system*
psu_energy_ac_mcp_machine=5367008545
-------
timestamp=231442542238
iterations=1899
sample_ns=100000000
window_ns=1000000000
rapl_core_sum_uj=1683096349
rapl_psys_sum_uj=0
pid=0 energy=8045264919725 alive=1 kernel=1 cpu_ns=460575000000 mem=730652672 instructions=1148477983945 wakeups=252553 diski=7667712 disko=25870336 rx=3041 tx=1555 comm=*system*
psu_energy_ac_mcp_machine=5371277954
-------
timestamp=231588155376
iterations=1900
sample_ns=100000000
window_ns=1000000000
rapl_core_sum_uj=1683770421
rapl_psys_sum_uj=0
pid=0 energy=8046719080085 alive=1 kernel=1 cpu_ns=460708000000 mem=730640384 instructions=1148635816017 wakeups=252759 diski=7667712 disko=25870336 rx=3041 tx=1555 comm=*system*
psu_energy_ac_mcp_machine=5374419556
-------
timestamp=231730925406
iterations=1902
sample_ns=100000000
window_ns=1000000000
rapl_core_sum_uj=1685069553
rapl_psys_sum_uj=0
pid=0 energy=8049493700205 alive=1 kernel=1 cpu_ns=460957000000 mem=731840512 instructions=1148941740041 wakeups=252999 diski=7667712 disko=25870336 rx=3043 tx=1555 comm=*system*
psu_energy_ac_mcp_machine=5378721313
-------
timestamp=231877250148
iterations=1903
sample_ns=100000000
window_ns=1000000000
rapl_core_sum_uj=1685701938
rapl_psys_sum_uj=0
pid=0 energy=8050745123225 alive=1 kernel=1 cpu_ns=461072000000 mem=730804224 instructions=1149077024645 wakeups=253177 diski=7667712 disko=25870336 rx=3043 tx=1555 comm=*system*
psu_energy_ac_mcp_machine=5381863770
-------
timestamp=232019258472
iterations=1904
sample_ns=100000000
window_ns=1000000000
rapl_core_sum_uj=1686366488
rapl_psys_sum_uj=0
pid=0 energy=8052195544520 alive=1 kernel=1 cpu_ns=461201000000 mem=729812992 instructions=1149238108904 wakeups=253383 diski=7667712 disko=25870336 rx=3043 tx=1555 comm=*system*
psu_energy_ac_mcp_machine=5386152954
-------
timestamp=232163347123
iterations=1906
sample_ns=100000000
window_ns=1000000000
rapl_core_sum_uj=1687616731
rapl_psys_sum_uj=0
pid=0 energy=8054776170420 alive=1 kernel=1 cpu_ns=461437000000 mem=730722304 instructions=1149518234084 wakeups=253603 diski=7667712 disko=25870336 rx=3043 tx=1555 comm=*system*
psu_energy_ac_mcp_machine=5390438232
-------
timestamp=232308965196
iterations=1907
sample_ns=100000000
window_ns=1000000000
rapl_core_sum_uj=1688280671
rapl_psys_sum_uj=0
pid=0 energy=8056227499665 alive=1 kernel=1 cpu_ns=461566000000 mem=730722304 instructions=1149679499933 wakeups=253822 diski=7667712 disko=25870336 rx=3043 tx=1555 comm=*system*
psu_energy_ac_mcp_machine=5393592407
-------
timestamp=232451996849
iterations=1908
sample_ns=100000000
window_ns=1000000000
rapl_core_sum_uj=1688946137
rapl_psys_sum_uj=0
pid=0 energy=8057653816840 alive=1 kernel=1 cpu_ns=461693000000 mem=730619904 instructions=1149837763368 wakeups=254026 diski=7667712 disko=25903104 rx=3043 tx=1555 comm=*system*
psu_energy_ac_mcp_machine=5397924805
-------
timestamp=232598200176
iterations=1910
sample_ns=100000000
window_ns=1000000000
rapl_core_sum_uj=1690188140
rapl_psys_sum_uj=0
pid=0 energy=8060233828445 alive=1 kernel=1 cpu_ns=461926000000 mem=730722304 instructions=1150120765689 wakeups=254255 diski=7667712 disko=25931776 rx=3043 tx=1555 comm=*system*
psu_energy_ac_mcp_machine=5401061523
-------
timestamp=232740753169
iterations=1911
sample_ns=100000000
window_ns=1000000000
rapl_core_sum_uj=1690858733
rapl_psys_sum_uj=0
pid=0 energy=8061689345170 alive=1 kernel=1 cpu_ns=462058000000 mem=730607616 instructions=1150279869034 wakeups=254457 diski=7667712 disko=25931776 rx=3043 tx=1555 comm=*system*
psu_energy_ac_mcp_machine=5405405762
-------
timestamp=232884053369
iterations=1913
sample_ns=100000000
window_ns=1000000000
rapl_core_sum_uj=1692105314
rapl_psys_sum_uj=0
pid=0 energy=8064340234745 alive=1 kernel=1 cpu_ns=462297000000 mem=731222016 instructions=1150571046949 wakeups=254691 diski=7667712 disko=25931776 rx=3043 tx=1555 comm=*system*
psu_energy_ac_mcp_machine=5409724365
-------
timestamp=233029758084
iterations=1914
sample_ns=100000000
window_ns=1000000000
rapl_core_sum_uj=1692756620
rapl_psys_sum_uj=0
pid=0 energy=8065686890120 alive=1 kernel=1 cpu_ns=462417000000 mem=730722304 instructions=1150720378024 wakeups=254890 diski=7667712 disko=25931776 rx=3043 tx=1555 comm=*system*
psu_energy_ac_mcp_machine=5412885132
-------
timestamp=233172204604
iterations=1915
sample_ns=100000000
window_ns=1000000000
rapl_core_sum_uj=1693418363
rapl_psys_sum_uj=0
pid=0 energy=8067139281380 alive=1 kernel=1 cpu_ns=462547000000 mem=730714112 instructions=1150880856276 wakeups=255093 diski=7667712 disko=25931776 rx=3043 tx=1555 comm=*system*
psu_energy_ac_mcp_machine=5417209595
-------
timestamp=233317283740
iterations=1917
sample_ns=100000000
window_ns=1000000000
rapl_core_sum_uj=1694666714
rapl_psys_sum_uj=0
pid=0 energy=8069729815965 alive=1 kernel=1 cpu_ns=462781000000 mem=730669056 instructions=1151164963193 wakeups=255323 diski=7667712 disko=25931776 rx=3043 tx=1555 comm=*system*
psu_energy_ac_mcp_machine=5420331421
-------
timestamp=233460215784
iterations=1918
sample_ns=100000000
window_ns=1000000000
rapl_core_sum_uj=1695331814
rapl_psys_sum_uj=0
pid=0 energy=8071158880620 alive=1 kernel=1 cpu_ns=462909000000 mem=730673152 instructions=1151322776124 wakeups=255537 diski=7667712 disko=25931776 rx=3043 tx=1555 comm=*system*
psu_energy_ac_mcp_machine=5424686279
-------
timestamp=233605839435
iterations=1920
sample_ns=100000000
window_ns=1000000000
rapl_core_sum_uj=1696611293
rapl_psys_sum_uj=0
pid=0 energy=8073941945250 alive=1 kernel=1 cpu_ns=463163000000 mem=731602944 instructions=1151625389050 wakeups=255778 diski=7667712 disko=25931776 rx=3046 tx=1556 comm=*system*
psu_energy_ac_mcp_machine=5428964722
-------
timestamp=233750856078
iterations=1921
sample_ns=100000000
window_ns=1000000000
rapl_core_sum_uj=1697253321
rapl_psys_sum_uj=0
pid=0 energy=8075221526115 alive=1 kernel=1 cpu_ns=463280000000 mem=730738688 instructions=1151764305223 wakeups=255962 diski=7667712 disko=25931776 rx=3048 tx=1556 comm=*system*
psu_energy_ac_mcp_machine=5432123657
-------
timestamp=233893558197
iterations=1922
sample_ns=100000000
window_ns=1000000000
rapl_core_sum_uj=1697918176
rapl_psys_sum_uj=0
pid=0 energy=8076666208130 alive=1 kernel=1 cpu_ns=463410000000 mem=726863872 instructions=1151923241626 wakeups=256166 diski=7667712 disko=25931776 rx=3048 tx=1556 comm=*system*
psu_energy_ac_mcp_machine=5436451538
-------
timestamp=234039699280
iterations=1924
sample_ns=100000000
window_ns=1000000000
rapl_core_sum_uj=1699165489
rapl_psys_sum_uj=0
pid=0 energy=8079253606820 alive=1 kernel=1 cpu_ns=463645000000 mem=730738688 instructions=1152205721364 wakeups=256391 diski=7667712 disko=25931776 rx=3048 tx=1556 comm=*system*
psu_energy_ac_mcp_machine=5439587402
-------
timestamp=234182282162
iterations=1925
sample_ns=100000000
window_ns=1000000000
rapl_core_sum_uj=1699819419
rapl_psys_sum_uj=0
pid=0 energy=8080712899315 alive=1 kernel=1 cpu_ns=463776000000 mem=730677248 instructions=1152366579863 wakeups=256606 diski=7667712 disko=25931776 rx=3048 tx=1556 comm=*system*
psu_energy_ac_mcp_machine=5443869141
-------
timestamp=234326152982
iterations=1926
sample_ns=100000000
window_ns=1000000000
rapl_core_sum_uj=1700485495
rapl_psys_sum_uj=0
pid=0 energy=8082152349800 alive=1 kernel=1 cpu_ns=463906000000 mem=730628096 instructions=1152524469960 wakeups=256805 diski=7667712 disko=25931776 rx=3048 tx=1556 comm=*system*
psu_energy_ac_mcp_machine=5448141235
-------
timestamp=234473257856
iterations=1928
sample_ns=100000000
window_ns=1000000000
rapl_core_sum_uj=1701738179
rapl_psys_sum_uj=0
pid=0 energy=8084740611805 alive=1 kernel=1 cpu_ns=464140000000 mem=730640384 instructions=1152808122361 wakeups=257034 diski=7667712 disko=25931776 rx=3048 tx=1557 comm=*system*
psu_energy_ac_mcp_machine=5451255859
-------
timestamp=234615974551
iterations=1929
sample_ns=100000000
window_ns=1000000000
rapl_core_sum_uj=1702399983
rapl_psys_sum_uj=0
pid=0 energy=8086180905380 alive=1 kernel=1 cpu_ns=464270000000 mem=730718208 instructions=1152966181076 wakeups=257230 diski=7667712 disko=25931776 rx=3048 tx=1557 comm=*system*
psu_energy_ac_mcp_machine=5455561768
-------
timestamp=234761023014
iterations=1931
sample_ns=100000000
window_ns=1000000000
rapl_core_sum_uj=1703649799
rapl_psys_sum_uj=0
pid=0 energy=8088787589840 alive=1 kernel=1 cpu_ns=464506000000 mem=730742784 instructions=1153251517968 wakeups=257458 diski=7667712 disko=25931776 rx=3050 tx=1557 comm=*system*
psu_energy_ac_mcp_machine=5458686890
-------
timestamp=234903880325
iterations=1932
sample_ns=100000000
window_ns=1000000000
rapl_core_sum_uj=1704317035
rapl_psys_sum_uj=0
pid=0 energy=8090207759760 alive=1 kernel=1 cpu_ns=464633000000 mem=730836992 instructions=1153408551952 wakeups=257652 diski=7667712 disko=25931776 rx=3050 tx=1557 comm=*system*
psu_energy_ac_mcp_machine=5462998413
-------
timestamp=235046964784
iterations=1933
sample_ns=100000000
window_ns=1000000000
rapl_core_sum_uj=1704978839
rapl_psys_sum_uj=0
pid=0 energy=8091652619955 alive=1 kernel=1 cpu_ns=464761000000 mem=730640384 instructions=1153569523991 wakeups=257865 diski=7667712 disko=25931776 rx=3050 tx=1557 comm=*system*
psu_energy_ac_mcp_machine=5467265381
-------
timestamp=235192751795
iterations=1935
sample_ns=100000000
window_ns=1000000000
rapl_core_sum_uj=1706235491
rapl_psys_sum_uj=0
pid=0 energy=8094241500180 alive=1 kernel=1 cpu_ns=464995000000 mem=730873856 instructions=1153853300036 wakeups=258098 diski=7667712 disko=25931776 rx=3050 tx=1557 comm=*system*
psu_energy_ac_mcp_machine=5470411987
-------
timestamp=235335643712
iterations=1936
sample_ns=100000000
window_ns=1000000000
rapl_core_sum_uj=1706906938
rapl_psys_sum_uj=0
pid=0 energy=8095669247260 alive=1 kernel=1 cpu_ns=465123000000 mem=730759168 instructions=1154010849452 wakeups=258305 diski=7667712 disko=25931776 rx=3050 tx=1557 comm=*system*
psu_energy_ac_mcp_machine=5474713745
-------
timestamp=235481442398
iterations=1938
sample_ns=100000000
window_ns=1000000000
rapl_core_sum_uj=1708180740
rapl_psys_sum_uj=0
pid=0 energy=8098404468370 alive=1 kernel=1 cpu_ns=465373000000 mem=731340800 instructions=1154307893674 wakeups=258545 diski=7667712 disko=25931776 rx=3050 tx=1557 comm=*system*
psu_energy_ac_mcp_machine=5477798950
-------
timestamp=235624298038
iterations=1939
sample_ns=100000000
window_ns=1000000000
rapl_core_sum_uj=1708825149
rapl_psys_sum_uj=0
pid=0 energy=8099717133590 alive=1 kernel=1 cpu_ns=465492000000 mem=730763264 instructions=1154451426718 wakeups=258727 diski=7667712 disko=25931776 rx=3050 tx=1557 comm=*system*
psu_energy_ac_mcp_machine=5482106079
-------
timestamp=235767704317
iterations=1940
sample_ns=100000000
window_ns=1000000000
rapl_core_sum_uj=1709488234
rapl_psys_sum_uj=0
pid=0 energy=8101168098845 alive=1 kernel=1 cpu_ns=465622000000 mem=726536192 instructions=1154611619769 wakeups=258938 diski=7667712 disko=25931776 rx=3054 tx=1557 comm=*system*
psu_energy_ac_mcp_machine=5486373047
-------
timestamp=235913680666
iterations=1942
sample_ns=100000000
window_ns=1000000000
rapl_core_sum_uj=1710726087
rapl_psys_sum_uj=0
pid=0 energy=8103759493900 alive=1 kernel=1 cpu_ns=465858000000 mem=730849280 instructions=1154893898780 wakeups=259149 diski=7667712 disko=25931776 rx=3054 tx=1557 comm=*system*
psu_energy_ac_mcp_machine=5489515991
-------
timestamp=236056541637
iterations=1943
sample_ns=100000000
window_ns=1000000000
rapl_core_sum_uj=1711389905
rapl_psys_sum_uj=0
pid=0 energy=8105216543935 alive=1 kernel=1 cpu_ns=465988000000 mem=730701824 instructions=1155055308787 wakeups=259362 diski=7667712 disko=25931776 rx=3054 tx=1557 comm=*system*
psu_energy_ac_mcp_machine=5493811401
-------
timestamp=236203249446
iterations=1945
sample_ns=100000000
window_ns=1000000000
rapl_core_sum_uj=1712682690
rapl_psys_sum_uj=0
pid=0 energy=8107988089690 alive=1 kernel=1 cpu_ns=466240000000 mem=731856896 instructions=1155357617938 wakeups=259616 diski=7667712 disko=25931776 rx=3054 tx=1557 comm=*system*
psu_energy_ac_mcp_machine=5496943726
-------
timestamp=236345616177
iterations=1946
sample_ns=100000000
window_ns=1000000000
rapl_core_sum_uj=1713310131
rapl_psys_sum_uj=0
pid=0 energy=8109256472145 alive=1 kernel=1 cpu_ns=466355000000 mem=730763264 instructions=1155496294429 wakeups=259789 diski=7667712 disko=25931776 rx=3055 tx=1557 comm=*system*
psu_energy_ac_mcp_machine=5501281738
-------
timestamp=236489998928
iterations=1947
sample_ns=100000000
window_ns=1000000000
rapl_core_sum_uj=1713975963
rapl_psys_sum_uj=0
pid=0 energy=8110720768890 alive=1 kernel=1 cpu_ns=466490000000 mem=730632192 instructions=1155654153778 wakeups=259995 diski=7667712 disko=25931776 rx=3055 tx=1557 comm=*system*
psu_energy_ac_mcp_machine=5505534424
-------
timestamp=236636650224
iterations=1949
sample_ns=100000000
window_ns=1000000000
rapl_core_sum_uj=1715206431
rapl_psys_sum_uj=0
pid=0 energy=8113297715305 alive=1 kernel=1 cpu_ns=466723000000 mem=730767360 instructions=1155936543061 wakeups=260209 diski=7667712 disko=25931776 rx=3055 tx=1557 comm=*system*
psu_energy_ac_mcp_machine=5508669189
-------
timestamp=236779291761
iterations=1950
sample_ns=100000000
window_ns=1000000000
rapl_core_sum_uj=1715873606
rapl_psys_sum_uj=0
pid=0 energy=8114776994765 alive=1 kernel=1 cpu_ns=466861000000 mem=730656768 instructions=1156094398953 wakeups=260411 diski=7667712 disko=25931776 rx=3055 tx=1557 comm=*system*
psu_energy_ac_mcp_machine=5512958740
-------
timestamp=236926073962
iterations=1951
sample_ns=100000000
window_ns=1000000000
rapl_core_sum_uj=1716536569
rapl_psys_sum_uj=0
pid=0 energy=8116219366595 alive=1 kernel=1 cpu_ns=466989000000 mem=730877952 instructions=1156254873319 wakeups=260617 diski=7667712 disko=25931776 rx=3055 tx=1557 comm=*system*
psu_energy_ac_mcp_machine=5516052002
-------
timestamp=237068903727
iterations=1953
sample_ns=100000000
window_ns=1000000000
rapl_core_sum_uj=1717786202
rapl_psys_sum_uj=0
pid=0 energy=8118812019060 alive=1 kernel=1 cpu_ns=467224000000 mem=730750976 instructions=1156538403812 wakeups=260834 diski=7667712 disko=25931776 rx=3055 tx=1557 comm=*system*
psu_energy_ac_mcp_machine=5520388184
-------
timestamp=237212133536
iterations=1954
sample_ns=100000000
window_ns=1000000000
rapl_core_sum_uj=1718461311
rapl_psys_sum_uj=0
pid=0 energy=8120253038020 alive=1 kernel=1 cpu_ns=467355000000 mem=730775552 instructions=1156695607604 wakeups=261051 diski=7667712 disko=25931776 rx=3055 tx=1557 comm=*system*
psu_energy_ac_mcp_machine=5524702026
-------
timestamp=237357680473
iterations=1956
sample_ns=100000000
window_ns=1000000000
rapl_core_sum_uj=1719729132
rapl_psys_sum_uj=0
pid=0 energy=8122907990960 alive=1 kernel=1 cpu_ns=467596000000 mem=731189248 instructions=1156985598192 wakeups=261283 diski=7667712 disko=25931776 rx=3055 tx=1557 comm=*system*
psu_energy_ac_mcp_machine=5527841431
-------
timestamp=237501205301
iterations=1957
sample_ns=100000000
window_ns=1000000000
rapl_core_sum_uj=1720385931
rapl_psys_sum_uj=0
pid=0 energy=8124300089685 alive=1 kernel=1 cpu_ns=467723000000 mem=730660864 instructions=1157137017937 wakeups=261493 diski=7667712 disko=25948160 rx=3055 tx=1557 comm=*system*
psu_energy_ac_mcp_machine=5532175903
-------
timestamp=237646373838
iterations=1958
sample_ns=100000000
window_ns=1000000000
rapl_core_sum_uj=1721056035
rapl_psys_sum_uj=0
pid=0 energy=8125726101875 alive=1 kernel=1 cpu_ns=467850000000 mem=730787840 instructions=1157295220375 wakeups=261692 diski=7667712 disko=25948160 rx=3055 tx=1557 comm=*system*
psu_energy_ac_mcp_machine=5535294067
-------
timestamp=237788468683
iterations=1960
sample_ns=100000000
window_ns=1000000000
rapl_core_sum_uj=1722304753
rapl_psys_sum_uj=0
pid=0 energy=8128321190580 alive=1 kernel=1 cpu_ns=468086000000 mem=730677248 instructions=1157578238116 wakeups=261906 diski=7667712 disko=25948160 rx=3057 tx=1557 comm=*system*
psu_energy_ac_mcp_machine=5539585693
-------
timestamp=237930893257
iterations=1961
sample_ns=100000000
window_ns=1000000000
rapl_core_sum_uj=1722966252
rapl_psys_sum_uj=0
pid=0 energy=8129770645775 alive=1 kernel=1 cpu_ns=468215000000 mem=730882048 instructions=1157739129155 wakeups=262108 diski=7667712 disko=25948160 rx=3057 tx=1557 comm=*system*
psu_energy_ac_mcp_machine=5543853760
-------
timestamp=238076729896
iterations=1963
sample_ns=100000000
window_ns=1000000000
rapl_core_sum_uj=1724257450
rapl_psys_sum_uj=0
pid=0 energy=8132503401405 alive=1 kernel=1 cpu_ns=468462000000 mem=731774976 instructions=1158038680281 wakeups=262349 diski=7667712 disko=25948160 rx=3058 tx=1558 comm=*system*
psu_energy_ac_mcp_machine=5547003174
-------
timestamp=238219403937
iterations=1964
sample_ns=100000000
window_ns=1000000000
rapl_core_sum_uj=1724891910
rapl_psys_sum_uj=0
pid=0 energy=8133780351530 alive=1 kernel=1 cpu_ns=468576000000 mem=730824704 instructions=1158180070306 wakeups=262548 diski=7667712 disko=25948160 rx=3058 tx=1558 comm=*system*
psu_energy_ac_mcp_machine=5551313599
-------
timestamp=238365152986
iterations=1965
sample_ns=100000000
window_ns=1000000000
rapl_core_sum_uj=1725557193
rapl_psys_sum_uj=0
pid=0 energy=8135223227385 alive=1 kernel=1 cpu_ns=468708000000 mem=730796032 instructions=1158336645477 wakeups=262737 diski=7667712 disko=25948160 rx=3058 tx=1558 comm=*system*
psu_energy_ac_mcp_machine=5554423096
-------
timestamp=238508679114
iterations=1967
sample_ns=100000000
window_ns=1000000000
rapl_core_sum_uj=1726810305
rapl_psys_sum_uj=0
pid=0 energy=8137807884245 alive=1 kernel=1 cpu_ns=468942000000 mem=730800128 instructions=1158619576849 wakeups=262956 diski=7667712 disko=25948160 rx=3058 tx=1558 comm=*system*
psu_energy_ac_mcp_machine=5558707520
-------
timestamp=238651862204
iterations=1968
sample_ns=100000000
window_ns=1000000000
rapl_core_sum_uj=1727481752
rapl_psys_sum_uj=0
pid=0 energy=8139254145765 alive=1 kernel=1 cpu_ns=469073000000 mem=730697728 instructions=1158777829153 wakeups=263153 diski=7667712 disko=25948160 rx=3058 tx=1558 comm=*system*
psu_energy_ac_mcp_machine=5562989868
-------
timestamp=238797332713
iterations=1969
sample_ns=100000000
window_ns=1000000000
rapl_core_sum_uj=1728148988
rapl_psys_sum_uj=0
pid=0 energy=8140714707945 alive=1 kernel=1 cpu_ns=469204000000 mem=730705920 instructions=1158938941589 wakeups=263360 diski=7667712 disko=25948160 rx=3058 tx=1558 comm=*system*
psu_energy_ac_mcp_machine=5566136230
-------
timestamp=238940077278
iterations=1971
sample_ns=100000000
window_ns=1000000000
rapl_core_sum_uj=1729409119
rapl_psys_sum_uj=0
pid=0 energy=8143281511880 alive=1 kernel=1 cpu_ns=469438000000 mem=726843392 instructions=1159218302376 wakeups=263578 diski=7667712 disko=25948160 rx=3058 tx=1558 comm=*system*
psu_energy_ac_mcp_machine=5570461182
-------
timestamp=239086357369
iterations=1972
sample_ns=100000000
window_ns=1000000000
rapl_core_sum_uj=1730074890
rapl_psys_sum_uj=0
pid=0 energy=8144728644655 alive=1 kernel=1 cpu_ns=469567000000 mem=730738688 instructions=1159378728931 wakeups=263787 diski=7667712 disko=25948160 rx=3058 tx=1558 comm=*system*
psu_energy_ac_mcp_machine=5573591919
-------
timestamp=239229199094
iterations=1974
sample_ns=100000000
window_ns=1000000000
rapl_core_sum_uj=1731345335
rapl_psys_sum_uj=0
pid=0 energy=8147403480600 alive=1 kernel=1 cpu_ns=469810000000 mem=731160576 instructions=1159670696120 wakeups=264023 diski=7667712 disko=25948160 rx=3058 tx=1558 comm=*system*
psu_energy_ac_mcp_machine=5577881348
-------
timestamp=239372712421
iterations=1975
sample_ns=100000000
window_ns=1000000000
rapl_core_sum_uj=1732000303
rapl_psys_sum_uj=0
pid=0 energy=8148757954825 alive=1 kernel=1 cpu_ns=469933000000 mem=730804224 instructions=1159818590965 wakeups=264217 diski=7667712 disko=25948160 rx=3058 tx=1558 comm=*system*
psu_energy_ac_mcp_machine=5582183228
-------
timestamp=239517969834
iterations=1976
sample_ns=100000000
window_ns=1000000000
rapl_core_sum_uj=1732674070
rapl_psys_sum_uj=0
pid=0 energy=8150186383105 alive=1 kernel=1 cpu_ns=470061000000 mem=730771456 instructions=1159976276621 wakeups=264421 diski=7667712 disko=25948160 rx=3058 tx=1558 comm=*system*
psu_energy_ac_mcp_machine=5585315796
-------
timestamp=239660107508
iterations=1978
sample_ns=100000000
window_ns=1000000000
rapl_core_sum_uj=1733935605
rapl_psys_sum_uj=0
pid=0 energy=8152761928550 alive=1 kernel=1 cpu_ns=470293000000 mem=730820608 instructions=1160259385710 wakeups=264640 diski=7667712 disko=25948160 rx=3058 tx=1558 comm=*system*
psu_energy_ac_mcp_machine=5589612305
-------
timestamp=239805613478
iterations=1979
sample_ns=100000000
window_ns=1000000000
rapl_core_sum_uj=1734594906
rapl_psys_sum_uj=0
pid=0 energy=8154210475895 alive=1 kernel=1 cpu_ns=470421000000 mem=730714112 instructions=1160421095179 wakeups=264836 diski=7667712 disko=25948160 rx=3060 tx=1558 comm=*system*
psu_energy_ac_mcp_machine=5592738281
-------
timestamp=239949161691
iterations=1981
sample_ns=100000000
window_ns=1000000000
rapl_core_sum_uj=1735864558
rapl_psys_sum_uj=0
pid=0 energy=8156966070835 alive=1 kernel=1 cpu_ns=470675000000 mem=731836416 instructions=1160718214167 wakeups=265074 diski=7667712 disko=25948160 rx=3060 tx=1558 comm=*system*
psu_energy_ac_mcp_machine=5597029053
-------
timestamp=240093920154
iterations=1982
sample_ns=100000000
window_ns=1000000000
rapl_core_sum_uj=1736492670
rapl_psys_sum_uj=0
pid=0 energy=8158262496095 alive=1 kernel=1 cpu_ns=470792000000 mem=730804224 instructions=1160860499219 wakeups=265264 diski=7667712 disko=25948160 rx=3060 tx=1558 comm=*system*
psu_energy_ac_mcp_machine=5601293213
-------
timestamp=240239252582
iterations=1983
sample_ns=100000000
window_ns=1000000000
rapl_core_sum_uj=1737159967
rapl_psys_sum_uj=0
pid=0 energy=8159704706725 alive=1 kernel=1 cpu_ns=470923000000 mem=730804224 instructions=1161017941345 wakeups=265469 diski=7667712 disko=25948160 rx=3060 tx=1558 comm=*system*
psu_energy_ac_mcp_machine=5604421753
-------
timestamp=240381924076
iterations=1985
sample_ns=100000000
window_ns=1000000000
rapl_core_sum_uj=1738408318
rapl_psys_sum_uj=0
pid=0 energy=8162277818110 alive=1 kernel=1 cpu_ns=471154000000 mem=730820608 instructions=1161301563622 wakeups=265699 diski=7667712 disko=25948160 rx=3060 tx=1558 comm=*system*
psu_energy_ac_mcp_machine=5608716431
-------
timestamp=240528264051
iterations=1986
sample_ns=100000000
window_ns=1000000000
rapl_core_sum_uj=1739077446
rapl_psys_sum_uj=0
pid=0 energy=8163702940300 alive=1 kernel=1 cpu_ns=471282000000 mem=730791936 instructions=1161458588060 wakeups=265892 diski=7667712 disko=25948160 rx=3060 tx=1558 comm=*system*
psu_energy_ac_mcp_machine=5611820557
-------
timestamp=240671233384
iterations=1987
sample_ns=100000000
window_ns=1000000000
rapl_core_sum_uj=1739739677
rapl_psys_sum_uj=0
pid=0 energy=8165140893910 alive=1 kernel=1 cpu_ns=471409000000 mem=730693632 instructions=1161619178782 wakeups=266095 diski=7667712 disko=25948160 rx=3060 tx=1558 comm=*system*
psu_energy_ac_mcp_machine=5616118164
-------
timestamp=240815390022
iterations=1989
sample_ns=100000000
window_ns=1000000000
rapl_core_sum_uj=1740996329
rapl_psys_sum_uj=0
pid=0 energy=8167732181750 alive=1 kernel=1 cpu_ns=471648000000 mem=730820608 instructions=1161898436350 wakeups=266317 diski=7667712 disko=25948160 rx=3060 tx=1558 comm=*system*
psu_energy_ac_mcp_machine=5620392700
-------
timestamp=240962024127
iterations=1990
sample_ns=100000000
window_ns=1000000000
rapl_core_sum_uj=1741675955
rapl_psys_sum_uj=0
pid=0 energy=8169193967235 alive=1 kernel=1 cpu_ns=471780000000 mem=730816512 instructions=1162058793447 wakeups=266531 diski=7667712 disko=25948160 rx=3060 tx=1558 comm=*system*
psu_energy_ac_mcp_machine=5623513672
-------
timestamp=241104991733
iterations=1992
sample_ns=100000000
window_ns=1000000000
rapl_core_sum_uj=1742927968
rapl_psys_sum_uj=0
pid=0 energy=8171771384115 alive=1 kernel=1 cpu_ns=472013000000 mem=728412160 instructions=1162341276823 wakeups=266760 diski=7667712 disko=25948160 rx=3060 tx=1558 comm=*system*
psu_energy_ac_mcp_machine=5627830933
-------
timestamp=241251566709
iterations=1993
sample_ns=100000000
window_ns=1000000000
rapl_core_sum_uj=1743587208
rapl_psys_sum_uj=0
pid=0 energy=8173192183540 alive=1 kernel=1 cpu_ns=472140000000 mem=730705920 instructions=1162498436708 wakeups=266955 diski=7667712 disko=25948160 rx=3060 tx=1558 comm=*system*
psu_energy_ac_mcp_machine=5630935181
-------
timestamp=241394412328
iterations=1994
sample_ns=100000000
window_ns=1000000000
rapl_core_sum_uj=1744252979
rapl_psys_sum_uj=0
pid=0 energy=8174629030995 alive=1 kernel=1 cpu_ns=472269000000 mem=730746880 instructions=1162656806199 wakeups=267160 diski=7667712 disko=25948160 rx=3060 tx=1558 comm=*system*
psu_energy_ac_mcp_machine=5635234619
-------
timestamp=241537191732
iterations=1996
sample_ns=100000000
window_ns=1000000000
rapl_core_sum_uj=1745497363
rapl_psys_sum_uj=0
pid=0 energy=8177213506245 alive=1 kernel=1 cpu_ns=472503000000 mem=730771456 instructions=1162939701249 wakeups=267388 diski=7667712 disko=25948160 rx=3060 tx=1558 comm=*system*
psu_energy_ac_mcp_machine=5639505615
-------
timestamp=241683148031
iterations=1997
sample_ns=100000000
window_ns=1000000000
rapl_core_sum_uj=1746150133
rapl_psys_sum_uj=0
pid=0 energy=8178644741045 alive=1 kernel=1 cpu_ns=472632000000 mem=730685440 instructions=1163096948209 wakeups=267585 diski=7667712 disko=25948160 rx=3060 tx=1558 comm=*system*
psu_energy_ac_mcp_machine=5642641235
-------
timestamp=241826040581
iterations=1999
sample_ns=100000000
window_ns=1000000000
rapl_core_sum_uj=1747408311
rapl_psys_sum_uj=0
pid=0 energy=8181311208630 alive=1 kernel=1 cpu_ns=472872000000 mem=731545600 instructions=1163390241726 wakeups=267815 diski=7667712 disko=25948160 rx=3062 tx=1558 comm=*system*
psu_energy_ac_mcp_machine=5646938599
-------
timestamp=241970295005
iterations=2000
sample_ns=100000000
window_ns=1000000000
rapl_core_sum_uj=1748050400
rapl_psys_sum_uj=0
pid=0 energy=8182659034575 alive=1 kernel=1 cpu_ns=472992000000 mem=730742784 instructions=1163539806915 wakeups=268009 diski=7667712 disko=25948160 rx=3062 tx=1558 comm=*system*
psu_energy_ac_mcp_machine=5650052979
-------
timestamp=242113396294
iterations=2001
sample_ns=100000000
window_ns=1000000000
rapl_core_sum_uj=1748714096
rapl_psys_sum_uj=0
pid=0 energy=8184103672720 alive=1 kernel=1 cpu_ns=473123000000 mem=730759168 instructions=1163697734544 wakeups=268212 diski=7667712 disko=25948160 rx=3062 tx=1558 comm=*system*
psu_energy_ac_mcp_machine=5654356201
-------
timestamp=242256539768
iterations=2003
sample_ns=100000000
window_ns=1000000000
rapl_core_sum_uj=1749949507
rapl_psys_sum_uj=0
pid=0 energy=8186689819780 alive=1 kernel=1 cpu_ns=473357000000 mem=730832896 instructions=1163980963956 wakeups=268443 diski=7667712 disko=25948160 rx=3062 tx=1558 comm=*system*
psu_energy_ac_mcp_machine=5658621948
-------
timestamp=242402284119
iterations=2004
sample_ns=100000000
window_ns=1000000000
rapl_core_sum_uj=1750610578
rapl_psys_sum_uj=0
pid=0 energy=8188098707990 alive=1 kernel=1 cpu_ns=473482000000 mem=730775552 instructions=1164137741598 wakeups=268644 diski=7667712 disko=25948160 rx=3062 tx=1558 comm=*system*
psu_energy_ac_mcp_machine=5661763550
-------
timestamp=242545147420
iterations=2005
sample_ns=100000000
window_ns=1000000000
rapl_core_sum_uj=1751275128
rapl_psys_sum_uj=0
pid=0 energy=8189536250180 alive=1 kernel=1 cpu_ns=473611000000 mem=726552576 instructions=1164296250036 wakeups=268855 diski=7667712 disko=25964544 rx=3062 tx=1558 comm=*system*
psu_energy_ac_mcp_machine=5666127808
-------
timestamp=242690938067
iterations=2007
sample_ns=100000000
window_ns=1000000000
rapl_core_sum_uj=1752531719
rapl_psys_sum_uj=0
pid=0 energy=8192110276805 alive=1 kernel=1 cpu_ns=473845000000 mem=730841088 instructions=1164577055361 wakeups=269081 diski=7667712 disko=25964544 rx=3062 tx=1558 comm=*system*
psu_energy_ac_mcp_machine=5669249023
-------
timestamp=242832757572
iterations=2008
sample_ns=100000000
window_ns=1000000000
rapl_core_sum_uj=1753205730
rapl_psys_sum_uj=0
pid=0 energy=8193571287505 alive=1 kernel=1 cpu_ns=473976000000 mem=730775552 instructions=1164738257501 wakeups=269287 diski=7667712 disko=25964544 rx=3062 tx=1558 comm=*system*
psu_energy_ac_mcp_machine=5673546021
-------
timestamp=242977406915
iterations=2010
sample_ns=100000000
window_ns=1000000000
rapl_core_sum_uj=1754464335
rapl_psys_sum_uj=0
pid=0 energy=8196140529200 alive=1 kernel=1 cpu_ns=474210000000 mem=730845184 instructions=1165018105840 wakeups=269512 diski=7667712 disko=25964544 rx=3062 tx=1558 comm=*system*
psu_energy_ac_mcp_machine=5677822266
-------
timestamp=243122672973
iterations=2011
sample_ns=100000000
window_ns=1000000000
rapl_core_sum_uj=1755136271
rapl_psys_sum_uj=0
pid=0 energy=8197574339215 alive=1 kernel=1 cpu_ns=474337000000 mem=730849280 instructions=1165177867843 wakeups=269715 diski=7667712 disko=25964544 rx=3062 tx=1558 comm=*system*
psu_energy_ac_mcp_machine=5680952271
-------
timestamp=243266215579
iterations=2012
sample_ns=100000000
window_ns=1000000000
rapl_core_sum_uj=1755798258
rapl_psys_sum_uj=0
pid=0 energy=8199011813430 alive=1 kernel=1 cpu_ns=474467000000 mem=730783744 instructions=1165335362686 wakeups=269914 diski=7667712 disko=25964544 rx=3062 tx=1558 comm=*system*
psu_energy_ac_mcp_machine=5685218994
-------
timestamp=243412545240
iterations=2014
sample_ns=100000000
window_ns=1000000000
rapl_core_sum_uj=1757057656
rapl_psys_sum_uj=0
pid=0 energy=8201612454660 alive=1 kernel=1 cpu_ns=474703000000 mem=730849280 instructions=1165619490932 wakeups=270145 diski=7667712 disko=25964544 rx=3062 tx=1558 comm=*system*
psu_energy_ac_mcp_machine=5688363403
-------
timestamp=243555830491
iterations=2015
sample_ns=100000000
window_ns=1000000000
rapl_core_sum_uj=1757730812
rapl_psys_sum_uj=0
pid=0 energy=8203067048035 alive=1 kernel=1 cpu_ns=474836000000 mem=730767360 instructions=1165777409607 wakeups=270349 diski=7667712 disko=25964544 rx=3062 tx=1558 comm=*system*
psu_energy_ac_mcp_machine=5692646729
-------
timestamp=243698853537
iterations=2017
sample_ns=100000000
window_ns=1000000000
rapl_core_sum_uj=1759003760
rapl_psys_sum_uj=0
pid=0 energy=8205758288540 alive=1 kernel=1 cpu_ns=475082000000 mem=731209728 instructions=1166069657708 wakeups=270578 diski=7667712 disko=25964544 rx=3064 tx=1558 comm=*system*
psu_energy_ac_mcp_machine=5696907837
-------
timestamp=243843510391
iterations=2018
sample_ns=100000000
window_ns=1000000000
rapl_core_sum_uj=1759652990
rapl_psys_sum_uj=0
pid=0 energy=8207113140920 alive=1 kernel=1 cpu_ns=475205000000 mem=726626304 instructions=1166217628184 wakeups=270776 diski=7667712 disko=25964544 rx=3064 tx=1558 comm=*system*
psu_energy_ac_mcp_machine=5700052734
-------
timestamp=243986551582
iterations=2019
sample_ns=100000000
window_ns=1000000000
rapl_core_sum_uj=1760317235
rapl_psys_sum_uj=0
pid=0 energy=8208578435770 alive=1 kernel=1 cpu_ns=475337000000 mem=730791936 instructions=1166378687154 wakeups=270978 diski=7667712 disko=25964544 rx=3064 tx=1558 comm=*system*
psu_energy_ac_mcp_machine=5704341187
-------
timestamp=244132962112
iterations=2021
sample_ns=100000000
window_ns=1000000000
rapl_core_sum_uj=1761568882
rapl_psys_sum_uj=0
pid=0 energy=8211171757285 alive=1 kernel=1 cpu_ns=475572000000 mem=730849280 instructions=1166662351457 wakeups=271198 diski=7667712 disko=25964544 rx=3064 tx=1558 comm=*system*
psu_energy_ac_mcp_machine=5707464233
-------
timestamp=244275716316
iterations=2022
sample_ns=100000000
window_ns=1000000000
rapl_core_sum_uj=1762239353
rapl_psys_sum_uj=0
pid=0 energy=8212597503105 alive=1 kernel=1 cpu_ns=475700000000 mem=730730496 instructions=1166819500621 wakeups=271412 diski=7667712 disko=25964544 rx=3064 tx=1558 comm=*system*
psu_energy_ac_mcp_machine=5711764404
-------
timestamp=244418939600
iterations=2024
sample_ns=100000000
window_ns=1000000000
rapl_core_sum_uj=1763532199
rapl_psys_sum_uj=0
pid=0 energy=8215380481615 alive=1 kernel=1 cpu_ns=475950000000 mem=732143616 instructions=1167126096323 wakeups=271675 diski=7667712 disko=25964544 rx=3064 tx=1558 comm=*system*
psu_energy_ac_mcp_machine=5716035645
-------
timestamp=244564852434
iterations=2025
sample_ns=100000000
window_ns=1000000000
rapl_core_sum_uj=1764179720
rapl_psys_sum_uj=0
pid=0 energy=8216751456080 alive=1 kernel=1 cpu_ns=476068000000 mem=730824704 instructions=1167282291216 wakeups=271855 diski=7667712 disko=25964544 rx=3064 tx=1558 comm=*system*
psu_energy_ac_mcp_machine=5719184692
-------
timestamp=244707280250
iterations=2026
sample_ns=100000000
window_ns=1000000000
rapl_core_sum_uj=1764845857
rapl_psys_sum_uj=0
pid=0 energy=8218210326890 alive=1 kernel=1 cpu_ns=476198000000 mem=730935296 instructions=1167444065378 wakeups=272053 diski=7667712 disko=25964544 rx=3064 tx=1558 comm=*system*
psu_energy_ac_mcp_machine=5723497314
-------
timestamp=244853615212
iterations=2028
sample_ns=100000000
window_ns=1000000000
rapl_core_sum_uj=1766095246
rapl_psys_sum_uj=0
pid=0 energy=8220772859625 alive=1 kernel=1 cpu_ns=476432000000 mem=731000832 instructions=1167722571925 wakeups=272273 diski=7667712 disko=25964544 rx=3064 tx=1558 comm=*system*
psu_energy_ac_mcp_machine=5726633423
-------
timestamp=244996443378
iterations=2029
sample_ns=100000000
window_ns=1000000000
rapl_core_sum_uj=1766756317
rapl_psys_sum_uj=0
pid=0 energy=8222256872275 alive=1 kernel=1 cpu_ns=476568000000 mem=730750976 instructions=1167883374455 wakeups=272480 diski=7667712 disko=25964544 rx=3064 tx=1558 comm=*system*
psu_energy_ac_mcp_machine=5730971069
-------
timestamp=245139822279
iterations=2030
sample_ns=100000000
window_ns=1000000000
rapl_core_sum_uj=1767419219
rapl_psys_sum_uj=0
pid=0 energy=8223723838765 alive=1 kernel=1 cpu_ns=476703000000 mem=730816512 instructions=1168041767753 wakeups=272682 diski=7667712 disko=25964544 rx=3064 tx=1558 comm=*system*
psu_energy_ac_mcp_machine=5735237061
-------
timestamp=245285501494
iterations=2032
sample_ns=100000000
window_ns=1000000000
rapl_core_sum_uj=1768684965
rapl_psys_sum_uj=0
pid=0 energy=8226455507480 alive=1 kernel=1 cpu_ns=476943000000 mem=730923008 instructions=1168348101496 wakeups=272929 diski=7667712 disko=25964544 rx=3064 tx=1558 comm=*system*
psu_energy_ac_mcp_machine=5738401978
-------
timestamp=245428652212
iterations=2033
sample_ns=100000000
window_ns=1000000000
rapl_core_sum_uj=1769354703
rapl_psys_sum_uj=0
pid=0 energy=8227891804925 alive=1 kernel=1 cpu_ns=477073000000 mem=730845184 instructions=1168505360985 wakeups=273123 diski=7667712 disko=25964544 rx=3064 tx=1558 comm=*system*
psu_energy_ac_mcp_machine=5742708984
-------
timestamp=245575155833
iterations=2035
sample_ns=100000000
window_ns=1000000000
rapl_core_sum_uj=1770623012
rapl_psys_sum_uj=0
pid=0 energy=8230531299695 alive=1 kernel=1 cpu_ns=477314000000 mem=730550272 instructions=1168792259939 wakeups=273360 diski=7667712 disko=25964544 rx=3064 tx=1558 comm=*system*
psu_energy_ac_mcp_machine=5745816040
-------
timestamp=245717058169
iterations=2036
sample_ns=100000000
window_ns=1000000000
rapl_core_sum_uj=1771279811
rapl_psys_sum_uj=0
pid=0 energy=8231935601215 alive=1 kernel=1 cpu_ns=477441000000 mem=730611712 instructions=1168946120243 wakeups=273553 diski=7667712 disko=25964544 rx=3064 tx=1558 comm=*system*
psu_energy_ac_mcp_machine=5750118286
-------
timestamp=245861177108
iterations=2037
sample_ns=100000000
window_ns=1000000000
rapl_core_sum_uj=1771947230
rapl_psys_sum_uj=0
pid=0 energy=8233390858890 alive=1 kernel=1 cpu_ns=477572000000 mem=730574848 instructions=1169106171778 wakeups=273753 diski=7667712 disko=25964544 rx=3066 tx=1558 comm=*system*
psu_energy_ac_mcp_machine=5754390625
-------
timestamp=246006486866
iterations=2039
sample_ns=100000000
window_ns=1000000000
rapl_core_sum_uj=1773214441
rapl_psys_sum_uj=0
pid=0 energy=8236017358760 alive=1 kernel=1 cpu_ns=477809000000 mem=730001408 instructions=1169394471752 wakeups=273985 diski=7667712 disko=25964544 rx=3066 tx=1558 comm=*system*
psu_energy_ac_mcp_machine=5757563232
-------
timestamp=246149413662
iterations=2040
sample_ns=100000000
window_ns=1000000000
rapl_core_sum_uj=1773898278
rapl_psys_sum_uj=0
pid=0 energy=8237586048035 alive=1 kernel=1 cpu_ns=477944000000 mem=730697728 instructions=1169573209607 wakeups=274198 diski=7667712 disko=25964544 rx=3066 tx=1558 comm=*system*
psu_energy_ac_mcp_machine=5761860718
-------
timestamp=246295201819
iterations=2042
sample_ns=100000000
window_ns=1000000000
rapl_core_sum_uj=1775172813
rapl_psys_sum_uj=0
pid=0 energy=8240318101145 alive=1 kernel=1 cpu_ns=478192000000 mem=731324416 instructions=1169871620229 wakeups=274445 diski=7667712 disko=25964544 rx=3066 tx=1558 comm=*system*
psu_energy_ac_mcp_machine=5764974731
-------
timestamp=246438182530
iterations=2043
sample_ns=100000000
window_ns=1000000000
rapl_core_sum_uj=1775815085
rapl_psys_sum_uj=0
pid=0 energy=8241623432370 alive=1 kernel=1 cpu_ns=478311000000 mem=730693632 instructions=1170013686474 wakeups=274642 diski=7667712 disko=25964544 rx=3066 tx=1558 comm=*system*
psu_energy_ac_mcp_machine=5769296509
-------
timestamp=246581480500
iterations=2044
sample_ns=100000000
window_ns=1000000000
rapl_core_sum_uj=1776483175
rapl_psys_sum_uj=0
pid=0 energy=8243060127020 alive=1 kernel=1 cpu_ns=478440000000 mem=730558464 instructions=1170172025404 wakeups=274849 diski=7667712 disko=25964544 rx=3066 tx=1558 comm=*system*
psu_energy_ac_mcp_machine=5773557739
-------
timestamp=246727338132
iterations=2046
sample_ns=100000000
window_ns=1000000000
rapl_core_sum_uj=1777729390
rapl_psys_sum_uj=0
pid=0 energy=8245656803120 alive=1 kernel=1 cpu_ns=478676000000 mem=730697728 instructions=1170455360624 wakeups=275062 diski=7667712 disko=25964544 rx=3066 tx=1558 comm=*system*
psu_energy_ac_mcp_machine=5776686768
-------
timestamp=246870387614
iterations=2047
sample_ns=100000000
window_ns=1000000000
rapl_core_sum_uj=1778395771
rapl_psys_sum_uj=0
pid=0 energy=8247119126785 alive=1 kernel=1 cpu_ns=478807000000 mem=730583040 instructions=1170616825357 wakeups=275264 diski=7667712 disko=25964544 rx=3066 tx=1558 comm=*system*
psu_energy_ac_mcp_machine=5780997314
-------
timestamp=247016788161
iterations=2048
sample_ns=100000000
window_ns=1000000000
rapl_core_sum_uj=1779070636
rapl_psys_sum_uj=0
pid=0 energy=8248572034630 alive=1 kernel=1 cpu_ns=478940000000 mem=730730496 instructions=1170774406926 wakeups=275475 diski=7667712 disko=25964544 rx=3066 tx=1558 comm=*system*
psu_energy_ac_mcp_machine=5784117676
-------
timestamp=247160967529
iterations=2050
sample_ns=100000000
window_ns=1000000000
rapl_core_sum_uj=1780322893
rapl_psys_sum_uj=0
pid=0 energy=8251160877690 alive=1 kernel=1 cpu_ns=479175000000 mem=730714112 instructions=1171057175538 wakeups=275697 diski=7667712 disko=25964544 rx=3066 tx=1558 comm=*system*
psu_energy_ac_mcp_machine=5788423340
-------
timestamp=247303959365
iterations=2051
sample_ns=100000000
window_ns=1000000000
rapl_core_sum_uj=1780991472
rapl_psys_sum_uj=0
pid=0 energy=8252604548700 alive=1 kernel=1 cpu_ns=479306000000 mem=730615808 instructions=1171214909740 wakeups=275905 diski=7667712 disko=25964544 rx=3066 tx=1558 comm=*system*
psu_energy_ac_mcp_machine=5792699707
-------
timestamp=247450054860
iterations=2053
sample_ns=100000000
window_ns=1000000000
rapl_core_sum_uj=1782244523
rapl_psys_sum_uj=0
pid=0 energy=8255214583245 alive=1 kernel=1 cpu_ns=479545000000 mem=730640384 instructions=1171497916649 wakeups=276136 diski=7667712 disko=25964544 rx=3066 tx=1558 comm=*system*
psu_energy_ac_mcp_machine=5795842651
-------
timestamp=247592700005
iterations=2054
sample_ns=100000000
window_ns=1000000000
rapl_core_sum_uj=1782916581
rapl_psys_sum_uj=0
pid=0 energy=8256652008460 alive=1 kernel=1 cpu_ns=479675000000 mem=730734592 instructions=1171655401692 wakeups=276341 diski=7667712 disko=25980928 rx=3066 tx=1558 comm=*system*
psu_energy_ac_mcp_machine=5800182495
-------
timestamp=247737362164
iterations=2055
sample_ns=100000000
window_ns=1000000000
rapl_core_sum_uj=1783594315
rapl_psys_sum_uj=0
pid=0 energy=8258123483555 alive=1 kernel=1 cpu_ns=479807000000 mem=730603520 instructions=1171817696711 wakeups=276544 diski=7667712 disko=25980928 rx=3066 tx=1558 comm=*system*
psu_energy_ac_mcp_machine=5803301514
-------
timestamp=247880091566
iterations=2057
sample_ns=100000000
window_ns=1000000000
rapl_core_sum_uj=1784839675
rapl_psys_sum_uj=0
pid=0 energy=8260696823570 alive=1 kernel=1 cpu_ns=480043000000 mem=730931200 instructions=1172096364714 wakeups=276749 diski=7667712 disko=25980928 rx=3068 tx=1558 comm=*system*
psu_energy_ac_mcp_machine=5807607544
-------
timestamp=248022364052
iterations=2058
sample_ns=100000000
window_ns=1000000000
rapl_core_sum_uj=1785513869
rapl_psys_sum_uj=0
pid=0 energy=8262144238105 alive=1 kernel=1 cpu_ns=480171000000 mem=730710016 instructions=1172257847621 wakeups=276967 diski=7667712 disko=25980928 rx=3068 tx=1558 comm=*system*
psu_energy_ac_mcp_machine=5811852783
-------
timestamp=248168393782
iterations=2060
sample_ns=100000000
window_ns=1000000000
rapl_core_sum_uj=1786803907
rapl_psys_sum_uj=0
pid=0 energy=8264878574420 alive=1 kernel=1 cpu_ns=480418000000 mem=731422720 instructions=1172557714884 wakeups=277202 diski=7667712 disko=25980928 rx=3069 tx=1559 comm=*system*
psu_energy_ac_mcp_machine=5814993652
-------
timestamp=248311213533
iterations=2061
sample_ns=100000000
window_ns=1000000000
rapl_core_sum_uj=1787435559
rapl_psys_sum_uj=0
pid=0 energy=8266179292900 alive=1 kernel=1 cpu_ns=480538000000 mem=730714112 instructions=1172697858580 wakeups=277400 diski=7667712 disko=25980928 rx=3069 tx=1559 comm=*system*
psu_energy_ac_mcp_machine=5819287720
-------
timestamp=248456147723
iterations=2062
sample_ns=100000000
window_ns=1000000000
rapl_core_sum_uj=1788099255
rapl_psys_sum_uj=0
pid=0 energy=8267601863595 alive=1 kernel=1 cpu_ns=480665000000 mem=730718208 instructions=1172855372719 wakeups=277605 diski=7667712 disko=25980928 rx=3069 tx=1559 comm=*system*
psu_energy_ac_mcp_machine=5822402100
-------
timestamp=248598901569
iterations=2064
sample_ns=100000000
window_ns=1000000000
rapl_core_sum_uj=1789348399
rapl_psys_sum_uj=0
pid=0 energy=8270198749970 alive=1 kernel=1 cpu_ns=480902000000 mem=730722304 instructions=1173137749994 wakeups=277825 diski=7667712 disko=25980928 rx=3069 tx=1559 comm=*system*
psu_energy_ac_mcp_machine=5826706055
-------
timestamp=248744271638
iterations=2065
sample_ns=100000000
window_ns=1000000000
rapl_core_sum_uj=1790018015
rapl_psys_sum_uj=0
pid=0 energy=8271636250190 alive=1 kernel=1 cpu_ns=481032000000 mem=727977984 instructions=1173295250038 wakeups=278029 diski=7667712 disko=25980928 rx=3069 tx=1559 comm=*system*
psu_energy_ac_mcp_machine=5830978394
-------
timestamp=248889386465
iterations=2066
sample_ns=100000000
window_ns=1000000000
rapl_core_sum_uj=1790685983
rapl_psys_sum_uj=0
pid=0 energy=8273084869630 alive=1 kernel=1 cpu_ns=481161000000 mem=730685440 instructions=1173455973926 wakeups=278234 diski=7667712 disko=25980928 rx=3069 tx=1559 comm=*system*
psu_energy_ac_mcp_machine=5834095825
-------
timestamp=249032318176
iterations=2068
sample_ns=100000000
window_ns=1000000000
rapl_core_sum_uj=1791944710
rapl_psys_sum_uj=0
pid=0 energy=8275685402835 alive=1 kernel=1 cpu_ns=481397000000 mem=730640384 instructions=1173740080567 wakeups=278464 diski=7667712 disko=25980928 rx=3069 tx=1559 comm=*system*
psu_energy_ac_mcp_machine=5838415039
-------
timestamp=249178825459
iterations=2069
sample_ns=100000000
window_ns=1000000000
rapl_core_sum_uj=1792622444
rapl_psys_sum_uj=0
pid=0 energy=8277140843090 alive=1 kernel=1 cpu_ns=481530000000 mem=730701824 instructions=1173898168618 wakeups=278665 diski=7667712 disko=25980928 rx=3069 tx=1559 comm=*system*
psu_energy_ac_mcp_machine=5841544800
-------
timestamp=249321532960
iterations=2071
sample_ns=100000000
window_ns=1000000000
rapl_core_sum_uj=1793874823
rapl_psys_sum_uj=0
pid=0 energy=8279745873650 alive=1 kernel=1 cpu_ns=481768000000 mem=730619904 instructions=1174181174730 wakeups=278887 diski=7667712 disko=25980928 rx=3069 tx=1559 comm=*system*
psu_energy_ac_mcp_machine=5845840332
-------
timestamp=249463130226
iterations=2072
sample_ns=100000000
window_ns=1000000000
rapl_core_sum_uj=1794339056
rapl_psys_sum_uj=0
pid=0 energy=8281030893835 alive=1 kernel=1 cpu_ns=481840000000 mem=731971584 instructions=1174366178767 wakeups=279157 diski=10272768 disko=25980928 rx=3081 tx=1572 comm=*system*
psu_energy_ac_mcp_machine=5849412598
-------
timestamp=249606423738
iterations=2073
sample_ns=100000000
window_ns=1000000000
rapl_core_sum_uj=1794742437
rapl_psys_sum_uj=0
pid=0 energy=8282156563950 alive=1 kernel=1 cpu_ns=481896000000 mem=732786688 instructions=1174535312790 wakeups=279399 diski=10317824 disko=25980928 rx=3152 tx=1604 comm=*system*
psu_energy_ac_mcp_machine=5851991699
-------
timestamp=249747673816
iterations=2075
sample_ns=100000000
window_ns=1000000000
rapl_core_sum_uj=1795528385
rapl_psys_sum_uj=0
pid=0 energy=8282976528680 alive=1 kernel=1 cpu_ns=481961000000 mem=732770304 instructions=1174634305736 wakeups=280504 diski=10317824 disko=25980928 rx=4683 tx=2289 comm=*system*
psu_energy_ac_mcp_machine=5855587646
-------
timestamp=249891761836
iterations=2076
sample_ns=100000000
window_ns=1000000000
rapl_core_sum_uj=1795967655
rapl_psys_sum_uj=0
pid=0 energy=8283515375380 alive=1 kernel=1 cpu_ns=481999000000 mem=732745728 instructions=1174704075076 wakeups=281176 diski=10317824 disko=25980928 rx=5498 tx=2657 comm=*system*
psu_energy_ac_mcp_machine=5858216187
-------
timestamp=250031793599
iterations=2077
sample_ns=100000000
window_ns=1000000000
rapl_core_sum_uj=1796408206
rapl_psys_sum_uj=0
pid=0 energy=8284055432940 alive=1 kernel=1 cpu_ns=482037000000 mem=732880896 instructions=1174774086588 wakeups=281859 diski=10317824 disko=25980928 rx=6310 tx=3017 comm=*system*
psu_energy_ac_mcp_machine=5861815430
-------
timestamp=250175649182
iterations=2079
sample_ns=100000000
window_ns=1000000000
rapl_core_sum_uj=1797208681
rapl_psys_sum_uj=0
pid=0 energy=8284829106250 alive=1 kernel=1 cpu_ns=482089000000 mem=732876800 instructions=1174876821250 wakeups=283009 diski=10317824 disko=25980928 rx=7937 tx=3754 comm=*system*
psu_energy_ac_mcp_machine=5864405273
-------
timestamp=250316065152
iterations=2080
sample_ns=100000000
window_ns=1000000000
rapl_core_sum_uj=1797642213
rapl_psys_sum_uj=0
pid=0 energy=8285348775580 alive=1 kernel=1 cpu_ns=482123000000 mem=732979200 instructions=1174946755116 wakeups=283684 diski=10317824 disko=25980928 rx=8748 tx=4124 comm=*system*
psu_energy_ac_mcp_machine=5868015381
-------
timestamp=250458721000
iterations=2082
sample_ns=100000000
window_ns=1000000000
rapl_core_sum_uj=1798446351
rapl_psys_sum_uj=0
pid=0 energy=8286187727775 alive=1 kernel=1 cpu_ns=482179000000 mem=733577216 instructions=1175058545555 wakeups=284873 diski=10317824 disko=25980928 rx=10377 tx=4850 comm=*system*
psu_energy_ac_mcp_machine=5870631958
-------
timestamp=250599125749
iterations=2083
sample_ns=100000000
window_ns=1000000000
rapl_core_sum_uj=1798858582
rapl_psys_sum_uj=0
pid=0 energy=8286606824675 alive=1 kernel=1 cpu_ns=482205000000 mem=733089792 instructions=1175116364935 wakeups=285530 diski=10317824 disko=25980928 rx=11188 tx=5218 comm=*system*
psu_energy_ac_mcp_machine=5874210571
-------
timestamp=250742377679
iterations=2084
sample_ns=100000000
window_ns=1000000000
rapl_core_sum_uj=1799237244
rapl_psys_sum_uj=0
pid=0 energy=8286971617570 alive=1 kernel=1 cpu_ns=482228000000 mem=732884992 instructions=1175166323514 wakeups=285740 diski=10317824 disko=25980928 rx=12004 tx=5331 comm=*system*
psu_energy_ac_mcp_machine=5876762329
-------
timestamp=250882984281
iterations=2086
sample_ns=100000000
window_ns=1000000000
rapl_core_sum_uj=1799973754
rapl_psys_sum_uj=0
pid=0 energy=8287632218370 alive=1 kernel=1 cpu_ns=482270000000 mem=732946432 instructions=1175256443674 wakeups=286578 diski=10317824 disko=25980928 rx=13515 tx=5876 comm=*system*
psu_energy_ac_mcp_machine=5880326416
-------
timestamp=251023750376
iterations=2087
sample_ns=100000000
window_ns=1000000000
rapl_core_sum_uj=1800413512
rapl_psys_sum_uj=0
pid=0 energy=8288270799965 alive=1 kernel=1 cpu_ns=482312000000 mem=732962816 instructions=1175342159993 wakeups=287267 diski=10317824 disko=25980928 rx=14330 tx=6250 comm=*system*
psu_energy_ac_mcp_machine=5883905762
-------
timestamp=251168128661
iterations=2088
sample_ns=100000000
window_ns=1000000000
rapl_core_sum_uj=1800854613
rapl_psys_sum_uj=0
pid=0 energy=8288771463060 alive=1 kernel=1 cpu_ns=482342000000 mem=732266496 instructions=1175412292612 wakeups=287954 diski=10317824 disko=25980928 rx=15142 tx=6617 comm=*system*
psu_energy_ac_mcp_machine=5886535767
-------
timestamp=251309726237
iterations=2090
sample_ns=100000000
window_ns=1000000000
rapl_core_sum_uj=1801655577
rapl_psys_sum_uj=0
pid=0 energy=8289599131255 alive=1 kernel=1 cpu_ns=482405000000 mem=732090368 instructions=1175514826251 wakeups=289116 diski=10317824 disko=25980928 rx=16769 tx=7343 comm=*system*
psu_energy_ac_mcp_machine=5890111328
-------
timestamp=251453664716
iterations=2091
sample_ns=100000000
window_ns=1000000000
rapl_core_sum_uj=1802095152
rapl_psys_sum_uj=0
pid=0 energy=8290151350215 alive=1 kernel=1 cpu_ns=482445000000 mem=732270592 instructions=1175585270043 wakeups=289807 diski=10317824 disko=25980928 rx=17583 tx=7716 comm=*system*
psu_energy_ac_mcp_machine=5892739258
-------
timestamp=251593871165
iterations=2092
sample_ns=100000000
window_ns=1000000000
rapl_core_sum_uj=1802531187
rapl_psys_sum_uj=0
pid=0 energy=8290692506835 alive=1 kernel=1 cpu_ns=482483000000 mem=732336128 instructions=1175655501367 wakeups=290484 diski=10317824 disko=25980928 rx=18402 tx=8081 comm=*system*
psu_energy_ac_mcp_machine=5896338501
-------
timestamp=251737107717
iterations=2094
sample_ns=100000000
window_ns=1000000000
rapl_core_sum_uj=1803320554
rapl_psys_sum_uj=0
pid=0 energy=8291436600780 alive=1 kernel=1 cpu_ns=482530000000 mem=732299264 instructions=1175757320156 wakeups=291642 diski=10317824 disko=25980928 rx=20024 tx=8815 comm=*system*
psu_energy_ac_mcp_machine=5898942749
-------
timestamp=251877760793
iterations=2095
sample_ns=100000000
window_ns=1000000000
rapl_core_sum_uj=1803751095
rapl_psys_sum_uj=0
pid=0 energy=8291956230635 alive=1 kernel=1 cpu_ns=482565000000 mem=732352512 instructions=1175826246127 wakeups=292319 diski=10317824 disko=25980928 rx=20839 tx=9177 comm=*system*
psu_energy_ac_mcp_machine=5902551636
-------
timestamp=252023264376
iterations=2097
sample_ns=100000000
window_ns=1000000000
rapl_core_sum_uj=1804548274
rapl_psys_sum_uj=0
pid=0 energy=8292754153735 alive=1 kernel=1 cpu_ns=482620000000 mem=732307456 instructions=1175930830747 wakeups=293492 diski=10317824 disko=25980928 rx=22463 tx=9901 comm=*system*
psu_energy_ac_mcp_machine=5905211548
-------
timestamp=252164450837
iterations=2098
sample_ns=100000000
window_ns=1000000000
rapl_core_sum_uj=1804982722
rapl_psys_sum_uj=0
pid=0 energy=8293271066575 alive=1 kernel=1 cpu_ns=482656000000 mem=732160000 instructions=1175998213315 wakeups=294169 diski=10317824 disko=25980928 rx=23278 tx=10265 comm=*system*
psu_energy_ac_mcp_machine=5908799927
-------
timestamp=252306797576
iterations=2099
sample_ns=100000000
window_ns=1000000000
rapl_core_sum_uj=1805430414
rapl_psys_sum_uj=0
pid=0 energy=8293812674140 alive=1 kernel=1 cpu_ns=482694000000 mem=732184576 instructions=1176068534828 wakeups=294859 diski=10317824 disko=25980928 rx=24092 tx=10636 comm=*system*
psu_energy_ac_mcp_machine=5912437378
-------
timestamp=252449535288
iterations=2101
sample_ns=100000000
window_ns=1000000000
rapl_core_sum_uj=1806229180
rapl_psys_sum_uj=0
pid=0 energy=8294531680695 alive=1 kernel=1 cpu_ns=482737000000 mem=732286976 instructions=1176169336139 wakeups=296043 diski=10317824 disko=25980928 rx=25718 tx=11367 comm=*system*
psu_energy_ac_mcp_machine=5915026123
-------
timestamp=252590572174
iterations=2102
sample_ns=100000000
window_ns=1000000000
rapl_core_sum_uj=1806666863
rapl_psys_sum_uj=0
pid=0 energy=8295092977320 alive=1 kernel=1 cpu_ns=482779000000 mem=732135424 instructions=1176239595464 wakeups=296728 diski=10317824 disko=26058752 rx=26533 tx=11739 comm=*system*
psu_energy_ac_mcp_machine=5918676880
-------
timestamp=252735219288
iterations=2103
sample_ns=100000000
window_ns=1000000000
rapl_core_sum_uj=1807102104
rapl_psys_sum_uj=0
pid=0 energy=8295630138820 alive=1 kernel=1 cpu_ns=482817000000 mem=732090368 instructions=1176309027764 wakeups=297394 diski=10317824 disko=26058752 rx=27345 tx=12111 comm=*system*
psu_energy_ac_mcp_machine=5921318115
-------
timestamp=252876166268
iterations=2105
sample_ns=100000000
window_ns=1000000000
rapl_core_sum_uj=1807902396
rapl_psys_sum_uj=0
pid=0 energy=8296477057375 alive=1 kernel=1 cpu_ns=482884000000 mem=732241920 instructions=1176411411475 wakeups=298551 diski=10317824 disko=26058752 rx=28973 tx=12840 comm=*system*
psu_energy_ac_mcp_machine=5924928101
-------
timestamp=253018448285
iterations=2106
sample_ns=100000000
window_ns=1000000000
rapl_core_sum_uj=1808331900
rapl_psys_sum_uj=0
pid=0 energy=8297008971510 alive=1 kernel=1 cpu_ns=482921000000 mem=732155904 instructions=1176480794302 wakeups=299239 diski=10317824 disko=26058752 rx=29785 tx=13211 comm=*system*
psu_energy_ac_mcp_machine=5927529419
-------
timestamp=253158886715
iterations=2108
sample_ns=100000000
window_ns=1000000000
rapl_core_sum_uj=1809136648
rapl_psys_sum_uj=0
pid=0 energy=8297979981495 alive=1 kernel=1 cpu_ns=482997000000 mem=733065216 instructions=1176598996299 wakeups=300429 diski=10317824 disko=26058752 rx=31413 tx=13940 comm=*system*
psu_energy_ac_mcp_machine=5931157959
-------
timestamp=253303508030
iterations=2109
sample_ns=100000000
window_ns=1000000000
rapl_core_sum_uj=1809547780
rapl_psys_sum_uj=0
pid=0 energy=8298394015860 alive=1 kernel=1 cpu_ns=483026000000 mem=732172288 instructions=1176652803172 wakeups=301091 diski=10317824 disko=26058752 rx=32224 tx=14302 comm=*system*
psu_energy_ac_mcp_machine=5933795532
-------
timestamp=253444665533
iterations=2110
sample_ns=100000000
window_ns=1000000000
rapl_core_sum_uj=1809982228
rapl_psys_sum_uj=0
pid=0 energy=8298920457030 alive=1 kernel=1 cpu_ns=483062000000 mem=732172288 instructions=1176722091406 wakeups=301757 diski=10317824 disko=26058752 rx=33014 tx=14646 comm=*system*
psu_energy_ac_mcp_machine=5937381470
-------
timestamp=253587497006
iterations=2112
sample_ns=100000000
window_ns=1000000000
rapl_core_sum_uj=1810753956
rapl_psys_sum_uj=0
pid=0 energy=8299679017460 alive=1 kernel=1 cpu_ns=483115000000 mem=732151808 instructions=1176820803492 wakeups=302844 diski=10317824 disko=26058752 rx=34549 tx=15332 comm=*system*
psu_energy_ac_mcp_machine=5940953613
-------
timestamp=253730694727
iterations=2113
sample_ns=100000000
window_ns=1000000000
rapl_core_sum_uj=1811174976
rapl_psys_sum_uj=0
pid=0 energy=8300251993470 alive=1 kernel=1 cpu_ns=483161000000 mem=732344320 instructions=1176889398694 wakeups=303520 diski=10317824 disko=26058752 rx=35362 tx=15697 comm=*system*
psu_energy_ac_mcp_machine=5943576538
-------
timestamp=253871673227
iterations=2114
sample_ns=100000000
window_ns=1000000000
rapl_core_sum_uj=1811612353
rapl_psys_sum_uj=0
pid=0 energy=8300797914770 alive=1 kernel=1 cpu_ns=483200000000 mem=732217344 instructions=1176959582954 wakeups=304202 diski=10317824 disko=26058752 rx=36175 tx=16066 comm=*system*
psu_energy_ac_mcp_machine=5947162964
-------
timestamp=254015160135
iterations=2116
sample_ns=100000000
window_ns=1000000000
rapl_core_sum_uj=1812405321
rapl_psys_sum_uj=0
pid=0 energy=8301591365695 alive=1 kernel=1 cpu_ns=483259000000 mem=732291072 instructions=1177059273139 wakeups=305363 diski=10317824 disko=26058752 rx=37803 tx=16798 comm=*system*
psu_energy_ac_mcp_machine=5949758179
-------
timestamp=254155551754
iterations=2117
sample_ns=100000000
window_ns=1000000000
rapl_core_sum_uj=1812834764
rapl_psys_sum_uj=0
pid=0 energy=8302111579125 alive=1 kernel=1 cpu_ns=483294000000 mem=732581888 instructions=1177128315825 wakeups=306055 diski=10317824 disko=26058752 rx=38615 tx=17166 comm=*system*
psu_energy_ac_mcp_machine=5953350342
-------
timestamp=254299691092
iterations=2119
sample_ns=100000000
window_ns=1000000000
rapl_core_sum_uj=1813649277
rapl_psys_sum_uj=0
pid=0 energy=8303098662595 alive=1 kernel=1 cpu_ns=483366000000 mem=733581312 instructions=1177253732519 wakeups=307245 diski=10317824 disko=26058752 rx=40250 tx=17901 comm=*system*
psu_energy_ac_mcp_machine=5955965820
-------
timestamp=254440234933
iterations=2120
sample_ns=100000000
window_ns=1000000000
rapl_core_sum_uj=1814041794
rapl_psys_sum_uj=0
pid=0 energy=8303469188335 alive=1 kernel=1 cpu_ns=483394000000 mem=732372992 instructions=1177299837667 wakeups=307897 diski=10317824 disko=26058752 rx=41055 tx=18258 comm=*system*
psu_energy_ac_mcp_machine=5959563354
-------
timestamp=254581794329
iterations=2121
sample_ns=100000000
window_ns=1000000000
rapl_core_sum_uj=1814466720
rapl_psys_sum_uj=0
pid=0 energy=8304027473720 alive=1 kernel=1 cpu_ns=483436000000 mem=732299264 instructions=1177369494744 wakeups=308562 diski=10317824 disko=26058752 rx=41868 tx=18627 comm=*system*
psu_energy_ac_mcp_machine=5962211304
-------
timestamp=254721945516
iterations=2123
sample_ns=100000000
window_ns=1000000000
rapl_core_sum_uj=1815274825
rapl_psys_sum_uj=0
pid=0 energy=8304940242140 alive=1 kernel=1 cpu_ns=483505000000 mem=732827648 instructions=1177483048428 wakeups=309754 diski=10317824 disko=26058752 rx=43496 tx=19362 comm=*system*
psu_energy_ac_mcp_machine=5965828003
-------
timestamp=254865557127
iterations=2124
sample_ns=100000000
window_ns=1000000000
rapl_core_sum_uj=1815693831
rapl_psys_sum_uj=0
pid=0 energy=8305356996785 alive=1 kernel=1 cpu_ns=483530000000 mem=732352512 instructions=1177541399357 wakeups=310434 diski=10317824 disko=26058752 rx=44309 tx=19719 comm=*system*
psu_energy_ac_mcp_machine=5968421143
-------
timestamp=255005738483
iterations=2125
sample_ns=100000000
window_ns=1000000000
rapl_core_sum_uj=1816125959
rapl_psys_sum_uj=0
pid=0 energy=8305902689260 alive=1 kernel=1 cpu_ns=483569000000 mem=732274688 instructions=1177611537852 wakeups=311112 diski=10317824 disko=26058752 rx=45121 tx=20085 comm=*system*
psu_energy_ac_mcp_machine=5972032959
-------
timestamp=255148300795
iterations=2127
sample_ns=100000000
window_ns=1000000000
rapl_core_sum_uj=1816923382
rapl_psys_sum_uj=0
pid=0 energy=8306696804725 alive=1 kernel=1 cpu_ns=483624000000 mem=732299264 instructions=1177715360945 wakeups=312293 diski=10317824 disko=26058752 rx=46744 tx=20812 comm=*system*
psu_energy_ac_mcp_machine=5975624878
-------
timestamp=255292782377
iterations=2128
sample_ns=100000000
window_ns=1000000000
rapl_core_sum_uj=1817355999
rapl_psys_sum_uj=0
pid=0 energy=8307247011320 alive=1 kernel=1 cpu_ns=483663000000 mem=732340224 instructions=1177786402264 wakeups=312984 diski=10317824 disko=26058752 rx=47559 tx=21177 comm=*system*
psu_energy_ac_mcp_machine=5978237671
-------
timestamp=255433219350
iterations=2129
sample_ns=100000000
window_ns=1000000000
rapl_core_sum_uj=1817788982
rapl_psys_sum_uj=0
pid=0 energy=8307806542800 alive=1 kernel=1 cpu_ns=483705000000 mem=732483584 instructions=1177856308560 wakeups=313657 diski=10317824 disko=26058752 rx=48371 tx=21547 comm=*system*
psu_energy_ac_mcp_machine=5981825195
-------
timestamp=255577578787
iterations=2131
sample_ns=100000000
window_ns=1000000000
rapl_core_sum_uj=1818584086
rapl_psys_sum_uj=0
pid=0 energy=8308664584615 alive=1 kernel=1 cpu_ns=483774000000 mem=732479488 instructions=1177958916923 wakeups=314823 diski=10317824 disko=26058752 rx=49997 tx=22277 comm=*system*
psu_energy_ac_mcp_machine=5984467529
-------
timestamp=255718716214
iterations=2132
sample_ns=100000000
window_ns=1000000000
rapl_core_sum_uj=1819012064
rapl_psys_sum_uj=0
pid=0 energy=8309200022290 alive=1 kernel=1 cpu_ns=483811000000 mem=732479488 instructions=1178029004458 wakeups=315506 diski=10317824 disko=26058752 rx=50811 tx=22630 comm=*system*
psu_energy_ac_mcp_machine=5988051758
-------
timestamp=255861923818
iterations=2134
sample_ns=100000000
window_ns=1000000000
rapl_core_sum_uj=1819836403
rapl_psys_sum_uj=0
pid=0 energy=8310140832575 alive=1 kernel=1 cpu_ns=483879000000 mem=733061120 instructions=1178149166515 wakeups=316700 diski=10317824 disko=26058752 rx=52439 tx=23372 comm=*system*
psu_energy_ac_mcp_machine=5990623779
-------
timestamp=256002228432
iterations=2135
sample_ns=100000000
window_ns=1000000000
rapl_core_sum_uj=1820237831
rapl_psys_sum_uj=0
pid=0 energy=8310543363965 alive=1 kernel=1 cpu_ns=483907000000 mem=732352512 instructions=1178201672793 wakeups=317346 diski=10317824 disko=26058752 rx=53251 tx=23735 comm=*system*
psu_energy_ac_mcp_machine=5994251221
-------
timestamp=256146784030
iterations=2136
sample_ns=100000000
window_ns=1000000000
rapl_core_sum_uj=1820679786
rapl_psys_sum_uj=0
pid=0 energy=8311113749500 alive=1 kernel=1 cpu_ns=483950000000 mem=732262400 instructions=1178272749900 wakeups=318036 diski=10317824 disko=26058752 rx=54066 tx=24105 comm=*system*
psu_energy_ac_mcp_machine=5996840820
-------
timestamp=256287514060
iterations=2138
sample_ns=100000000
window_ns=1000000000
rapl_core_sum_uj=1821477697
rapl_psys_sum_uj=0
pid=0 energy=8311960189940 alive=1 kernel=1 cpu_ns=484012000000 mem=732291072 instructions=1178380037988 wakeups=319231 diski=10317824 disko=26058752 rx=55700 tx=24841 comm=*system*
psu_energy_ac_mcp_machine=6000445190
-------
timestamp=256430068523
iterations=2139
sample_ns=100000000
window_ns=1000000000
rapl_core_sum_uj=1821900121
rapl_psys_sum_uj=0
pid=0 energy=8312508536605 alive=1 kernel=1 cpu_ns=484056000000 mem=732340224 instructions=1178445707321 wakeups=319921 diski=10317824 disko=26058752 rx=56506 tx=25201 comm=*system*
psu_energy_ac_mcp_machine=6004021240
-------
timestamp=256573515106
iterations=2140
sample_ns=100000000
window_ns=1000000000
rapl_core_sum_uj=1822331822
rapl_psys_sum_uj=0
pid=0 energy=8313111734155 alive=1 kernel=1 cpu_ns=484107000000 mem=732143616 instructions=1178515346831 wakeups=320615 diski=10317824 disko=26058752 rx=57320 tx=25562 comm=*system*
psu_energy_ac_mcp_machine=6006627686
-------
timestamp=256714854203
iterations=2142
sample_ns=100000000
window_ns=1000000000
rapl_core_sum_uj=1823120151
rapl_psys_sum_uj=0
pid=0 energy=8313952405850 alive=1 kernel=1 cpu_ns=484172000000 mem=732131328 instructions=1178618481170 wakeups=321781 diski=10317824 disko=26058752 rx=58945 tx=26300 comm=*system*
psu_energy_ac_mcp_machine=6010219604
-------
timestamp=256858918817
iterations=2143
sample_ns=100000000
window_ns=1000000000
rapl_core_sum_uj=1823556979
rapl_psys_sum_uj=0
pid=0 energy=8314559403420 alive=1 kernel=1 cpu_ns=484223000000 mem=732381184 instructions=1178688880684 wakeups=322452 diski=10317824 disko=26058752 rx=59760 tx=26667 comm=*system*
psu_energy_ac_mcp_machine=6012840820
-------
timestamp=256999845465
iterations=2144
sample_ns=100000000
window_ns=1000000000
rapl_core_sum_uj=1823987704
rapl_psys_sum_uj=0
pid=0 energy=8315099300950 alive=1 kernel=1 cpu_ns=484261000000 mem=732250112 instructions=1178758860190 wakeups=323124 diski=10317824 disko=26058752 rx=60572 tx=27027 comm=*system*
psu_energy_ac_mcp_machine=6016450562
-------
timestamp=257144180456
iterations=2146
sample_ns=100000000
window_ns=1000000000
rapl_core_sum_uj=1824778596
rapl_psys_sum_uj=0
pid=0 energy=8315868239875 alive=1 kernel=1 cpu_ns=484312000000 mem=732315648 instructions=1178861647975 wakeups=324294 diski=10317824 disko=26058752 rx=62199 tx=27765 comm=*system*
psu_energy_ac_mcp_machine=6019060669
-------
timestamp=257284715819
iterations=2147
sample_ns=100000000
window_ns=1000000000
rapl_core_sum_uj=1825218110
rapl_psys_sum_uj=0
pid=0 energy=8316408236920 alive=1 kernel=1 cpu_ns=484350000000 mem=732315648 instructions=1178931647384 wakeups=324973 diski=10317824 disko=26058752 rx=63013 tx=28136 comm=*system*
psu_energy_ac_mcp_machine=6022676880
-------
timestamp=257427600671
iterations=2149
sample_ns=100000000
window_ns=1000000000
rapl_core_sum_uj=1825994110
rapl_psys_sum_uj=0
pid=0 energy=8317239927935 alive=1 kernel=1 cpu_ns=484409000000 mem=732729344 instructions=1179038985587 wakeups=326171 diski=10317824 disko=26058752 rx=64639 tx=28866 comm=*system*
psu_energy_ac_mcp_machine=6025268921
-------
timestamp=257568178356
iterations=2150
sample_ns=100000000
window_ns=1000000000
rapl_core_sum_uj=1826420135
rapl_psys_sum_uj=0
pid=0 energy=8317727020275 alive=1 kernel=1 cpu_ns=484445000000 mem=732397568 instructions=1179100404055 wakeups=326838 diski=10317824 disko=26058752 rx=65455 tx=29238 comm=*system*
psu_energy_ac_mcp_machine=6028866089
-------
timestamp=257710885104
iterations=2151
sample_ns=100000000
window_ns=1000000000
rapl_core_sum_uj=1826849700
rapl_psys_sum_uj=0
pid=0 energy=8318286021490 alive=1 kernel=1 cpu_ns=484487000000 mem=732565504 instructions=1179170204298 wakeups=327512 diski=10317824 disko=26058752 rx=66268 tx=29608 comm=*system*
psu_energy_ac_mcp_machine=6032436890
-------
timestamp=257854850219
iterations=2153
sample_ns=100000000
window_ns=1000000000
rapl_core_sum_uj=1827642729
rapl_psys_sum_uj=0
pid=0 energy=8319137620170 alive=1 kernel=1 cpu_ns=484555000000 mem=732377088 instructions=1179272524034 wakeups=328705 diski=10317824 disko=26075136 rx=67896 tx=30341 comm=*system*
psu_energy_ac_mcp_machine=6035096436
-------
timestamp=257995720444
iterations=2154
sample_ns=100000000
window_ns=1000000000
rapl_core_sum_uj=1828066984
rapl_psys_sum_uj=0
pid=0 energy=8319703715090 alive=1 kernel=1 cpu_ns=484598000000 mem=732315648 instructions=1179342743018 wakeups=329392 diski=10317824 disko=26075136 rx=68708 tx=30706 comm=*system*
psu_energy_ac_mcp_machine=6038702515
-------
timestamp=258139212252
iterations=2155
sample_ns=100000000
window_ns=1000000000
rapl_core_sum_uj=1828498441
rapl_psys_sum_uj=0
pid=0 energy=8320271089585 alive=1 kernel=1 cpu_ns=484641000000 mem=732254208 instructions=1179413217917 wakeups=330084 diski=10317824 disko=26075136 rx=69531 tx=31082 comm=*system*
psu_energy_ac_mcp_machine=6041332275
-------
timestamp=258279071632
iterations=2157
sample_ns=100000000
window_ns=1000000000
rapl_core_sum_uj=1829277982
rapl_psys_sum_uj=0
pid=0 energy=8321078809160 alive=1 kernel=1 cpu_ns=484700000000 mem=732315648 instructions=1179515761832 wakeups=331259 diski=10317824 disko=26075136 rx=71148 tx=31820 comm=*system*
psu_energy_ac_mcp_machine=6044937012
-------
timestamp=258422738177
iterations=2158
sample_ns=100000000
window_ns=1000000000
rapl_core_sum_uj=1829712125
rapl_psys_sum_uj=0
pid=0 energy=8321620214190 alive=1 kernel=1 cpu_ns=484738000000 mem=732319744 instructions=1179586042838 wakeups=331938 diski=10317824 disko=26075136 rx=71962 tx=32188 comm=*system*
psu_energy_ac_mcp_machine=6047533203
-------
timestamp=258563565620
iterations=2160
sample_ns=100000000
window_ns=1000000000
rapl_core_sum_uj=1830543117
rapl_psys_sum_uj=0
pid=0 energy=8322628472405 alive=1 kernel=1 cpu_ns=484815000000 mem=733347840 instructions=1179710694481 wakeups=333140 diski=10317824 disko=26075136 rx=73589 tx=32926 comm=*system*
psu_energy_ac_mcp_machine=6051159058
-------
timestamp=258706704921
iterations=2161
sample_ns=100000000
window_ns=1000000000
rapl_core_sum_uj=1830968654
rapl_psys_sum_uj=0
pid=0 energy=8323075423545 alive=1 kernel=1 cpu_ns=484847000000 mem=732323840 instructions=1179768084709 wakeups=333870 diski=10317824 disko=28901376 rx=74403 tx=33287 comm=*system*
psu_energy_ac_mcp_machine=6053799438
-------
timestamp=258847225248
iterations=2162
sample_ns=100000000
window_ns=1000000000
rapl_core_sum_uj=1831406337
rapl_psys_sum_uj=0
pid=0 energy=8323608375130 alive=1 kernel=1 cpu_ns=484883000000 mem=732327936 instructions=1179838675026 wakeups=334557 diski=10317824 disko=28901376 rx=75215 tx=33653 comm=*system*
psu_energy_ac_mcp_machine=6057441650
-------
timestamp=258991216147
iterations=2164
sample_ns=100000000
window_ns=1000000000
rapl_core_sum_uj=1832201014
rapl_psys_sum_uj=0
pid=0 energy=8324424027615 alive=1 kernel=1 cpu_ns=484942000000 mem=732327936 instructions=1179942805523 wakeups=335733 diski=10317824 disko=28901376 rx=76839 tx=34389 comm=*system*
psu_energy_ac_mcp_machine=6060041138
-------
timestamp=259131838871
iterations=2165
sample_ns=100000000
window_ns=1000000000
rapl_core_sum_uj=1832704065
rapl_psys_sum_uj=0
pid=0 energy=8326230143955 alive=1 kernel=1 cpu_ns=485029000000 mem=731799552 instructions=1180217028791 wakeups=336087 diski=10358784 disko=28901376 rx=77084 tx=34511 comm=*system*
psu_energy_ac_mcp_machine=6063683472
-------
timestamp=259273169974
iterations=2166
sample_ns=100000000
window_ns=1000000000
rapl_core_sum_uj=1833035058
rapl_psys_sum_uj=0
pid=0 energy=8326745212430 alive=1 kernel=1 cpu_ns=485059000000 mem=731799552 instructions=1180290042486 wakeups=336371 diski=10358784 disko=28901376 rx=77227 tx=34573 comm=*system*
psu_energy_ac_mcp_machine=6067182495
-------
timestamp=259416345688
iterations=2168
sample_ns=100000000
window_ns=1000000000
rapl_core_sum_uj=1833813011
rapl_psys_sum_uj=0
pid=0 energy=8327530526115 alive=1 kernel=1 cpu_ns=485115000000 mem=732151808 instructions=1180391105223 wakeups=337552 diski=10358784 disko=28901376 rx=78848 tx=35308 comm=*system*
psu_energy_ac_mcp_machine=6069820313
-------
timestamp=259556467678
iterations=2169
sample_ns=100000000
window_ns=1000000000
rapl_core_sum_uj=1834241538
rapl_psys_sum_uj=0
pid=0 energy=8328089998980 alive=1 kernel=1 cpu_ns=485158000000 mem=732151808 instructions=1180459999796 wakeups=338259 diski=10358784 disko=28901376 rx=79660 tx=35670 comm=*system*
psu_energy_ac_mcp_machine=6073408569
-------
timestamp=259698747919
iterations=2170
sample_ns=100000000
window_ns=1000000000
rapl_core_sum_uj=1834677023
rapl_psys_sum_uj=0
pid=0 energy=8328630054335 alive=1 kernel=1 cpu_ns=485197000000 mem=731975680 instructions=1180529010867 wakeups=338944 diski=10358784 disko=28901376 rx=80475 tx=36033 comm=*system*
psu_energy_ac_mcp_machine=6076062378
-------
timestamp=259839460388
iterations=2172
sample_ns=100000000
window_ns=1000000000
rapl_core_sum_uj=1835477376
rapl_psys_sum_uj=0
pid=0 energy=8329436913270 alive=1 kernel=1 cpu_ns=485255000000 mem=732327936 instructions=1180632382654 wakeups=340137 diski=10358784 disko=28901376 rx=82104 tx=36765 comm=*system*
psu_energy_ac_mcp_machine=6079646729
-------
timestamp=259982724599
iterations=2173
sample_ns=100000000
window_ns=1000000000
rapl_core_sum_uj=1835917561
rapl_psys_sum_uj=0
pid=0 energy=8330002023300 alive=1 kernel=1 cpu_ns=485298000000 mem=732258304 instructions=1180702404660 wakeups=340813 diski=10358784 disko=28901376 rx=82916 tx=37135 comm=*system*
psu_energy_ac_mcp_machine=6082290039
-------
timestamp=260123448631
iterations=2175
sample_ns=100000000
window_ns=1000000000
rapl_core_sum_uj=1836749469
rapl_psys_sum_uj=0
pid=0 energy=8331012442035 alive=1 kernel=1 cpu_ns=485375000000 mem=733310976 instructions=1180827488407 wakeups=341990 diski=10358784 disko=28901376 rx=84544 tx=37863 comm=*system*
psu_energy_ac_mcp_machine=6085910767
-------
timestamp=260268407022
iterations=2176
sample_ns=100000000
window_ns=1000000000
rapl_core_sum_uj=1837128802
rapl_psys_sum_uj=0
pid=0 energy=8331305441015 alive=1 kernel=1 cpu_ns=485394000000 mem=732262400 instructions=1180867088203 wakeups=342508 diski=10358784 disko=28901376 rx=85358 tx=38147 comm=*system*
psu_energy_ac_mcp_machine=6088506470
-------
timestamp=260408616850
iterations=2177
sample_ns=100000000
window_ns=1000000000
rapl_core_sum_uj=1837514544
rapl_psys_sum_uj=0
pid=0 energy=8331703963865 alive=1 kernel=1 cpu_ns=485420000000 mem=732262400 instructions=1180920792773 wakeups=342726 diski=10358784 disko=28901376 rx=86171 tx=38300 comm=*system*
psu_energy_ac_mcp_machine=6092023193
-------
timestamp=260552064869
iterations=2179
sample_ns=100000000
window_ns=1000000000
rapl_core_sum_uj=1838269487
rapl_psys_sum_uj=0
pid=0 energy=8332364887220 alive=1 kernel=1 cpu_ns=485456000000 mem=732262400 instructions=1181016977444 wakeups=343724 diski=10358784 disko=28901376 rx=87798 tx=38958 comm=*system*
psu_energy_ac_mcp_machine=6094626953
-------
timestamp=260692259849
iterations=2180
sample_ns=100000000
window_ns=1000000000
rapl_core_sum_uj=1838705400
rapl_psys_sum_uj=0
pid=0 energy=8332873430790 alive=1 kernel=1 cpu_ns=485488000000 mem=732262400 instructions=1181086686158 wakeups=344403 diski=10358784 disko=28901376 rx=88610 tx=39326 comm=*system*
psu_energy_ac_mcp_machine=6098251221
-------
timestamp=260834370459
iterations=2181
sample_ns=100000000
window_ns=1000000000
rapl_core_sum_uj=1839150285
rapl_psys_sum_uj=0
pid=0 energy=8333417945550 alive=1 kernel=1 cpu_ns=485527000000 mem=732266496 instructions=1181156589110 wakeups=345082 diski=10358784 disko=28901376 rx=89424 tx=39701 comm=*system*
psu_energy_ac_mcp_machine=6101867432
-------
timestamp=260977720261
iterations=2183
sample_ns=100000000
window_ns=1000000000
rapl_core_sum_uj=1839928848
rapl_psys_sum_uj=0
pid=0 energy=8334229852065 alive=1 kernel=1 cpu_ns=485588000000 mem=732270592 instructions=1181257970413 wakeups=346284 diski=10358784 disko=28901376 rx=91051 tx=40436 comm=*system*
psu_energy_ac_mcp_machine=6104489746
-------
timestamp=261117810809
iterations=2184
sample_ns=100000000
window_ns=1000000000
rapl_core_sum_uj=1840354140
rapl_psys_sum_uj=0
pid=0 energy=8334759713180 alive=1 kernel=1 cpu_ns=485625000000 mem=732172288 instructions=1181326942636 wakeups=346981 diski=10358784 disko=28901376 rx=91864 tx=40801 comm=*system*
psu_energy_ac_mcp_machine=6108073486
-------
timestamp=261262650709
iterations=2185
sample_ns=100000000
window_ns=1000000000
rapl_core_sum_uj=1840790236
rapl_psys_sum_uj=0
pid=0 energy=8335336880470 alive=1 kernel=1 cpu_ns=485670000000 mem=732065792 instructions=1181397376094 wakeups=347664 diski=10358784 disko=28901376 rx=92678 tx=41170 comm=*system*
psu_energy_ac_mcp_machine=6110694702
-------
timestamp=261404014235
iterations=2187
sample_ns=100000000
window_ns=1000000000
rapl_core_sum_uj=1841576734
rapl_psys_sum_uj=0
pid=0 energy=8336144396885 alive=1 kernel=1 cpu_ns=485729000000 mem=732205056 instructions=1181499879377 wakeups=348845 diski=10358784 disko=28901376 rx=94304 tx=41897 comm=*system*
psu_energy_ac_mcp_machine=6114329224
-------
timestamp=261547771888
iterations=2188
sample_ns=100000000
window_ns=1000000000
rapl_core_sum_uj=1842010327
rapl_psys_sum_uj=0
pid=0 energy=8336664812890 alive=1 kernel=1 cpu_ns=485764000000 mem=732311552 instructions=1181568962578 wakeups=349525 diski=10358784 disko=28901376 rx=95120 tx=42265 comm=*system*
psu_energy_ac_mcp_machine=6116899170
-------
timestamp=261687669979
iterations=2190
sample_ns=100000000
window_ns=1000000000
rapl_core_sum_uj=1842805797
rapl_psys_sum_uj=0
pid=0 energy=8337596769725 alive=1 kernel=1 cpu_ns=485836000000 mem=732880896 instructions=1181683353945 wakeups=350695 diski=10358784 disko=28901376 rx=96744 tx=42994 comm=*system*
psu_energy_ac_mcp_machine=6120479126
-------
timestamp=261832223663
iterations=2191
sample_ns=100000000
window_ns=1000000000
rapl_core_sum_uj=1843209727
rapl_psys_sum_uj=0
pid=0 energy=8337973620305 alive=1 kernel=1 cpu_ns=485857000000 mem=732286976 instructions=1181737724061 wakeups=351371 diski=10358784 disko=28901376 rx=97562 tx=43367 comm=*system*
psu_energy_ac_mcp_machine=6123078857
-------
timestamp=261972336635
iterations=2192
sample_ns=100000000
window_ns=1000000000
rapl_core_sum_uj=1843633982
rapl_psys_sum_uj=0
pid=0 energy=8338503060915 alive=1 kernel=1 cpu_ns=485894000000 mem=732479488 instructions=1181806612183 wakeups=352066 diski=10358784 disko=28901376 rx=98375 tx=43738 comm=*system*
psu_energy_ac_mcp_machine=6126693848
-------
timestamp=262115962748
iterations=2194
sample_ns=100000000
window_ns=1000000000
rapl_core_sum_uj=1844421152
rapl_psys_sum_uj=0
pid=0 energy=8339316152620 alive=1 kernel=1 cpu_ns=485955000000 mem=732282880 instructions=1181908230524 wakeups=353251 diski=10358784 disko=28901376 rx=100002 tx=44487 comm=*system*
psu_energy_ac_mcp_machine=6130274780
-------
timestamp=262259594160
iterations=2195
sample_ns=100000000
window_ns=1000000000
rapl_core_sum_uj=1844854013
rapl_psys_sum_uj=0
pid=0 energy=8339888808615 alive=1 kernel=1 cpu_ns=485999000000 mem=732356608 instructions=1181978761723 wakeups=353952 diski=10358784 disko=28901376 rx=100814 tx=44855 comm=*system*
psu_energy_ac_mcp_machine=6132917114
-------
timestamp=262400368631
iterations=2196
sample_ns=100000000
window_ns=1000000000
rapl_core_sum_uj=1845284371
rapl_psys_sum_uj=0
pid=0 energy=8340431301285 alive=1 kernel=1 cpu_ns=486037000000 mem=732303360 instructions=1182049260257 wakeups=354636 diski=10358784 disko=28901376 rx=101627 tx=45227 comm=*system*
psu_energy_ac_mcp_machine=6136504883
-------
timestamp=262543814593
iterations=2198
sample_ns=100000000
window_ns=1000000000
rapl_core_sum_uj=1846076057
rapl_psys_sum_uj=0
pid=0 energy=8341284882890 alive=1 kernel=1 cpu_ns=486107000000 mem=732401664 instructions=1182149976578 wakeups=355819 diski=10358784 disko=28901376 rx=103253 tx=45958 comm=*system*
psu_energy_ac_mcp_machine=6139063354
-------
timestamp=262684827275
iterations=2199
sample_ns=100000000
window_ns=1000000000
rapl_core_sum_uj=1846509650
rapl_psys_sum_uj=0
pid=0 energy=8341841184660 alive=1 kernel=1 cpu_ns=486150000000 mem=732348416 instructions=1182218236932 wakeups=356497 diski=10358784 disko=28901376 rx=104066 tx=46323 comm=*system*
psu_energy_ac_mcp_machine=6142607056
-------
timestamp=262828646099
iterations=2201
sample_ns=100000000
window_ns=1000000000
rapl_core_sum_uj=1847323980
rapl_psys_sum_uj=0
pid=0 energy=8342753767200 alive=1 kernel=1 cpu_ns=486212000000 mem=733376512 instructions=1182338753440 wakeups=357671 diski=10358784 disko=28921856 rx=105693 tx=47053 comm=*system*
psu_energy_ac_mcp_machine=6145213013
-------
timestamp=262968721979
iterations=2202
sample_ns=100000000
window_ns=1000000000
rapl_core_sum_uj=1847733342
rapl_psys_sum_uj=0
pid=0 energy=8343136054420 alive=1 kernel=1 cpu_ns=486238000000 mem=732200960 instructions=1182389210884 wakeups=358340 diski=10358784 disko=28921856 rx=106506 tx=47428 comm=*system*
psu_energy_ac_mcp_machine=6148867310
-------
timestamp=263110436616
iterations=2203
sample_ns=100000000
window_ns=1000000000
rapl_core_sum_uj=1848169377
rapl_psys_sum_uj=0
pid=0 energy=8343680849685 alive=1 kernel=1 cpu_ns=486277000000 mem=732364800 instructions=1182459169937 wakeups=359013 diski=10358784 disko=28921856 rx=107316 tx=47793 comm=*system*
psu_energy_ac_mcp_machine=6151502808
-------
timestamp=263251067806
iterations=2205
sample_ns=100000000
window_ns=1000000000
rapl_core_sum_uj=1848979008
rapl_psys_sum_uj=0
pid=0 energy=8344582417860 alive=1 kernel=1 cpu_ns=486345000000 mem=732569600 instructions=1182571483572 wakeups=360200 diski=10358784 disko=28921856 rx=108930 tx=48526 comm=*system*
psu_energy_ac_mcp_machine=6155157837
-------
timestamp=263395878359
iterations=2206
sample_ns=100000000
window_ns=1000000000
rapl_core_sum_uj=1849404789
rapl_psys_sum_uj=0
pid=0 energy=8345077568065 alive=1 kernel=1 cpu_ns=486382000000 mem=732233728 instructions=1182633513613 wakeups=360883 diski=10358784 disko=28921856 rx=109741 tx=48902 comm=*system*
psu_energy_ac_mcp_machine=6157755493
-------
timestamp=263536032815
iterations=2207
sample_ns=100000000
window_ns=1000000000
rapl_core_sum_uj=1849840213
rapl_psys_sum_uj=0
pid=0 energy=8345586142700 alive=1 kernel=1 cpu_ns=486414000000 mem=732487680 instructions=1182703228540 wakeups=361577 diski=10358784 disko=28921856 rx=110554 tx=49263 comm=*system*
psu_energy_ac_mcp_machine=6161353882
-------
timestamp=263676629159
iterations=2209
sample_ns=100000000
window_ns=1000000000
rapl_core_sum_uj=1850628359
rapl_psys_sum_uj=0
pid=0 energy=8346371620320 alive=1 kernel=1 cpu_ns=486469000000 mem=732303360 instructions=1182805324064 wakeups=362737 diski=10358784 disko=28921856 rx=112157 tx=49988 comm=*system*
psu_energy_ac_mcp_machine=6164939453
-------
timestamp=263820798220
iterations=2210
sample_ns=100000000
window_ns=1000000000
rapl_core_sum_uj=1851057130
rapl_psys_sum_uj=0
pid=0 energy=8346898183570 alive=1 kernel=1 cpu_ns=486506000000 mem=732536832 instructions=1182873636714 wakeups=363396 diski=10358784 disko=28921856 rx=112922 tx=50329 comm=*system*
psu_energy_ac_mcp_machine=6167540894
-------
timestamp=263960562431
iterations=2211
sample_ns=100000000
window_ns=1000000000
rapl_core_sum_uj=1851483399
rapl_psys_sum_uj=0
pid=0 energy=8347469396445 alive=1 kernel=1 cpu_ns=486551000000 mem=732246016 instructions=1182942879289 wakeups=364063 diski=10358784 disko=28921856 rx=113703 tx=50688 comm=*system*
psu_energy_ac_mcp_machine=6171117432
-------
timestamp=264104647016
iterations=2213
sample_ns=100000000
window_ns=1000000000
rapl_core_sum_uj=1852275635
rapl_psys_sum_uj=0
pid=0 energy=8348273704820 alive=1 kernel=1 cpu_ns=486609000000 mem=732307456 instructions=1183045740964 wakeups=365231 diski=10358784 disko=28921856 rx=115326 tx=51419 comm=*system*
psu_energy_ac_mcp_machine=6173737793
-------
timestamp=264244744498
iterations=2214
sample_ns=100000000
window_ns=1000000000
rapl_core_sum_uj=1852710754
rapl_psys_sum_uj=0
pid=0 energy=8348798313105 alive=1 kernel=1 cpu_ns=486643000000 mem=732303360 instructions=1183116662621 wakeups=365937 diski=10358784 disko=28921856 rx=116140 tx=51779 comm=*system*
psu_energy_ac_mcp_machine=6177365845
-------
timestamp=264388591809
iterations=2216
sample_ns=100000000
window_ns=1000000000
rapl_core_sum_uj=1853540221
rapl_psys_sum_uj=0
pid=0 energy=8349793298470 alive=1 kernel=1 cpu_ns=486718000000 mem=733364224 instructions=1183240659694 wakeups=367145 diski=10358784 disko=28921856 rx=117766 tx=52521 comm=*system*
psu_energy_ac_mcp_machine=6179972900
-------
timestamp=264529163591
iterations=2217
sample_ns=100000000
window_ns=1000000000
rapl_core_sum_uj=1853959471
rapl_psys_sum_uj=0
pid=0 energy=8350192891935 alive=1 kernel=1 cpu_ns=486747000000 mem=732307456 instructions=1183291578387 wakeups=367819 diski=10358784 disko=28921856 rx=118580 tx=52889 comm=*system*
psu_energy_ac_mcp_machine=6183600830
-------
timestamp=264672176517
iterations=2218
sample_ns=100000000
window_ns=1000000000
rapl_core_sum_uj=1854408750
rapl_psys_sum_uj=0
pid=0 energy=8350756553525 alive=1 kernel=1 cpu_ns=486789000000 mem=732323840 instructions=1183362310705 wakeups=368511 diski=10358784 disko=28921856 rx=119393 tx=53266 comm=*system*
psu_energy_ac_mcp_machine=6186219849
-------
timestamp=264812545527
iterations=2220
sample_ns=100000000
window_ns=1000000000
rapl_core_sum_uj=1855223629
rapl_psys_sum_uj=0
pid=0 energy=8351623569685 alive=1 kernel=1 cpu_ns=486852000000 mem=732487680 instructions=1183472713937 wakeups=369705 diski=10358784 disko=28921856 rx=121018 tx=54007 comm=*system*
psu_energy_ac_mcp_machine=6189807739
-------
timestamp=264955540844
iterations=2221
sample_ns=100000000
window_ns=1000000000
rapl_core_sum_uj=1855643978
rapl_psys_sum_uj=0
pid=0 energy=8352102088055 alive=1 kernel=1 cpu_ns=486885000000 mem=732291072 instructions=1183535417611 wakeups=370402 diski=10358784 disko=28921856 rx=121833 tx=54376 comm=*system*
psu_energy_ac_mcp_machine=6192420410
-------
timestamp=265096401043
iterations=2222
sample_ns=100000000
window_ns=1000000000
rapl_core_sum_uj=1856079036
rapl_psys_sum_uj=0
pid=0 energy=8352660834405 alive=1 kernel=1 cpu_ns=486928000000 mem=732291072 instructions=1183604166881 wakeups=371082 diski=10358784 disko=28921856 rx=122644 tx=54743 comm=*system*
psu_energy_ac_mcp_machine=6196002808
-------
timestamp=265238446402
iterations=2224
sample_ns=100000000
window_ns=1000000000
rapl_core_sum_uj=1856872614
rapl_psys_sum_uj=0
pid=0 energy=8353435982460 alive=1 kernel=1 cpu_ns=486980000000 mem=732467200 instructions=1183707196492 wakeups=372264 diski=10358784 disko=28921856 rx=124259 tx=55481 comm=*system*
psu_energy_ac_mcp_machine=6199582520
-------
timestamp=265382779213
iterations=2225
sample_ns=100000000
window_ns=1000000000
rapl_core_sum_uj=1857308771
rapl_psys_sum_uj=0
pid=0 energy=8353980650900 alive=1 kernel=1 cpu_ns=487018000000 mem=732467200 instructions=1183778130180 wakeups=372940 diski=10358784 disko=28921856 rx=125072 tx=55851 comm=*system*
psu_energy_ac_mcp_machine=6202209839
-------
timestamp=265524309946
iterations=2226
sample_ns=100000000
window_ns=1000000000
rapl_core_sum_uj=1857744378
rapl_psys_sum_uj=0
pid=0 energy=8354513856420 alive=1 kernel=1 cpu_ns=487054000000 mem=732291072 instructions=1183848771284 wakeups=373636 diski=10358784 disko=28921856 rx=125888 tx=56223 comm=*system*
psu_energy_ac_mcp_machine=6205794067
-------
timestamp=265668550850
iterations=2228
sample_ns=100000000
window_ns=1000000000
rapl_core_sum_uj=1858540581
rapl_psys_sum_uj=0
pid=0 energy=8355368209630 alive=1 kernel=1 cpu_ns=487122000000 mem=732467200 instructions=1183951641926 wakeups=374821 diski=10358784 disko=28921856 rx=127498 tx=56936 comm=*system*
psu_energy_ac_mcp_machine=6208434814
-------
timestamp=265810298902
iterations=2229
sample_ns=100000000
window_ns=1000000000
rapl_core_sum_uj=1858976188
rapl_psys_sum_uj=0
pid=0 energy=8355892333360 alive=1 kernel=1 cpu_ns=487157000000 mem=732291072 instructions=1184021466672 wakeups=375496 diski=10358784 disko=28921856 rx=128313 tx=57305 comm=*system*
psu_energy_ac_mcp_machine=6212025269
-------
timestamp=265954433083
iterations=2231
sample_ns=100000000
window_ns=1000000000
rapl_core_sum_uj=1859782523
rapl_psys_sum_uj=0
pid=0 energy=8356802852120 alive=1 kernel=1 cpu_ns=487226000000 mem=732860416 instructions=1184134570424 wakeups=376674 diski=10358784 disko=28921856 rx=129939 tx=58034 comm=*system*
psu_energy_ac_mcp_machine=6214647705
-------
timestamp=266095775545
iterations=2232
sample_ns=100000000
window_ns=1000000000
rapl_core_sum_uj=1860204520
rapl_psys_sum_uj=0
pid=0 energy=8357291628450 alive=1 kernel=1 cpu_ns=487264000000 mem=732332032 instructions=1184194325690 wakeups=377352 diski=10358784 disko=28921856 rx=130751 tx=58401 comm=*system*
psu_energy_ac_mcp_machine=6218277222
-------
timestamp=266240494328
iterations=2233
sample_ns=100000000
window_ns=1000000000
rapl_core_sum_uj=1860647146
rapl_psys_sum_uj=0
pid=0 energy=8357831291305 alive=1 kernel=1 cpu_ns=487302000000 mem=732336128 instructions=1184264258261 wakeups=378020 diski=10358784 disko=28921856 rx=131565 tx=58756 comm=*system*
psu_energy_ac_mcp_machine=6221837524
-------
timestamp=266384303912
iterations=2235
sample_ns=100000000
window_ns=1000000000
rapl_core_sum_uj=1861433705
rapl_psys_sum_uj=0
pid=0 energy=8358631766670 alive=1 kernel=1 cpu_ns=487360000000 mem=732344320 instructions=1184366353334 wakeups=379202 diski=10358784 disko=28921856 rx=133193 tx=59498 comm=*system*
psu_energy_ac_mcp_machine=6224453857
-------
timestamp=266525684073
iterations=2236
sample_ns=100000000
window_ns=1000000000
rapl_core_sum_uj=1861875721
rapl_psys_sum_uj=0
pid=0 energy=8359182983910 alive=1 kernel=1 cpu_ns=487400000000 mem=732340224 instructions=1184436596782 wakeups=379862 diski=10358784 disko=28921856 rx=134005 tx=59871 comm=*system*
psu_energy_ac_mcp_machine=6228067017
-------
timestamp=266668837296
iterations=2237
sample_ns=100000000
window_ns=1000000000
rapl_core_sum_uj=1862319812
rapl_psys_sum_uj=0
pid=0 energy=8359730036480 alive=1 kernel=1 cpu_ns=487439000000 mem=732340224 instructions=1184507007296 wakeups=380550 diski=10358784 disko=28921856 rx=134826 tx=60234 comm=*system*
psu_energy_ac_mcp_machine=6230686401
-------
timestamp=266809510499
iterations=2239
sample_ns=100000000
window_ns=1000000000
rapl_core_sum_uj=1863109972
rapl_psys_sum_uj=0
pid=0 energy=8360547097275 alive=1 kernel=1 cpu_ns=487499000000 mem=732352512 instructions=1184610419455 wakeups=381721 diski=10358784 disko=28921856 rx=136444 tx=60968 comm=*system*
psu_energy_ac_mcp_machine=6234322876
-------
timestamp=266952834229
iterations=2240
sample_ns=100000000
window_ns=1000000000
rapl_core_sum_uj=1863540697
rapl_psys_sum_uj=0
pid=0 energy=8361103688370 alive=1 kernel=1 cpu_ns=487540000000 mem=732356608 instructions=1184680737674 wakeups=382404 diski=10358784 disko=28921856 rx=137252 tx=61337 comm=*system*
psu_energy_ac_mcp_machine=6236956543
-------
timestamp=267092811691
iterations=2242
sample_ns=100000000
window_ns=1000000000
rapl_core_sum_uj=1864361924
rapl_psys_sum_uj=0
pid=0 energy=8362036213845 alive=1 kernel=1 cpu_ns=487604000000 mem=733409280 instructions=1184803242769 wakeups=383590 diski=10358784 disko=28921856 rx=138876 tx=62064 comm=*system*
psu_energy_ac_mcp_machine=6240582520
-------
timestamp=267237069333
iterations=2243
sample_ns=100000000
window_ns=1000000000
rapl_core_sum_uj=1864753525
rapl_psys_sum_uj=0
pid=0 energy=8362373689680 alive=1 kernel=1 cpu_ns=487622000000 mem=732360704 instructions=1184852737936 wakeups=384265 diski=10358784 disko=28921856 rx=139691 tx=62432 comm=*system*
psu_energy_ac_mcp_machine=6243178467
-------
timestamp=267377343393
iterations=2244
sample_ns=100000000
window_ns=1000000000
rapl_core_sum_uj=1865180526
rapl_psys_sum_uj=0
pid=0 energy=8362915047910 alive=1 kernel=1 cpu_ns=487661000000 mem=732352512 instructions=1184922009582 wakeups=384960 diski=10358784 disko=28921856 rx=140506 tx=62807 comm=*system*
psu_energy_ac_mcp_machine=6246789917
-------
timestamp=267520501833
iterations=2246
sample_ns=100000000
window_ns=1000000000
rapl_core_sum_uj=1865968855
rapl_psys_sum_uj=0
pid=0 energy=8363696444110 alive=1 kernel=1 cpu_ns=487714000000 mem=732352512 instructions=1185025288822 wakeups=386141 diski=10358784 disko=28921856 rx=142131 tx=63554 comm=*system*
psu_energy_ac_mcp_machine=6250376221
-------
timestamp=267665395564
iterations=2247
sample_ns=100000000
window_ns=1000000000
rapl_core_sum_uj=1866403181
rapl_psys_sum_uj=0
pid=0 energy=8364229601780 alive=1 kernel=1 cpu_ns=487751000000 mem=732352512 instructions=1185094920356 wakeups=386803 diski=10358784 disko=28921856 rx=142944 tx=63925 comm=*system*
psu_energy_ac_mcp_machine=6253015015
-------
timestamp=267806618611
iterations=2248
sample_ns=100000000
window_ns=1000000000
rapl_core_sum_uj=1866835798
rapl_psys_sum_uj=0
pid=0 energy=8364750032165 alive=1 kernel=1 cpu_ns=487785000000 mem=732356608 instructions=1185165006433 wakeups=387468 diski=10358784 disko=28921856 rx=143758 tx=64302 comm=*system*
psu_energy_ac_mcp_machine=6256593872
-------
timestamp=267950027570
iterations=2250
sample_ns=100000000
window_ns=1000000000
rapl_core_sum_uj=1867630353
rapl_psys_sum_uj=0
pid=0 energy=8365525130060 alive=1 kernel=1 cpu_ns=487837000000 mem=732356608 instructions=1185268026012 wakeups=388633 diski=10358784 disko=28921856 rx=145386 tx=65035 comm=*system*
psu_energy_ac_mcp_machine=6259216675
-------
timestamp=268089838403
iterations=2251
sample_ns=100000000
window_ns=1000000000
rapl_core_sum_uj=1868051922
rapl_psys_sum_uj=0
pid=0 energy=8366059078345 alive=1 kernel=1 cpu_ns=487874000000 mem=732352512 instructions=1185337815669 wakeups=389334 diski=10358784 disko=28938240 rx=146201 tx=65413 comm=*system*
psu_energy_ac_mcp_machine=6262868652
-------
timestamp=268233417811
iterations=2252
sample_ns=100000000
window_ns=1000000000
rapl_core_sum_uj=1868479717
rapl_psys_sum_uj=0
pid=0 energy=8366632906500 alive=1 kernel=1 cpu_ns=487919000000 mem=732360704 instructions=1185407581300 wakeups=390037 diski=10358784 disko=28938240 rx=147016 tx=65784 comm=*system*
psu_energy_ac_mcp_machine=6265465942
-------
timestamp=268373068886
iterations=2254
sample_ns=100000000
window_ns=1000000000
rapl_core_sum_uj=1869240337
rapl_psys_sum_uj=0
pid=0 energy=8367380128380 alive=1 kernel=1 cpu_ns=487968000000 mem=732229632 instructions=1185508025676 wakeups=391252 diski=10358784 disko=28938240 rx=148642 tx=66521 comm=*system*
psu_energy_ac_mcp_machine=6269068848
-------
timestamp=268516077873
iterations=2255
sample_ns=100000000
window_ns=1000000000
rapl_core_sum_uj=1869673198
rapl_psys_sum_uj=0
pid=0 energy=8367885552060 alive=1 kernel=1 cpu_ns=487999000000 mem=732229632 instructions=1185578110412 wakeups=391956 diski=10358784 disko=29003776 rx=149455 tx=66883 comm=*system*
psu_energy_ac_mcp_machine=6271679077
-------
timestamp=268656836304
iterations=2257
sample_ns=100000000
window_ns=1000000000
rapl_core_sum_uj=1870461649
rapl_psys_sum_uj=0
pid=0 energy=8368772294075 alive=1 kernel=1 cpu_ns=488060000000 mem=732749824 instructions=1185694458815 wakeups=393165 diski=10358784 disko=29003776 rx=151072 tx=67616 comm=*system*
psu_energy_ac_mcp_machine=6275338745
-------
timestamp=268801352289
iterations=2258
sample_ns=100000000
window_ns=1000000000
rapl_core_sum_uj=1870914957
rapl_psys_sum_uj=0
pid=0 energy=8370527543010 alive=1 kernel=1 cpu_ns=488132000000 mem=732520448 instructions=1185973508602 wakeups=393369 diski=10358784 disko=29003776 rx=151083 tx=67629 comm=*system*
psu_energy_ac_mcp_machine=6277946533
-------
timestamp=268942576403
iterations=2259
sample_ns=100000000
window_ns=1000000000
rapl_core_sum_uj=1871293497
rapl_psys_sum_uj=0
pid=0 energy=8371011162400 alive=1 kernel=1 cpu_ns=488169000000 mem=732602368 instructions=1186033232480 wakeups=393872 diski=10358784 disko=29003776 rx=151591 tx=67847 comm=*system*
psu_energy_ac_mcp_machine=6281545044
-------
timestamp=269083167273
iterations=2261
sample_ns=100000000
window_ns=1000000000
rapl_core_sum_uj=1872099465
rapl_psys_sum_uj=0
pid=0 energy=8371829093315 alive=1 kernel=1 cpu_ns=488227000000 mem=732606464 instructions=1186138818663 wakeups=395058 diski=10358784 disko=29003776 rx=153216 tx=68567 comm=*system*
psu_energy_ac_mcp_machine=6285184082
-------
timestamp=269226715707
iterations=2262
sample_ns=100000000
window_ns=1000000000
rapl_core_sum_uj=1872550270
rapl_psys_sum_uj=0
pid=0 energy=8372391934170 alive=1 kernel=1 cpu_ns=488268000000 mem=732561408 instructions=1186210386834 wakeups=395749 diski=10358784 disko=29003776 rx=154030 tx=68916 comm=*system*
psu_energy_ac_mcp_machine=6287846069
-------
timestamp=269367642998
iterations=2263
sample_ns=100000000
window_ns=1000000000
rapl_core_sum_uj=1872991981
rapl_psys_sum_uj=0
pid=0 energy=8372922589610 alive=1 kernel=1 cpu_ns=488303000000 mem=732516352 instructions=1186281517922 wakeups=396430 diski=10358784 disko=29003776 rx=154844 tx=69272 comm=*system*
psu_energy_ac_mcp_machine=6291439209
-------
timestamp=269511545521
iterations=2265
sample_ns=100000000
window_ns=1000000000
rapl_core_sum_uj=1873563453
rapl_psys_sum_uj=0
pid=0 energy=8373433120780 alive=1 kernel=1 cpu_ns=488337000000 mem=725581824 instructions=1186349624156 wakeups=396862 diski=10358784 disko=29003776 rx=155604 tx=69687 comm=*system*
psu_energy_ac_mcp_machine=6293793823
-------
timestamp=269651503765
iterations=2266
sample_ns=100000000
window_ns=1000000000
rapl_core_sum_uj=1873827796
rapl_psys_sum_uj=0
pid=0 energy=8373751376565 alive=1 kernel=1 cpu_ns=488361000000 mem=725532672 instructions=1186389275313 wakeups=397049 diski=10358784 disko=29003776 rx=155604 tx=69687 comm=*system*
psu_energy_ac_mcp_machine=6297071045
-------
timestamp=269795736412
iterations=2268
sample_ns=100000000
window_ns=1000000000
rapl_core_sum_uj=1874290075
rapl_psys_sum_uj=0
pid=0 energy=8374264605045 alive=1 kernel=1 cpu_ns=488400000000 mem=726814720 instructions=1186452921009 wakeups=397262 diski=10358784 disko=29003776 rx=155606 tx=69687 comm=*system*
psu_energy_ac_mcp_machine=6299429688
-------
timestamp=269936727533
iterations=2269
sample_ns=100000000
window_ns=1000000000
rapl_core_sum_uj=1874499608
rapl_psys_sum_uj=0
pid=0 energy=8374396884415 alive=1 kernel=1 cpu_ns=488409000000 mem=725676032 instructions=1186470376883 wakeups=397420 diski=10358784 disko=29003776 rx=155606 tx=69687 comm=*system*
psu_energy_ac_mcp_machine=6302718506
-------
timestamp=270080852187
iterations=2270
sample_ns=100000000
window_ns=1000000000
rapl_core_sum_uj=1874771397
rapl_psys_sum_uj=0
pid=0 energy=8374713112980 alive=1 kernel=1 cpu_ns=488432000000 mem=725757952 instructions=1186510622596 wakeups=397606 diski=10358784 disko=29003776 rx=155606 tx=69687 comm=*system*
psu_energy_ac_mcp_machine=6305067627
-------
timestamp=270222112175
iterations=2272
sample_ns=100000000
window_ns=1000000000
rapl_core_sum_uj=1875198276
rapl_psys_sum_uj=0
pid=0 energy=8375087529820 alive=1 kernel=1 cpu_ns=488459000000 mem=725827584 instructions=1186558505964 wakeups=397813 diski=10358784 disko=29003776 rx=155606 tx=69687 comm=*system*
psu_energy_ac_mcp_machine=6308325684
-------
timestamp=270365147437
iterations=2273
sample_ns=100000000
window_ns=1000000000
rapl_core_sum_uj=1875450412
rapl_psys_sum_uj=0
pid=0 energy=8375342828995 alive=1 kernel=1 cpu_ns=488476000000 mem=725725184 instructions=1186592565799 wakeups=397983 diski=10358784 disko=29003776 rx=155606 tx=69687 comm=*system*
psu_energy_ac_mcp_machine=6311557251
-------
timestamp=270509857583
iterations=2274
sample_ns=100000000
window_ns=1000000000
rapl_core_sum_uj=1875720919
rapl_psys_sum_uj=0
pid=0 energy=8375663569250 alive=1 kernel=1 cpu_ns=488500000000 mem=725790720 instructions=1186632713850 wakeups=398173 diski=10358784 disko=29003776 rx=155606 tx=69687 comm=*system*
psu_energy_ac_mcp_machine=6313905762
-------
timestamp=270651748023
iterations=2276
sample_ns=100000000
window_ns=1000000000
rapl_core_sum_uj=1876137239
rapl_psys_sum_uj=0
pid=0 energy=8375990131650 alive=1 kernel=1 cpu_ns=488523000000 mem=725606400 instructions=1186675026330 wakeups=398366 diski=10358784 disko=29003776 rx=155606 tx=69687 comm=*system*
psu_energy_ac_mcp_machine=6317226074
-------
timestamp=270795972686
iterations=2277
sample_ns=100000000
window_ns=1000000000
rapl_core_sum_uj=1876404695
rapl_psys_sum_uj=0
pid=0 energy=8376304669830 alive=1 kernel=1 cpu_ns=488546000000 mem=725749760 instructions=1186714933966 wakeups=398553 diski=10358784 disko=29003776 rx=155606 tx=69687 comm=*system*
psu_energy_ac_mcp_machine=6319572021
-------
timestamp=270937517132
iterations=2278
sample_ns=100000000
window_ns=1000000000
rapl_core_sum_uj=1876670991
rapl_psys_sum_uj=0
pid=0 energy=8376613235315 alive=1 kernel=1 cpu_ns=488568000000 mem=725630976 instructions=1186754647063 wakeups=398740 diski=10358784 disko=29003776 rx=155606 tx=69687 comm=*system*
psu_energy_ac_mcp_machine=6322902100
-------
timestamp=271081611964
iterations=2280
sample_ns=100000000
window_ns=1000000000
rapl_core_sum_uj=1877084564
rapl_psys_sum_uj=0
pid=0 energy=8376939291755 alive=1 kernel=1 cpu_ns=488591000000 mem=725725184 instructions=1186796858351 wakeups=398939 diski=10358784 disko=29003776 rx=155606 tx=69687 comm=*system*
psu_energy_ac_mcp_machine=6325216431
-------
timestamp=271222919194
iterations=2281
sample_ns=100000000
window_ns=1000000000
rapl_core_sum_uj=1877349578
rapl_psys_sum_uj=0
pid=0 energy=8377252513940 alive=1 kernel=1 cpu_ns=488614000000 mem=725831680 instructions=1186836502788 wakeups=399116 diski=10358784 disko=29003776 rx=155606 tx=69687 comm=*system*
psu_energy_ac_mcp_machine=6328476685
-------
timestamp=271365181768
iterations=2283
sample_ns=100000000
window_ns=1000000000
rapl_core_sum_uj=1877771941
rapl_psys_sum_uj=0
pid=0 energy=8377634897300 alive=1 kernel=1 cpu_ns=488643000000 mem=725766144 instructions=1186883979460 wakeups=399314 diski=10358784 disko=29003776 rx=155606 tx=69687 comm=*system*
psu_energy_ac_mcp_machine=6331716553
-------
timestamp=271509154772
iterations=2284
sample_ns=100000000
window_ns=1000000000
rapl_core_sum_uj=1878025725
rapl_psys_sum_uj=0
pid=0 energy=8377896117735 alive=1 kernel=1 cpu_ns=488661000000 mem=725590016 instructions=1186918223547 wakeups=399495 diski=10358784 disko=29003776 rx=155606 tx=69687 comm=*system*
psu_energy_ac_mcp_machine=6334086304
-------
timestamp=271650607544
iterations=2285
sample_ns=100000000
window_ns=1000000000
rapl_core_sum_uj=1878291105
rapl_psys_sum_uj=0
pid=0 energy=8378211468165 alive=1 kernel=1 cpu_ns=488684000000 mem=725827584 instructions=1186958293633 wakeups=399673 diski=10358784 disko=29003776 rx=155606 tx=69687 comm=*system*
psu_energy_ac_mcp_machine=6337335938
-------
timestamp=271794346338
iterations=2287
sample_ns=100000000
window_ns=1000000000
rapl_core_sum_uj=1878700345
rapl_psys_sum_uj=0
pid=0 energy=8378529778200 alive=1 kernel=1 cpu_ns=488706000000 mem=725757952 instructions=1186999955640 wakeups=399868 diski=10358784 disko=29003776 rx=155608 tx=69687 comm=*system*
psu_energy_ac_mcp_machine=6339675537
-------
timestamp=271935032152
iterations=2288
sample_ns=100000000
window_ns=1000000000
rapl_core_sum_uj=1878965786
rapl_psys_sum_uj=0
pid=0 energy=8378858030195 alive=1 kernel=1 cpu_ns=488732000000 mem=725651456 instructions=1187039606039 wakeups=400045 diski=10358784 disko=29003776 rx=155608 tx=69687 comm=*system*
psu_energy_ac_mcp_machine=6342959473
-------
timestamp=272079119395
iterations=2289
sample_ns=100000000
window_ns=1000000000
rapl_core_sum_uj=1879239528
rapl_psys_sum_uj=0
pid=0 energy=8379157222370 alive=1 kernel=1 cpu_ns=488752000000 mem=725749760 instructions=1187079444474 wakeups=400235 diski=10358784 disko=29003776 rx=155608 tx=69687 comm=*system*
psu_energy_ac_mcp_machine=6345309326
-------
timestamp=272220406434
iterations=2291
sample_ns=100000000
window_ns=1000000000
rapl_core_sum_uj=1879652064
rapl_psys_sum_uj=0
pid=0 energy=8379489019295 alive=1 kernel=1 cpu_ns=488776000000 mem=725688320 instructions=1187121803859 wakeups=400442 diski=10358784 disko=29003776 rx=155608 tx=69687 comm=*system*
psu_energy_ac_mcp_machine=6348583008
-------
timestamp=272365671905
iterations=2292
sample_ns=100000000
window_ns=1000000000
rapl_core_sum_uj=1879919275
rapl_psys_sum_uj=0
pid=0 energy=8379819042975 alive=1 kernel=1 cpu_ns=488802000000 mem=725573632 instructions=1187161808595 wakeups=400633 diski=10358784 disko=29003776 rx=155608 tx=69687 comm=*system*
psu_energy_ac_mcp_machine=6351840210
-------
timestamp=272509987574
iterations=2294
sample_ns=100000000
window_ns=1000000000
rapl_core_sum_uj=1880336327
rapl_psys_sum_uj=0
pid=0 energy=8380180054700 alive=1 kernel=1 cpu_ns=488828000000 mem=725647360 instructions=1187208010940 wakeups=400846 diski=10358784 disko=29003776 rx=155608 tx=69687 comm=*system*
psu_energy_ac_mcp_machine=6354195679
-------
timestamp=272650779977
iterations=2295
sample_ns=100000000
window_ns=1000000000
rapl_core_sum_uj=1880584923
rapl_psys_sum_uj=0
pid=0 energy=8380465315025 alive=1 kernel=1 cpu_ns=488849000000 mem=725671936 instructions=1187244063005 wakeups=401028 diski=10358784 disko=29003776 rx=155608 tx=69687 comm=*system*
psu_energy_ac_mcp_machine=6357498047
-------
timestamp=272795998520
iterations=2296
sample_ns=100000000
window_ns=1000000000
rapl_core_sum_uj=1880846397
rapl_psys_sum_uj=0
pid=0 energy=8380774638955 alive=1 kernel=1 cpu_ns=488871000000 mem=725569536 instructions=1187283927791 wakeups=401208 diski=10358784 disko=29003776 rx=155608 tx=69687 comm=*system*
psu_energy_ac_mcp_machine=6359833252
-------
timestamp=272936771027
iterations=2298
sample_ns=100000000
window_ns=1000000000
rapl_core_sum_uj=1881260947
rapl_psys_sum_uj=0
pid=0 energy=8381100106205 alive=1 kernel=1 cpu_ns=488894000000 mem=725716992 instructions=1187326021241 wakeups=401403 diski=10358784 disko=29003776 rx=155608 tx=69687 comm=*system*
psu_energy_ac_mcp_machine=6363166870
-------
timestamp=273079933686
iterations=2299
sample_ns=100000000
window_ns=1000000000
rapl_core_sum_uj=1881526755
rapl_psys_sum_uj=0
pid=0 energy=8381418412470 alive=1 kernel=1 cpu_ns=488918000000 mem=725651456 instructions=1187365682494 wakeups=401589 diski=10358784 disko=29003776 rx=155608 tx=69687 comm=*system*
psu_energy_ac_mcp_machine=6365523804
-------
timestamp=273220305104
iterations=2300
sample_ns=100000000
window_ns=1000000000
rapl_core_sum_uj=1881790243
rapl_psys_sum_uj=0
pid=0 energy=8381731930460 alive=1 kernel=1 cpu_ns=488941000000 mem=725737472 instructions=1187405386092 wakeups=401777 diski=10358784 disko=29020160 rx=155608 tx=69687 comm=*system*
psu_energy_ac_mcp_machine=6368792969
-------
timestamp=273364413404
iterations=2302
sample_ns=100000000
window_ns=1000000000
rapl_core_sum_uj=1882192220
rapl_psys_sum_uj=0
pid=0 energy=8382080818970 alive=1 kernel=1 cpu_ns=488969000000 mem=725712896 instructions=1187447163794 wakeups=401972 diski=10358784 disko=29020160 rx=155608 tx=69687 comm=*system*
psu_energy_ac_mcp_machine=6371152832
-------
timestamp=273505820635
iterations=2303
sample_ns=100000000
window_ns=1000000000
rapl_core_sum_uj=1882460652
rapl_psys_sum_uj=0
pid=0 energy=8382404157485 alive=1 kernel=1 cpu_ns=488994000000 mem=725729280 instructions=1187486831497 wakeups=402155 diski=10358784 disko=29020160 rx=155608 tx=69687 comm=*system*
psu_energy_ac_mcp_machine=6374391602
-------
timestamp=273647892135
iterations=2305
sample_ns=100000000
window_ns=1000000000
rapl_core_sum_uj=1882908893
rapl_psys_sum_uj=0
pid=0 energy=8382831790475 alive=1 kernel=1 cpu_ns=489023000000 mem=726290432 instructions=1187543358095 wakeups=402365 diski=10358784 disko=29020160 rx=155608 tx=69687 comm=*system*
psu_energy_ac_mcp_machine=6377681641
-------
timestamp=273791321463
iterations=2306
sample_ns=100000000
window_ns=1000000000
rapl_core_sum_uj=1883139727
rapl_psys_sum_uj=0
pid=0 energy=8383024418735 alive=1 kernel=1 cpu_ns=489036000000 mem=725782528 instructions=1187568883747 wakeups=402538 diski=10358784 disko=29020160 rx=155610 tx=69687 comm=*system*
psu_energy_ac_mcp_machine=6380062500
-------
timestamp=273932393894
iterations=2307
sample_ns=100000000
window_ns=1000000000
rapl_core_sum_uj=1883409319
rapl_psys_sum_uj=0
pid=0 energy=8383348617460 alive=1 kernel=1 cpu_ns=489061000000 mem=725635072 instructions=1187608723492 wakeups=402726 diski=10358784 disko=29020160 rx=155610 tx=69687 comm=*system*
psu_energy_ac_mcp_machine=6383331543
-------
timestamp=274076996173
iterations=2309
sample_ns=100000000
window_ns=1000000000
rapl_core_sum_uj=1883861406
rapl_psys_sum_uj=0
pid=0 energy=8383734876985 alive=1 kernel=1 cpu_ns=489088000000 mem=725745664 instructions=1187658975397 wakeups=402998 diski=10358784 disko=30818304 rx=155610 tx=69687 comm=*system*
psu_energy_ac_mcp_machine=6385733398
-------
timestamp=274217465883
iterations=2310
sample_ns=100000000
window_ns=1000000000
rapl_core_sum_uj=1884135575
rapl_psys_sum_uj=0
pid=0 energy=8384067042070 alive=1 kernel=1 cpu_ns=489114000000 mem=725843968 instructions=1187699408414 wakeups=403193 diski=10358784 disko=30818304 rx=155610 tx=69687 comm=*system*
psu_energy_ac_mcp_machine=6389071655
-------
timestamp=274360597773
iterations=2311
sample_ns=100000000
window_ns=1000000000
rapl_core_sum_uj=1884397965
rapl_psys_sum_uj=0
pid=0 energy=8384385644030 alive=1 kernel=1 cpu_ns=489138000000 mem=725770240 instructions=1187739128806 wakeups=403382 diski=10358784 disko=30818304 rx=155610 tx=69687 comm=*system*
psu_energy_ac_mcp_machine=6391426514
-------
timestamp=274501369990
iterations=2313
sample_ns=100000000
window_ns=1000000000
rapl_core_sum_uj=1884808730
rapl_psys_sum_uj=0
pid=0 energy=8384707452380 alive=1 kernel=1 cpu_ns=489160000000 mem=725712896 instructions=1187781490476 wakeups=403593 diski=10358784 disko=30818304 rx=155610 tx=69687 comm=*system*
psu_energy_ac_mcp_machine=6394757202
-------
timestamp=274645990907
iterations=2314
sample_ns=100000000
window_ns=1000000000
rapl_core_sum_uj=1885079115
rapl_psys_sum_uj=0
pid=0 energy=8385054127935 alive=1 kernel=1 cpu_ns=489189000000 mem=725553152 instructions=1187821825587 wakeups=403772 diski=10358784 disko=30818304 rx=155610 tx=69687 comm=*system*
psu_energy_ac_mcp_machine=6397124512
-------
timestamp=274786796891
iterations=2316
sample_ns=100000000
window_ns=1000000000
rapl_core_sum_uj=1885548718
rapl_psys_sum_uj=0
pid=0 energy=8385574581550 alive=1 kernel=1 cpu_ns=489227000000 mem=726708224 instructions=1187887916310 wakeups=403998 diski=10358784 disko=30818304 rx=155610 tx=69687 comm=*system*
psu_energy_ac_mcp_machine=6400385986
-------
timestamp=274929962552
iterations=2317
sample_ns=100000000
window_ns=1000000000
rapl_core_sum_uj=1885771740
rapl_psys_sum_uj=0
pid=0 energy=8385685526350 alive=1 kernel=1 cpu_ns=489233000000 mem=725741568 instructions=1187904105270 wakeups=404169 diski=10358784 disko=30818304 rx=155610 tx=69687 comm=*system*
psu_energy_ac_mcp_machine=6403647217
-------
timestamp=275074388788
iterations=2318
sample_ns=100000000
window_ns=1000000000
rapl_core_sum_uj=1886036144
rapl_psys_sum_uj=0
pid=0 energy=8386015658650 alive=1 kernel=1 cpu_ns=489259000000 mem=725749760 instructions=1187944131730 wakeups=404362 diski=10358784 disko=30818304 rx=155610 tx=69687 comm=*system*
psu_energy_ac_mcp_machine=6405961426
-------
timestamp=275215281526
iterations=2320
sample_ns=100000000
window_ns=1000000000
rapl_core_sum_uj=1886457713
rapl_psys_sum_uj=0
pid=0 energy=8386381654430 alive=1 kernel=1 cpu_ns=489288000000 mem=725753856 instructions=1187988330886 wakeups=404569 diski=10358784 disko=30818304 rx=155610 tx=69687 comm=*system*
psu_energy_ac_mcp_machine=6409223389
-------
timestamp=275358013630
iterations=2321
sample_ns=100000000
window_ns=1000000000
rapl_core_sum_uj=1886722605
rapl_psys_sum_uj=0
pid=0 energy=8386685116540 alive=1 kernel=1 cpu_ns=489311000000 mem=725753856 instructions=1188026023308 wakeups=404739 diski=10358784 disko=30818304 rx=155610 tx=69687 comm=*system*
psu_energy_ac_mcp_machine=6411545898
-------
timestamp=275499071906
iterations=2322
sample_ns=100000000
window_ns=1000000000
rapl_core_sum_uj=1886992990
rapl_psys_sum_uj=0
pid=0 energy=8386999352790 alive=1 kernel=1 cpu_ns=489334000000 mem=725757952 instructions=1188065870558 wakeups=404918 diski=10358784 disko=30818304 rx=155610 tx=69687 comm=*system*
psu_energy_ac_mcp_machine=6414797852
-------
timestamp=275642163961
iterations=2324
sample_ns=100000000
window_ns=1000000000
rapl_core_sum_uj=1887397469
rapl_psys_sum_uj=0
pid=0 energy=8387334896880 alive=1 kernel=1 cpu_ns=489359000000 mem=725757952 instructions=1188107979376 wakeups=405113 diski=10358784 disko=30818304 rx=155610 tx=69687 comm=*system*
psu_energy_ac_mcp_machine=6417117432
-------
timestamp=275782454166
iterations=2325
sample_ns=100000000
window_ns=1000000000
rapl_core_sum_uj=1887658516
rapl_psys_sum_uj=0
pid=0 energy=8387647019040 alive=1 kernel=1 cpu_ns=489382000000 mem=725762048 instructions=1188147403808 wakeups=405290 diski=10358784 disko=30818304 rx=155612 tx=69687 comm=*system*
psu_energy_ac_mcp_machine=6420393311
-------
timestamp=275927355248
iterations=2326
sample_ns=100000000
window_ns=1000000000
rapl_core_sum_uj=1887926521
rapl_psys_sum_uj=0
pid=0 energy=8387961199980 alive=1 kernel=1 cpu_ns=489405000000 mem=725700608 instructions=1188187239996 wakeups=405468 diski=10358784 disko=30818304 rx=155612 tx=69687 comm=*system*
psu_energy_ac_mcp_machine=6422717896
-------
timestamp=276068554088
iterations=2328
sample_ns=100000000
window_ns=1000000000
rapl_core_sum_uj=1888342047
rapl_psys_sum_uj=0
pid=0 energy=8388312857510 alive=1 kernel=1 cpu_ns=489433000000 mem=725995520 instructions=1188229571502 wakeups=405670 diski=10358784 disko=30818304 rx=155612 tx=69687 comm=*system*
psu_energy_ac_mcp_machine=6425990845
-------
timestamp=276210687869
iterations=2329
sample_ns=100000000
window_ns=1000000000
rapl_core_sum_uj=1888613958
rapl_psys_sum_uj=0
pid=0 energy=8388617927635 alive=1 kernel=1 cpu_ns=489454000000 mem=725700608 instructions=1188269585527 wakeups=405858 diski=10358784 disko=30818304 rx=155612 tx=69687 comm=*system*
psu_energy_ac_mcp_machine=6429198120
-------
timestamp=276354262127
iterations=2331
sample_ns=100000000
window_ns=1000000000
rapl_core_sum_uj=1889059819
rapl_psys_sum_uj=0
pid=0 energy=8389040171735 alive=1 kernel=1 cpu_ns=489484000000 mem=726290432 instructions=1188324034347 wakeups=406064 diski=10358784 disko=30818304 rx=155612 tx=69687 comm=*system*
psu_energy_ac_mcp_machine=6431559204
-------
timestamp=276495013041
iterations=2332
sample_ns=100000000
window_ns=1000000000
rapl_core_sum_uj=1889297184
rapl_psys_sum_uj=0
pid=0 energy=8389264545245 alive=1 kernel=1 cpu_ns=489501000000 mem=725745664 instructions=1188351909049 wakeups=406250 diski=10358784 disko=30818304 rx=155612 tx=69687 comm=*system*
psu_energy_ac_mcp_machine=6434826050
-------
timestamp=276639987912
iterations=2333
sample_ns=100000000
window_ns=1000000000
rapl_core_sum_uj=1889565128
rapl_psys_sum_uj=0
pid=0 energy=8389572339640 alive=1 kernel=1 cpu_ns=489523000000 mem=725831680 instructions=1188391467928 wakeups=406427 diski=10358784 disko=30818304 rx=155612 tx=69687 comm=*system*
psu_energy_ac_mcp_machine=6437175659
-------
timestamp=276780577808
iterations=2335
sample_ns=100000000
window_ns=1000000000
rapl_core_sum_uj=1889977602
rapl_psys_sum_uj=0
pid=0 energy=8389907856535 alive=1 kernel=1 cpu_ns=489548000000 mem=725987328 instructions=1188433571307 wakeups=406617 diski=10358784 disko=30818304 rx=155612 tx=69687 comm=*system*
psu_energy_ac_mcp_machine=6440475586
-------
timestamp=276925755738
iterations=2336
sample_ns=100000000
window_ns=1000000000
rapl_core_sum_uj=1890250368
rapl_psys_sum_uj=0
pid=0 energy=8390218850965 alive=1 kernel=1 cpu_ns=489570000000 mem=725868544 instructions=1188473770193 wakeups=406812 diski=10358784 disko=30818304 rx=155612 tx=69687 comm=*system*
psu_energy_ac_mcp_machine=6442828613
-------
timestamp=277067766741
iterations=2337
sample_ns=100000000
window_ns=1000000000
rapl_core_sum_uj=1890523195
rapl_psys_sum_uj=0
pid=0 energy=8390523509935 alive=1 kernel=1 cpu_ns=489591000000 mem=725774336 instructions=1188513701987 wakeups=406996 diski=10358784 disko=30818304 rx=155612 tx=69687 comm=*system*
psu_energy_ac_mcp_machine=6446172119
-------
timestamp=277212603007
iterations=2339
sample_ns=100000000
window_ns=1000000000
rapl_core_sum_uj=1890943421
rapl_psys_sum_uj=0
pid=0 energy=8390855421865 alive=1 kernel=1 cpu_ns=489615000000 mem=725778432 instructions=1188556084373 wakeups=407197 diski=10358784 disko=30818304 rx=155612 tx=69687 comm=*system*
psu_energy_ac_mcp_machine=6449401001
-------
timestamp=277357159475
iterations=2340
sample_ns=100000000
window_ns=1000000000
rapl_core_sum_uj=1891215942
rapl_psys_sum_uj=0
pid=0 energy=8391153739395 alive=1 kernel=1 cpu_ns=489635000000 mem=725794816 instructions=1188595747879 wakeups=407373 diski=10358784 disko=30818304 rx=155612 tx=69687 comm=*system*
psu_energy_ac_mcp_machine=6451766479
-------
timestamp=277498163958
iterations=2342
sample_ns=100000000
window_ns=1000000000
rapl_core_sum_uj=1891653013
rapl_psys_sum_uj=0
pid=0 energy=8391560075440 alive=1 kernel=1 cpu_ns=489664000000 mem=726306816 instructions=1188648015088 wakeups=407584 diski=10358784 disko=30818304 rx=155612 tx=69687 comm=*system*
psu_energy_ac_mcp_machine=6455070190
-------
timestamp=277643495685
iterations=2343
sample_ns=100000000
window_ns=1000000000
rapl_core_sum_uj=1891895200
rapl_psys_sum_uj=0
pid=0 energy=8391785549985 alive=1 kernel=1 cpu_ns=489679000000 mem=725778432 instructions=1188678109997 wakeups=407760 diski=10358784 disko=30818304 rx=155612 tx=69687 comm=*system*
psu_energy_ac_mcp_machine=6457402222
-------
timestamp=277783818120
iterations=2344
sample_ns=100000000
window_ns=1000000000
rapl_core_sum_uj=1892167111
rapl_psys_sum_uj=0
pid=0 energy=8392107268175 alive=1 kernel=1 cpu_ns=489703000000 mem=725782528 instructions=1188718453635 wakeups=407948 diski=10358784 disko=30818304 rx=155612 tx=69687 comm=*system*
psu_energy_ac_mcp_machine=6460703247
-------
timestamp=277926510058
iterations=2346
sample_ns=100000000
window_ns=1000000000
rapl_core_sum_uj=1892580013
rapl_psys_sum_uj=0
pid=0 energy=8392436884345 alive=1 kernel=1 cpu_ns=489727000000 mem=725786624 instructions=1188760376869 wakeups=408149 diski=10358784 disko=30818304 rx=155614 tx=69687 comm=*system*
psu_energy_ac_mcp_machine=6463008911
-------
timestamp=278067566886
iterations=2347
sample_ns=100000000
window_ns=1000000000
rapl_core_sum_uj=1892848384
rapl_psys_sum_uj=0
pid=0 energy=8392745241005 alive=1 kernel=1 cpu_ns=489749000000 mem=725786624 instructions=1188800048201 wakeups=408332 diski=10358784 disko=30818304 rx=155614 tx=69687 comm=*system*
psu_energy_ac_mcp_machine=6466313354
-------
timestamp=278210977210
iterations=2348
sample_ns=100000000
window_ns=1000000000
rapl_core_sum_uj=1893114680
rapl_psys_sum_uj=0
pid=0 energy=8393056757740 alive=1 kernel=1 cpu_ns=489771000000 mem=725786624 instructions=1188840351548 wakeups=408535 diski=10358784 disko=30818304 rx=155615 tx=69688 comm=*system*
psu_energy_ac_mcp_machine=6469542603
-------
timestamp=278356259625
iterations=2350
sample_ns=100000000
window_ns=1000000000
rapl_core_sum_uj=1893533320
rapl_psys_sum_uj=0
pid=0 energy=8393389409855 alive=1 kernel=1 cpu_ns=489795000000 mem=725786624 instructions=1188882881971 wakeups=408744 diski=10358784 disko=30838784 rx=155615 tx=69688 comm=*system*
psu_energy_ac_mcp_machine=6471929688
-------
timestamp=278496396645
iterations=2351
sample_ns=100000000
window_ns=1000000000
rapl_core_sum_uj=1893807611
rapl_psys_sum_uj=0
pid=0 energy=8393693382170 alive=1 kernel=1 cpu_ns=489816000000 mem=725962752 instructions=1188922676434 wakeups=408936 diski=10358784 disko=30838784 rx=155615 tx=69688 comm=*system*
psu_energy_ac_mcp_machine=6475170776
-------
timestamp=278640364786
iterations=2353
sample_ns=100000000
window_ns=1000000000
rapl_core_sum_uj=1894251580
rapl_psys_sum_uj=0
pid=0 energy=8394144385745 alive=1 kernel=1 cpu_ns=489851000000 mem=726491136 instructions=1188977877149 wakeups=409137 diski=10358784 disko=30838784 rx=155615 tx=69688 comm=*system*
psu_energy_ac_mcp_machine=6477528564
-------
timestamp=278781255805
iterations=2354
sample_ns=100000000
window_ns=1000000000
rapl_core_sum_uj=1894486382
rapl_psys_sum_uj=0
pid=0 energy=8394354055485 alive=1 kernel=1 cpu_ns=489866000000 mem=725786624 instructions=1189004811097 wakeups=409314 diski=10358784 disko=30838784 rx=155615 tx=69688 comm=*system*
psu_energy_ac_mcp_machine=6480834229
-------
timestamp=278926382723
iterations=2355
sample_ns=100000000
window_ns=1000000000
rapl_core_sum_uj=1894767204
rapl_psys_sum_uj=0
pid=0 energy=8394674335940 alive=1 kernel=1 cpu_ns=489890000000 mem=725786624 instructions=1189044867188 wakeups=409498 diski=10358784 disko=30838784 rx=155615 tx=69688 comm=*system*
psu_energy_ac_mcp_machine=6483194824
-------
timestamp=279067394504
iterations=2357
sample_ns=100000000
window_ns=1000000000
rapl_core_sum_uj=1895174063
rapl_psys_sum_uj=0
pid=0 energy=8395025250815 alive=1 kernel=1 cpu_ns=489918000000 mem=725803008 instructions=1189087050163 wakeups=409704 diski=10358784 disko=30838784 rx=155615 tx=69688 comm=*system*
psu_energy_ac_mcp_machine=6486482056
-------
timestamp=279210929465
iterations=2358
sample_ns=100000000
window_ns=1000000000
rapl_core_sum_uj=1895443411
rapl_psys_sum_uj=0
pid=0 energy=8395356388735 alive=1 kernel=1 cpu_ns=489944000000 mem=725803008 instructions=1189127277747 wakeups=409901 diski=10358784 disko=30838784 rx=155615 tx=69688 comm=*system*
psu_energy_ac_mcp_machine=6488847290
-------
timestamp=279352395952
iterations=2359
sample_ns=100000000
window_ns=1000000000
rapl_core_sum_uj=1895712942
rapl_psys_sum_uj=0
pid=0 energy=8395670077600 alive=1 kernel=1 cpu_ns=489967000000 mem=725803008 instructions=1189167015520 wakeups=410078 diski=10358784 disko=30838784 rx=155615 tx=69688 comm=*system*
psu_energy_ac_mcp_machine=6492123779
-------
timestamp=279493998207
iterations=2361
sample_ns=100000000
window_ns=1000000000
rapl_core_sum_uj=1896126149
rapl_psys_sum_uj=0
pid=0 energy=8396020658320 alive=1 kernel=1 cpu_ns=489995000000 mem=725803008 instructions=1189209131664 wakeups=410275 diski=10358784 disko=30838784 rx=155615 tx=69688 comm=*system*
psu_energy_ac_mcp_machine=6495399658
-------
timestamp=279637555045
iterations=2362
sample_ns=100000000
window_ns=1000000000
rapl_core_sum_uj=1896400074
rapl_psys_sum_uj=0
pid=0 energy=8396345679360 alive=1 kernel=1 cpu_ns=490020000000 mem=725811200 instructions=1189249135872 wakeups=410457 diski=10358784 disko=30838784 rx=155615 tx=69688 comm=*system*
psu_energy_ac_mcp_machine=6497776978
-------
timestamp=279779279042
iterations=2364
sample_ns=100000000
window_ns=1000000000
rapl_core_sum_uj=1896871020
rapl_psys_sum_uj=0
pid=0 energy=8396865492575 alive=1 kernel=1 cpu_ns=490059000000 mem=726990848 instructions=1189314098515 wakeups=410668 diski=10358784 disko=30838784 rx=155617 tx=69688 comm=*system*
psu_energy_ac_mcp_machine=6501042847
-------
timestamp=279923511619
iterations=2365
sample_ns=100000000
window_ns=1000000000
rapl_core_sum_uj=1897089281
rapl_psys_sum_uj=0
pid=0 energy=8397001464260 alive=1 kernel=1 cpu_ns=490069000000 mem=725811200 instructions=1189331292852 wakeups=410834 diski=10358784 disko=30838784 rx=155617 tx=69688 comm=*system*
psu_energy_ac_mcp_machine=6503358887
-------
timestamp=280064610213
iterations=2366
sample_ns=100000000
window_ns=1000000000
rapl_core_sum_uj=1897359727
rapl_psys_sum_uj=0
pid=0 energy=8397319952770 alive=1 kernel=1 cpu_ns=490093000000 mem=725704704 instructions=1189370990554 wakeups=411017 diski=10358784 disko=30838784 rx=155617 tx=69688 comm=*system*
psu_energy_ac_mcp_machine=6506677490
-------
timestamp=280208992962
iterations=2368
sample_ns=100000000
window_ns=1000000000
rapl_core_sum_uj=1897767563
rapl_psys_sum_uj=0
pid=0 energy=8397646411425 alive=1 kernel=1 cpu_ns=490116000000 mem=725725184 instructions=1189413282285 wakeups=411223 diski=10358784 disko=30838784 rx=155617 tx=69688 comm=*system*
psu_energy_ac_mcp_machine=6509006836
-------
timestamp=280349714204
iterations=2369
sample_ns=100000000
window_ns=1000000000
rapl_core_sum_uj=1898041244
rapl_psys_sum_uj=0
pid=0 energy=8397957128420 alive=1 kernel=1 cpu_ns=490138000000 mem=725725184 instructions=1189453425684 wakeups=411417 diski=10358784 disko=30838784 rx=155617 tx=69688 comm=*system*
psu_energy_ac_mcp_machine=6512311157
-------
timestamp=280494095100
iterations=2370
sample_ns=100000000
window_ns=1000000000
rapl_core_sum_uj=1898309920
rapl_psys_sum_uj=0
pid=0 energy=8398266707705 alive=1 kernel=1 cpu_ns=490160000000 mem=725798912 instructions=1189493341541 wakeups=411600 diski=10358784 disko=30838784 rx=155617 tx=69688 comm=*system*
psu_energy_ac_mcp_machine=6515550293
-------
timestamp=280638333956
iterations=2372
sample_ns=100000000
window_ns=1000000000
rapl_core_sum_uj=1898722883
rapl_psys_sum_uj=0
pid=0 energy=8398591442665 alive=1 kernel=1 cpu_ns=490183000000 mem=725815296 instructions=1189535288533 wakeups=411796 diski=10358784 disko=30838784 rx=155617 tx=69688 comm=*system*
psu_energy_ac_mcp_machine=6517874268
-------
timestamp=280779580546
iterations=2373
sample_ns=100000000
window_ns=1000000000
rapl_core_sum_uj=1898992597
rapl_psys_sum_uj=0
pid=0 energy=8398926704830 alive=1 kernel=1 cpu_ns=490210000000 mem=725606400 instructions=1189575340966 wakeups=411975 diski=10358784 disko=30838784 rx=155617 tx=69688 comm=*system*
psu_energy_ac_mcp_machine=6521147583
-------
timestamp=280925032766
iterations=2375
sample_ns=100000000
window_ns=1000000000
rapl_core_sum_uj=1899457806
rapl_psys_sum_uj=0
pid=0 energy=8399422820490 alive=1 kernel=1 cpu_ns=490248000000 mem=726880256 instructions=1189636564098 wakeups=412178 diski=10358784 disko=30838784 rx=155617 tx=69688 comm=*system*
psu_energy_ac_mcp_machine=6523523193
-------
timestamp=281066468761
iterations=2376
sample_ns=100000000
window_ns=1000000000
rapl_core_sum_uj=1899678814
rapl_psys_sum_uj=0
pid=0 energy=8399572181910 alive=1 kernel=1 cpu_ns=490257000000 mem=725929984 instructions=1189657436382 wakeups=412353 diski=10358784 disko=30838784 rx=155617 tx=69688 comm=*system*
psu_energy_ac_mcp_machine=6526811035
-------
timestamp=281209946906
iterations=2377
sample_ns=100000000
window_ns=1000000000
rapl_core_sum_uj=1899947246
rapl_psys_sum_uj=0
pid=0 energy=8399891370275 alive=1 kernel=1 cpu_ns=490281000000 mem=726028288 instructions=1189697274055 wakeups=412543 diski=10358784 disko=30838784 rx=155617 tx=69688 comm=*system*
psu_energy_ac_mcp_machine=6529164673
-------
timestamp=281351344748
iterations=2379
sample_ns=100000000
window_ns=1000000000
rapl_core_sum_uj=1900363139
rapl_psys_sum_uj=0
pid=0 energy=8400243815970 alive=1 kernel=1 cpu_ns=490308000000 mem=725954560 instructions=1189740763194 wakeups=412739 diski=10358784 disko=30838784 rx=155617 tx=69688 comm=*system*
psu_energy_ac_mcp_machine=6532489868
-------
timestamp=281495042504
iterations=2380
sample_ns=100000000
window_ns=1000000000
rapl_core_sum_uj=1900621195
rapl_psys_sum_uj=0
pid=0 energy=8400543493525 alive=1 kernel=1 cpu_ns=490330000000 mem=725889024 instructions=1189778698705 wakeups=412916 diski=10358784 disko=30838784 rx=155617 tx=69688 comm=*system*
psu_energy_ac_mcp_machine=6535696777
-------
timestamp=281639060104
iterations=2381
sample_ns=100000000
window_ns=1000000000
rapl_core_sum_uj=1900882974
rapl_psys_sum_uj=0
pid=0 energy=8400861682920 alive=1 kernel=1 cpu_ns=490354000000 mem=725938176 instructions=1189818336584 wakeups=413095 diski=10358784 disko=30838784 rx=155617 tx=69688 comm=*system*
psu_energy_ac_mcp_machine=6538052856
-------
timestamp=281778927095
iterations=2383
sample_ns=100000000
window_ns=1000000000
rapl_core_sum_uj=1901300758
rapl_psys_sum_uj=0
pid=0 energy=8401186799560 alive=1 kernel=1 cpu_ns=490377000000 mem=725970944 instructions=1189860359912 wakeups=413289 diski=10358784 disko=30838784 rx=155619 tx=69688 comm=*system*
psu_energy_ac_mcp_machine=6541329468
-------
timestamp=281921649493
iterations=2384
sample_ns=100000000
window_ns=1000000000
rapl_core_sum_uj=1901580115
rapl_psys_sum_uj=0
pid=0 energy=8401505193700 alive=1 kernel=1 cpu_ns=490401000000 mem=725893120 instructions=1189900038740 wakeups=413479 diski=10358784 disko=30838784 rx=155619 tx=69688 comm=*system*
psu_energy_ac_mcp_machine=6543696045
-------
timestamp=282061955225
iterations=2385
sample_ns=100000000
window_ns=1000000000
rapl_core_sum_uj=1901863623
rapl_psys_sum_uj=0
pid=0 energy=8401824039975 alive=1 kernel=1 cpu_ns=490425000000 mem=725770240 instructions=1189939807995 wakeups=413665 diski=10358784 disko=30838784 rx=155619 tx=69688 comm=*system*
psu_energy_ac_mcp_machine=6546973633
-------
timestamp=282205734332
iterations=2387
sample_ns=100000000
window_ns=1000000000
rapl_core_sum_uj=1902293248
rapl_psys_sum_uj=0
pid=0 energy=8402156256945 alive=1 kernel=1 cpu_ns=490449000000 mem=725835776 instructions=1189982251389 wakeups=413865 diski=10358784 disko=30838784 rx=155619 tx=69688 comm=*system*
psu_energy_ac_mcp_machine=6549319946
-------
timestamp=282347516435
iterations=2388
sample_ns=100000000
window_ns=1000000000
rapl_core_sum_uj=1902562718
rapl_psys_sum_uj=0
pid=0 energy=8402460340770 alive=1 kernel=1 cpu_ns=490470000000 mem=725835776 instructions=1190022068154 wakeups=414044 diski=10358784 disko=30838784 rx=155619 tx=69688 comm=*system*
psu_energy_ac_mcp_machine=6552602417
-------
timestamp=282491796910
iterations=2390
sample_ns=100000000
window_ns=1000000000
rapl_core_sum_uj=1903013339
rapl_psys_sum_uj=0
pid=0 energy=8402874387220 alive=1 kernel=1 cpu_ns=490502000000 mem=726188032 instructions=1190072877444 wakeups=414260 diski=10358784 disko=30838784 rx=155620 tx=69688 comm=*system*
psu_energy_ac_mcp_machine=6554902222
-------
timestamp=282632958588
iterations=2391
sample_ns=100000000
window_ns=1000000000
rapl_core_sum_uj=1903264559
rapl_psys_sum_uj=0
pid=0 energy=8403124456530 alive=1 kernel=1 cpu_ns=490520000000 mem=725835776 instructions=1190104891306 wakeups=414440 diski=10358784 disko=30838784 rx=155620 tx=69688 comm=*system*
psu_energy_ac_mcp_machine=6558181030
-------
timestamp=282776956727
iterations=2392
sample_ns=100000000
window_ns=1000000000
rapl_core_sum_uj=1903534517
rapl_psys_sum_uj=0
pid=0 energy=8403439528145 alive=1 kernel=1 cpu_ns=490543000000 mem=725839872 instructions=1190144905629 wakeups=414626 diski=10358784 disko=30838784 rx=155620 tx=69688 comm=*system*
psu_energy_ac_mcp_machine=6561392944
-------
timestamp=282920523284
iterations=2394
sample_ns=100000000
window_ns=1000000000
rapl_core_sum_uj=1903949555
rapl_psys_sum_uj=0
pid=0 energy=8403786563810 alive=1 kernel=1 cpu_ns=490570000000 mem=725856256 instructions=1190187312762 wakeups=414820 diski=10358784 disko=30838784 rx=155620 tx=69688 comm=*system*
psu_energy_ac_mcp_machine=6563758911
-------
timestamp=283061834632
iterations=2395
sample_ns=100000000
window_ns=1000000000
rapl_core_sum_uj=1904222321
rapl_psys_sum_uj=0
pid=0 energy=8404101761380 alive=1 kernel=1 cpu_ns=490593000000 mem=725942272 instructions=1190227352276 wakeups=415011 diski=10358784 disko=30838784 rx=155620 tx=69688 comm=*system*
psu_energy_ac_mcp_machine=6567057983
-------
timestamp=283206307761
iterations=2396
sample_ns=100000000
window_ns=1000000000
rapl_core_sum_uj=1904497040
rapl_psys_sum_uj=0
pid=0 energy=8404410338305 alive=1 kernel=1 cpu_ns=490615000000 mem=725819392 instructions=1190267067661 wakeups=415196 diski=10358784 disko=30838784 rx=155620 tx=69688 comm=*system*
psu_energy_ac_mcp_machine=6569363281
-------
timestamp=283347456902
iterations=2398
sample_ns=100000000
window_ns=1000000000
rapl_core_sum_uj=1904924041
rapl_psys_sum_uj=0
pid=0 energy=8404750294860 alive=1 kernel=1 cpu_ns=490641000000 mem=725700608 instructions=1190309058972 wakeups=415388 diski=10358784 disko=30838784 rx=155620 tx=69688 comm=*system*
psu_energy_ac_mcp_machine=6572643677
-------
timestamp=283492733182
iterations=2399
sample_ns=100000000
window_ns=1000000000
rapl_core_sum_uj=1905201079
rapl_psys_sum_uj=0
pid=0 energy=8405081896835 alive=1 kernel=1 cpu_ns=490667000000 mem=725798912 instructions=1190349379367 wakeups=415584 diski=10358784 disko=30855168 rx=155620 tx=69688 comm=*system*
psu_energy_ac_mcp_machine=6575018921
-------
timestamp=283633398234
iterations=2401
sample_ns=100000000
window_ns=1000000000
rapl_core_sum_uj=1905647001
rapl_psys_sum_uj=0
pid=0 energy=8405503234930 alive=1 kernel=1 cpu_ns=490698000000 mem=726495232 instructions=1190402646986 wakeups=415783 diski=10358784 disko=30855168 rx=155620 tx=69688 comm=*system*
psu_energy_ac_mcp_machine=6578343140
-------
timestamp=283777300786
iterations=2402
sample_ns=100000000
window_ns=1000000000
rapl_core_sum_uj=1905894864
rapl_psys_sum_uj=0
pid=0 energy=8405735550655 alive=1 kernel=1 cpu_ns=490716000000 mem=725766144 instructions=1190431110131 wakeups=415962 diski=10358784 disko=30855168 rx=155622 tx=69688 comm=*system*
psu_energy_ac_mcp_machine=6581560303
-------
timestamp=283921340112
iterations=2403
sample_ns=100000000
window_ns=1000000000
rapl_core_sum_uj=1906165738
rapl_psys_sum_uj=0
pid=0 energy=8406060232120 alive=1 kernel=1 cpu_ns=490741000000 mem=725917696 instructions=1190471046424 wakeups=416142 diski=10358784 disko=30855168 rx=155622 tx=69688 comm=*system*
psu_energy_ac_mcp_machine=6583924683
-------
timestamp=284061766554
iterations=2405
sample_ns=100000000
window_ns=1000000000
rapl_core_sum_uj=1906585598
rapl_psys_sum_uj=0
pid=0 energy=8406409758675 alive=1 kernel=1 cpu_ns=490769000000 mem=725856256 instructions=1190512951735 wakeups=416338 diski=10358784 disko=30855168 rx=155622 tx=69688 comm=*system*
psu_energy_ac_mcp_machine=6587187744
-------
timestamp=284206105008
iterations=2406
sample_ns=100000000
window_ns=1000000000
rapl_core_sum_uj=1906866664
rapl_psys_sum_uj=0
pid=0 energy=8406715758875 alive=1 kernel=1 cpu_ns=490790000000 mem=725860352 instructions=1190553151775 wakeups=416531 diski=10358784 disko=30855168 rx=155622 tx=69688 comm=*system*
psu_energy_ac_mcp_machine=6589534912
-------
timestamp=284347560541
iterations=2407
sample_ns=100000000
window_ns=1000000000
rapl_core_sum_uj=1907138392
rapl_psys_sum_uj=0
pid=0 energy=8407036982890 alive=1 kernel=1 cpu_ns=490814000000 mem=725807104 instructions=1190593396578 wakeups=416727 diski=10358784 disko=30855168 rx=155622 tx=69688 comm=*system*
psu_energy_ac_mcp_machine=6592825806
-------
timestamp=284491524216
iterations=2409
sample_ns=100000000
window_ns=1000000000
rapl_core_sum_uj=1907566003
rapl_psys_sum_uj=0
pid=0 energy=8407371886445 alive=1 kernel=1 cpu_ns=490838000000 mem=725864448 instructions=1190636377289 wakeups=416945 diski=10358784 disko=30855168 rx=155622 tx=69688 comm=*system*
psu_energy_ac_mcp_machine=6595176270
-------
timestamp=284631986750
iterations=2410
sample_ns=100000000
window_ns=1000000000
rapl_core_sum_uj=1907838097
rapl_psys_sum_uj=0
pid=0 energy=8407675749795 alive=1 kernel=1 cpu_ns=490859000000 mem=725864448 instructions=1190676149959 wakeups=417130 diski=10358784 disko=30855168 rx=155622 tx=69688 comm=*system*
psu_energy_ac_mcp_machine=6598472534
-------
timestamp=284776489408
iterations=2412
sample_ns=100000000
window_ns=1000000000
rapl_core_sum_uj=1908293601
rapl_psys_sum_uj=0
pid=0 energy=8408107870910 alive=1 kernel=1 cpu_ns=490890000000 mem=726392832 instructions=1190731574182 wakeups=417334 diski=10358784 disko=30855168 rx=155622 tx=69688 comm=*system*
psu_energy_ac_mcp_machine=6600847656
-------
timestamp=284917437915
iterations=2413
sample_ns=100000000
window_ns=1000000000
rapl_core_sum_uj=1908534628
rapl_psys_sum_uj=0
pid=0 energy=8408322902365 alive=1 kernel=1 cpu_ns=490906000000 mem=725868544 instructions=1190758580473 wakeups=417507 diski=10358784 disko=30855168 rx=155622 tx=69688 comm=*system*
psu_energy_ac_mcp_machine=6604116699
-------
timestamp=285060265204
iterations=2414
sample_ns=100000000
window_ns=1000000000
rapl_core_sum_uj=1908810751
rapl_psys_sum_uj=0
pid=0 energy=8408642841400 alive=1 kernel=1 cpu_ns=490930000000 mem=725819392 instructions=1190798568280 wakeups=417690 diski=10358784 disko=30855168 rx=155622 tx=69688 comm=*system*
psu_energy_ac_mcp_machine=6607394653
-------
timestamp=285204638413
iterations=2416
sample_ns=100000000
window_ns=1000000000
rapl_core_sum_uj=1909244954
rapl_psys_sum_uj=0
pid=0 energy=8409001151580 alive=1 kernel=1 cpu_ns=490959000000 mem=725848064 instructions=1190841230316 wakeups=417899 diski=10358784 disko=30855168 rx=155622 tx=69688 comm=*system*
psu_energy_ac_mcp_machine=6609771118
-------
timestamp=285346505842
iterations=2417
sample_ns=100000000
window_ns=1000000000
rapl_core_sum_uj=1909522419
rapl_psys_sum_uj=0
pid=0 energy=8409316132970 alive=1 kernel=1 cpu_ns=490982000000 mem=725880832 instructions=1190881226594 wakeups=418084 diski=10358784 disko=30855168 rx=155622 tx=69688 comm=*system*
psu_energy_ac_mcp_machine=6613057373
-------
timestamp=285491300738
iterations=2418
sample_ns=100000000
window_ns=1000000000
rapl_core_sum_uj=1909795246
rapl_psys_sum_uj=0
pid=0 energy=8409631088880 alive=1 kernel=1 cpu_ns=491005000000 mem=726028288 instructions=1190921217776 wakeups=418273 diski=10358784 disko=30855168 rx=155622 tx=69688 comm=*system*
psu_energy_ac_mcp_machine=6615402100
-------
timestamp=285631759820
iterations=2420
sample_ns=100000000
window_ns=1000000000
rapl_core_sum_uj=1910207354
rapl_psys_sum_uj=0
pid=0 energy=8409970608850 alive=1 kernel=1 cpu_ns=491031000000 mem=725958656 instructions=1190963121770 wakeups=418466 diski=10358784 disko=30855168 rx=155622 tx=69688 comm=*system*
psu_energy_ac_mcp_machine=6618679932
-------
timestamp=285774891357
iterations=2421
sample_ns=100000000
window_ns=1000000000
rapl_core_sum_uj=1910481340
rapl_psys_sum_uj=0
pid=0 energy=8410290482570 alive=1 kernel=1 cpu_ns=491055000000 mem=725794816 instructions=1191003096514 wakeups=418650 diski=10358784 disko=30855168 rx=155622 tx=69688 comm=*system*
psu_energy_ac_mcp_machine=6621046753
-------
timestamp=285916478012
iterations=2423
sample_ns=100000000
window_ns=1000000000
rapl_core_sum_uj=1910948502
rapl_psys_sum_uj=0
pid=0 energy=8410778493255 alive=1 kernel=1 cpu_ns=491090000000 mem=726790144 instructions=1191065698651 wakeups=418865 diski=10358784 disko=30855168 rx=155624 tx=69688 comm=*system*
psu_energy_ac_mcp_machine=6624337891
-------
timestamp=286061471399
iterations=2424
sample_ns=100000000
window_ns=1000000000
rapl_core_sum_uj=1911184219
rapl_psys_sum_uj=0
pid=0 energy=8410933703700 alive=1 kernel=1 cpu_ns=491101000000 mem=725893120 instructions=1191085740740 wakeups=419034 diski=10358784 disko=30855168 rx=155624 tx=69688 comm=*system*
psu_energy_ac_mcp_machine=6627558594
-------
timestamp=286205727874
iterations=2425
sample_ns=100000000
window_ns=1000000000
rapl_core_sum_uj=1911463515
rapl_psys_sum_uj=0
pid=0 energy=8411263751995 alive=1 kernel=1 cpu_ns=491127000000 mem=725917696 instructions=1191125750399 wakeups=419225 diski=10358784 disko=30855168 rx=155624 tx=69688 comm=*system*
psu_energy_ac_mcp_machine=6629918945
-------
timestamp=286347505450
iterations=2427
sample_ns=100000000
window_ns=1000000000
rapl_core_sum_uj=1911881666
rapl_psys_sum_uj=0
pid=0 energy=8411599070065 alive=1 kernel=1 cpu_ns=491152000000 mem=725757952 instructions=1191167814013 wakeups=419418 diski=10358784 disko=30855168 rx=155624 tx=69688 comm=*system*
psu_energy_ac_mcp_machine=6633204346
-------
timestamp=286491664111
iterations=2428
sample_ns=100000000
window_ns=1000000000
rapl_core_sum_uj=1912150037
rapl_psys_sum_uj=0
pid=0 energy=8411915273450 alive=1 kernel=1 cpu_ns=491175000000 mem=725848064 instructions=1191208054690 wakeups=419618 diski=10358784 disko=30855168 rx=155624 tx=69688 comm=*system*
psu_energy_ac_mcp_machine=6635573242
-------
timestamp=286633107007
iterations=2429
sample_ns=100000000
window_ns=1000000000
rapl_core_sum_uj=1912425793
rapl_psys_sum_uj=0
pid=0 energy=8412227411355 alive=1 kernel=1 cpu_ns=491197000000 mem=725876736 instructions=1191248482271 wakeups=419813 diski=10358784 disko=30855168 rx=155624 tx=69688 comm=*system*
psu_energy_ac_mcp_machine=6638885864
-------
timestamp=286775976493
iterations=2431
sample_ns=100000000
window_ns=1000000000
rapl_core_sum_uj=1912844616
rapl_psys_sum_uj=0
pid=0 energy=8412554156070 alive=1 kernel=1 cpu_ns=491220000000 mem=725700608 instructions=1191290831214 wakeups=420008 diski=10358784 disko=30855168 rx=155624 tx=69688 comm=*system*
psu_energy_ac_mcp_machine=6641241821
-------
timestamp=286916999014
iterations=2432
sample_ns=100000000
window_ns=1000000000
rapl_core_sum_uj=1913119396
rapl_psys_sum_uj=0
pid=0 energy=8412887241505 alive=1 kernel=1 cpu_ns=491246000000 mem=725889024 instructions=1191331448301 wakeups=420204 diski=10358784 disko=30855168 rx=155624 tx=69688 comm=*system*
psu_energy_ac_mcp_machine=6644579346
-------
timestamp=287062495326
iterations=2434
sample_ns=100000000
window_ns=1000000000
rapl_core_sum_uj=1913591746
rapl_psys_sum_uj=0
pid=0 energy=8413346354750 alive=1 kernel=1 cpu_ns=491279000000 mem=726577152 instructions=1191390270950 wakeups=420403 diski=10358784 disko=30855168 rx=155624 tx=69688 comm=*system*
psu_energy_ac_mcp_machine=6647844482
-------
timestamp=287207019105
iterations=2435
sample_ns=100000000
window_ns=1000000000
rapl_core_sum_uj=1913823374
rapl_psys_sum_uj=0
pid=0 energy=8413539124075 alive=1 kernel=1 cpu_ns=491294000000 mem=725852160 instructions=1191413824815 wakeups=420588 diski=10358784 disko=30855168 rx=155624 tx=69688 comm=*system*
psu_energy_ac_mcp_machine=6650206909
-------
timestamp=287347318969
iterations=2436
sample_ns=100000000
window_ns=1000000000
rapl_core_sum_uj=1914094431
rapl_psys_sum_uj=0
pid=0 energy=8413852860460 alive=1 kernel=1 cpu_ns=491317000000 mem=725856256 instructions=1191453572092 wakeups=420772 diski=10358784 disko=30855168 rx=155624 tx=69688 comm=*system*
psu_energy_ac_mcp_machine=6653486450
-------
timestamp=287490385861
iterations=2438
sample_ns=100000000
window_ns=1000000000
rapl_core_sum_uj=1914508554
rapl_psys_sum_uj=0
pid=0 energy=8414204438070 alive=1 kernel=1 cpu_ns=491345000000 mem=725807104 instructions=1191495887614 wakeups=420977 diski=10358784 disko=30855168 rx=155624 tx=69688 comm=*system*
psu_energy_ac_mcp_machine=6655852905
-------
timestamp=287630814076
iterations=2439
sample_ns=100000000
window_ns=1000000000
rapl_core_sum_uj=1914774667
rapl_psys_sum_uj=0
pid=0 energy=8414533522185 alive=1 kernel=1 cpu_ns=491371000000 mem=725831680 instructions=1191535704437 wakeups=421157 diski=10358784 disko=30855168 rx=155624 tx=69688 comm=*system*
psu_energy_ac_mcp_machine=6659113525
-------
timestamp=287774787932
iterations=2440
sample_ns=100000000
window_ns=1000000000
rapl_core_sum_uj=1915042367
rapl_psys_sum_uj=0
pid=0 energy=8414842997745 alive=1 kernel=1 cpu_ns=491393000000 mem=725970944 instructions=1191575599549 wakeups=421341 diski=10358784 disko=30855168 rx=155624 tx=69688 comm=*system*
psu_energy_ac_mcp_machine=6661436279
-------
timestamp=287916293081
iterations=2442
sample_ns=100000000
window_ns=1000000000
rapl_core_sum_uj=1915459236
rapl_psys_sum_uj=0
pid=0 energy=8415170370320 alive=1 kernel=1 cpu_ns=491416000000 mem=725909504 instructions=1191618074064 wakeups=421532 diski=10358784 disko=30855168 rx=155626 tx=69688 comm=*system*
psu_energy_ac_mcp_machine=6664761108
-------
timestamp=288059952599
iterations=2443
sample_ns=100000000
window_ns=1000000000
rapl_core_sum_uj=1915732673
rapl_psys_sum_uj=0
pid=0 energy=8415491373110 alive=1 kernel=1 cpu_ns=491440000000 mem=725991424 instructions=1191658274622 wakeups=421718 diski=10358784 disko=30855168 rx=155626 tx=69688 comm=*system*
psu_energy_ac_mcp_machine=6667110718
-------
timestamp=288200331477
iterations=2444
sample_ns=100000000
window_ns=1000000000
rapl_core_sum_uj=1916001960
rapl_psys_sum_uj=0
pid=0 energy=8415789846025 alive=1 kernel=1 cpu_ns=491460000000 mem=725917696 instructions=1191697969205 wakeups=421902 diski=10358784 disko=30855168 rx=155627 tx=69689 comm=*system*
psu_energy_ac_mcp_machine=6670395630
-------
timestamp=288342769590
iterations=2446
sample_ns=100000000
window_ns=1000000000
rapl_core_sum_uj=1916412787
rapl_psys_sum_uj=0
pid=0 energy=8416140926020 alive=1 kernel=1 cpu_ns=491488000000 mem=726056960 instructions=1191740185204 wakeups=422109 diski=10358784 disko=30855168 rx=155627 tx=69689 comm=*system*
psu_energy_ac_mcp_machine=6673660767
-------
timestamp=288488416347
iterations=2447
sample_ns=100000000
window_ns=1000000000
rapl_core_sum_uj=1916679327
rapl_psys_sum_uj=0
pid=0 energy=8416466258250 alive=1 kernel=1 cpu_ns=491513000000 mem=726056960 instructions=1191780251650 wakeups=422293 diski=10358784 disko=30855168 rx=155627 tx=69689 comm=*system*
psu_energy_ac_mcp_machine=6676025391
-------
timestamp=288629110058
iterations=2449
sample_ns=100000000
window_ns=1000000000
rapl_core_sum_uj=1917105596
rapl_psys_sum_uj=0
pid=0 energy=8416850288805 alive=1 kernel=1 cpu_ns=491542000000 mem=725831680 instructions=1191828057761 wakeups=422507 diski=10358784 disko=30871552 rx=155627 tx=69689 comm=*system*
psu_energy_ac_mcp_machine=6679366455
-------
timestamp=288772058523
iterations=2450
sample_ns=100000000
window_ns=1000000000
rapl_core_sum_uj=1917364324
rapl_psys_sum_uj=0
pid=0 energy=8417128846240 alive=1 kernel=1 cpu_ns=491563000000 mem=725884928 instructions=1191862769248 wakeups=422690 diski=10358784 disko=30871552 rx=155627 tx=69689 comm=*system*
psu_energy_ac_mcp_machine=6681738403
-------
timestamp=288913323169
iterations=2451
sample_ns=100000000
window_ns=1000000000
rapl_core_sum_uj=1917633366
rapl_psys_sum_uj=0
pid=0 energy=8417437893320 alive=1 kernel=1 cpu_ns=491585000000 mem=725811200 instructions=1191902578664 wakeups=422867 diski=10358784 disko=30871552 rx=155627 tx=69689 comm=*system*
psu_energy_ac_mcp_machine=6684991699
-------
timestamp=289057976567
iterations=2453
sample_ns=100000000
window_ns=1000000000
rapl_core_sum_uj=1918054569
rapl_psys_sum_uj=0
pid=0 energy=8417785022240 alive=1 kernel=1 cpu_ns=491612000000 mem=726016000 instructions=1191945004448 wakeups=423061 diski=10358784 disko=30871552 rx=155627 tx=69689 comm=*system*
psu_energy_ac_mcp_machine=6687372681
-------
timestamp=289199416985
iterations=2454
sample_ns=100000000
window_ns=1000000000
rapl_core_sum_uj=1918327152
rapl_psys_sum_uj=0
pid=0 energy=8418095792945 alive=1 kernel=1 cpu_ns=491634000000 mem=725925888 instructions=1191985158589 wakeups=423252 diski=10358784 disko=30871552 rx=155627 tx=69689 comm=*system*
psu_energy_ac_mcp_machine=6690670654
-------
timestamp=289344357650
iterations=2455
sample_ns=100000000
window_ns=1000000000
rapl_core_sum_uj=1918599063
rapl_psys_sum_uj=0
pid=0 energy=8418430901865 alive=1 kernel=1 cpu_ns=491661000000 mem=725815296 instructions=1192025180373 wakeups=423442 diski=10358784 disko=30871552 rx=155627 tx=69689 comm=*system*
psu_energy_ac_mcp_machine=6694196167
-------
timestamp=289504566408
iterations=2457
sample_ns=100000000
window_ns=1000000000
rapl_core_sum_uj=1920243166
rapl_psys_sum_uj=0
pid=0 energy=8423938595685 alive=1 kernel=1 cpu_ns=492135000000 mem=749768704 instructions=1192652719137 wakeups=457982 diski=10358784 disko=30871552 rx=155630 tx=69692 comm=*system*
psu_energy_ac_mcp_machine=6699354004
-------
timestamp=289667243291
iterations=2459
sample_ns=100000000
window_ns=1000000000
rapl_core_sum_uj=1922868654
rapl_psys_sum_uj=0
pid=0 energy=8433325265500 alive=1 kernel=1 cpu_ns=492962000000 mem=750825472 instructions=1193703053100 wakeups=520518 diski=10358784 disko=30871552 rx=155630 tx=69692 comm=*system*
psu_energy_ac_mcp_machine=6704489502
-------
timestamp=289829561231
iterations=2460
sample_ns=100000000
window_ns=1000000000
rapl_core_sum_uj=1924183412
rapl_psys_sum_uj=0
pid=0 energy=8437981951830 alive=1 kernel=1 cpu_ns=493377000000 mem=750120960 instructions=1194219390366 wakeups=551736 diski=10358784 disko=30871552 rx=155632 tx=69692 comm=*system*
psu_energy_ac_mcp_machine=6709630127
-------
timestamp=289991901257
iterations=2462
sample_ns=100000000
window_ns=1000000000
rapl_core_sum_uj=1926807556
rapl_psys_sum_uj=0
pid=0 energy=8447387263195 alive=1 kernel=1 cpu_ns=494208000000 mem=750759936 instructions=1195269452639 wakeups=614540 diski=10358784 disko=30871552 rx=155632 tx=69692 comm=*system*
psu_energy_ac_mcp_machine=6714749756
-------
timestamp=290155348052
iterations=2463
sample_ns=100000000
window_ns=1000000000
rapl_core_sum_uj=1928127441
rapl_psys_sum_uj=0
pid=0 energy=8452062356325 alive=1 kernel=1 cpu_ns=494624000000 mem=750407680 instructions=1195788471265 wakeups=645414 diski=10358784 disko=30871552 rx=155632 tx=69692 comm=*system*
psu_energy_ac_mcp_machine=6719879517
-------
timestamp=290316316878
iterations=2465
sample_ns=100000000
window_ns=1000000000
rapl_core_sum_uj=1930757139
rapl_psys_sum_uj=0
pid=0 energy=8461431168820 alive=1 kernel=1 cpu_ns=495455000000 mem=750231552 instructions=1196831233764 wakeups=708191 diski=10358784 disko=30871552 rx=155632 tx=69692 comm=*system*
psu_energy_ac_mcp_machine=6724999512
-------
timestamp=290476208809
iterations=2466
sample_ns=100000000
window_ns=1000000000
rapl_core_sum_uj=1932078122
rapl_psys_sum_uj=0
pid=0 energy=8466116453750 alive=1 kernel=1 cpu_ns=495869000000 mem=750407680 instructions=1197354290750 wakeups=738773 diski=10358784 disko=30871552 rx=155632 tx=69692 comm=*system*
psu_energy_ac_mcp_machine=6730136475
-------
timestamp=290637271307
iterations=2468
sample_ns=100000000
window_ns=1000000000
rapl_core_sum_uj=1934703304
rapl_psys_sum_uj=0
pid=0 energy=8475490885215 alive=1 kernel=1 cpu_ns=496700000000 mem=750407680 instructions=1198398177043 wakeups=801579 diski=10358784 disko=30871552 rx=155632 tx=69692 comm=*system*
psu_energy_ac_mcp_machine=6735246948
-------
timestamp=290799024294
iterations=2469
sample_ns=100000000
window_ns=1000000000
rapl_core_sum_uj=1936014400
rapl_psys_sum_uj=0
pid=0 energy=8480189906470 alive=1 kernel=1 cpu_ns=497116000000 mem=750583808 instructions=1198921981294 wakeups=832397 diski=10358784 disko=30871552 rx=155632 tx=69692 comm=*system*
psu_energy_ac_mcp_machine=6740377441
-------
timestamp=290960664431
iterations=2471
sample_ns=100000000
window_ns=1000000000
rapl_core_sum_uj=1938658503
rapl_psys_sum_uj=0
pid=0 energy=8489554843165 alive=1 kernel=1 cpu_ns=497947000000 mem=750235648 instructions=1199963968633 wakeups=894966 diski=10358784 disko=30871552 rx=155632 tx=69692 comm=*system*
psu_energy_ac_mcp_machine=6745545166
-------
timestamp=291120466203
iterations=2473
sample_ns=100000000
window_ns=1000000000
rapl_core_sum_uj=1941299249
rapl_psys_sum_uj=0
pid=0 energy=8498967445410 alive=1 kernel=1 cpu_ns=498779000000 mem=751116288 instructions=1201014489082 wakeups=957026 diski=10358784 disko=30871552 rx=155632 tx=69692 comm=*system*
psu_energy_ac_mcp_machine=6750687134
-------
timestamp=291281593054
iterations=2474
sample_ns=100000000
window_ns=1000000000
rapl_core_sum_uj=1942621453
rapl_psys_sum_uj=0
pid=0 energy=8503635102420 alive=1 kernel=1 cpu_ns=499193000000 mem=750235648 instructions=1201534020484 wakeups=988773 diski=10358784 disko=30871552 rx=155632 tx=69692 comm=*system*
psu_energy_ac_mcp_machine=6755802612
-------
timestamp=291440303802
iterations=2476
sample_ns=100000000
window_ns=1000000000
rapl_core_sum_uj=1945256522
rapl_psys_sum_uj=0
pid=0 energy=8513052079450 alive=1 kernel=1 cpu_ns=500025000000 mem=750940160 instructions=1202585415890 wakeups=1051517 diski=10358784 disko=30871552 rx=155632 tx=69692 comm=*system*
psu_energy_ac_mcp_machine=6760947266
-------
timestamp=291600725945
iterations=2477
sample_ns=100000000
window_ns=1000000000
rapl_core_sum_uj=1946581534
rapl_psys_sum_uj=0
pid=0 energy=8517743961515 alive=1 kernel=1 cpu_ns=500441000000 mem=750235648 instructions=1203107792303 wakeups=1083065 diski=10358784 disko=30871552 rx=155632 tx=69692 comm=*system*
psu_energy_ac_mcp_machine=6766085083
-------
timestamp=291761363340
iterations=2479
sample_ns=100000000
window_ns=1000000000
rapl_core_sum_uj=1949215872
rapl_psys_sum_uj=0
pid=0 energy=8527147192625 alive=1 kernel=1 cpu_ns=501272000000 mem=750235648 instructions=1204157438525 wakeups=1146013 diski=10358784 disko=30871552 rx=155634 tx=69692 comm=*system*
psu_energy_ac_mcp_machine=6771202393
-------
timestamp=291921693170
iterations=2480
sample_ns=100000000
window_ns=1000000000
rapl_core_sum_uj=1950538747
rapl_psys_sum_uj=0
pid=0 energy=8531830045850 alive=1 kernel=1 cpu_ns=501686000000 mem=750174208 instructions=1204680009170 wakeups=1176989 diski=10358784 disko=30871552 rx=155634 tx=69692 comm=*system*
psu_energy_ac_mcp_machine=6776360840
-------
timestamp=292082478860
iterations=2482
sample_ns=100000000
window_ns=1000000000
rapl_core_sum_uj=1953192005
rapl_psys_sum_uj=0
pid=0 energy=8541223117000 alive=1 kernel=1 cpu_ns=502517000000 mem=750276608 instructions=1205727623400 wakeups=1240186 diski=10358784 disko=30871552 rx=155634 tx=69692 comm=*system*
psu_energy_ac_mcp_machine=6781523071
-------
timestamp=292238682467
iterations=2483
sample_ns=100000000
window_ns=1000000000
rapl_core_sum_uj=1954517017
rapl_psys_sum_uj=0
pid=0 energy=8545925843835 alive=1 kernel=1 cpu_ns=502933000000 mem=750276608 instructions=1206252168767 wakeups=1271032 diski=10358784 disko=30871552 rx=155634 tx=69692 comm=*system*
psu_energy_ac_mcp_machine=6786642700
-------
timestamp=292401769432
iterations=2485
sample_ns=100000000
window_ns=1000000000
rapl_core_sum_uj=1957169482
rapl_psys_sum_uj=0
pid=0 energy=8555314945005 alive=1 kernel=1 cpu_ns=503765000000 mem=750100480 instructions=1207297989001 wakeups=1334234 diski=10358784 disko=30871552 rx=155634 tx=69692 comm=*system*
psu_energy_ac_mcp_machine=6791779419
-------
timestamp=292561346013
iterations=2486
sample_ns=100000000
window_ns=1000000000
rapl_core_sum_uj=1958492968
rapl_psys_sum_uj=0
pid=0 energy=8560010097325 alive=1 kernel=1 cpu_ns=504180000000 mem=750100480 instructions=1207822019465 wakeups=1365058 diski=10358784 disko=30871552 rx=155634 tx=69692 comm=*system*
psu_energy_ac_mcp_machine=6796913574
-------
timestamp=292721495453
iterations=2488
sample_ns=100000000
window_ns=1000000000
rapl_core_sum_uj=1961138475
rapl_psys_sum_uj=0
pid=0 energy=8569424170815 alive=1 kernel=1 cpu_ns=505012000000 mem=750276608 instructions=1208872834163 wakeups=1428767 diski=10358784 disko=30871552 rx=155634 tx=69692 comm=*system*
psu_energy_ac_mcp_machine=6802045898
-------
timestamp=292882706175
iterations=2490
sample_ns=100000000
window_ns=1000000000
rapl_core_sum_uj=1963778305
rapl_psys_sum_uj=0
pid=0 energy=8578816230030 alive=1 kernel=1 cpu_ns=505842000000 mem=751398912 instructions=1209921246006 wakeups=1490487 diski=10358784 disko=30871552 rx=155634 tx=69692 comm=*system*
psu_energy_ac_mcp_machine=6807184692
-------
timestamp=293041409121
iterations=2491
sample_ns=100000000
window_ns=1000000000
rapl_core_sum_uj=1965114608
rapl_psys_sum_uj=0
pid=0 energy=8583479958120 alive=1 kernel=1 cpu_ns=506257000000 mem=750342144 instructions=1210438991624 wakeups=1522296 diski=10358784 disko=30871552 rx=155634 tx=69692 comm=*system*
psu_energy_ac_mcp_machine=6812338257
-------
timestamp=293200288785
iterations=2493
sample_ns=100000000
window_ns=1000000000
rapl_core_sum_uj=1967758772
rapl_psys_sum_uj=0
pid=0 energy=8592904949170 alive=1 kernel=1 cpu_ns=507089000000 mem=751222784 instructions=1211491989834 wakeups=1584853 diski=10358784 disko=30871552 rx=155634 tx=69692 comm=*system*
psu_energy_ac_mcp_machine=6817468872
-------
timestamp=293362872529
iterations=2494
sample_ns=100000000
window_ns=1000000000
rapl_core_sum_uj=1969089765
rapl_psys_sum_uj=0
pid=0 energy=8597579408020 alive=1 kernel=1 cpu_ns=507505000000 mem=750342144 instructions=1212010881604 wakeups=1616415 diski=10358784 disko=30871552 rx=155634 tx=69692 comm=*system*
psu_energy_ac_mcp_machine=6822593628
-------
timestamp=293522896937
iterations=2496
sample_ns=100000000
window_ns=1000000000
rapl_core_sum_uj=1971724896
rapl_psys_sum_uj=0
pid=0 energy=8606957529070 alive=1 kernel=1 cpu_ns=508336000000 mem=750870528 instructions=1213055505814 wakeups=1678368 diski=10358784 disko=30871552 rx=155634 tx=69692 comm=*system*
psu_energy_ac_mcp_machine=6827708618
-------
timestamp=293683065071
iterations=2497
sample_ns=100000000
window_ns=1000000000
rapl_core_sum_uj=1973050518
rapl_psys_sum_uj=0
pid=0 energy=8611643499265 alive=1 kernel=1 cpu_ns=508752000000 mem=750342144 instructions=1213576699853 wakeups=1709617 diski=10358784 disko=30892032 rx=155634 tx=69692 comm=*system*
psu_energy_ac_mcp_machine=6832843262
-------
timestamp=293843045739
iterations=2499
sample_ns=100000000
window_ns=1000000000
rapl_core_sum_uj=1975681560
rapl_psys_sum_uj=0
pid=0 energy=8621053846575 alive=1 kernel=1 cpu_ns=509583000000 mem=750342144 instructions=1214627769315 wakeups=1772840 diski=10358784 disko=30892032 rx=155636 tx=69692 comm=*system*
psu_energy_ac_mcp_machine=6837979248
-------
timestamp=294003280695
iterations=2500
sample_ns=100000000
window_ns=1000000000
rapl_core_sum_uj=1976989848
rapl_psys_sum_uj=0
pid=0 energy=8625737751160 alive=1 kernel=1 cpu_ns=509997000000 mem=750108672 instructions=1215150550232 wakeups=1803837 diski=10358784 disko=30892032 rx=155636 tx=69692 comm=*system*
psu_energy_ac_mcp_machine=6843103516
-------
timestamp=294163157830
iterations=2502
sample_ns=100000000
window_ns=1000000000
rapl_core_sum_uj=1979618753
rapl_psys_sum_uj=0
pid=0 energy=8635138286810 alive=1 kernel=1 cpu_ns=510828000000 mem=750284800 instructions=1216199657362 wakeups=1867218 diski=10358784 disko=30892032 rx=155636 tx=69692 comm=*system*
psu_energy_ac_mcp_machine=6848229858
-------
timestamp=294322212539
iterations=2503
sample_ns=100000000
window_ns=1000000000
rapl_core_sum_uj=1980943643
rapl_psys_sum_uj=0
pid=0 energy=8639831332465 alive=1 kernel=1 cpu_ns=511242000000 mem=750460928 instructions=1216724266493 wakeups=1898010 diski=10358784 disko=30892032 rx=155636 tx=69692 comm=*system*
psu_energy_ac_mcp_machine=6853352905
-------
timestamp=294483348232
iterations=2505
sample_ns=100000000
window_ns=1000000000
rapl_core_sum_uj=1983605263
rapl_psys_sum_uj=0
pid=0 energy=8649250925940 alive=1 kernel=1 cpu_ns=512076000000 mem=750460928 instructions=1217774185188 wakeups=1961327 diski=10358784 disko=30892032 rx=155636 tx=69692 comm=*system*
psu_energy_ac_mcp_machine=6858504028
-------
timestamp=294643872865
iterations=2506
sample_ns=100000000
window_ns=1000000000
rapl_core_sum_uj=1984917274
rapl_psys_sum_uj=0
pid=0 energy=8653907413030 alive=1 kernel=1 cpu_ns=512487000000 mem=750460928 instructions=1218294482606 wakeups=1992016 diski=10358784 disko=30892032 rx=155636 tx=69692 comm=*system*
psu_energy_ac_mcp_machine=6863645630
-------
timestamp=294803470875
iterations=2508
sample_ns=100000000
window_ns=1000000000
rapl_core_sum_uj=1987548376
rapl_psys_sum_uj=0
pid=0 energy=8663312685200 alive=1 kernel=1 cpu_ns=513319000000 mem=750284800 instructions=1219343537040 wakeups=2055513 diski=10358784 disko=30892032 rx=155636 tx=69692 comm=*system*
psu_energy_ac_mcp_machine=6868772705
-------
timestamp=294964324441
iterations=2510
sample_ns=100000000
window_ns=1000000000
rapl_core_sum_uj=1990182042
rapl_psys_sum_uj=0
pid=0 energy=8672714811145 alive=1 kernel=1 cpu_ns=514151000000 mem=751366144 instructions=1220391962229 wakeups=2117301 diski=10358784 disko=30892032 rx=155636 tx=69692 comm=*system*
psu_energy_ac_mcp_machine=6873920654
-------
timestamp=295124031146
iterations=2511
sample_ns=100000000
window_ns=1000000000
rapl_core_sum_uj=1991510044
rapl_psys_sum_uj=0
pid=0 energy=8677372371870 alive=1 kernel=1 cpu_ns=514565000000 mem=750309376 instructions=1220909474374 wakeups=2148783 diski=10358784 disko=30892032 rx=155636 tx=69692 comm=*system*
psu_energy_ac_mcp_machine=6879046143
-------
timestamp=295285564756
iterations=2513
sample_ns=100000000
window_ns=1000000000
rapl_core_sum_uj=1994148104
rapl_psys_sum_uj=0
pid=0 energy=8686799290950 alive=1 kernel=1 cpu_ns=515397000000 mem=751366144 instructions=1221962858190 wakeups=2211414 diski=10358784 disko=30892032 rx=155636 tx=69692 comm=*system*
psu_energy_ac_mcp_machine=6884206665
-------
timestamp=295445535091
iterations=2514
sample_ns=100000000
window_ns=1000000000
rapl_core_sum_uj=1995468599
rapl_psys_sum_uj=0
pid=0 energy=8691472970250 alive=1 kernel=1 cpu_ns=515812000000 mem=750309376 instructions=1222482594050 wakeups=2243014 diski=10358784 disko=30892032 rx=155636 tx=69692 comm=*system*
psu_energy_ac_mcp_machine=6889349854
-------
timestamp=295604372193
iterations=2516
sample_ns=100000000
window_ns=1000000000
rapl_core_sum_uj=1998102997
rapl_psys_sum_uj=0
pid=0 energy=8700873908715 alive=1 kernel=1 cpu_ns=516644000000 mem=750837760 instructions=1223530781743 wakeups=2305742 diski=10358784 disko=30892032 rx=155636 tx=69692 comm=*system*
psu_energy_ac_mcp_machine=6894486450
-------
timestamp=295764250125
iterations=2517
sample_ns=100000000
window_ns=1000000000
rapl_core_sum_uj=1999420684
rapl_psys_sum_uj=0
pid=0 energy=8705564215375 alive=1 kernel=1 cpu_ns=517059000000 mem=750309376 instructions=1224053843075 wakeups=2337172 diski=10358784 disko=30892032 rx=155636 tx=69692 comm=*system*
psu_energy_ac_mcp_machine=6899624756
-------
timestamp=295924886342
iterations=2519
sample_ns=100000000
window_ns=1000000000
rapl_core_sum_uj=2002059172
rapl_psys_sum_uj=0
pid=0 energy=8714966794880 alive=1 kernel=1 cpu_ns=517891000000 mem=750329856 instructions=1225102358976 wakeups=2400245 diski=10358784 disko=30892032 rx=155638 tx=69692 comm=*system*
psu_energy_ac_mcp_machine=6904764526
-------
timestamp=296085070967
iterations=2520
sample_ns=100000000
window_ns=1000000000
rapl_core_sum_uj=2003367460
rapl_psys_sum_uj=0
pid=0 energy=8719652514505 alive=1 kernel=1 cpu_ns=518307000000 mem=750329856 instructions=1225623502901 wakeups=2430907 diski=10358784 disko=30892032 rx=155638 tx=69692 comm=*system*
psu_energy_ac_mcp_machine=6909879150
-------
timestamp=296245590580
iterations=2522
sample_ns=100000000
window_ns=1000000000
rapl_core_sum_uj=2006015591
rapl_psys_sum_uj=0
pid=0 energy=8729057737615 alive=1 kernel=1 cpu_ns=519139000000 mem=750505984 instructions=1226672547523 wakeups=2494363 diski=10358784 disko=30892032 rx=155638 tx=69692 comm=*system*
psu_energy_ac_mcp_machine=6915020264
-------
timestamp=296405141094
iterations=2523
sample_ns=100000000
window_ns=1000000000
rapl_core_sum_uj=2007333523
rapl_psys_sum_uj=0
pid=0 energy=8733735248675 alive=1 kernel=1 cpu_ns=519553000000 mem=750329856 instructions=1227194049735 wakeups=2524833 diski=10358784 disko=30892032 rx=155638 tx=69692 comm=*system*
psu_energy_ac_mcp_machine=6920177246
-------
timestamp=296565593616
iterations=2525
sample_ns=100000000
window_ns=1000000000
rapl_core_sum_uj=2009959620
rapl_psys_sum_uj=0
pid=0 energy=8743115370160 alive=1 kernel=1 cpu_ns=520382000000 mem=750505984 instructions=1228241074032 wakeups=2587967 diski=10358784 disko=30892032 rx=155638 tx=69692 comm=*system*
psu_energy_ac_mcp_machine=6925307251
-------
timestamp=296724887907
iterations=2526
sample_ns=100000000
window_ns=1000000000
rapl_core_sum_uj=2011278467
rapl_psys_sum_uj=0
pid=0 energy=8747811014595 alive=1 kernel=1 cpu_ns=520796000000 mem=750329856 instructions=1228766202919 wakeups=2618926 diski=10358784 disko=30892032 rx=155638 tx=69692 comm=*system*
psu_energy_ac_mcp_machine=6930436768
-------
timestamp=296885536673
iterations=2528
sample_ns=100000000
window_ns=1000000000
rapl_core_sum_uj=2013911706
rapl_psys_sum_uj=0
pid=0 energy=8757207848000 alive=1 kernel=1 cpu_ns=521628000000 mem=750391296 instructions=1229813569600 wakeups=2682231 diski=10358784 disko=30892032 rx=155638 tx=69692 comm=*system*
psu_energy_ac_mcp_machine=6935569946
-------
timestamp=297043298454
iterations=2530
sample_ns=100000000
window_ns=1000000000
rapl_core_sum_uj=2016550316
rapl_psys_sum_uj=0
pid=0 energy=8766644157720 alive=1 kernel=1 cpu_ns=522460000000 mem=751558656 instructions=1230868831544 wakeups=2744752 diski=10358784 disko=30892032 rx=155638 tx=69692 comm=*system*
psu_energy_ac_mcp_machine=6940699707
-------
timestamp=297205433267
iterations=2531
sample_ns=100000000
window_ns=1000000000
rapl_core_sum_uj=2017882835
rapl_psys_sum_uj=0
pid=0 energy=8771337909515 alive=1 kernel=1 cpu_ns=522875000000 mem=750149632 instructions=1231392581903 wakeups=2777099 diski=10358784 disko=30892032 rx=155638 tx=69692 comm=*system*
psu_energy_ac_mcp_machine=6945836304
-------
timestamp=297366544796
iterations=2533
sample_ns=100000000
window_ns=1000000000
rapl_core_sum_uj=2020508932
rapl_psys_sum_uj=0
pid=0 energy=8780738579555 alive=1 kernel=1 cpu_ns=523705000000 mem=751206400 instructions=1232442715911 wakeups=2839492 diski=10358784 disko=30892032 rx=155638 tx=69692 comm=*system*
psu_energy_ac_mcp_machine=6950938721
-------
timestamp=297525765862
iterations=2534
sample_ns=100000000
window_ns=1000000000
rapl_core_sum_uj=2021822530
rapl_psys_sum_uj=0
pid=0 energy=8785399772240 alive=1 kernel=1 cpu_ns=524117000000 mem=750325760 instructions=1232962954448 wakeups=2870970 diski=10358784 disko=30892032 rx=155638 tx=69692 comm=*system*
psu_energy_ac_mcp_machine=6956055908
-------
timestamp=297687588048
iterations=2536
sample_ns=100000000
window_ns=1000000000
rapl_core_sum_uj=2024453938
rapl_psys_sum_uj=0
pid=0 energy=8794785471820 alive=1 kernel=1 cpu_ns=524948000000 mem=750678016 instructions=1234009094364 wakeups=2933332 diski=10358784 disko=30892032 rx=155638 tx=69692 comm=*system*
psu_energy_ac_mcp_machine=6961190918
-------
timestamp=297846302406
iterations=2537
sample_ns=100000000
window_ns=1000000000
rapl_core_sum_uj=2025785175
rapl_psys_sum_uj=0
pid=0 energy=8799522886915 alive=1 kernel=1 cpu_ns=525368000000 mem=750325760 instructions=1234536577383 wakeups=2964902 diski=10358784 disko=30892032 rx=155640 tx=69692 comm=*system*
psu_energy_ac_mcp_machine=6966322754
-------
timestamp=298006775987
iterations=2539
sample_ns=100000000
window_ns=1000000000
rapl_core_sum_uj=2028418841
rapl_psys_sum_uj=0
pid=0 energy=8808918360250 alive=1 kernel=1 cpu_ns=526198000000 mem=750235648 instructions=1235585672050 wakeups=3028015 diski=10358784 disko=30892032 rx=155640 tx=69692 comm=*system*
psu_energy_ac_mcp_machine=6971492554
-------
timestamp=298166056498
iterations=2540
sample_ns=100000000
window_ns=1000000000
rapl_core_sum_uj=2029724016
rapl_psys_sum_uj=0
pid=0 energy=8813559827980 alive=1 kernel=1 cpu_ns=526610000000 mem=750411776 instructions=1236101965596 wakeups=3058306 diski=10358784 disko=30892032 rx=155640 tx=69692 comm=*system*
psu_energy_ac_mcp_machine=6976630249
-------
timestamp=298326729705
iterations=2542
sample_ns=100000000
window_ns=1000000000
rapl_core_sum_uj=2032352311
rapl_psys_sum_uj=0
pid=0 energy=8822932383370 alive=1 kernel=1 cpu_ns=527439000000 mem=750411776 instructions=1237147476674 wakeups=3121310 diski=10358784 disko=30892032 rx=155641 tx=69694 comm=*system*
psu_energy_ac_mcp_machine=6981742065
-------
timestamp=298486538153
iterations=2543
sample_ns=100000000
window_ns=1000000000
rapl_core_sum_uj=2033672745
rapl_psys_sum_uj=0
pid=0 energy=8827628811725 alive=1 kernel=1 cpu_ns=527853000000 mem=750235648 instructions=1237672762345 wakeups=3152222 diski=10358784 disko=30892032 rx=155641 tx=69694 comm=*system*
psu_energy_ac_mcp_machine=6986853638
-------
timestamp=298645806949
iterations=2545
sample_ns=100000000
window_ns=1000000000
rapl_core_sum_uj=2036298415
rapl_psys_sum_uj=0
pid=0 energy=8837014066450 alive=1 kernel=1 cpu_ns=528684000000 mem=750235648 instructions=1238718813290 wakeups=3215230 diski=10358784 disko=30892032 rx=155641 tx=69694 comm=*system*
psu_energy_ac_mcp_machine=6991973999
-------
timestamp=298805854356
iterations=2546
sample_ns=100000000
window_ns=1000000000
rapl_core_sum_uj=2037623305
rapl_psys_sum_uj=0
pid=0 energy=8841717039660 alive=1 kernel=1 cpu_ns=529100000000 mem=750059520 instructions=1239243407932 wakeups=3246074 diski=10358784 disko=30908416 rx=155641 tx=69694 comm=*system*
psu_energy_ac_mcp_machine=6997116089
-------
timestamp=298967065337
iterations=2548
sample_ns=100000000
window_ns=1000000000
rapl_core_sum_uj=2040266248
rapl_psys_sum_uj=0
pid=0 energy=8851094657910 alive=1 kernel=1 cpu_ns=529930000000 mem=750325760 instructions=1240288931582 wakeups=3309020 diski=10358784 disko=30908416 rx=155641 tx=69694 comm=*system*
psu_energy_ac_mcp_machine=7002255127
-------
timestamp=299125758048
iterations=2550
sample_ns=100000000
window_ns=1000000000
rapl_core_sum_uj=2042902660
rapl_psys_sum_uj=0
pid=0 energy=8860512283835 alive=1 kernel=1 cpu_ns=530762000000 mem=751030272 instructions=1241340456767 wakeups=3371399 diski=10358784 disko=30908416 rx=155641 tx=69694 comm=*system*
psu_energy_ac_mcp_machine=7007398438
-------
timestamp=299287272205
iterations=2551
sample_ns=100000000
window_ns=1000000000
rapl_core_sum_uj=2044224498
rapl_psys_sum_uj=0
pid=0 energy=8865212822070 alive=1 kernel=1 cpu_ns=531178000000 mem=750325760 instructions=1241864564414 wakeups=3403597 diski=10358784 disko=30908416 rx=155641 tx=69694 comm=*system*
psu_energy_ac_mcp_machine=7012526489
-------
timestamp=299447497258
iterations=2553
sample_ns=100000000
window_ns=1000000000
rapl_core_sum_uj=2046855357
rapl_psys_sum_uj=0
pid=0 energy=8874606794805 alive=1 kernel=1 cpu_ns=532008000000 mem=750854144 instructions=1242913358961 wakeups=3466015 diski=10358784 disko=30908416 rx=155641 tx=69694 comm=*system*
psu_energy_ac_mcp_machine=7017639404
-------
timestamp=299607633186
iterations=2554
sample_ns=100000000
window_ns=1000000000
rapl_core_sum_uj=2048169749
rapl_psys_sum_uj=0
pid=0 energy=8879301873185 alive=1 kernel=1 cpu_ns=532424000000 mem=750325760 instructions=1243436374637 wakeups=3497742 diski=10358784 disko=30908416 rx=155641 tx=69694 comm=*system*
psu_energy_ac_mcp_machine=7022779175
-------
timestamp=299767992863
iterations=2556
sample_ns=100000000
window_ns=1000000000
rapl_core_sum_uj=2050797312
rapl_psys_sum_uj=0
pid=0 energy=8888685231920 alive=1 kernel=1 cpu_ns=533255000000 mem=750854144 instructions=1244482046384 wakeups=3560277 diski=10358784 disko=30908416 rx=155643 tx=69694 comm=*system*
psu_energy_ac_mcp_machine=7027893555
-------
timestamp=299928073060
iterations=2557
sample_ns=100000000
window_ns=1000000000
rapl_core_sum_uj=2052121164
rapl_psys_sum_uj=0
pid=0 energy=8893367058025 alive=1 kernel=1 cpu_ns=533669000000 mem=750362624 instructions=1245004411605 wakeups=3591401 diski=10358784 disko=30908416 rx=155643 tx=69694 comm=*system*
psu_energy_ac_mcp_machine=7033035156
-------
timestamp=300084525838
iterations=2559
sample_ns=100000000
window_ns=1000000000
rapl_core_sum_uj=2054752328
rapl_psys_sum_uj=0
pid=0 energy=8902772165545 alive=1 kernel=1 cpu_ns=534501000000 mem=750538752 instructions=1246053433109 wakeups=3654639 diski=10358784 disko=30908416 rx=155643 tx=69694 comm=*system*
psu_energy_ac_mcp_machine=7038167114
-------
timestamp=300247562593
iterations=2560
sample_ns=100000000
window_ns=1000000000
rapl_core_sum_uj=2056063546
rapl_psys_sum_uj=0
pid=0 energy=8907476690660 alive=1 kernel=1 cpu_ns=534917000000 mem=750538752 instructions=1246578338132 wakeups=3685524 diski=10358784 disko=30908416 rx=155643 tx=69694 comm=*system*
psu_energy_ac_mcp_machine=7043307251
-------
timestamp=300407802652
iterations=2562
sample_ns=100000000
window_ns=1000000000
rapl_core_sum_uj=2058688728
rapl_psys_sum_uj=0
pid=0 energy=8916838332570 alive=1 kernel=1 cpu_ns=535748000000 mem=750538752 instructions=1247619666514 wakeups=3748021 diski=10358784 disko=30908416 rx=155643 tx=69694 comm=*system*
psu_energy_ac_mcp_machine=7048433594
-------
timestamp=300569603252
iterations=2563
sample_ns=100000000
window_ns=1000000000
rapl_core_sum_uj=2060010261
rapl_psys_sum_uj=0
pid=0 energy=8921538025060 alive=1 kernel=1 cpu_ns=536163000000 mem=750186496 instructions=1248144605012 wakeups=3778908 diski=10358784 disko=30908416 rx=155643 tx=69694 comm=*system*
psu_energy_ac_mcp_machine=7053579346
-------
timestamp=300728189364
iterations=2565
sample_ns=100000000
window_ns=1000000000
rapl_core_sum_uj=2062653021
rapl_psys_sum_uj=0
pid=0 energy=8930953227365 alive=1 kernel=1 cpu_ns=536995000000 mem=750186496 instructions=1249195645473 wakeups=3842558 diski=10358784 disko=30908416 rx=155643 tx=69694 comm=*system*
psu_energy_ac_mcp_machine=7058702148
-------
timestamp=300888008666
iterations=2566
sample_ns=100000000
window_ns=1000000000
rapl_core_sum_uj=2063974126
rapl_psys_sum_uj=0
pid=0 energy=8935665920280 alive=1 kernel=1 cpu_ns=537411000000 mem=750538752 instructions=1249722184056 wakeups=3873629 diski=10358784 disko=30908416 rx=155643 tx=69694 comm=*system*
psu_energy_ac_mcp_machine=7063814453
-------
timestamp=301046558096
iterations=2568
sample_ns=100000000
window_ns=1000000000
rapl_core_sum_uj=2066611210
rapl_psys_sum_uj=0
pid=0 energy=8945050374820 alive=1 kernel=1 cpu_ns=538241000000 mem=750342144 instructions=1250769074964 wakeups=3936758 diski=10358784 disko=30908416 rx=155643 tx=69694 comm=*system*
psu_energy_ac_mcp_machine=7068935303
-------
timestamp=301209566147
iterations=2570
sample_ns=100000000
window_ns=1000000000
rapl_core_sum_uj=2069243778
rapl_psys_sum_uj=0
pid=0 energy=8954465205765 alive=1 kernel=1 cpu_ns=539073000000 mem=751398912 instructions=1251820041153 wakeups=3999087 diski=10358784 disko=30908416 rx=155643 tx=69694 comm=*system*
psu_energy_ac_mcp_machine=7074053955
-------
timestamp=301368554847
iterations=2571
sample_ns=100000000
window_ns=1000000000
rapl_core_sum_uj=2070555728
rapl_psys_sum_uj=0
pid=0 energy=8959145150680 alive=1 kernel=1 cpu_ns=539488000000 mem=750518272 instructions=1252341030136 wakeups=4030767 diski=10358784 disko=30908416 rx=155643 tx=69694 comm=*system*
psu_energy_ac_mcp_machine=7079176636
-------
timestamp=301528056176
iterations=2573
sample_ns=100000000
window_ns=1000000000
rapl_core_sum_uj=2073184999
rapl_psys_sum_uj=0
pid=0 energy=8968539782955 alive=1 kernel=1 cpu_ns=540316000000 mem=751222784 instructions=1253391956591 wakeups=4093472 diski=10358784 disko=30908416 rx=155643 tx=69694 comm=*system*
psu_energy_ac_mcp_machine=7084327515
-------
timestamp=301688696779
iterations=2574
sample_ns=100000000
window_ns=1000000000
rapl_core_sum_uj=2074497682
rapl_psys_sum_uj=0
pid=0 energy=8973234600395 alive=1 kernel=1 cpu_ns=540732000000 mem=750518272 instructions=1253914920079 wakeups=4125081 diski=10358784 disko=30908416 rx=155643 tx=69694 comm=*system*
psu_energy_ac_mcp_machine=7089437378
-------
timestamp=301849094517
iterations=2576
sample_ns=100000000
window_ns=1000000000
rapl_core_sum_uj=2077128113
rapl_psys_sum_uj=0
pid=0 energy=8982631140370 alive=1 kernel=1 cpu_ns=541564000000 mem=750325760 instructions=1254962228074 wakeups=4187959 diski=10358784 disko=30908416 rx=155645 tx=69694 comm=*system*
psu_energy_ac_mcp_machine=7094579102
-------
timestamp=302009918439
iterations=2577
sample_ns=100000000
window_ns=1000000000
rapl_core_sum_uj=2078451355
rapl_psys_sum_uj=0
pid=0 energy=8987312075380 alive=1 kernel=1 cpu_ns=541978000000 mem=750362624 instructions=1255484415076 wakeups=4218921 diski=10358784 disko=30908416 rx=155645 tx=69694 comm=*system*
psu_energy_ac_mcp_machine=7099730469
-------
timestamp=302169574178
iterations=2579
sample_ns=100000000
window_ns=1000000000
rapl_core_sum_uj=2081079406
rapl_psys_sum_uj=0
pid=0 energy=8996719021940 alive=1 kernel=1 cpu_ns=542809000000 mem=750362624 instructions=1256534804388 wakeups=4282555 diski=10358784 disko=30908416 rx=155645 tx=69694 comm=*system*
psu_energy_ac_mcp_machine=7104857178
-------
timestamp=302327878875
iterations=2580
sample_ns=100000000
window_ns=1000000000
rapl_core_sum_uj=2082396666
rapl_psys_sum_uj=0
pid=0 energy=9001403477660 alive=1 kernel=1 cpu_ns=543224000000 mem=750362624 instructions=1257056695532 wakeups=4313055 diski=10358784 disko=30908416 rx=155645 tx=69694 comm=*system*
psu_energy_ac_mcp_machine=7110014038
-------
timestamp=302490146157
iterations=2582
sample_ns=100000000
window_ns=1000000000
rapl_core_sum_uj=2085042234
rapl_psys_sum_uj=0
pid=0 energy=9010805614340 alive=1 kernel=1 cpu_ns=544056000000 mem=750538752 instructions=1258105122868 wakeups=4376533 diski=10358784 disko=30908416 rx=155645 tx=69694 comm=*system*
psu_energy_ac_mcp_machine=7115154297
-------
timestamp=302648553893
iterations=2583
sample_ns=100000000
window_ns=1000000000
rapl_core_sum_uj=2086362851
rapl_psys_sum_uj=0
pid=0 energy=9015495981250 alive=1 kernel=1 cpu_ns=544472000000 mem=750362624 instructions=1258627196250 wakeups=4407027 diski=10358784 disko=30908416 rx=155645 tx=69694 comm=*system*
psu_energy_ac_mcp_machine=7120273193
-------
timestamp=302809532546
iterations=2585
sample_ns=100000000
window_ns=1000000000
rapl_core_sum_uj=2088992550
rapl_psys_sum_uj=0
pid=0 energy=9024881999930 alive=1 kernel=1 cpu_ns=545304000000 mem=750538752 instructions=1259672399986 wakeups=4469889 diski=10358784 disko=30908416 rx=155645 tx=69694 comm=*system*
psu_energy_ac_mcp_machine=7125398926
-------
timestamp=302969683343
iterations=2586
sample_ns=100000000
window_ns=1000000000
rapl_core_sum_uj=2090308529
rapl_psys_sum_uj=0
pid=0 energy=9029582945465 alive=1 kernel=1 cpu_ns=545718000000 mem=750407680 instructions=1260198589093 wakeups=4500849 diski=10358784 disko=30908416 rx=155645 tx=69694 comm=*system*
psu_energy_ac_mcp_machine=7130542725
-------
timestamp=303128885797
iterations=2588
sample_ns=100000000
window_ns=1000000000
rapl_core_sum_uj=2092948298
rapl_psys_sum_uj=0
pid=0 energy=9038977017620 alive=1 kernel=1 cpu_ns=546549000000 mem=750407680 instructions=1261246403524 wakeups=4564087 diski=10358784 disko=30908416 rx=155645 tx=69694 comm=*system*
psu_energy_ac_mcp_machine=7135682373
-------
timestamp=303291531603
iterations=2590
sample_ns=100000000
window_ns=1000000000
rapl_core_sum_uj=2095581598
rapl_psys_sum_uj=0
pid=0 energy=9048364169215 alive=1 kernel=1 cpu_ns=547379000000 mem=751288320 instructions=1262293833843 wakeups=4625881 diski=10358784 disko=30908416 rx=155645 tx=69694 comm=*system*
psu_energy_ac_mcp_machine=7140808838
-------
timestamp=303450032992
iterations=2591
sample_ns=100000000
window_ns=1000000000
rapl_core_sum_uj=2096897943
rapl_psys_sum_uj=0
pid=0 energy=9053047786770 alive=1 kernel=1 cpu_ns=547794000000 mem=750583808 instructions=1262815557354 wakeups=4657557 diski=10358784 disko=30908416 rx=155645 tx=69694 comm=*system*
psu_energy_ac_mcp_machine=7145926147
-------
timestamp=303609544304
iterations=2593
sample_ns=100000000
window_ns=1000000000
rapl_core_sum_uj=2099523430
rapl_psys_sum_uj=0
pid=0 energy=9062447375645 alive=1 kernel=1 cpu_ns=548624000000 mem=751112192 instructions=1263865475129 wakeups=4720061 diski=10358784 disko=30908416 rx=155645 tx=69694 comm=*system*
psu_energy_ac_mcp_machine=7151029175
-------
timestamp=303766858927
iterations=2594
sample_ns=100000000
window_ns=1000000000
rapl_core_sum_uj=2100837822
rapl_psys_sum_uj=0
pid=0 energy=9067123031670 alive=1 kernel=1 cpu_ns=549039000000 mem=750407680 instructions=1264385606334 wakeups=4751306 diski=10358784 disko=30916608 rx=155645 tx=69694 comm=*system*
psu_energy_ac_mcp_machine=7156151245
-------
timestamp=303928501520
iterations=2596
sample_ns=100000000
window_ns=1000000000
rapl_core_sum_uj=2103470756
rapl_psys_sum_uj=0
pid=0 energy=9076531995405 alive=1 kernel=1 cpu_ns=549871000000 mem=750751744 instructions=1265435399081 wakeups=4814246 diski=10358784 disko=30932992 rx=155647 tx=69694 comm=*system*
psu_energy_ac_mcp_machine=7161319336
-------
timestamp=304090671643
iterations=2597
sample_ns=100000000
window_ns=1000000000
rapl_core_sum_uj=2104791007
rapl_psys_sum_uj=0
pid=0 energy=9081220439480 alive=1 kernel=1 cpu_ns=550286000000 mem=750399488 instructions=1265958087896 wakeups=4845461 diski=10358784 disko=30932992 rx=155647 tx=69694 comm=*system*
psu_energy_ac_mcp_machine=7166493286
-------
timestamp=304249416371
iterations=2599
sample_ns=100000000
window_ns=1000000000
rapl_core_sum_uj=2107420096
rapl_psys_sum_uj=0
pid=0 energy=9090611998625 alive=1 kernel=1 cpu_ns=551117000000 mem=750399488 instructions=1267005399725 wakeups=4908541 diski=10358784 disko=30932992 rx=155647 tx=69694 comm=*system*
psu_energy_ac_mcp_machine=7171649658
-------
timestamp=304410929370
iterations=2600
sample_ns=100000000
window_ns=1000000000
rapl_core_sum_uj=2108741018
rapl_psys_sum_uj=0
pid=0 energy=9095306798815 alive=1 kernel=1 cpu_ns=551533000000 mem=750399488 instructions=1267528359763 wakeups=4939129 diski=10358784 disko=30932992 rx=155647 tx=69694 comm=*system*
psu_energy_ac_mcp_machine=7176760132
-------
timestamp=304570412973
iterations=2602
sample_ns=100000000
window_ns=1000000000
rapl_core_sum_uj=2111369008
rapl_psys_sum_uj=0
pid=0 energy=9104703047445 alive=1 kernel=1 cpu_ns=552365000000 mem=750575616 instructions=1268575609489 wakeups=5002338 diski=10358784 disko=30932992 rx=155647 tx=69694 comm=*system*
psu_energy_ac_mcp_machine=7181889160
-------
timestamp=304732200023
iterations=2603
sample_ns=100000000
window_ns=1000000000
rapl_core_sum_uj=2112692494
rapl_psys_sum_uj=0
pid=0 energy=9109406080185 alive=1 kernel=1 cpu_ns=552781000000 mem=750399488 instructions=1269100216037 wakeups=5033149 diski=10358784 disko=30932992 rx=155647 tx=69694 comm=*system*
psu_energy_ac_mcp_machine=7187025024
-------
timestamp=304891274395
iterations=2605
sample_ns=100000000
window_ns=1000000000
rapl_core_sum_uj=2115320728
rapl_psys_sum_uj=0
pid=0 energy=9118799268345 alive=1 kernel=1 cpu_ns=553609000000 mem=750415872 instructions=1270150853669 wakeups=5096108 diski=10358784 disko=33652736 rx=155647 tx=69694 comm=*system*
psu_energy_ac_mcp_machine=7192167358
-------
timestamp=305051614363
iterations=2607
sample_ns=100000000
window_ns=1000000000
rapl_core_sum_uj=2117953967
rapl_psys_sum_uj=0
pid=0 energy=9128225504870 alive=1 kernel=1 cpu_ns=554441000000 mem=751648768 instructions=1271204100974 wakeups=5158178 diski=10448896 disko=33652736 rx=155647 tx=69694 comm=*system*
psu_energy_ac_mcp_machine=7197327637
-------
timestamp=305210542108
iterations=2608
sample_ns=100000000
window_ns=1000000000
rapl_core_sum_uj=2119262316
rapl_psys_sum_uj=0
pid=0 energy=9132885204055 alive=1 kernel=1 cpu_ns=554855000000 mem=750592000 instructions=1271722040811 wakeups=5190137 diski=10448896 disko=33652736 rx=155647 tx=69694 comm=*system*
psu_energy_ac_mcp_machine=7202490356
-------
timestamp=305370983382
iterations=2610
sample_ns=100000000
window_ns=1000000000
rapl_core_sum_uj=2121890672
rapl_psys_sum_uj=0
pid=0 energy=9142307326055 alive=1 kernel=1 cpu_ns=555687000000 mem=751648768 instructions=1272774465211 wakeups=5252632 diski=10448896 disko=33652736 rx=155647 tx=69694 comm=*system*
psu_energy_ac_mcp_machine=7207644043
-------
timestamp=305532075963
iterations=2611
sample_ns=100000000
window_ns=1000000000
rapl_core_sum_uj=2123204087
rapl_psys_sum_uj=0
pid=0 energy=9146998620845 alive=1 kernel=1 cpu_ns=556102000000 mem=750768128 instructions=1273297724169 wakeups=5284575 diski=10448896 disko=33652736 rx=155647 tx=69694 comm=*system*
psu_energy_ac_mcp_machine=7212746094
-------
timestamp=305691627339
iterations=2613
sample_ns=100000000
window_ns=1000000000
rapl_core_sum_uj=2125835189
rapl_psys_sum_uj=0
pid=0 energy=9156408164630 alive=1 kernel=1 cpu_ns=556933000000 mem=751120384 instructions=1274348632926 wakeups=5347559 diski=10448896 disko=33652736 rx=155647 tx=69694 comm=*system*
psu_energy_ac_mcp_machine=7217878662
-------
timestamp=305851036615
iterations=2614
sample_ns=100000000
window_ns=1000000000
rapl_core_sum_uj=2127162154
rapl_psys_sum_uj=0
pid=0 energy=9161109246800 alive=1 kernel=1 cpu_ns=557348000000 mem=750592000 instructions=1274873849360 wakeups=5379260 diski=10448896 disko=33652736 rx=155649 tx=69694 comm=*system*
psu_energy_ac_mcp_machine=7223011108
-------
timestamp=306011339866
iterations=2616
sample_ns=100000000
window_ns=1000000000
rapl_core_sum_uj=2129800520
rapl_psys_sum_uj=0
pid=0 energy=9170541337505 alive=1 kernel=1 cpu_ns=558180000000 mem=750534656 instructions=1275928267501 wakeups=5443172 diski=10448896 disko=33652736 rx=155649 tx=69694 comm=*system*
psu_energy_ac_mcp_machine=7228163086
-------
timestamp=306171176598
iterations=2617
sample_ns=100000000
window_ns=1000000000
rapl_core_sum_uj=2131123029
rapl_psys_sum_uj=0
pid=0 energy=9175244107930 alive=1 kernel=1 cpu_ns=558596000000 mem=750710784 instructions=1276452821586 wakeups=5474244 diski=10448896 disko=33652736 rx=155649 tx=69694 comm=*system*
psu_energy_ac_mcp_machine=7233313477
-------
timestamp=306331528241
iterations=2619
sample_ns=100000000
window_ns=1000000000
rapl_core_sum_uj=2133755230
rapl_psys_sum_uj=0
pid=0 energy=9184663180380 alive=1 kernel=1 cpu_ns=559428000000 mem=750710784 instructions=1277504636076 wakeups=5538127 diski=10448896 disko=33652736 rx=155649 tx=69694 comm=*system*
psu_energy_ac_mcp_machine=7238438110
-------
timestamp=306491489517
iterations=2620
sample_ns=100000000
window_ns=1000000000
rapl_core_sum_uj=2135079021
rapl_psys_sum_uj=0
pid=0 energy=9189374680710 alive=1 kernel=1 cpu_ns=559844000000 mem=750710784 instructions=1278030936142 wakeups=5569211 diski=10448896 disko=33652736 rx=155649 tx=69694 comm=*system*
psu_energy_ac_mcp_machine=7243563599
-------
timestamp=306651940103
iterations=2622
sample_ns=100000000
window_ns=1000000000
rapl_core_sum_uj=2137711772
rapl_psys_sum_uj=0
pid=0 energy=9198776271340 alive=1 kernel=1 cpu_ns=560676000000 mem=750710784 instructions=1279079254268 wakeups=5632569 diski=10448896 disko=33652736 rx=155649 tx=69694 comm=*system*
psu_energy_ac_mcp_machine=7248675537
-------
timestamp=306811431490
iterations=2623
sample_ns=100000000
window_ns=1000000000
rapl_core_sum_uj=2139036540
rapl_psys_sum_uj=0
pid=0 energy=9203491757470 alive=1 kernel=1 cpu_ns=561092000000 mem=750710784 instructions=1279606351494 wakeups=5663760 diski=10448896 disko=33652736 rx=155649 tx=69694 comm=*system*
psu_energy_ac_mcp_machine=7253785645
-------
timestamp=306971516266
iterations=2625
sample_ns=100000000
window_ns=1000000000
rapl_core_sum_uj=2141664774
rapl_psys_sum_uj=0
pid=0 energy=9212916421020 alive=1 kernel=1 cpu_ns=561923000000 mem=750551040 instructions=1280660284204 wakeups=5727808 diski=10448896 disko=33652736 rx=155649 tx=69694 comm=*system*
psu_energy_ac_mcp_machine=7258936768
-------
timestamp=307132795070
iterations=2627
sample_ns=100000000
window_ns=1000000000
rapl_core_sum_uj=2144301004
rapl_psys_sum_uj=0
pid=0 energy=9222358691415 alive=1 kernel=1 cpu_ns=562755000000 mem=751607808 instructions=1281716738283 wakeups=5790604 diski=10448896 disko=33652736 rx=155649 tx=69694 comm=*system*
psu_energy_ac_mcp_machine=7264075439
-------
timestamp=307291597397
iterations=2628
sample_ns=100000000
window_ns=1000000000
rapl_core_sum_uj=2145629617
rapl_psys_sum_uj=0
pid=0 energy=9227042384610 alive=1 kernel=1 cpu_ns=563170000000 mem=750727168 instructions=1282238476922 wakeups=5822673 diski=10448896 disko=33652736 rx=155649 tx=69694 comm=*system*
psu_energy_ac_mcp_machine=7269209717
-------
timestamp=307451853481
iterations=2630
sample_ns=100000000
window_ns=1000000000
rapl_core_sum_uj=2148266334
rapl_psys_sum_uj=0
pid=0 energy=9236486664745 alive=1 kernel=1 cpu_ns=564002000000 mem=751255552 instructions=1283295332949 wakeups=5885898 diski=10448896 disko=33652736 rx=155649 tx=69694 comm=*system*
psu_energy_ac_mcp_machine=7274353394
-------
timestamp=307612527813
iterations=2631
sample_ns=100000000
window_ns=1000000000
rapl_core_sum_uj=2149588599
rapl_psys_sum_uj=0
pid=0 energy=9241175609035 alive=1 kernel=1 cpu_ns=564416000000 mem=750727168 instructions=1283819121807 wakeups=5917898 diski=10448896 disko=33652736 rx=155649 tx=69694 comm=*system*
psu_energy_ac_mcp_machine=7279487427
-------
timestamp=307773017778
iterations=2633
sample_ns=100000000
window_ns=1000000000
rapl_core_sum_uj=2152225438
rapl_psys_sum_uj=0
pid=0 energy=9250594877410 alive=1 kernel=1 cpu_ns=565246000000 mem=750903296 instructions=1284872975482 wakeups=5981188 diski=10448896 disko=33652736 rx=155651 tx=69694 comm=*system*
psu_energy_ac_mcp_machine=7284592773
-------
timestamp=307932726138
iterations=2634
sample_ns=100000000
window_ns=1000000000
rapl_core_sum_uj=2153542881
rapl_psys_sum_uj=0
pid=0 energy=9255281147675 alive=1 kernel=1 cpu_ns=565660000000 mem=750575616 instructions=1285396229535 wakeups=6012766 diski=10448896 disko=33652736 rx=155651 tx=69694 comm=*system*
psu_energy_ac_mcp_machine=7289720093
-------
timestamp=308092801143
iterations=2636
sample_ns=100000000
window_ns=1000000000
rapl_core_sum_uj=2156176120
rapl_psys_sum_uj=0
pid=0 energy=9264717098200 alive=1 kernel=1 cpu_ns=566491000000 mem=750575616 instructions=1286452419640 wakeups=6076932 diski=10448896 disko=33652736 rx=155651 tx=69694 comm=*system*
psu_energy_ac_mcp_machine=7294869019
-------
timestamp=308251626837
iterations=2637
sample_ns=100000000
window_ns=1000000000
rapl_core_sum_uj=2157488375
rapl_psys_sum_uj=0
pid=0 energy=9269426911050 alive=1 kernel=1 cpu_ns=566906000000 mem=750575616 instructions=1286979382210 wakeups=6108150 diski=10448896 disko=33652736 rx=155652 tx=69696 comm=*system*
psu_energy_ac_mcp_machine=7299993652
-------
timestamp=308412312026
iterations=2639
sample_ns=100000000
window_ns=1000000000
rapl_core_sum_uj=2160134920
rapl_psys_sum_uj=0
pid=0 energy=9278897057220 alive=1 kernel=1 cpu_ns=567737000000 mem=750751744 instructions=1288042411444 wakeups=6173480 diski=10448896 disko=33652736 rx=155652 tx=69696 comm=*system*
psu_energy_ac_mcp_machine=7305123169
-------
timestamp=308573217708
iterations=2640
sample_ns=100000000
window_ns=1000000000
rapl_core_sum_uj=2161446382
rapl_psys_sum_uj=0
pid=0 energy=9283613928020 alive=1 kernel=1 cpu_ns=568152000000 mem=750575616 instructions=1288570785604 wakeups=6204794 diski=10448896 disko=33652736 rx=155652 tx=69696 comm=*system*
psu_energy_ac_mcp_machine=7310246338
-------
timestamp=308733385638
iterations=2642
sample_ns=100000000
window_ns=1000000000
rapl_core_sum_uj=2164073640
rapl_psys_sum_uj=0
pid=0 energy=9293030447230 alive=1 kernel=1 cpu_ns=568982000000 mem=750575616 instructions=1289624089446 wakeups=6268787 diski=10448896 disko=33652736 rx=155652 tx=69696 comm=*system*
psu_energy_ac_mcp_machine=7315355591
-------
timestamp=308894190733
iterations=2643
sample_ns=100000000
window_ns=1000000000
rapl_core_sum_uj=2165391816
rapl_psys_sum_uj=0
pid=0 energy=9297733416690 alive=1 kernel=1 cpu_ns=569397000000 mem=750751744 instructions=1290149683338 wakeups=6299715 diski=10448896 disko=33652736 rx=155652 tx=69696 comm=*system*
psu_energy_ac_mcp_machine=7320496948
-------
timestamp=309053558001
iterations=2645
sample_ns=100000000
window_ns=1000000000
rapl_core_sum_uj=2168030487
rapl_psys_sum_uj=0
pid=0 energy=9307157222210 alive=1 kernel=1 cpu_ns=570227000000 mem=750772224 instructions=1291204444442 wakeups=6363938 diski=10448896 disko=33673216 rx=155652 tx=69696 comm=*system*
psu_energy_ac_mcp_machine=7325678101
-------
timestamp=309213072545
iterations=2647
sample_ns=100000000
window_ns=1000000000
rapl_core_sum_uj=2170661101
rapl_psys_sum_uj=0
pid=0 energy=9316585174620 alive=1 kernel=1 cpu_ns=571059000000 mem=751828992 instructions=1292258034924 wakeups=6426362 diski=10448896 disko=33673216 rx=155652 tx=69696 comm=*system*
psu_energy_ac_mcp_machine=7330785156
-------
timestamp=309358853255
iterations=2648
sample_ns=100000000
window_ns=1000000000
rapl_core_sum_uj=2171980497
rapl_psys_sum_uj=0
pid=0 energy=9321264891920 alive=1 kernel=1 cpu_ns=571473000000 mem=750596096 instructions=1292779978384 wakeups=6458523 diski=10448896 disko=33673216 rx=155652 tx=69696 comm=*system*
psu_energy_ac_mcp_machine=7335799316
-------
timestamp=309504328149
iterations=2649
sample_ns=100000000
window_ns=1000000000
rapl_core_sum_uj=2172882840
rapl_psys_sum_uj=0
pid=0 energy=9324543968380 alive=1 kernel=1 cpu_ns=571715000000 mem=751001600 instructions=1293193793676 wakeups=6467408 diski=10514432 disko=33869824 rx=155657 tx=69701 comm=*system*
psu_energy_ac_mcp_machine=7338367310
-------
timestamp=309646950137
iterations=2651
sample_ns=100000000
window_ns=1000000000
rapl_core_sum_uj=2174298915
rapl_psys_sum_uj=0
pid=0 energy=9329098079035 alive=1 kernel=1 cpu_ns=572068000000 mem=751063040 instructions=1293751615807 wakeups=6469304 diski=10592256 disko=35479552 rx=155657 tx=69701 comm=*system*
psu_energy_ac_mcp_machine=7343076416
-------
timestamp=309794721736
iterations=2652
sample_ns=100000000
window_ns=1000000000
rapl_core_sum_uj=2175351954
rapl_psys_sum_uj=0
pid=0 energy=9332902965430 alive=1 kernel=1 cpu_ns=572381000000 mem=751128576 instructions=1294199593086 wakeups=6470827 diski=10592256 disko=35717120 rx=155657 tx=69701 comm=*system*
psu_energy_ac_mcp_machine=7346525513
-------
timestamp=309939231506
iterations=2654
sample_ns=100000000
window_ns=1000000000
rapl_core_sum_uj=2177441552
rapl_psys_sum_uj=0
pid=0 energy=9340293500085 alive=1 kernel=1 cpu_ns=572977000000 mem=752402432 instructions=1295081700017 wakeups=6473755 diski=10592256 disko=36204544 rx=155659 tx=69701 comm=*system*
psu_energy_ac_mcp_machine=7351244507
-------
timestamp=310086941921
iterations=2655
sample_ns=100000000
window_ns=1000000000
rapl_core_sum_uj=2178471947
rapl_psys_sum_uj=0
pid=0 energy=9343925403070 alive=1 kernel=1 cpu_ns=573269000000 mem=751067136 instructions=1295516080614 wakeups=6475288 diski=10592256 disko=36446208 rx=155659 tx=69701 comm=*system*
psu_energy_ac_mcp_machine=7355966553
-------
timestamp=310236776929
iterations=2656
sample_ns=100000000
window_ns=1000000000
rapl_core_sum_uj=2179537498
rapl_psys_sum_uj=0
pid=0 energy=9347783169700 alive=1 kernel=1 cpu_ns=573587000000 mem=751243264 instructions=1295969633940 wakeups=6476850 diski=10592256 disko=36696064 rx=155659 tx=69701 comm=*system*
psu_energy_ac_mcp_machine=7360673218
-------
timestamp=310385314821
iterations=2658
sample_ns=100000000
window_ns=1000000000
rapl_core_sum_uj=2181594626
rapl_psys_sum_uj=0
pid=0 energy=9355091197075 alive=1 kernel=1 cpu_ns=574180000000 mem=751243264 instructions=1296838239415 wakeups=6479793 diski=10592256 disko=37179392 rx=155659 tx=69701 comm=*system*
psu_energy_ac_mcp_machine=7364171875
-------
timestamp=310529669343
iterations=2659
sample_ns=100000000
window_ns=1000000000
rapl_core_sum_uj=2182664877
rapl_psys_sum_uj=0
pid=0 energy=9358832452470 alive=1 kernel=1 cpu_ns=574474000000 mem=751243264 instructions=1297292490494 wakeups=6481318 diski=10592256 disko=37425152 rx=155659 tx=69701 comm=*system*
psu_energy_ac_mcp_machine=7368895996
-------
timestamp=310677204532
iterations=2661
sample_ns=100000000
window_ns=1000000000
rapl_core_sum_uj=2184732930
rapl_psys_sum_uj=0
pid=0 energy=9366224010620 alive=1 kernel=1 cpu_ns=575074000000 mem=751771648 instructions=1298170802124 wakeups=6484255 diski=10592256 disko=37912576 rx=155659 tx=69701 comm=*system*
psu_energy_ac_mcp_machine=7373633057
-------
timestamp=310825196651
iterations=2662
sample_ns=100000000
window_ns=1000000000
rapl_core_sum_uj=2185793476
rapl_psys_sum_uj=0
pid=0 energy=9369997379515 alive=1 kernel=1 cpu_ns=575379000000 mem=751136768 instructions=1298620475903 wakeups=6485813 diski=10592256 disko=38158336 rx=155659 tx=69701 comm=*system*
psu_energy_ac_mcp_machine=7377137817
-------
timestamp=310967674930
iterations=2663
sample_ns=100000000
window_ns=1000000000
rapl_core_sum_uj=2186863239
rapl_psys_sum_uj=0
pid=0 energy=9373861680155 alive=1 kernel=1 cpu_ns=575692000000 mem=751005696 instructions=1299080336031 wakeups=6487398 diski=10592256 disko=38416384 rx=155659 tx=69701 comm=*system*
psu_energy_ac_mcp_machine=7381893799
-------
timestamp=311117721560
iterations=2665
sample_ns=100000000
window_ns=1000000000
rapl_core_sum_uj=2188946368
rapl_psys_sum_uj=0
pid=0 energy=9381281236555 alive=1 kernel=1 cpu_ns=576294000000 mem=751210496 instructions=1299962247311 wakeups=6490324 diski=10592256 disko=38903808 rx=155659 tx=69701 comm=*system*
psu_energy_ac_mcp_machine=7386605835
-------
timestamp=311266523208
iterations=2666
sample_ns=100000000
window_ns=1000000000
rapl_core_sum_uj=2189998797
rapl_psys_sum_uj=0
pid=0 energy=9385081849850 alive=1 kernel=1 cpu_ns=576606000000 mem=751034368 instructions=1300410369970 wakeups=6491855 diski=10592256 disko=39145472 rx=155659 tx=69701 comm=*system*
psu_energy_ac_mcp_machine=7390116333
-------
timestamp=311414293709
iterations=2668
sample_ns=100000000
window_ns=1000000000
rapl_core_sum_uj=2192090349
rapl_psys_sum_uj=0
pid=0 energy=9392528794700 alive=1 kernel=1 cpu_ns=577213000000 mem=751034368 instructions=1301292758940 wakeups=6494799 diski=10592256 disko=39645184 rx=155659 tx=69701 comm=*system*
psu_energy_ac_mcp_machine=7394855591
-------
timestamp=311561989272
iterations=2669
sample_ns=100000000
window_ns=1000000000
rapl_core_sum_uj=2193152604
rapl_psys_sum_uj=0
pid=0 energy=9396330508265 alive=1 kernel=1 cpu_ns=577520000000 mem=751034368 instructions=1301746101653 wakeups=6496355 diski=10592256 disko=39882752 rx=155659 tx=69701 comm=*system*
psu_energy_ac_mcp_machine=7399562012
-------
timestamp=311712116464
iterations=2671
sample_ns=100000000
window_ns=1000000000
rapl_core_sum_uj=2195269363
rapl_psys_sum_uj=0
pid=0 energy=9403881420500 alive=1 kernel=1 cpu_ns=578129000000 mem=751738880 instructions=1302647284100 wakeups=6499324 diski=10592256 disko=40378368 rx=155659 tx=69701 comm=*system*
psu_energy_ac_mcp_machine=7403035156
-------
timestamp=311856218597
iterations=2672
sample_ns=100000000
window_ns=1000000000
rapl_core_sum_uj=2196320876
rapl_psys_sum_uj=0
pid=0 energy=9407662357585 alive=1 kernel=1 cpu_ns=578440000000 mem=751136768 instructions=1303092471517 wakeups=6500881 diski=10592256 disko=40628224 rx=155661 tx=69701 comm=*system*
psu_energy_ac_mcp_machine=7407783325
-------
timestamp=312003364145
iterations=2673
sample_ns=100000000
window_ns=1000000000
rapl_core_sum_uj=2197387587
rapl_psys_sum_uj=0
pid=0 energy=9411462849975 alive=1 kernel=1 cpu_ns=578746000000 mem=751013888 instructions=1303546569995 wakeups=6502440 diski=10592256 disko=40873984 rx=155661 tx=69701 comm=*system*
psu_energy_ac_mcp_machine=7412501953
-------
timestamp=312154073377
iterations=2675
sample_ns=100000000
window_ns=1000000000
rapl_core_sum_uj=2199466993
rapl_psys_sum_uj=0
pid=0 energy=9418907246680 alive=1 kernel=1 cpu_ns=579355000000 mem=750837760 instructions=1304426449336 wakeups=6505384 diski=10592256 disko=41373696 rx=155661 tx=69701 comm=*system*
psu_energy_ac_mcp_machine=7415996338
-------
timestamp=312296863409
iterations=2676
sample_ns=100000000
window_ns=1000000000
rapl_core_sum_uj=2200512830
rapl_psys_sum_uj=0
pid=0 energy=9422657025365 alive=1 kernel=1 cpu_ns=579662000000 mem=751190016 instructions=1304869405073 wakeups=6506916 diski=10592256 disko=41611264 rx=155661 tx=69701 comm=*system*
psu_energy_ac_mcp_machine=7420740356
-------
timestamp=312445269131
iterations=2678
sample_ns=100000000
window_ns=1000000000
rapl_core_sum_uj=2202608472
rapl_psys_sum_uj=0
pid=0 energy=9430133051155 alive=1 kernel=1 cpu_ns=580261000000 mem=751542272 instructions=1305765610231 wakeups=6509839 diski=10592256 disko=42098688 rx=155661 tx=69701 comm=*system*
psu_energy_ac_mcp_machine=7425465698
-------
timestamp=312591676400
iterations=2679
sample_ns=100000000
window_ns=1000000000
rapl_core_sum_uj=2203634472
rapl_psys_sum_uj=0
pid=0 energy=9433769921450 alive=1 kernel=1 cpu_ns=580559000000 mem=751013888 instructions=1306194984290 wakeups=6511340 diski=10592256 disko=42336256 rx=155662 tx=69701 comm=*system*
psu_energy_ac_mcp_machine=7428973755
-------
timestamp=312737103337
iterations=2680
sample_ns=100000000
window_ns=1000000000
rapl_core_sum_uj=2204693859
rapl_psys_sum_uj=0
pid=0 energy=9437574439805 alive=1 kernel=1 cpu_ns=580872000000 mem=751013888 instructions=1306642887961 wakeups=6512842 diski=10592256 disko=42582016 rx=155662 tx=69701 comm=*system*
psu_energy_ac_mcp_machine=7433716797
-------
timestamp=312883852519
iterations=2682
sample_ns=100000000
window_ns=1000000000
rapl_core_sum_uj=2206756480
rapl_psys_sum_uj=0
pid=0 energy=9444903548360 alive=1 kernel=1 cpu_ns=581466000000 mem=751198208 instructions=1307514709672 wakeups=6515736 diski=10592256 disko=43065344 rx=155662 tx=69701 comm=*system*
psu_energy_ac_mcp_machine=7438440308
-------
timestamp=313032331203
iterations=2683
sample_ns=100000000
window_ns=1000000000
rapl_core_sum_uj=2207797312
rapl_psys_sum_uj=0
pid=0 energy=9448634366060 alive=1 kernel=1 cpu_ns=581771000000 mem=751022080 instructions=1307955873212 wakeups=6517195 diski=10592256 disko=43302912 rx=155662 tx=69701 comm=*system*
psu_energy_ac_mcp_machine=7441934570
-------
timestamp=313176120505
iterations=2685
sample_ns=100000000
window_ns=1000000000
rapl_core_sum_uj=2209898874
rapl_psys_sum_uj=0
pid=0 energy=9456105271110 alive=1 kernel=1 cpu_ns=582381000000 mem=751022080 instructions=1308840054222 wakeups=6520140 diski=10592256 disko=43790336 rx=155662 tx=69701 comm=*system*
psu_energy_ac_mcp_machine=7446677246
-------
timestamp=313322750416
iterations=2686
sample_ns=100000000
window_ns=1000000000
rapl_core_sum_uj=2210941171
rapl_psys_sum_uj=0
pid=0 energy=9459799483280 alive=1 kernel=1 cpu_ns=582680000000 mem=751022080 instructions=1309279896656 wakeups=6521641 diski=10592256 disko=44036096 rx=155662 tx=69701 comm=*system*
psu_energy_ac_mcp_machine=7451401123
-------
timestamp=313471679335
iterations=2687
sample_ns=100000000
window_ns=1000000000
rapl_core_sum_uj=2212001168
rapl_psys_sum_uj=0
pid=0 energy=9463575340460 alive=1 kernel=1 cpu_ns=582984000000 mem=751198208 instructions=1309731068092 wakeups=6523140 diski=10592256 disko=44277760 rx=155662 tx=69701 comm=*system*
psu_energy_ac_mcp_machine=7454913696
-------
timestamp=313616306320
iterations=2689
sample_ns=100000000
window_ns=1000000000
rapl_core_sum_uj=2214071906
rapl_psys_sum_uj=0
pid=0 energy=9470984730370 alive=1 kernel=1 cpu_ns=583588000000 mem=751374336 instructions=1310608946074 wakeups=6526098 diski=10592256 disko=44769280 rx=155662 tx=69701 comm=*system*
psu_energy_ac_mcp_machine=7459651001
-------
timestamp=313765745629
iterations=2690
sample_ns=100000000
window_ns=1000000000
rapl_core_sum_uj=2215129218
rapl_psys_sum_uj=0
pid=0 energy=9474712432980 alive=1 kernel=1 cpu_ns=583887000000 mem=751022080 instructions=1311055486596 wakeups=6527619 diski=10592256 disko=45006848 rx=155662 tx=69701 comm=*system*
psu_energy_ac_mcp_machine=7464349121
-------
timestamp=313916926452
iterations=2692
sample_ns=100000000
window_ns=1000000000
rapl_core_sum_uj=2217195074
rapl_psys_sum_uj=0
pid=0 energy=9482029375005 alive=1 kernel=1 cpu_ns=584488000000 mem=751210496 instructions=1311917875001 wakeups=6530522 diski=10592256 disko=45498368 rx=155664 tx=69701 comm=*system*
psu_energy_ac_mcp_machine=7467860718
-------
timestamp=314063106197
iterations=2693
sample_ns=100000000
window_ns=1000000000
rapl_core_sum_uj=2218261968
rapl_psys_sum_uj=0
pid=0 energy=9485833613965 alive=1 kernel=1 cpu_ns=584797000000 mem=751210496 instructions=1312369722793 wakeups=6532021 diski=10592256 disko=45735936 rx=155664 tx=69701 comm=*system*
psu_energy_ac_mcp_machine=7472609131
-------
timestamp=314206773403
iterations=2695
sample_ns=100000000
window_ns=1000000000
rapl_core_sum_uj=2220354801
rapl_psys_sum_uj=0
pid=0 energy=9493255446965 alive=1 kernel=1 cpu_ns=585400000000 mem=752091136 instructions=1313251089393 wakeups=6534901 diski=10592256 disko=46211072 rx=155664 tx=69701 comm=*system*
psu_energy_ac_mcp_machine=7477349121
-------
timestamp=314352832381
iterations=2696
sample_ns=100000000
window_ns=1000000000
rapl_core_sum_uj=2221401676
rapl_psys_sum_uj=0
pid=0 energy=9496946321185 alive=1 kernel=1 cpu_ns=585699000000 mem=751034368 instructions=1313690264237 wakeups=6536430 diski=10592256 disko=46452736 rx=155664 tx=69701 comm=*system*
psu_energy_ac_mcp_machine=7480837402
-------
timestamp=314498975010
iterations=2697
sample_ns=100000000
window_ns=1000000000
rapl_core_sum_uj=2222443790
rapl_psys_sum_uj=0
pid=0 energy=9500651923355 alive=1 kernel=1 cpu_ns=586004000000 mem=751034368 instructions=1314126384671 wakeups=6537939 diski=10592256 disko=46690304 rx=155664 tx=69701 comm=*system*
psu_energy_ac_mcp_machine=7485583252
-------
timestamp=314645588377
iterations=2699
sample_ns=100000000
window_ns=1000000000
rapl_core_sum_uj=2224479373
rapl_psys_sum_uj=0
pid=0 energy=9507916609920 alive=1 kernel=1 cpu_ns=586587000000 mem=751165440 instructions=1314996321984 wakeups=6540685 diski=10592256 disko=47484928 rx=155664 tx=69701 comm=*system*
psu_energy_ac_mcp_machine=7490284790
-------
timestamp=314796859836
iterations=2700
sample_ns=100000000
window_ns=1000000000
rapl_core_sum_uj=2225544558
rapl_psys_sum_uj=0
pid=0 energy=9511777790470 alive=1 kernel=1 cpu_ns=586900000000 mem=750989312 instructions=1315455558094 wakeups=6542238 diski=10592256 disko=47734784 rx=155664 tx=69701 comm=*system*
psu_energy_ac_mcp_machine=7493764893
-------
timestamp=314943289508
iterations=2702
sample_ns=100000000
window_ns=1000000000
rapl_core_sum_uj=2227611635
rapl_psys_sum_uj=0
pid=0 energy=9519246245015 alive=1 kernel=1 cpu_ns=587504000000 mem=751550464 instructions=1316345249003 wakeups=6545223 diski=10592256 disko=48234496 rx=155664 tx=69701 comm=*system*
psu_energy_ac_mcp_machine=7498510376
-------
timestamp=315087495722
iterations=2703
sample_ns=100000000
window_ns=1000000000
rapl_core_sum_uj=2228667299
rapl_psys_sum_uj=0
pid=0 energy=9523082484640 alive=1 kernel=1 cpu_ns=587816000000 mem=751198208 instructions=1316800496928 wakeups=6546792 diski=10592256 disko=48480256 rx=155664 tx=69701 comm=*system*
psu_energy_ac_mcp_machine=7503237915
-------
timestamp=315235981628
iterations=2704
sample_ns=100000000
window_ns=1000000000
rapl_core_sum_uj=2229735658
rapl_psys_sum_uj=0
pid=0 energy=9526834694500 alive=1 kernel=1 cpu_ns=588120000000 mem=751022080 instructions=1317246938900 wakeups=6548328 diski=10592256 disko=48721920 rx=155664 tx=69701 comm=*system*
psu_energy_ac_mcp_machine=7506715088
-------
timestamp=315381076019
iterations=2706
sample_ns=100000000
window_ns=1000000000
rapl_core_sum_uj=2231808655
rapl_psys_sum_uj=0
pid=0 energy=9534292009480 alive=1 kernel=1 cpu_ns=588735000000 mem=751022080 instructions=1318123401896 wakeups=6551255 diski=10592256 disko=49221632 rx=155664 tx=69701 comm=*system*
psu_energy_ac_mcp_machine=7511441528
-------
timestamp=315526321430
iterations=2707
sample_ns=100000000
window_ns=1000000000
rapl_core_sum_uj=2232861145
rapl_psys_sum_uj=0
pid=0 energy=9538060294930 alive=1 kernel=1 cpu_ns=589040000000 mem=751198208 instructions=1318572058986 wakeups=6552832 diski=10592256 disko=49459200 rx=155664 tx=69701 comm=*system*
psu_energy_ac_mcp_machine=7516151611
-------
timestamp=315675791212
iterations=2709
sample_ns=100000000
window_ns=1000000000
rapl_core_sum_uj=2234947386
rapl_psys_sum_uj=0
pid=0 energy=9545522562430 alive=1 kernel=1 cpu_ns=589644000000 mem=751198208 instructions=1319460512486 wakeups=6555784 diski=10592256 disko=49958912 rx=155664 tx=69701 comm=*system*
psu_energy_ac_mcp_machine=7519633179
-------
timestamp=315819421666
iterations=2710
sample_ns=100000000
window_ns=1000000000
rapl_core_sum_uj=2235964414
rapl_psys_sum_uj=0
pid=0 energy=9549165523445 alive=1 kernel=1 cpu_ns=589942000000 mem=751198208 instructions=1319891104689 wakeups=6557261 diski=10592256 disko=50188288 rx=155666 tx=69701 comm=*system*
psu_energy_ac_mcp_machine=7524360229
-------
timestamp=315964875486
iterations=2711
sample_ns=100000000
window_ns=1000000000
rapl_core_sum_uj=2237031430
rapl_psys_sum_uj=0
pid=0 energy=9552998451935 alive=1 kernel=1 cpu_ns=590252000000 mem=751034368 instructions=1320347690387 wakeups=6558797 diski=10592256 disko=50438144 rx=155666 tx=69701 comm=*system*
psu_energy_ac_mcp_machine=7529109985
-------
timestamp=316115871077
iterations=2713
sample_ns=100000000
window_ns=1000000000
rapl_core_sum_uj=2239107479
rapl_psys_sum_uj=0
pid=0 energy=9560393447510 alive=1 kernel=1 cpu_ns=590849000000 mem=751210496 instructions=1321229689502 wakeups=6561740 diski=10592256 disko=50921472 rx=155666 tx=69701 comm=*system*
psu_energy_ac_mcp_machine=7532625244
-------
timestamp=316260564024
iterations=2714
sample_ns=100000000
window_ns=1000000000
rapl_core_sum_uj=2240163020
rapl_psys_sum_uj=0
pid=0 energy=9564213942925 alive=1 kernel=1 cpu_ns=591162000000 mem=751226880 instructions=1321680788585 wakeups=6563310 diski=10592256 disko=51163136 rx=155666 tx=69701 comm=*system*
psu_energy_ac_mcp_machine=7537336914
-------
timestamp=316408826802
iterations=2716
sample_ns=100000000
window_ns=1000000000
rapl_core_sum_uj=2242243586
rapl_psys_sum_uj=0
pid=0 energy=9571639938225 alive=1 kernel=1 cpu_ns=591764000000 mem=751095808 instructions=1322563987645 wakeups=6566262 diski=10592256 disko=51662848 rx=155666 tx=69701 comm=*system*
psu_energy_ac_mcp_machine=7542032715
-------
timestamp=316554646814
iterations=2717
sample_ns=100000000
window_ns=1000000000
rapl_core_sum_uj=2243315241
rapl_psys_sum_uj=0
pid=0 energy=9575446491680 alive=1 kernel=1 cpu_ns=592073000000 mem=751095808 instructions=1323016298336 wakeups=6567779 diski=10592256 disko=51912704 rx=155666 tx=69701 comm=*system*
psu_energy_ac_mcp_machine=7545536377
-------
timestamp=316701719190
iterations=2719
sample_ns=100000000
window_ns=1000000000
rapl_core_sum_uj=2245415948
rapl_psys_sum_uj=0
pid=0 energy=9582966525120 alive=1 kernel=1 cpu_ns=592685000000 mem=752328704 instructions=1323908305024 wakeups=6570717 diski=10592256 disko=52391936 rx=155666 tx=69701 comm=*system*
psu_energy_ac_mcp_machine=7550240967
-------
timestamp=316846655417
iterations=2720
sample_ns=100000000
window_ns=1000000000
rapl_core_sum_uj=2246448174
rapl_psys_sum_uj=0
pid=0 energy=9586577743845 alive=1 kernel=1 cpu_ns=592975000000 mem=750981120 instructions=1324340548769 wakeups=6572246 diski=10592256 disko=52645888 rx=155666 tx=69701 comm=*system*
psu_energy_ac_mcp_machine=7554937256
-------
timestamp=316994890311
iterations=2721
sample_ns=100000000
window_ns=1000000000
rapl_core_sum_uj=2247498039
rapl_psys_sum_uj=0
pid=0 energy=9590387189885 alive=1 kernel=1 cpu_ns=593283000000 mem=751288320 instructions=1324794437977 wakeups=6573755 diski=10592256 disko=53055488 rx=155666 tx=69701 comm=*system*
psu_energy_ac_mcp_machine=7558432739
-------
timestamp=317142863155
iterations=2723
sample_ns=100000000
window_ns=1000000000
rapl_core_sum_uj=2249586356
rapl_psys_sum_uj=0
pid=0 energy=9597870189770 alive=1 kernel=1 cpu_ns=593888000000 mem=751112192 instructions=1325686037954 wakeups=6576709 diski=10592256 disko=53559296 rx=155666 tx=69701 comm=*system*
psu_energy_ac_mcp_machine=7563161133
-------
timestamp=317286485327
iterations=2724
sample_ns=100000000
window_ns=1000000000
rapl_core_sum_uj=2250638235
rapl_psys_sum_uj=0
pid=0 energy=9601643067430 alive=1 kernel=1 cpu_ns=594194000000 mem=751112192 instructions=1326134613486 wakeups=6578236 diski=10592256 disko=53805056 rx=155666 tx=69701 comm=*system*
psu_energy_ac_mcp_machine=7567866943
-------
timestamp=317435273707
iterations=2726
sample_ns=100000000
window_ns=1000000000
rapl_core_sum_uj=2252713063
rapl_psys_sum_uj=0
pid=0 energy=9609029300080 alive=1 kernel=1 cpu_ns=594793000000 mem=751816704 instructions=1327012860016 wakeups=6581139 diski=10592256 disko=54292480 rx=155666 tx=69701 comm=*system*
psu_energy_ac_mcp_machine=7571348511
-------
timestamp=317581093662
iterations=2727
sample_ns=100000000
window_ns=1000000000
rapl_core_sum_uj=2253756825
rapl_psys_sum_uj=0
pid=0 energy=9612705679515 alive=1 kernel=1 cpu_ns=595091000000 mem=751288320 instructions=1327450135903 wakeups=6582687 diski=10592256 disko=54521856 rx=155666 tx=69701 comm=*system*
psu_energy_ac_mcp_machine=7576056519
-------
timestamp=317725988989
iterations=2728
sample_ns=100000000
window_ns=1000000000
rapl_core_sum_uj=2254824879
rapl_psys_sum_uj=0
pid=0 energy=9616485010410 alive=1 kernel=1 cpu_ns=595396000000 mem=751288320 instructions=1327901002082 wakeups=6584234 diski=10592256 disko=54767616 rx=155666 tx=69701 comm=*system*
psu_energy_ac_mcp_machine=7580785522
-------
timestamp=317874273469
iterations=2730
sample_ns=100000000
window_ns=1000000000
rapl_core_sum_uj=2256904590
rapl_psys_sum_uj=0
pid=0 energy=9623950255515 alive=1 kernel=1 cpu_ns=596004000000 mem=751292416 instructions=1328786051103 wakeups=6587225 diski=10592256 disko=55275520 rx=155668 tx=69701 comm=*system*
psu_energy_ac_mcp_machine=7584266602
-------
timestamp=318020260867
iterations=2731
sample_ns=100000000
window_ns=1000000000
rapl_core_sum_uj=2257960620
rapl_psys_sum_uj=0
pid=0 energy=9627709697460 alive=1 kernel=1 cpu_ns=596307000000 mem=751116288 instructions=1329234939492 wakeups=6588725 diski=10592256 disko=55521280 rx=155668 tx=69701 comm=*system*
psu_energy_ac_mcp_machine=7589011963
-------
timestamp=318170738560
iterations=2733
sample_ns=100000000
window_ns=1000000000
rapl_core_sum_uj=2260037523
rapl_psys_sum_uj=0
pid=0 energy=9635166586715 alive=1 kernel=1 cpu_ns=596916000000 mem=751116288 instructions=1330117317343 wakeups=6591738 diski=10592256 disko=56020992 rx=155669 tx=69702 comm=*system*
psu_energy_ac_mcp_machine=7593735596
-------
timestamp=318322561898
iterations=2734
sample_ns=100000000
window_ns=1000000000
rapl_core_sum_uj=2261095506
rapl_psys_sum_uj=0
pid=0 energy=9638965663050 alive=1 kernel=1 cpu_ns=597225000000 mem=751116288 instructions=1330568132610 wakeups=6593264 diski=10592256 disko=56270848 rx=155669 tx=69702 comm=*system*
psu_energy_ac_mcp_machine=7598424927
-------
timestamp=318470204792
iterations=2736
sample_ns=100000000
window_ns=1000000000
rapl_core_sum_uj=2263179551
rapl_psys_sum_uj=0
pid=0 energy=9646441992925 alive=1 kernel=1 cpu_ns=597834000000 mem=751996928 instructions=1331454398585 wakeups=6596230 diski=10592256 disko=56762368 rx=155669 tx=69702 comm=*system*
psu_energy_ac_mcp_machine=7601903809
-------
timestamp=318614820133
iterations=2737
sample_ns=100000000
window_ns=1000000000
rapl_core_sum_uj=2264228562
rapl_psys_sum_uj=0
pid=0 energy=9650144970565 alive=1 kernel=1 cpu_ns=598132000000 mem=751116288 instructions=1331896994113 wakeups=6597792 diski=10592256 disko=57016320 rx=155669 tx=69702 comm=*system*
psu_energy_ac_mcp_machine=7606664795
-------
timestamp=318761713017
iterations=2738
sample_ns=100000000
window_ns=1000000000
rapl_core_sum_uj=2265290634
rapl_psys_sum_uj=0
pid=0 energy=9653948421735 alive=1 kernel=1 cpu_ns=598443000000 mem=751116288 instructions=1332346684347 wakeups=6599347 diski=10592256 disko=57257984 rx=155669 tx=69702 comm=*system*
psu_energy_ac_mcp_machine=7610142212
-------
timestamp=318905963236
iterations=2740
sample_ns=100000000
window_ns=1000000000
rapl_core_sum_uj=2267377120
rapl_psys_sum_uj=0
pid=0 energy=9661358035490 alive=1 kernel=1 cpu_ns=599040000000 mem=751292416 instructions=1333231607098 wakeups=6602359 diski=10592256 disko=57761792 rx=155669 tx=69702 comm=*system*
psu_energy_ac_mcp_machine=7614858154
-------
timestamp=319050271308
iterations=2741
sample_ns=100000000
window_ns=1000000000
rapl_core_sum_uj=2268437422
rapl_psys_sum_uj=0
pid=0 energy=9665145782890 alive=1 kernel=1 cpu_ns=599347000000 mem=751292416 instructions=1333682156578 wakeups=6603916 diski=10592256 disko=58007552 rx=155669 tx=69702 comm=*system*
psu_energy_ac_mcp_machine=7619581543
-------
timestamp=319198930305
iterations=2743
sample_ns=100000000
window_ns=1000000000
rapl_core_sum_uj=2270542340
rapl_psys_sum_uj=0
pid=0 energy=9672689440030 alive=1 kernel=1 cpu_ns=599957000000 mem=751943680 instructions=1334580888006 wakeups=6606956 diski=10592256 disko=58511360 rx=155669 tx=69702 comm=*system*
psu_energy_ac_mcp_machine=7623081909
-------
timestamp=319345376828
iterations=2744
sample_ns=100000000
window_ns=1000000000
rapl_core_sum_uj=2271583233
rapl_psys_sum_uj=0
pid=0 energy=9676426385100 alive=1 kernel=1 cpu_ns=600265000000 mem=750886912 instructions=1335020277020 wakeups=6608510 diski=10592256 disko=58761216 rx=155669 tx=69702 comm=*system*
psu_energy_ac_mcp_machine=7627869019
-------
timestamp=319491368548
iterations=2745
sample_ns=100000000
window_ns=1000000000
rapl_core_sum_uj=2272639873
rapl_psys_sum_uj=0
pid=0 energy=9680209229525 alive=1 kernel=1 cpu_ns=600575000000 mem=751063040 instructions=1335466845905 wakeups=6610025 diski=10592256 disko=59011072 rx=155669 tx=69702 comm=*system*
psu_energy_ac_mcp_machine=7632627930
-------
timestamp=319639022482
iterations=2747
sample_ns=100000000
window_ns=1000000000
rapl_core_sum_uj=2274720682
rapl_psys_sum_uj=0
pid=0 energy=9687622661225 alive=1 kernel=1 cpu_ns=601173000000 mem=751063040 instructions=1336351532245 wakeups=6613020 diski=10592256 disko=59514880 rx=155669 tx=69702 comm=*system*
psu_energy_ac_mcp_machine=7636138672
-------
timestamp=319783955668
iterations=2748
sample_ns=100000000
window_ns=1000000000
rapl_core_sum_uj=2275775125
rapl_psys_sum_uj=0
pid=0 energy=9691386592730 alive=1 kernel=1 cpu_ns=601479000000 mem=751415296 instructions=1336798318546 wakeups=6614538 diski=10592256 disko=59760640 rx=155669 tx=69702 comm=*system*
psu_energy_ac_mcp_machine=7640865112
-------
timestamp=319931857035
iterations=2750
sample_ns=100000000
window_ns=1000000000
rapl_core_sum_uj=2277851357
rapl_psys_sum_uj=0
pid=0 energy=9698851008290 alive=1 kernel=1 cpu_ns=602083000000 mem=751685632 instructions=1337687201658 wakeups=6617502 diski=10592256 disko=60248064 rx=155671 tx=69702 comm=*system*
psu_energy_ac_mcp_machine=7645567627
-------
timestamp=320081076226
iterations=2751
sample_ns=100000000
window_ns=1000000000
rapl_core_sum_uj=2278893837
rapl_psys_sum_uj=0
pid=0 energy=9702525267235 alive=1 kernel=1 cpu_ns=602378000000 mem=751333376 instructions=1338127053447 wakeups=6619052 diski=10592256 disko=60493824 rx=155671 tx=69702 comm=*system*
psu_energy_ac_mcp_machine=7649077026
-------
timestamp=320225669722
iterations=2752
sample_ns=100000000
window_ns=1000000000
rapl_core_sum_uj=2279957069
rapl_psys_sum_uj=0
pid=0 energy=9706344113765 alive=1 kernel=1 cpu_ns=602688000000 mem=751022080 instructions=1338580822753 wakeups=6620608 diski=10592256 disko=60735488 rx=155671 tx=69702 comm=*system*
psu_energy_ac_mcp_machine=7653813721
-------
timestamp=320369791293
iterations=2754
sample_ns=100000000
window_ns=1000000000
rapl_core_sum_uj=2282041480
rapl_psys_sum_uj=0
pid=0 energy=9713755960640 alive=1 kernel=1 cpu_ns=603290000000 mem=751374336 instructions=1339461192128 wakeups=6623571 diski=10592256 disko=61227008 rx=155671 tx=69702 comm=*system*
psu_energy_ac_mcp_machine=7658554810
-------
timestamp=320518936713
iterations=2755
sample_ns=100000000
window_ns=1000000000
rapl_core_sum_uj=2283121619
rapl_psys_sum_uj=0
pid=0 energy=9717625241620 alive=1 kernel=1 cpu_ns=603603000000 mem=751198208 instructions=1339922048324 wakeups=6625123 diski=10592256 disko=61476864 rx=155671 tx=69702 comm=*system*
psu_energy_ac_mcp_machine=7662060059
-------
timestamp=320669393670
iterations=2757
sample_ns=100000000
window_ns=1000000000
rapl_core_sum_uj=2285201513
rapl_psys_sum_uj=0
pid=0 energy=9725002189150 alive=1 kernel=1 cpu_ns=604200000000 mem=751374336 instructions=1340800437830 wakeups=6628135 diski=10592256 disko=61984768 rx=155671 tx=69702 comm=*system*
psu_energy_ac_mcp_machine=7666813110
-------
timestamp=320815955586
iterations=2758
sample_ns=100000000
window_ns=1000000000
rapl_core_sum_uj=2286264745
rapl_psys_sum_uj=0
pid=0 energy=9728791488640 alive=1 kernel=1 cpu_ns=604501000000 mem=751374336 instructions=1341257297728 wakeups=6629694 diski=10592256 disko=62234624 rx=155671 tx=69702 comm=*system*
psu_energy_ac_mcp_machine=7671564453
-------
timestamp=320962408476
iterations=2759
sample_ns=100000000
window_ns=1000000000
rapl_core_sum_uj=2287315892
rapl_psys_sum_uj=0
pid=0 energy=9732564134175 alive=1 kernel=1 cpu_ns=604807000000 mem=751296512 instructions=1341705826835 wakeups=6631265 diski=10592256 disko=62472192 rx=155671 tx=69702 comm=*system*
psu_energy_ac_mcp_machine=7675067627
-------
timestamp=321107692302
iterations=2761
sample_ns=100000000
window_ns=1000000000
rapl_core_sum_uj=2289394138
rapl_psys_sum_uj=0
pid=0 energy=9739942348315 alive=1 kernel=1 cpu_ns=605408000000 mem=751120384 instructions=1342580469663 wakeups=6634247 diski=10592256 disko=62971904 rx=155671 tx=69702 comm=*system*
psu_energy_ac_mcp_machine=7679798218
-------
timestamp=321253216874
iterations=2762
sample_ns=100000000
window_ns=1000000000
rapl_core_sum_uj=2290444797
rapl_psys_sum_uj=0
pid=0 energy=9743707610955 alive=1 kernel=1 cpu_ns=605712000000 mem=751296512 instructions=1343029522191 wakeups=6635791 diski=10592256 disko=63205376 rx=155671 tx=69702 comm=*system*
psu_energy_ac_mcp_machine=7684566772
-------
timestamp=321403385171
iterations=2764
sample_ns=100000000
window_ns=1000000000
rapl_core_sum_uj=2292547030
rapl_psys_sum_uj=0
pid=0 energy=9751162308865 alive=1 kernel=1 cpu_ns=606311000000 mem=751296512 instructions=1343921461773 wakeups=6638814 diski=10592256 disko=63717376 rx=155671 tx=69702 comm=*system*
psu_energy_ac_mcp_machine=7688075195
-------
timestamp=321548338296
iterations=2765
sample_ns=100000000
window_ns=1000000000
rapl_core_sum_uj=2293614412
rapl_psys_sum_uj=0
pid=0 energy=9755018466940 alive=1 kernel=1 cpu_ns=606626000000 mem=751120384 instructions=1344377693388 wakeups=6640352 diski=10592256 disko=63963136 rx=155671 tx=69702 comm=*system*
psu_energy_ac_mcp_machine=7692798462
-------
timestamp=321693471160
iterations=2767
sample_ns=100000000
window_ns=1000000000
rapl_core_sum_uj=2295709748
rapl_psys_sum_uj=0
pid=0 energy=9762487398355 alive=1 kernel=1 cpu_ns=607232000000 mem=752529408 instructions=1345265479671 wakeups=6643316 diski=10592256 disko=64458752 rx=155671 tx=69702 comm=*system*
psu_energy_ac_mcp_machine=7697536499
-------
timestamp=321841059463
iterations=2768
sample_ns=100000000
window_ns=1000000000
rapl_core_sum_uj=2296752594
rapl_psys_sum_uj=0
pid=0 energy=9766185804245 alive=1 kernel=1 cpu_ns=607529000000 mem=751427584 instructions=1345708160849 wakeups=6644901 diski=10592256 disko=64704512 rx=155673 tx=69702 comm=*system*
psu_energy_ac_mcp_machine=7701045410
-------
timestamp=321986160303
iterations=2769
sample_ns=100000000
window_ns=1000000000
rapl_core_sum_uj=2297779022
rapl_psys_sum_uj=0
pid=0 energy=9769858631810 alive=1 kernel=1 cpu_ns=607818000000 mem=751304704 instructions=1346153726362 wakeups=6646295 diski=10592256 disko=65261568 rx=155673 tx=69702 comm=*system*
psu_energy_ac_mcp_machine=7705752686
-------
timestamp=322135183734
iterations=2771
sample_ns=100000000
window_ns=1000000000
rapl_core_sum_uj=2299835051
rapl_psys_sum_uj=0
pid=0 energy=9777187169355 alive=1 kernel=1 cpu_ns=608418000000 mem=751685632 instructions=1347019433871 wakeups=6649216 diski=10592256 disko=65748992 rx=155673 tx=69702 comm=*system*
psu_energy_ac_mcp_machine=7710458252
-------
timestamp=322282683164
iterations=2772
sample_ns=100000000
window_ns=1000000000
rapl_core_sum_uj=2300889128
rapl_psys_sum_uj=0
pid=0 energy=9780981569680 alive=1 kernel=1 cpu_ns=608730000000 mem=751607808 instructions=1347466313936 wakeups=6650712 diski=10592256 disko=65994752 rx=155673 tx=69702 comm=*system*
psu_energy_ac_mcp_machine=7713947266
-------
timestamp=322428606966
iterations=2774
sample_ns=100000000
window_ns=1000000000
rapl_core_sum_uj=2302989225
rapl_psys_sum_uj=0
pid=0 energy=9788436209530 alive=1 kernel=1 cpu_ns=609327000000 mem=751783936 instructions=1348360241906 wakeups=6653708 diski=10592256 disko=66506752 rx=155673 tx=69702 comm=*system*
psu_energy_ac_mcp_machine=7718691040
-------
timestamp=322574196752
iterations=2775
sample_ns=100000000
window_ns=1000000000
rapl_core_sum_uj=2304032743
rapl_psys_sum_uj=0
pid=0 energy=9792160106215 alive=1 kernel=1 cpu_ns=609631000000 mem=751255552 instructions=1348801021243 wakeups=6655246 diski=10592256 disko=66748416 rx=155673 tx=69702 comm=*system*
psu_energy_ac_mcp_machine=7723449951
-------
timestamp=322721698258
iterations=2776
sample_ns=100000000
window_ns=1000000000
rapl_core_sum_uj=2305093656
rapl_psys_sum_uj=0
pid=0 energy=9795936427400 alive=1 kernel=1 cpu_ns=609935000000 mem=751431680 instructions=1349252285480 wakeups=6656791 diski=10592256 disko=66998272 rx=155673 tx=69702 comm=*system*
psu_energy_ac_mcp_machine=7726943970
-------
timestamp=322865909576
iterations=2778
sample_ns=100000000
window_ns=1000000000
rapl_core_sum_uj=2307189175
rapl_psys_sum_uj=0
pid=0 energy=9803357416880 alive=1 kernel=1 cpu_ns=610533000000 mem=751337472 instructions=1350138483376 wakeups=6659801 diski=10592256 disko=67514368 rx=155673 tx=69702 comm=*system*
psu_energy_ac_mcp_machine=7731715332
-------
timestamp=323011779993
iterations=2779
sample_ns=100000000
window_ns=1000000000
rapl_core_sum_uj=2308257595
rapl_psys_sum_uj=0
pid=0 energy=9807175939920 alive=1 kernel=1 cpu_ns=610842000000 mem=751161344 instructions=1350593187984 wakeups=6661363 diski=10592256 disko=67760128 rx=155673 tx=69702 comm=*system*
psu_energy_ac_mcp_machine=7736437500
-------
timestamp=323162659858
iterations=2781
sample_ns=100000000
window_ns=1000000000
rapl_core_sum_uj=2310344081
rapl_psys_sum_uj=0
pid=0 energy=9814597939025 alive=1 kernel=1 cpu_ns=611444000000 mem=751210496 instructions=1351475587805 wakeups=6664341 diski=10592256 disko=68255744 rx=155673 tx=69702 comm=*system*
psu_energy_ac_mcp_machine=7739950684
-------
timestamp=323307808059
iterations=2782
sample_ns=100000000
window_ns=1000000000
rapl_core_sum_uj=2311387049
rapl_psys_sum_uj=0
pid=0 energy=9818307566270 alive=1 kernel=1 cpu_ns=611744000000 mem=751210496 instructions=1351917513254 wakeups=6665856 diski=10592256 disko=68501504 rx=155673 tx=69702 comm=*system*
psu_energy_ac_mcp_machine=7744684448
-------
timestamp=323453548323
iterations=2783
sample_ns=100000000
window_ns=1000000000
rapl_core_sum_uj=2312439050
rapl_psys_sum_uj=0
pid=0 energy=9822040181165 alive=1 kernel=1 cpu_ns=612047000000 mem=751386624 instructions=1352361036233 wakeups=6667358 diski=10592256 disko=68743168 rx=155673 tx=69702 comm=*system*
psu_energy_ac_mcp_machine=7749370483
-------
timestamp=323603975025
iterations=2785
sample_ns=100000000
window_ns=1000000000
rapl_core_sum_uj=2314502160
rapl_psys_sum_uj=0
pid=0 energy=9829413973815 alive=1 kernel=1 cpu_ns=612647000000 mem=751276032 instructions=1353235794763 wakeups=6670354 diski=10592256 disko=69242880 rx=155673 tx=69702 comm=*system*
psu_energy_ac_mcp_machine=7752864014
-------
timestamp=323747736158
iterations=2786
sample_ns=100000000
window_ns=1000000000
rapl_core_sum_uj=2315561669
rapl_psys_sum_uj=0
pid=0 energy=9833232352650 alive=1 kernel=1 cpu_ns=612958000000 mem=751276032 instructions=1353688470530 wakeups=6671896 diski=10592256 disko=69488640 rx=155673 tx=69702 comm=*system*
psu_energy_ac_mcp_machine=7757626343
-------
timestamp=323893497294
iterations=2788
sample_ns=100000000
window_ns=1000000000
rapl_core_sum_uj=2317648949
rapl_psys_sum_uj=0
pid=0 energy=9840687684340 alive=1 kernel=1 cpu_ns=613560000000 mem=751353856 instructions=1354577536868 wakeups=6674905 diski=10592256 disko=69992448 rx=155675 tx=69702 comm=*system*
psu_energy_ac_mcp_machine=7762373901
-------
timestamp=324041177619
iterations=2789
sample_ns=100000000
window_ns=1000000000
rapl_core_sum_uj=2318717369
rapl_psys_sum_uj=0
pid=0 energy=9844536866245 alive=1 kernel=1 cpu_ns=613872000000 mem=751353856 instructions=1355035373249 wakeups=6676503 diski=10592256 disko=70246400 rx=155675 tx=69702 comm=*system*
psu_energy_ac_mcp_machine=7765873901
-------
timestamp=324186289679
iterations=2791
sample_ns=100000000
window_ns=1000000000
rapl_core_sum_uj=2320800376
rapl_psys_sum_uj=0
pid=0 energy=9852019794065 alive=1 kernel=1 cpu_ns=614479000000 mem=752586752 instructions=1355924958813 wakeups=6679435 diski=10592256 disko=70742016 rx=155675 tx=69702 comm=*system*
psu_energy_ac_mcp_machine=7770598389
-------
timestamp=324334892775
iterations=2792
sample_ns=100000000
window_ns=1000000000
rapl_core_sum_uj=2321845908
rapl_psys_sum_uj=0
pid=0 energy=9855707191735 alive=1 kernel=1 cpu_ns=614778000000 mem=751177728 instructions=1356363438347 wakeups=6681031 diski=10592256 disko=70995968 rx=155675 tx=69702 comm=*system*
psu_energy_ac_mcp_machine=7775353394
-------
timestamp=324481694211
iterations=2793
sample_ns=100000000
window_ns=1000000000
rapl_core_sum_uj=2322910483
rapl_psys_sum_uj=0
pid=0 energy=9859461788100 alive=1 kernel=1 cpu_ns=615075000000 mem=751353856 instructions=1356817357620 wakeups=6682582 diski=10592256 disko=71249920 rx=155675 tx=69702 comm=*system*
psu_energy_ac_mcp_machine=7778871094
-------
timestamp=324629230973
iterations=2795
sample_ns=100000000
window_ns=1000000000
rapl_core_sum_uj=2324994649
rapl_psys_sum_uj=0
pid=0 energy=9866819451970 alive=1 kernel=1 cpu_ns=615672000000 mem=751177728 instructions=1357691890394 wakeups=6685567 diski=10592256 disko=71745536 rx=155675 tx=69702 comm=*system*
psu_energy_ac_mcp_machine=7783625732
-------
timestamp=324774140036
iterations=2796
sample_ns=100000000
window_ns=1000000000
rapl_core_sum_uj=2326070271
rapl_psys_sum_uj=0
pid=0 energy=9870608397735 alive=1 kernel=1 cpu_ns=615976000000 mem=751177728 instructions=1358145679547 wakeups=6687113 diski=10592256 disko=71995392 rx=155675 tx=69702 comm=*system*
psu_energy_ac_mcp_machine=7788351196
-------
timestamp=324922902030
iterations=2798
sample_ns=100000000
window_ns=1000000000
rapl_core_sum_uj=2328165668
rapl_psys_sum_uj=0
pid=0 energy=9877985749835 alive=1 kernel=1 cpu_ns=616571000000 mem=751767552 instructions=1359026149967 wakeups=6690076 diski=10592256 disko=72486912 rx=155675 tx=69702 comm=*system*
psu_energy_ac_mcp_machine=7791839233
-------
timestamp=325067392554
iterations=2799
sample_ns=100000000
window_ns=1000000000
rapl_core_sum_uj=2329193683
rapl_psys_sum_uj=0
pid=0 energy=9881644957695 alive=1 kernel=1 cpu_ns=616870000000 mem=751239168 instructions=1359458991539 wakeups=6691593 diski=10592256 disko=72732672 rx=155675 tx=69702 comm=*system*
psu_energy_ac_mcp_machine=7796574341
-------
timestamp=325213285952
iterations=2800
sample_ns=100000000
window_ns=1000000000
rapl_core_sum_uj=2330264849
rapl_psys_sum_uj=0
pid=0 energy=9885477597375 alive=1 kernel=1 cpu_ns=617181000000 mem=751239168 instructions=1359914519475 wakeups=6693162 diski=10592256 disko=72982528 rx=155675 tx=69702 comm=*system*
psu_energy_ac_mcp_machine=7801298096
-------
timestamp=325361782435
iterations=2802
sample_ns=100000000
window_ns=1000000000
rapl_core_sum_uj=2332347551
rapl_psys_sum_uj=0
pid=0 energy=9892865868325 alive=1 kernel=1 cpu_ns=617782000000 mem=751239168 instructions=1360791173665 wakeups=6696106 diski=10592256 disko=73478144 rx=155675 tx=69702 comm=*system*
psu_energy_ac_mcp_machine=7804791504
-------
timestamp=325509047101
iterations=2803
sample_ns=100000000
window_ns=1000000000
rapl_core_sum_uj=2333414933
rapl_psys_sum_uj=0
pid=0 energy=9896701848240 alive=1 kernel=1 cpu_ns=618099000000 mem=751239168 instructions=1361241369648 wakeups=6697628 diski=10592256 disko=73719808 rx=155675 tx=69702 comm=*system*
psu_energy_ac_mcp_machine=7809519287
-------
timestamp=325656127917
iterations=2805
sample_ns=100000000
window_ns=1000000000
rapl_core_sum_uj=2335502883
rapl_psys_sum_uj=0
pid=0 energy=9904188227555 alive=1 kernel=1 cpu_ns=618704000000 mem=751415296 instructions=1362133645511 wakeups=6700621 diski=10592256 disko=74219520 rx=155675 tx=69702 comm=*system*
psu_energy_ac_mcp_machine=7814228027
-------
timestamp=325804118940
iterations=2806
sample_ns=100000000
window_ns=1000000000
rapl_core_sum_uj=2336555617
rapl_psys_sum_uj=0
pid=0 energy=9907930642215 alive=1 kernel=1 cpu_ns=619008000000 mem=751415296 instructions=1362578128443 wakeups=6702144 diski=10592256 disko=74469376 rx=155677 tx=69702 comm=*system*
psu_energy_ac_mcp_machine=7817738037
-------
timestamp=325948337860
iterations=2807
sample_ns=100000000
window_ns=1000000000
rapl_core_sum_uj=2337615309
rapl_psys_sum_uj=0
pid=0 energy=9911698561840 alive=1 kernel=1 cpu_ns=619313000000 mem=751353856 instructions=1363026712368 wakeups=6703687 diski=10592256 disko=74706944 rx=155677 tx=69702 comm=*system*
psu_energy_ac_mcp_machine=7822486816
-------
timestamp=326095115948
iterations=2809
sample_ns=100000000
window_ns=1000000000
rapl_core_sum_uj=2339716809
rapl_psys_sum_uj=0
pid=0 energy=9919234326240 alive=1 kernel=1 cpu_ns=619927000000 mem=751353856 instructions=1363919865248 wakeups=6706729 diski=10592256 disko=75214848 rx=155677 tx=69702 comm=*system*
psu_energy_ac_mcp_machine=7827242310
-------
timestamp=326242604215
iterations=2810
sample_ns=100000000
window_ns=1000000000
rapl_core_sum_uj=2340769177
rapl_psys_sum_uj=0
pid=0 energy=9922995149015 alive=1 kernel=1 cpu_ns=620229000000 mem=751353856 instructions=1364370029803 wakeups=6708252 diski=10592256 disko=75456512 rx=155677 tx=69702 comm=*system*
psu_energy_ac_mcp_machine=7830738770
-------
timestamp=326389091289
iterations=2812
sample_ns=100000000
window_ns=1000000000
rapl_core_sum_uj=2342828136
rapl_psys_sum_uj=0
pid=0 energy=9930300818535 alive=1 kernel=1 cpu_ns=620818000000 mem=751177728 instructions=1365242163707 wakeups=6711193 diski=10592256 disko=75948032 rx=155677 tx=69702 comm=*system*
psu_energy_ac_mcp_machine=7835469727
-------
timestamp=326534116851
iterations=2813
sample_ns=100000000
window_ns=1000000000
rapl_core_sum_uj=2343880992
rapl_psys_sum_uj=0
pid=0 energy=9934116424370 alive=1 kernel=1 cpu_ns=621130000000 mem=751353856 instructions=1365693284874 wakeups=6712742 diski=10592256 disko=76189696 rx=155677 tx=69702 comm=*system*
psu_energy_ac_mcp_machine=7840179199
-------
timestamp=326684083124
iterations=2815
sample_ns=100000000
window_ns=1000000000
rapl_core_sum_uj=2346001596
rapl_psys_sum_uj=0
pid=0 energy=9941726614515 alive=1 kernel=1 cpu_ns=621750000000 mem=752586752 instructions=1366595322903 wakeups=6715760 diski=10592256 disko=76685312 rx=155677 tx=69702 comm=*system*
psu_energy_ac_mcp_machine=7843658936
-------
timestamp=326828256619
iterations=2816
sample_ns=100000000
window_ns=1000000000
rapl_core_sum_uj=2347045297
rapl_psys_sum_uj=0
pid=0 energy=9945458466450 alive=1 kernel=1 cpu_ns=622056000000 mem=751353856 instructions=1367035693290 wakeups=6717337 diski=10592256 disko=76943360 rx=155677 tx=69702 comm=*system*
psu_energy_ac_mcp_machine=7848427124
-------
timestamp=326973797563
iterations=2817
sample_ns=100000000
window_ns=1000000000
rapl_core_sum_uj=2348074838
rapl_psys_sum_uj=0
pid=0 energy=9949170490865 alive=1 kernel=1 cpu_ns=622348000000 mem=751362048 instructions=1367486098173 wakeups=6718747 diski=10592256 disko=77488128 rx=155677 tx=69702 comm=*system*
psu_energy_ac_mcp_machine=7853102051
-------
timestamp=327126136189
iterations=2819
sample_ns=100000000
window_ns=1000000000
rapl_core_sum_uj=2350133858
rapl_psys_sum_uj=0
pid=0 energy=9956521240385 alive=1 kernel=1 cpu_ns=622945000000 mem=751362048 instructions=1368359248077 wakeups=6721677 diski=10592256 disko=77971456 rx=155677 tx=69702 comm=*system*
psu_energy_ac_mcp_machine=7856609741
-------
timestamp=327267934325
iterations=2820
sample_ns=100000000
window_ns=1000000000
rapl_core_sum_uj=2351190620
rapl_psys_sum_uj=0
pid=0 energy=9960321318335 alive=1 kernel=1 cpu_ns=623252000000 mem=751362048 instructions=1368812263667 wakeups=6723218 diski=10592256 disko=78213120 rx=155677 tx=69702 comm=*system*
psu_energy_ac_mcp_machine=7861333984
-------
timestamp=327416623404
iterations=2822
sample_ns=100000000
window_ns=1000000000
rapl_core_sum_uj=2353295233
rapl_psys_sum_uj=0
pid=0 energy=9967917349775 alive=1 kernel=1 cpu_ns=623869000000 mem=752418816 instructions=1369714469955 wakeups=6726218 diski=10592256 disko=78716928 rx=155677 tx=69702 comm=*system*
psu_energy_ac_mcp_machine=7866039307
-------
timestamp=327565230115
iterations=2823
sample_ns=100000000
window_ns=1000000000
rapl_core_sum_uj=2354317999
rapl_psys_sum_uj=0
pid=0 energy=9971519443785 alive=1 kernel=1 cpu_ns=624162000000 mem=751362048 instructions=1370141888757 wakeups=6727704 diski=10592256 disko=78958592 rx=155677 tx=69702 comm=*system*
psu_energy_ac_mcp_machine=7869524048
-------
timestamp=327710087003
iterations=2824
sample_ns=100000000
window_ns=1000000000
rapl_core_sum_uj=2355379644
rapl_psys_sum_uj=0
pid=0 energy=9975295532720 alive=1 kernel=1 cpu_ns=624468000000 mem=751362048 instructions=1370591106544 wakeups=6729235 diski=10592256 disko=79204352 rx=155677 tx=69702 comm=*system*
psu_energy_ac_mcp_machine=7874238159
-------
timestamp=327855236730
iterations=2826
sample_ns=100000000
window_ns=1000000000
rapl_core_sum_uj=2357442021
rapl_psys_sum_uj=0
pid=0 energy=9982616310620 alive=1 kernel=1 cpu_ns=625061000000 mem=751403008 instructions=1371462262124 wakeups=6732174 diski=10592256 disko=79691776 rx=155679 tx=69702 comm=*system*
psu_energy_ac_mcp_machine=7878951660
-------
timestamp=328002621803
iterations=2827
sample_ns=100000000
window_ns=1000000000
rapl_core_sum_uj=2358506046
rapl_psys_sum_uj=0
pid=0 energy=9986452475845 alive=1 kernel=1 cpu_ns=625374000000 mem=751226880 instructions=1371916495169 wakeups=6733710 diski=10592256 disko=79941632 rx=155679 tx=69702 comm=*system*
psu_energy_ac_mcp_machine=7882451538
-------
timestamp=328149163987
iterations=2829
sample_ns=100000000
window_ns=1000000000
rapl_core_sum_uj=2360585940
rapl_psys_sum_uj=0
pid=0 energy=9993855961580 alive=1 kernel=1 cpu_ns=625974000000 mem=751894528 instructions=1372797192316 wakeups=6736653 diski=10592256 disko=80437248 rx=155681 tx=69704 comm=*system*
psu_energy_ac_mcp_machine=7887174805
-------
timestamp=328295333340
iterations=2830
sample_ns=100000000
window_ns=1000000000
rapl_core_sum_uj=2361630068
rapl_psys_sum_uj=0
pid=0 energy=9997576284685 alive=1 kernel=1 cpu_ns=626277000000 mem=751542272 instructions=1373238256937 wakeups=6738195 diski=10592256 disko=80678912 rx=155681 tx=69704 comm=*system*
psu_energy_ac_mcp_machine=7891886597
-------
timestamp=328441486477
iterations=2831
sample_ns=100000000
window_ns=1000000000
rapl_core_sum_uj=2362693910
rapl_psys_sum_uj=0
pid=0 energy=10001366717220 alive=1 kernel=1 cpu_ns=626585000000 mem=751190016 instructions=1373688343444 wakeups=6739728 diski=10592256 disko=80928768 rx=155681 tx=69704 comm=*system*
psu_energy_ac_mcp_machine=7895372925
-------
timestamp=328591987638
iterations=2833
sample_ns=100000000
window_ns=1000000000
rapl_core_sum_uj=2364759766
rapl_psys_sum_uj=0
pid=0 energy=10008756599325 alive=1 kernel=1 cpu_ns=627189000000 mem=751366144 instructions=1374562319865 wakeups=6742707 diski=10592256 disko=81424384 rx=155681 tx=69704 comm=*system*
psu_energy_ac_mcp_machine=7900104126
-------
timestamp=328735269991
iterations=2834
sample_ns=100000000
window_ns=1000000000
rapl_core_sum_uj=2365809814
rapl_psys_sum_uj=0
pid=0 energy=10012459078630 alive=1 kernel=1 cpu_ns=627485000000 mem=751366144 instructions=1375006815726 wakeups=6744236 diski=10592256 disko=81670144 rx=155681 tx=69704 comm=*system*
psu_energy_ac_mcp_machine=7904812500
-------
timestamp=328882561341
iterations=2836
sample_ns=100000000
window_ns=1000000000
rapl_core_sum_uj=2367905761
rapl_psys_sum_uj=0
pid=0 energy=10019991709650 alive=1 kernel=1 cpu_ns=628103000000 mem=751427584 instructions=1375895341930 wakeups=6747245 diski=10592256 disko=82178048 rx=155681 tx=69704 comm=*system*
psu_energy_ac_mcp_machine=7908314819
-------
timestamp=329028816366
iterations=2837
sample_ns=100000000
window_ns=1000000000
rapl_core_sum_uj=2368962340
rapl_psys_sum_uj=0
pid=0 energy=10023776157325 alive=1 kernel=1 cpu_ns=628407000000 mem=751427584 instructions=1376348231465 wakeups=6748801 diski=10592256 disko=82432000 rx=155681 tx=69704 comm=*system*
psu_energy_ac_mcp_machine=7913065918
-------
timestamp=329175691199
iterations=2838
sample_ns=100000000
window_ns=1000000000
rapl_core_sum_uj=2370009764
rapl_psys_sum_uj=0
pid=0 energy=10027530891355 alive=1 kernel=1 cpu_ns=628710000000 mem=751427584 instructions=1376796178271 wakeups=6750293 diski=10592256 disko=82677760 rx=155681 tx=69704 comm=*system*
psu_energy_ac_mcp_machine=7917760864
-------
timestamp=329326036613
iterations=2840
sample_ns=100000000
window_ns=1000000000
rapl_core_sum_uj=2372085935
rapl_psys_sum_uj=0
pid=0 energy=10034918346495 alive=1 kernel=1 cpu_ns=629308000000 mem=751427584 instructions=1377675669299 wakeups=6753250 diski=10592256 disko=83173376 rx=155681 tx=69704 comm=*system*
psu_energy_ac_mcp_machine=7921248413
-------
timestamp=329467401101
iterations=2841
sample_ns=100000000
window_ns=1000000000
rapl_core_sum_uj=2373072141
rapl_psys_sum_uj=0
pid=0 energy=10038401248920 alive=1 kernel=1 cpu_ns=629581000000 mem=750997504 instructions=1378099249784 wakeups=6754606 diski=10592256 disko=83378176 rx=155682 tx=69706 comm=*system*
psu_energy_ac_mcp_machine=7925223389
-------
timestamp=329610813417
iterations=2843
sample_ns=100000000
window_ns=1000000000
rapl_core_sum_uj=2373869687
rapl_psys_sum_uj=0
pid=0 energy=10040487576765 alive=1 kernel=1 cpu_ns=629691000000 mem=488562688 instructions=1378406515353 wakeups=6755105 diski=10592256 disko=86003712 rx=155684 tx=69708 comm=*system*
psu_energy_ac_mcp_machine=7927930420
-------
